Roll_No,Student_Name,Course,Branch,Semester
1102951,Disha Kapoor,MCA,General,4
1102952,Ramya Srivastava,MCA,General,4
1102953,Chaitanya Chopra,MCA,General,4
1102954,Sakshi Rautela,MCA,General,4
1102955,Manish Pundir,MCA,General,4
1102956,Naman Mittal,MCA,General,4
1102957,Arpit Shukla,MCA,General,4
1102958,Riya Uniyal,MCA,General,4
1102959,Surbhi Mahajan,MCA,General,4
1102960,Prachi Kothari,MCA,General,4
1102961,Yogesh Mehta,MCA,General,4
1102962,Siddharth Parmar,MCA,General,4
1102966,Riya Agarwal,MCA,General,4
1102967,Varun Kashyap,MCA,General,4
1102968,Abhay Nagi,MCA,General,4
1102969,Sonal Dobhal,MCA,General,4
1102970,Pallavi Pundir,MCA,General,4
1102971,Vandana Thakur,MCA,General,4
1102972,Aditya Mehta,MCA,General,4
1102973,Naveen Kashyap,MCA,General,4
1102974,Gayatri Aggarwal,MCA,General,4
1102975,Uday Bhandula,MCA,General,4
1102976,Aman Singh,MCA,General,4
1102977,Mehak Rastogi,MCA,General,4
1102978,Aishwarya Dangwal,MCA,General,4
1102979,Nandini Nanda,MCA,General,4
1102980,Hemant Jain,MCA,General,4
1102982,Chaitanya Saxena,MCA,General,4
1102983,Abhay Dhiman,MCA,General,4
1102984,Tanvi Basu,MCA,General,4
1102985,Amit Chaudhary,MCA,General,4
1102986,Nidhi Goswami,MCA,General,4
1102987,Ananya Gupta,MCA,General,4
1102989,Simran Bhatt,MCA,General,4
1102990,Aditya Trivedi,MCA,General,4
1102991,Arjun Bansal,MCA,General,4
1102992,Nidhi Walia,MCA,General,4
1102993,Aryan Chaudhary,MCA,General,4
1102994,Harsh Bisht,MCA,General,4
1102995,Sneha Nagi,MCA,General,4
1102996,Sanchi Kothari,MCA,General,4
1102997,Manav Patel,MCA,General,4
1102998,Ashutosh Khanduri,MCA,General,4
1102999,Ishaan Uniyal,MCA,General,4
1103001,Radhika Dubey,MCA,General,4
1103002,Harsh Tripathi,MCA,General,4
1103003,Kartik Thakur,MCA,General,4
1103004,Naveen Sati,MCA,General,4
1103005,Rahul Mishra,MCA,General,4
1103006,Yamini Tomar,MCA,General,4
1103007,Tarun Pokhriyal,MCA,General,4
1103008,Payal Pokhriyal,MCA,General,4
1103009,Nisha Patel,MCA,General,4
1103010,Shalini Bajaj,MCA,General,4
1103011,Uday Pant,MCA,General,4
1103012,Akash Semwal,MCA,General,4
1103013,Rudra Nagi,MCA,General,4
1103014,Yash Goswami,MCA,General,4
1103015,Sneha Aggarwal,MCA,General,4
1103016,Parth Pandey,MCA,General,4
1103017,Ashutosh Nautiyal,MCA,General,4
1103019,Arnav Vats,MCA,General,4
1103020,Divya Srivastava,MCA,General,4
1103021,Omkar Kapoor,MCA,General,4
1103022,Sanjana Aggarwal,MCA,General,4
1103023,Deepak Sood,MCA,General,4
1103024,Shreya Bansal,MCA,General,4
1103026,Pooja Nainwal,MCA,General,4
1103027,Tripti Saxena,MCA,General,4
1103028,Yash Chamoli,MCA,General,4
1103029,Sahil Agarwal,MCA,General,4
1103030,Archit Rastogi,MCA,General,4
1103031,Deepika Agarwal,MCA,General,4
1103032,Harshita Saxena,MCA,General,4
1103034,Sahil Nagi,MCA,General,4
1103035,Kajal Rastogi,MCA,General,4
1103036,Aarav Khanduri,MCA,General,4
1103037,Archit Trivedi,MCA,General,4
1103038,Arjun Pant,MCA,General,4
1103039,Kamal Nautiyal,MCA,General,4
1103040,Ruchi Gaur,MCA,General,4
1103041,Bhavya Tomar,MCA,General,4
1103042,Aishwarya Soni,MCA,General,4
1103043,Vaishnavi Khurana,MCA,General,4
1103044,Chetan Rajput,MCA,General,4
1103045,Arjun Soni,MCA,General,4
1103046,Garima Goswami,MCA,General,4
1103047,Pulkit Yadav,MCA,General,4
1103048,Palak Maithani,MCA,General,4
1103049,Ishita Kukreti,MCA,General,4
1103050,Sarthak Lal,MCA,General,4
1103051,Sanchi Mehta,MCA,General,4
1103053,Sneha Mahajan,MCA,General,4
1103054,Yashika Soni,MCA,General,4
1103055,Aditi Trivedi,MCA,General,4
1103056,Sanket Vats,MCA,General,4
1103057,Sneha Semwal,MCA,General,4
1103058,Priyanka Pant,MCA,General,4
1103060,Apoorva Khurana,MCA,General,4
1103061,Vipul Chauhan,MCA,General,4
1103062,Rahul Bijalwan,MCA,General,4
1103063,Prateek Basu,MCA,General,4
1103064,Chaitanya Aggarwal,MCA,General,4
1103065,Aishwarya Rawal,MCA,General,4
1103066,Suhani Gupta,MCA,General,4
1103067,Karan Parmar,MCA,General,4
1103068,Prachi Bhardwaj,MCA,General,4
1103069,Nisha Rathi,MCA,General,4
1103070,Sanchi Maurya,MCA,General,4
1103071,Shagun Soni,MCA,General,4
1103072,Deepika Rawat,MCA,General,4
1103073,Madhav Shukla,MCA,General,4
1103074,Disha Kandpal,MCA,General,4
1103075,Madhav Rastogi,MCA,General,4
1103076,Vedant Juyal,MCA,General,4
1103077,Rakesh Semwal,MCA,General,4
1103078,Shivam Garg,MCA,General,4
1103079,Amisha Tomar,MCA,General,4
1103080,Arnav Bhandula,MCA,General,4
1103081,Laksh Barthwal,MCA,General,4
1103082,Vishal Yadav,MCA,General,4
1103084,Jatin Trivedi,MCA,General,4
1103085,Pranav Dimri,MCA,General,4
1103086,Laksh Singh,MCA,General,4
1103087,Harsh Chopra,MCA,General,4
1103088,Preeti Rajput,MCA,General,4
1103089,Ansh Rawat,MCA,General,4
1103090,Vikram Nanda,MCA,General,4
1103091,Bhumika Mahajan,MCA,General,4
1103093,Amit Mehra,MCA,General,4
1103094,Sahil Bajaj,MCA,General,4
1103095,Pranav Barthwal,MCA,General,4
1103097,Sakshi Agarwal,MCA,General,4
1103098,Kunal Nanda,MCA,General,4
1103099,Tanishq Aggarwal,MCA,General,4
1103100,Naman Bahuguna,MCA,General,4
1103101,Navya Nautiyal,MCA,General,4
1103102,Siddharth Chauhan,MCA,General,4
1103103,Arjun Dimri,MCA,General,4
1103104,Ojas Nautiyal,MCA,General,4
1103105,Sanket Nagi,MCA,General,4
1103106,Radhika Bajaj,MCA,General,4
1103108,Devansh Tiwari,MCA,General,4
1103109,Charvi Khurana,MCA,General,4
1103110,Tarun Chopra,MCA,General,4
1103111,Naman Goswami,MCA,General,4
1103112,Vansh Chamoli,MCA,General,4
1103113,Khushi Gusain,MCA,General,4
1103114,Raj Chaudhary,MCA,General,4
1103116,Ansh Sharma,MCA,General,4
1103118,Charvi Dimri,MCA,General,4
1103119,Hemant Sati,MCA,General,4
1103121,Gunjan Bijalwan,MCA,General,4
1103122,Priyanka Gupta,MCA,General,4
1103123,Kamal Negi,MCA,General,4
1103124,Srishti Bijalwan,MCA,General,4
1103125,Sachin Anand,MCA,General,4
1103126,Yogesh Bisht,MCA,General,4
1103127,Rishabh Uniyal,MCA,General,4
1103128,Rakesh Negi,MCA,General,4
1103129,Garima Lal,MCA,General,4
1103130,Jaya Kapoor,MCA,General,4
1103131,Pulkit Nagi,MCA,General,4
1103132,Gunjan Tripathi,MCA,General,4
1103133,Tripti Dubey,MCA,General,4
1103135,Anmol Pandey,MCA,General,4
1103136,Komal Nanda,MCA,General,4
1103138,Samarth Walia,MCA,General,4
1103139,Sagar Lal,MCA,General,4
1103140,Abhinav Vats,MCA,General,4
1103141,Amit Bajaj,MCA,General,4
1103142,Ravi Walia,MCA,General,4
1103143,Ajay Mehra,MCA,General,4
1103144,Harshita Rautela,MCA,General,4
1103146,Sumit Bhandula,MCA,General,4
1103147,Vinay Oberoi,MCA,General,4
1103148,Hardik Semwal,MCA,General,4
1103149,Anushka Trivedi,MCA,General,4
1103150,Ravi Maithani,MCA,General,4
1103151,Varun Maithani,MCA,General,4
1103152,Rohit Mittal,MCA,General,4
1103153,Mehak Garg,MCA,General,4
1103154,Raj Barthwal,MCA,General,4
1103155,Aarav Srivastava,MCA,General,4
1103156,Mehak Bhatt,MCA,General,4
1103157,Yamini Sinha,MCA,General,4
1103158,Ira Mehta,MCA,General,4
1103159,Neha Kashyap,MCA,General,4
1103160,Ruchi Kumar,MCA,General,4
1103161,Vidhi Kashyap,MCA,General,4
1103162,Lavanya Singh,MCA,General,4
1103163,Nandini Kukreti,MCA,General,4
1103164,Aryan Uniyal,MCA,General,4
1103165,Mahima Thakur,MCA,General,4
1103166,Aditya Arora,MCA,General,4
1103167,Nidhi Parmar,MCA,General,4
1103168,Dev Nanda,MCA,General,4
1103169,Parth Pant,MCA,General,4
1103170,Aryan Kumar,MCA,General,4
1103171,Tanishq Rajput,MCA,General,4
1103172,Ishaan Rajput,MCA,General,4
1103173,Vinay Walia,MCA,General,4
1103174,Apoorva Joshi,MCA,General,4
1103176,Aman Agarwal,MCA,General,4
1103177,Ansh Mehta,MCA,General,4
1103178,Ojas Patel,MCA,General,4
1103179,Saloni Verma,MCA,General,4
1103180,Tanishq Kumar,MCA,General,4
1103181,Preeti Verma,MCA,General,4
1103182,Kabir Dabral,MCA,General,4
1103183,Naman Singh,MCA,General,4
1103184,Rajat Oberoi,MCA,General,4
1103185,Rahul Kukreti,MCA,General,4
1103186,Sanchi Bhandula,MCA,General,4
1103187,Amit Srivastava,MCA,General,4
1103188,Keshav Shukla,MCA,General,4
1103189,Ruchi Rawal,MCA,General,4
1103190,Vansh Dimri,MCA,General,4
1103191,Meera Saini,MCA,General,4
1103193,Mridul Mittal,MCA,General,4
1103194,Akshay Maithani,MCA,General,4
1103195,Naveen Garg,MCA,General,4
1103196,Keshav Dabral,MCA,General,4
1103197,Divya Negi,MCA,General,4
1103199,Simran Chopra,MCA,General,4
1103201,Ankita Lal,MCA,General,4
1103202,Anushka Dabral,MCA,General,4
1103203,Prateek Chaudhary,MCA,General,4
1103204,Shivani Gupta,MCA,General,4
1103205,Suhani Tripathi,MCA,General,4
1103207,Raj Sharma,MCA,General,4
1103208,Lavanya Thakur,MCA,General,4
1103209,Disha Srivastava,MCA,General,4
1103210,Ravi Mehta,MCA,General,4
1103211,Simran Dimri,MCA,General,4
1103212,Sarthak Shukla,MCA,General,4
1103213,Madhav Juyal,MCA,General,4
1103214,Kunal Saini,MCA,General,4
1103215,Ishita Kimothi,MCA,General,4
1103216,Ankit Rajput,MCA,General,4
1103217,Ayush Sinha,MCA,General,4
1103218,Sandeep Raturi,MCA,General,4
1103219,Varun Joshi,MCA,General,4
1103220,Ruchi Rawat,MCA,General,4
1103221,Shalini Khanduri,MCA,General,4
1103222,Rajat Barthwal,MCA,General,4
1103223,Shalini Nautiyal,MCA,General,4
1103224,Amit Rana,MCA,General,4
1103225,Hardik Bhardwaj,MCA,General,4
1103226,Sumit Semwal,MCA,General,4
1103227,Archit Basu,MCA,General,4
1103228,Sarthak Thakur,MCA,General,4
1103229,Nikhil Bijalwan,MCA,General,4
1103230,Sachin Kukreti,MCA,General,4
1103231,Amisha Chaudhary,MCA,General,4
1103232,Suhani Bhardwaj,MCA,General,4
1103233,Archit Kapoor,MCA,General,4
1103234,Shivam Semwal,MCA,General,4
1103235,Madhav Mittal,MCA,General,4
1103236,Shubham Sinha,MCA,General,4
1103237,Mansi Tandon,MCA,General,4
1103238,Tanvi Nagi,MCA,General,4
1103239,Parth Sharma,MCA,General,4
1103240,Hemant Kothari,MCA,General,4
1103242,Hardik Sinha,MCA,General,4
1103243,Diksha Nanda,MCA,General,4
1103244,Harshita Sinha,MCA,General,4
1103245,Vikas Dangwal,MCA,General,4
1103246,Kajal Kashyap,MCA,General,4
1103247,Ankit Trivedi,MCA,General,4
1103249,Rohit Rastogi,MCA,General,4
1103250,Ravi Mahajan,MCA,General,4
1103251,Hardik Thapliyal,MCA,General,4
1103252,Nandini Aggarwal,MCA,General,4
1103253,Ayush Singh,MCA,General,4
1103254,Pranav Soni,MCA,General,4
1103255,Lakshya Kashyap,MCA,General,4
1103256,Naveen Kandpal,MCA,General,4
1103257,Mansi Goel,MCA,General,4
1103258,Rishabh Juyal,MCA,General,4
1103259,Yogesh Nautiyal,MCA,General,4
1103261,Vidhi Tomar,MCA,General,4
1103262,Aditya Sethi,MCA,General,4
1103263,Palak Maurya,MCA,General,4
1103264,Chaitanya Rautela,MCA,General,4
1103265,Omkar Joshi,MCA,General,4
1103267,Kunal Bansal,MCA,General,4
1103268,Disha Sinha,MCA,General,4
1103269,Sneha Trivedi,MCA,General,4
1103270,Shruti Shukla,MCA,General,4
1103272,Manav Rathi,MCA,General,4
1103273,Pooja Gaur,MCA,General,4
1103274,Anshika Tandon,MCA,General,4
1103275,Arjun Kapoor,MCA,General,4
1103276,Saurabh Nanda,MCA,General,4
1103278,Rajat Dimri,MCA,General,4
1103279,Rahul Rautela,MCA,General,4
1103280,Ruchi Srivastava,MCA,General,4
1103281,Preeti Rathi,MCA,General,4
1103351,Udit Tripathi,MCA,General,3
1103352,Tanvi Dabral,MCA,General,3
1103353,Himanshu Lal,MCA,General,3
1103354,Shreya Oberoi,MCA,General,3
1103355,Ashutosh Mishra,MCA,General,3
1103356,Amit Kapoor,MCA,General,3
1103357,Tarun Arora,MCA,General,3
1103358,Pallavi Tripathi,MCA,General,3
1103359,Vaishnavi Tripathi,MCA,General,3
1103360,Akshay Tripathi,MCA,General,3
1103361,Tarun Verma,MCA,General,3
1103362,Jaya Yadav,MCA,General,3
1103363,Anuj Nagi,MCA,General,3
1103364,Aditi Aggarwal,MCA,General,3
1103365,Shivani Jain,MCA,General,3
1103366,Devansh Sethi,MCA,General,3
1103367,Uday Nainwal,MCA,General,3
1103368,Alok Mehta,MCA,General,3
1103369,Sanchi Negi,MCA,General,3
1103370,Sagar Bisht,MCA,General,3
1103371,Mayank Rawat,MCA,General,3
1103372,Saurabh Walia,MCA,General,3
1103373,Lakshya Malhotra,MCA,General,3
1103374,Chetan Pathak,MCA,General,3
1103375,Arnav Bijalwan,MCA,General,3
1103376,Ananya Bahuguna,MCA,General,3
1103377,Manav Uniyal,MCA,General,3
1103378,Tripti Kukreti,MCA,General,3
1103379,Amisha Bajaj,MCA,General,3
1103380,Ankit Pathak,MCA,General,3
1103381,Muskan Agarwal,MCA,General,3
1103382,Nikhil Goswami,MCA,General,3
1103383,Dhruv Bhardwaj,MCA,General,3
1103384,Komal Tandon,MCA,General,3
1103385,Ankita Juyal,MCA,General,3
1103386,Suhani Chaudhary,MCA,General,3
1103387,Yuvraj Dhiman,MCA,General,3
1103388,Gaurav Tandon,MCA,General,3
1103389,Anchal Vats,MCA,General,3
1103390,Aditi Dabral,MCA,General,3
1103391,Kunal Bajaj,MCA,General,3
1103392,Mahima Malhotra,MCA,General,3
1103393,Gautam Sati,MCA,General,3
1103394,Rudra Bhandula,MCA,General,3
1103395,Pallavi Garg,MCA,General,3
1103396,Udit Panwar,MCA,General,3
1103397,Aditya Yadav,MCA,General,3
1103398,Simran Tiwari,MCA,General,3
1103400,Charvi Arora,MCA,General,3
1103401,Neha Sinha,MCA,General,3
1103402,Radhika Kumar,MCA,General,3
1103403,Ojas Chaudhary,MCA,General,3
1103405,Nandini Kapoor,MCA,General,3
1103406,Yamini Pokhriyal,MCA,General,3
1103407,Tanishq Kandpal,MCA,General,3
1103408,Aditi Semwal,MCA,General,3
1103409,Jaya Shukla,MCA,General,3
1103410,Mridul Basu,MCA,General,3
1103411,Ishita Bahuguna,MCA,General,3
1103412,Diksha Dabral,MCA,General,3
1103413,Ashutosh Dimri,MCA,General,3
1103414,Tanmay Yadav,MCA,General,3
1103416,Ishaan Saxena,MCA,General,3
1103417,Sanket Bhandari,MCA,General,3
1103418,Sahil Verma,MCA,General,3
1103419,Uday Nagi,MCA,General,3
1103420,Anchal Rawat,MCA,General,3
1103421,Rohan Pant,MCA,General,3
1103422,Amisha Patel,MCA,General,3
1103423,Sagar Bhatt,MCA,General,3
1103424,Riya Dabral,MCA,General,3
1103425,Naveen Nainwal,MCA,General,3
1103426,Hemant Rawal,MCA,General,3
1103427,Devansh Kimothi,MCA,General,3
1103428,Muskan Bijalwan,MCA,General,3
1103429,Nikhil Bajaj,MCA,General,3
1103430,Pooja Bhandari,MCA,General,3
1103431,Mridul Yadav,MCA,General,3
1103432,Gunjan Bhatt,MCA,General,3
1103433,Anmol Gusain,MCA,General,3
1103434,Varun Tomar,MCA,General,3
1103435,Harshita Negi,MCA,General,3
1103437,Amisha Rautela,MCA,General,3
1103438,Tripti Lal,MCA,General,3
1103439,Chetan Sood,MCA,General,3
1103440,Kavya Mehra,MCA,General,3
1103441,Priya Parmar,MCA,General,3
1103442,Naveen Bhandula,MCA,General,3
1103443,Chaitanya Anand,MCA,General,3
1103444,Vaibhav Kothari,MCA,General,3
1103445,Hemant Bisht,MCA,General,3
1103446,Jaya Barthwal,MCA,General,3
1103447,Saurabh Nautiyal,MCA,General,3
1103448,Soumya Uniyal,MCA,General,3
1103449,Zoya Rawal,MCA,General,3
1103450,Aishwarya Srivastava,MCA,General,3
1103451,Anjali Kimothi,MCA,General,3
1103452,Rajat Kimothi,MCA,General,3
1103453,Sneha Jain,MCA,General,3
1103454,Saurabh Barthwal,MCA,General,3
1103455,Sachin Bhandula,MCA,General,3
1103456,Diksha Chamoli,MCA,General,3
1103457,Chetan Dimri,MCA,General,3
1103458,Himanshu Basu,MCA,General,3
1103459,Rohit Sharma,MCA,General,3
1103460,Aishwarya Nautiyal,MCA,General,3
1103461,Mayank Chauhan,MCA,General,3
1103462,Priyanka Khurana,MCA,General,3
1103463,Saloni Saini,MCA,General,3
1103464,Sarthak Rawal,MCA,General,3
1103465,Mayank Bansal,MCA,General,3
1103466,Sakshi Bansal,MCA,General,3
1103467,Vivek Agarwal,MCA,General,3
1103468,Deepika Maurya,MCA,General,3
1103469,Ramya Vats,MCA,General,3
1103470,Tripti Chamoli,MCA,General,3
1103471,Arnav Parmar,MCA,General,3
1103472,Rishabh Pundir,MCA,General,3
1103473,Devansh Dubey,MCA,General,3
1103474,Sakshi Rawat,MCA,General,2
1103475,Nisha Bahuguna,MCA,General,3
1103476,Harshita Bijalwan,MCA,General,3
1103477,Vedant Kashyap,MCA,General,3
1103478,Vikram Basu,MCA,General,3
1103479,Saloni Bahuguna,MCA,General,3
1103480,Rajat Goswami,MCA,General,3
1103481,Ishita Anand,MCA,General,3
1103482,Zoya Chauhan,MCA,General,3
1103483,Ankita Khurana,MCA,General,3
1103484,Tripti Saini,MCA,General,3
1103485,Ira Chopra,MCA,General,3
1103486,Priyanka Sood,MCA,General,3
1103487,Aryan Chauhan,MCA,General,3
1103488,Akshay Mehra,MCA,General,3
1103489,Arpit Gaur,MCA,General,3
1103490,Garima Aggarwal,MCA,General,3
1103491,Palak Thapliyal,MCA,General,3
1103492,Vidhi Srivastava,MCA,General,3
1103493,Disha Pandey,MCA,General,3
1103494,Ajay Chaudhary,MCA,General,3
1103495,Lakshya Dhiman,MCA,General,3
1103496,Muskan Gupta,MCA,General,3
1103497,Ravi Gusain,MCA,General,3
1103498,Radhika Nautiyal,MCA,General,3
1103499,Ira Kimothi,MCA,General,3
1103500,Shreya Maithani,MCA,General,3
1103501,Vikas Badoni,MCA,General,3
1103502,Tarun Bhardwaj,MCA,General,3
1103503,Sagar Sood,MCA,General,3
1103504,Keshav Kimothi,MCA,General,3
1103505,Sagar Jain,MCA,General,3
1103506,Rakesh Shukla,MCA,General,3
1103507,Priyanka Kandpal,MCA,General,3
1103508,Deepak Juyal,MCA,General,3
1103509,Anshika Chamoli,MCA,General,3
1103510,Dev Yadav,MCA,General,3
1103511,Chaitanya Bijalwan,MCA,General,3
1103512,Rohit Nagi,MCA,General,3
1103513,Vikas Rawal,MCA,General,3
1103514,Hardik Kandpal,MCA,General,3
1103515,Ajay Yadav,MCA,General,3
1103516,Ramya Sati,MCA,General,3
1103517,Aman Tiwari,MCA,General,3
1103519,Naman Verma,MCA,General,3
1103520,Dhruv Raturi,MCA,General,3
1103521,Shubham Kumar,MCA,General,3
1103522,Pulkit Oberoi,MCA,General,3
1103523,Sandeep Vats,MCA,General,3
1103524,Naveen Arora,MCA,General,3
1103525,Ashutosh Sinha,MCA,General,3
1103526,Jaya Chaudhary,MCA,General,3
1103527,Abhinav Anand,MCA,General,3
1103528,Sara Goswami,MCA,General,3
1103529,Laksh Maurya,MCA,General,3
1103530,Prachi Garg,MCA,General,3
1103531,Mohit Bhandari,MCA,General,3
1103532,Deepika Semwal,MCA,General,3
1103533,Ojas Rawal,MCA,General,3
1103534,Vivek Rajput,MCA,General,3
1103535,Kartik Bajaj,MCA,General,3
1103536,Madhav Maithani,MCA,General,3
1103537,Aishwarya Saxena,MCA,General,3
1103538,Omkar Sati,MCA,General,3
1103539,Rudra Dimri,MCA,General,3
1103540,Archit Rathi,MCA,General,3
1103541,Rohan Soni,MCA,General,3
1103542,Vaishnavi Oberoi,MCA,General,3
1103544,Vishal Dangwal,MCA,General,3
1103545,Abhinav Semwal,MCA,General,3
1103546,Sara Kashyap,MCA,General,3
1103547,Prateek Maithani,MCA,General,3
1103548,Anuj Sharma,MCA,General,3
1103549,Ansh Srivastava,MCA,General,3
1103550,Muskan Kapoor,MCA,General,3
1103551,Uday Juyal,MCA,General,3
1103552,Nikhil Goel,MCA,General,3
1103553,Kajal Kapoor,MCA,General,3
1103554,Rahul Oberoi,MCA,General,3
1103555,Lakshya Dabral,MCA,General,3
1103556,Ananya Chauhan,MCA,General,3
1103557,Ayush Chaudhary,MCA,General,3
1103558,Diksha Rastogi,MCA,General,3
1103559,Kamal Bhardwaj,MCA,General,3
1103560,Jatin Raturi,MCA,General,3
1103561,Yamini Rawat,MCA,General,3
1103562,Jiya Rajput,MCA,General,3
1103563,Sakshi Nanda,MCA,General,3
1103564,Devansh Bhardwaj,MCA,General,3
1103565,Vansh Basu,MCA,General,3
1103566,Rohit Gusain,MCA,General,3
1103567,Vedant Mehra,MCA,General,3
1103568,Simran Anand,MCA,General,3
1103569,Tushar Juyal,MCA,General,3
1103570,Tanishq Bajaj,MCA,General,3
1103571,Madhav Bhandari,MCA,General,3
1103572,Harsh Vats,MCA,General,3
1103573,Manish Oberoi,MCA,General,3
1103574,Ravi Agarwal,MCA,General,3
1103575,Jatin Yadav,MCA,General,3
1103576,Meera Chauhan,MCA,General,3
1103577,Kavya Joshi,MCA,General,3
1103578,Disha Rana,MCA,General,3
1103579,Jiya Bijalwan,MCA,General,3
1103580,Tanishq Garg,MCA,General,3
1103581,Kabir Aggarwal,MCA,General,3
1103582,Jiya Sharma,MCA,General,3
1103583,Mansi Yadav,MCA,General,3
1103584,Anmol Walia,MCA,General,3
1103585,Alok Srivastava,MCA,General,3
1103586,Raghav Kandpal,MCA,General,3
1103587,Rohan Yadav,MCA,General,3
1103588,Payal Kandpal,MCA,General,3
1103589,Aditya Tandon,MCA,General,3
1103590,Vikram Vats,MCA,General,3
1103591,Payal Nagi,MCA,General,3
1103592,Sandeep Rana,MCA,General,3
1103593,Anshika Sethi,MCA,General,3
1103594,Anmol Maurya,MCA,General,3
1103595,Shagun Bansal,MCA,General,3
1103596,Vedant Tiwari,MCA,General,3
1103597,Prachi Aggarwal,MCA,General,3
1103598,Srishti Trivedi,MCA,General,3
1103599,Parth Bijalwan,MCA,General,3
1103600,Nidhi Rawat,MCA,General,3
1103601,Pallavi Yadav,MCA,General,3
1103602,Muskan Dabral,MCA,General,3
1103603,Vinay Garg,MCA,General,3
1103604,Ananya Tandon,MCA,General,3
1103605,Ramya Tripathi,MCA,General,3
1103606,Akash Khurana,MCA,General,3
1103607,Keshav Rastogi,MCA,General,3
1103608,Prateek Rawal,MCA,General,3
1103609,Dhruv Basu,MCA,General,3
1103610,Ansh Kothari,MCA,General,3
1103611,Shivani Bhandula,MCA,General,3
1103612,Sonal Rana,MCA,General,3
1103613,Varun Dabral,MCA,General,3
1103614,Nandini Pathak,MCA,General,3
1103615,Mansi Tiwari,MCA,General,3
1103616,Mahima Kapoor,MCA,General,3
1103618,Rohit Maurya,MCA,General,3
1103619,Pallavi Tandon,MCA,General,3
1103620,Rajat Tiwari,MCA,General,3
1103621,Disha Kothari,MCA,General,3
1103623,Sanchi Juyal,MCA,General,3
1103624,Shalini Chamoli,MCA,General,3
1103625,Tanmay Oberoi,MCA,General,3
1103626,Shreya Mittal,MCA,General,3
1103627,Kajal Saxena,MCA,General,3
1103628,Nikhil Shukla,MCA,General,3
1103629,Vipul Kandpal,MCA,General,3
1103630,Rudra Juyal,MCA,General,3
1103631,Naveen Badoni,MCA,General,3
1103632,Komal Rajput,MCA,General,3
1103633,Palak Shukla,MCA,General,3
1103634,Anmol Tripathi,MCA,General,3
1103635,Raghav Sood,MCA,General,3
1103636,Pulkit Bisht,MCA,General,3
1103637,Aarav Rawal,MCA,General,3
1103638,Karan Dabral,MCA,General,3
1103671,Shivani Agarwal,MCA,AI & DS,3
1103672,Soumya Chauhan,MCA,AI & DS,3
1103674,Divya Khurana,MCA,AI & DS,3
1103675,Vidhi Bhatt,MCA,AI & DS,3
1103676,Anjali Mehra,MCA,AI & DS,3
1103677,Kartik Khanduri,MCA,AI & DS,3
1103678,Nisha Nainwal,MCA,AI & DS,3
1103679,Manav Rastogi,MCA,AI & DS,3
1103680,Ansh Kukreti,MCA,AI & DS,3
1103681,Samarth Anand,MCA,AI & DS,3
1103683,Rahul Dangwal,MCA,AI & DS,3
1103684,Pallavi Mahajan,MCA,AI & DS,3
1103685,Tanmay Goel,MCA,AI & DS,3
1103686,Bhumika Saini,MCA,AI & DS,3
1103687,Priya Thakur,MCA,AI & DS,3
1103688,Yamini Dabral,MCA,AI & DS,3
1103689,Ansh Kandpal,MCA,AI & DS,3
1103690,Akanksha Bhatt,MCA,AI & DS,3
1103691,Vaibhav Semwal,MCA,AI & DS,3
1103692,Sonal Chauhan,MCA,AI & DS,3
1103693,Uday Aggarwal,MCA,AI & DS,3
1103694,Harshita Tomar,MCA,AI & DS,3
1103695,Kabir Bijalwan,MCA,AI & DS,3
1103696,Vandana Patel,MCA,AI & DS,3
1103697,Sara Bajaj,MCA,AI & DS,3
1103698,Madhav Rawat,MCA,AI & DS,3
1103699,Shalini Dobhal,MCA,AI & DS,3
1103700,Rishabh Joshi,MCA,AI & DS,3
1103701,Manish Tripathi,MCA,AI & DS,3
1103702,Ruchi Mishra,MCA,AI & DS,3
1103703,Yuvraj Pokhriyal,MCA,AI & DS,3
1103704,Saloni Gaur,MCA,AI & DS,3
1103705,Sarthak Panwar,MCA,AI & DS,3
1103706,Anchal Rajput,MCA,AI & DS,3
1103707,Ramya Barthwal,MCA,AI & DS,3
1103708,Kamal Chauhan,MCA,AI & DS,3
1103709,Vinay Kothari,MCA,AI & DS,3
1103710,Sachin Juyal,MCA,AI & DS,3
1103711,Gunjan Chopra,MCA,AI & DS,3
1103712,Suhani Gaur,MCA,AI & DS,3
1103713,Shubham Nautiyal,MCA,AI & DS,3
1103714,Kabir Uniyal,MCA,AI & DS,3
1103715,Pooja Dubey,MCA,AI & DS,3
1103716,Samarth Negi,MCA,AI & DS,3
1103717,Nitin Goswami,MCA,AI & DS,3
1103718,Pallavi Singh,MCA,AI & DS,3
1103719,Nitin Bhardwaj,MCA,AI & DS,3
1103720,Abhay Chaudhary,MCA,General,3
1103721,Siddharth Kandpal,MCA,AI & DS,3
1103722,Ansh Arora,MCA,AI & DS,3
1103723,Ramya Pokhriyal,MCA,AI & DS,3
1103724,Ansh Agarwal,MCA,AI & DS,3
1103725,Mansi Kashyap,MCA,AI & DS,3
1103726,Vansh Barthwal,MCA,AI & DS,3
1103727,Muskan Srivastava,MCA,AI & DS,3
1103728,Akash Goel,MCA,AI & DS,3
1103729,Neha Bahuguna,MCA,AI & DS,3
1103730,Ravi Mehra,MCA,AI & DS,3
1103731,Vishal Oberoi,MCA,AI & DS,3
1103732,Ishita Bhandula,MCA,AI & DS,3
1103733,Gautam Kashyap,MCA,AI & DS,3
1103734,Shubham Maurya,MCA,AI & DS,3
1103735,Chetan Pant,MCA,AI & DS,3
1103736,Tanvi Uniyal,MCA,AI & DS,3
1103737,Amit Raturi,MCA,AI & DS,3
1103739,Ravi Srivastava,MCA,AI & DS,3
1103740,Kavya Sharma,MCA,AI & DS,3
1103741,Vinay Kimothi,MCA,AI & DS,3
1103742,Jaya Oberoi,MCA,AI & DS,3
1103743,Nisha Kimothi,MCA,AI & DS,3
1103744,Hardik Oberoi,MCA,AI & DS,3
1103745,Sanya Nagi,MCA,AI & DS,3
1103746,Sanya Singh,MCA,AI & DS,3
1103747,Akanksha Pundir,MCA,AI & DS,3
1103748,Shubham Rastogi,MCA,AI & DS,3
1103749,Ankit Bhardwaj,MCA,AI & DS,3
1103750,Sanket Lal,MCA,AI & DS,3
1103751,Prateek Pundir,MCA,AI & DS,3
1103752,Vaibhav Maurya,MCA,AI & DS,3
1103753,Kavya Sethi,MCA,AI & DS,3
1103754,Kamal Gusain,MCA,AI & DS,3
1103755,Anjali Bansal,MCA,AI & DS,3
1103756,Akanksha Mahajan,MCA,AI & DS,3
1103757,Rishabh Saini,MCA,AI & DS,3
1103758,Rishabh Yadav,MCA,AI & DS,3
1103759,Shruti Thakur,MCA,AI & DS,3
1103760,Khushi Agarwal,MCA,AI & DS,3
1103761,Riya Chauhan,MCA,AI & DS,3
1103762,Himanshu Goswami,MCA,AI & DS,3
1103763,Raj Anand,MCA,AI & DS,3
1103764,Kajal Dabral,MCA,AI & DS,3
1103765,Anushka Dubey,MCA,AI & DS,3
1103766,Varun Tripathi,MCA,AI & DS,3
1103767,Akshay Dubey,MCA,AI & DS,3
1103768,Nikhil Verma,MCA,AI & DS,3
1103769,Yash Mishra,MCA,AI & DS,3
1103770,Rudra Sinha,MCA,AI & DS,3
1103771,Kajal Juyal,MCA,AI & DS,3
1103772,Priya Nagi,MCA,AI & DS,3
1103774,Yogesh Mehra,MCA,AI & DS,3
1103775,Naman Barthwal,MCA,AI & DS,3
1103776,Sara Mittal,MCA,AI & DS,3
1103777,Jatin Sati,MCA,AI & DS,3
1103778,Payal Bhardwaj,MCA,AI & DS,3
1103779,Anuj Saxena,MCA,AI & DS,3
1103780,Sneha Mishra,MCA,AI & DS,3
1103781,Vedant Saxena,MCA,AI & DS,3
1103782,Payal Panwar,MCA,AI & DS,3
1103783,Vinay Agarwal,MCA,AI & DS,3
1103851,Saloni Pokhriyal,MCA,General,1
1103852,Prateek Bisht,MCA,General,1
1103853,Tanvi Kandpal,MCA,General,1
1103854,Naman Chopra,MCA,General,1
1103855,Tanmay Goswami,MCA,General,1
1103856,Ajay Anand,MCA,General,1
1103857,Ajay Walia,MCA,General,1
1103858,Ruchi Tiwari,MCA,General,1
1103859,Vinay Kumar,MCA,General,1
1103860,Payal Dhiman,MCA,General,1
1103861,Shivam Verma,MCA,General,1
1103862,Vikas Chopra,MCA,General,1
1103863,Anjali Gupta,MCA,General,1
1103864,Ishaan Nautiyal,MCA,General,1
1103865,Omkar Gusain,MCA,General,1
1103866,Tanishq Dubey,MCA,General,1
1103867,Simran Goel,MCA,General,1
1103868,Tanishq Patel,MCA,General,1
1103869,Siddharth Arora,MCA,General,1
1103870,Amisha Negi,MCA,General,1
1103871,Khushi Kandpal,MCA,General,1
1103872,Nitin Dhiman,MCA,General,1
1103873,Kriti Pathak,MCA,General,1
1103874,Raj Malhotra,MCA,General,1
1103875,Siddharth Dangwal,MCA,General,1
1103876,Manish Bhardwaj,MCA,General,1
1103877,Amisha Saini,MCA,General,1
1103878,Dhruv Malhotra,MCA,General,1
1103879,Aditya Kothari,MCA,General,1
1103880,Himanshu Arora,MCA,General,1
1103881,Devansh Thakur,MCA,General,1
1103882,Kavya Goel,MCA,General,1
1103883,Jatin Chopra,MCA,General,1
1103884,Shruti Dangwal,MCA,General,1
1103885,Sahil Mahajan,MCA,General,1
1103886,Aditi Agarwal,MCA,General,1
1103887,Eshaan Tandon,MCA,General,1
1103888,Raghav Saini,MCA,General,1
1103889,Tanishq Kukreti,MCA,General,1
1103890,Palak Singh,MCA,General,1
1103891,Yashika Yadav,MCA,General,1
1103892,Shivani Kandpal,MCA,General,1
1103894,Yogesh Nanda,MCA,General,1
1103895,Amit Kandpal,MCA,General,1
1103896,Vikram Gusain,MCA,General,1
1103897,Mahima Thapliyal,MCA,General,1
1103898,Rahul Rawal,MCA,General,1
1103899,Devansh Tandon,MCA,General,1
1103900,Vikas Gaur,MCA,General,1
1103901,Ramya Goswami,MCA,General,1
1103902,Charvi Pundir,MCA,General,1
1103903,Sneha Pandey,MCA,General,1
1103904,Dhruv Thakur,MCA,General,1
1103905,Jiya Rathi,MCA,General,1
1103906,Sneha Dubey,MCA,General,1
1103907,Udit Gupta,MCA,General,1
1103908,Khushi Dimri,MCA,General,1
1103909,Parth Rathi,MCA,General,1
1103910,Sanket Badoni,MCA,General,1
1103911,Abhay Trivedi,MCA,General,1
1103912,Charvi Nautiyal,MCA,General,1
1103913,Vipul Kapoor,MCA,General,1
1103914,Ira Rathi,MCA,General,1
1103915,Srishti Goswami,MCA,General,1
1103916,Ira Nagi,MCA,General,1
1103917,Sneha Chopra,MCA,General,1
1103918,Shivam Trivedi,MCA,General,1
1103919,Tarun Bansal,MCA,General,1
1103920,Tanvi Garg,MCA,General,1
1103921,Aman Mehra,MCA,General,1
1103922,Ashish Dangwal,MCA,General,1
1103923,Lakshya Chauhan,MCA,General,1
1103924,Ankit Nanda,MCA,General,1
1103925,Vivek Rawal,MCA,General,1
1103926,Arpit Bahuguna,MCA,General,1
1103927,Ruchi Chamoli,MCA,General,1
1103928,Shivani Tripathi,MCA,General,1
1103929,Tanvi Lal,MCA,General,1
1103930,Payal Rawal,MCA,General,1
1103931,Akshay Aggarwal,MCA,General,1
1103932,Abhay Mehra,MCA,General,1
1103933,Ankit Srivastava,MCA,General,1
1103934,Gautam Gusain,MCA,General,1
1103935,Vipul Anand,MCA,General,1
1103936,Raj Parmar,MCA,General,1
1103937,Arpit Juyal,MCA,General,1
1103938,Jaya Dhiman,MCA,General,1
1103939,Ajay Pandey,MCA,AI & DS,1
1103940,Soumya Kukreti,MCA,General,1
1103941,Shruti Trivedi,MCA,General,1
1103942,Vishal Sinha,MCA,General,1
1103943,Nidhi Sethi,MCA,General,1
1103944,Sanya Saini,MCA,General,1
1103945,Gunjan Pant,MCA,General,1
1103946,Vikas Lal,MCA,General,1
1103947,Ravi Bajaj,MCA,General,1
1103948,Bhumika Maithani,MCA,General,1
1103949,Naman Gupta,MCA,General,1
1103950,Kriti Kumar,MCA,General,1
1103951,Arjun Basu,MCA,General,1
1103952,Arpit Mehta,MCA,General,1
1103953,Samarth Gaur,MCA,General,1
1103954,Kunal Chopra,MCA,General,1
1103955,Shreya Bahuguna,MCA,General,1
1103956,Naveen Rawat,MCA,General,1
1103957,Radhika Mahajan,MCA,General,1
1103958,Arnav Sood,MCA,General,1
1103959,Bhumika Sinha,MCA,General,1
1103960,Tanvi Anand,MCA,General,1
1103961,Ayush Bhandula,MCA,General,1
1103962,Tripti Yadav,MCA,General,1
1103963,Aryan Bhandula,MCA,General,1
1103964,Abhinav Nagi,MCA,General,1
1103965,Neha Sati,MCA,General,1
1103966,Ojas Nainwal,MCA,General,1
1103967,Saloni Dimri,MCA,General,1
1103968,Nandini Chauhan,MCA,General,1
1103969,Gayatri Bijalwan,MCA,General,1
1103970,Surbhi Dangwal,MCA,General,1
1103971,Rishabh Chaudhary,MCA,General,1
1103972,Komal Sinha,MCA,General,1
1103973,Ankita Shukla,MCA,General,1
1103974,Dev Barthwal,MCA,General,1
1103975,Jatin Bhandari,MCA,General,1
1103976,Kriti Uniyal,MCA,General,1
1103977,Aarav Sati,MCA,General,1
1103978,Palak Soni,MCA,General,1
1103979,Kriti Panwar,MCA,General,1
1103980,Gautam Jain,MCA,General,1
1103981,Aditi Mehra,MCA,General,1
1103982,Priyanka Anand,MCA,General,1
1103983,Vaishnavi Chamoli,MCA,General,1
1103984,Sagar Dubey,MCA,General,1
1103985,Deepak Badoni,MCA,General,1
1103986,Sanjana Mishra,MCA,General,1
1103987,Shubham Basu,MCA,General,1
1103988,Rishabh Kashyap,MCA,General,1
1103989,Anuj Srivastava,MCA,General,1
1103990,Preeti Kapoor,MCA,General,1
1103991,Deepika Panwar,MCA,General,1
1103992,Aryan Sinha,MCA,General,1
1103993,Shagun Juyal,MCA,General,1
1103994,Karan Mehra,MCA,General,1
1103995,Nisha Bansal,MCA,General,1
1103996,Rudra Basu,MCA,General,1
1103997,Nisha Tiwari,MCA,General,1
1103998,Raghav Kimothi,MCA,General,1
1103999,Naveen Oberoi,MCA,General,1
1104000,Pranav Uniyal,MCA,General,1
1104001,Ishaan Badoni,MCA,General,1
1104002,Tanishq Verma,MCA,General,1
1104003,Shubham Tandon,MCA,General,1
1104005,Kunal Tandon,MCA,General,1
1104006,Vansh Dangwal,MCA,General,1
1104007,Aishwarya Kandpal,MCA,General,1
1104008,Ayush Goel,MCA,General,1
1104009,Ruchi Soni,MCA,General,1
1104010,Saloni Chaudhary,MCA,General,1
1104011,Ishaan Semwal,MCA,General,1
1104012,Chetan Tiwari,MCA,General,1
1104013,Sanjana Tomar,MCA,General,1
1104014,Sumit Pathak,MCA,General,1
1104015,Tanvi Panwar,MCA,General,1
1104016,Lakshya Nainwal,MCA,General,1
1104017,Udit Kukreti,MCA,General,1
1104018,Naveen Goswami,MCA,General,1
1104019,Radhika Sethi,MCA,General,1
1104020,Yashika Verma,MCA,General,1
1104021,Dev Kapoor,MCA,General,1
1104022,Pranav Mittal,MCA,General,1
1104023,Kajal Tiwari,MCA,General,1
1104024,Bhumika Kukreti,MCA,General,1
1104025,Rakesh Pundir,MCA,General,1
1104026,Hardik Gaur,MCA,General,1
1104027,Ashish Barthwal,MCA,General,1
1104028,Mayank Bhardwaj,MCA,General,1
1104029,Palak Goel,MCA,General,1
1104030,Yogesh Yadav,MCA,General,1
1104031,Shivani Juyal,MCA,General,1
1104032,Meera Bajaj,MCA,General,1
1104033,Mansi Pathak,MCA,General,1
1104034,Shruti Mishra,MCA,General,1
1104035,Sanket Rana,MCA,General,1
1104036,Neha Dubey,MCA,General,1
1104037,Sarthak Mahajan,MCA,General,1
1104038,Deepika Khurana,MCA,General,1
1104039,Priyanka Kimothi,MCA,General,1
1104040,Ayush Dhiman,MCA,General,1
1104041,Vivek Chauhan,MCA,General,1
1104042,Kajal Anand,MCA,General,1
1104043,Dhruv Maurya,MCA,General,1
1104044,Naman Chauhan,MCA,General,1
1104061,Mayank Khurana,MCA,AI & DS,1
1104062,Pulkit Tomar,MCA,AI & DS,1
1104063,Hardik Garg,MCA,AI & DS,1
1104064,Shivani Anand,MCA,AI & DS,1
1104065,Gautam Verma,MCA,AI & DS,1
1104066,Anushka Lal,MCA,AI & DS,1
1104067,Sneha Nanda,MCA,AI & DS,1
1104068,Priyanka Panwar,MCA,AI & DS,1
1104069,Kajal Mehra,MCA,AI & DS,1
1104070,Vikram Bhandari,MCA,AI & DS,1
1104071,Lakshya Maurya,MCA,AI & DS,1
1104072,Rahul Kimothi,MCA,AI & DS,1
1104073,Vikram Sethi,MCA,AI & DS,1
1104074,Saloni Bijalwan,MCA,AI & DS,1
1104075,Garima Thakur,MCA,AI & DS,1
1104076,Vishal Thakur,MCA,AI & DS,1
1104077,Jiya Kumar,MCA,AI & DS,1
1104078,Diksha Dobhal,MCA,AI & DS,1
1104079,Shruti Semwal,MCA,AI & DS,1
1104080,Disha Mishra,MCA,AI & DS,1
1104081,Suhani Rathi,MCA,AI & DS,1
1104082,Pranav Aggarwal,MCA,AI & DS,1
1104083,Uday Raturi,MCA,AI & DS,1
1104084,Pooja Nanda,MCA,AI & DS,1
1104085,Yashika Malhotra,MCA,AI & DS,1
1104086,Laksh Pundir,MCA,AI & DS,1
1104087,Aishwarya Parmar,MCA,AI & DS,1
1104088,Tripti Goswami,MCA,AI & DS,1
1104089,Tanmay Pandey,MCA,AI & DS,1
1104090,Shivani Gusain,MCA,AI & DS,1
1104091,Anchal Gupta,MCA,AI & DS,1
1104092,Pooja Rathi,MCA,AI & DS,1
1104093,Anchal Dangwal,MCA,AI & DS,1
1104094,Srishti Parmar,MCA,AI & DS,1
1104095,Bhumika Gaur,MCA,AI & DS,1
1104096,Ansh Sati,MCA,AI & DS,1
1104097,Aishwarya Kothari,MCA,AI & DS,1
1104098,Abhinav Uniyal,MCA,AI & DS,1
1104099,Meera Aggarwal,MCA,AI & DS,1
1104100,Ayush Tandon,MCA,AI & DS,1
1104101,Riya Nanda,MCA,AI & DS,1
1104102,Ashutosh Maurya,MCA,AI & DS,1
1104103,Preeti Dubey,MCA,AI & DS,1
1104104,Yashika Rawal,MCA,AI & DS,1
1104105,Anchal Dubey,MCA,AI & DS,1
1104106,Himanshu Dangwal,MCA,AI & DS,1
1104107,Naman Kandpal,MCA,AI & DS,1
1104108,Komal Tiwari,MCA,AI & DS,1
1104109,Srishti Pathak,MCA,AI & DS,1
1104110,Gaurav Kothari,MCA,AI & DS,1
1104111,Shivani Tandon,MCA,AI & DS,1
1104112,Nikhil Gaur,MCA,AI & DS,1
1104113,Shalini Kumar,MCA,AI & DS,1
1104114,Srishti Nautiyal,MCA,AI & DS,1
1104115,Sarthak Bhandari,MCA,AI & DS,1
1104116,Akanksha Nagi,MCA,AI & DS,1
1104117,Vikas Kandpal,MCA,AI & DS,1
1104118,Vikram Sharma,MCA,AI & DS,1
1104119,Sahil Patel,MCA,AI & DS,1
1104120,Himanshu Kothari,MCA,AI & DS,1
1104121,Sarthak Mishra,MCA,AI & DS,1
1104122,Parth Parmar,MCA,AI & DS,1
1104123,Pulkit Nainwal,MCA,AI & DS,1
1104124,Sagar Juyal,MCA,AI & DS,1
1104125,Gautam Pokhriyal,MCA,AI & DS,1
1104126,Pranav Arora,MCA,AI & DS,1
1104127,Dhruv Tomar,MCA,AI & DS,1
1104128,Payal Rajput,MCA,AI & DS,1
1104129,Suhani Nagi,MCA,AI & DS,1
1104130,Dev Oberoi,MCA,AI & DS,1
1104131,Madhav Sood,MCA,AI & DS,1
1104132,Arnav Mishra,MCA,AI & DS,1
1104133,Vivek Kimothi,MCA,AI & DS,1
1104134,Rahul Parmar,MCA,AI & DS,1
1104135,Shivani Rastogi,MCA,AI & DS,1
1104136,Nandini Rawat,MCA,AI & DS,1
1104137,Mansi Rautela,MCA,AI & DS,1
1104138,Aditi Gupta,MCA,AI & DS,1
1104139,Radhika Yadav,MCA,AI & DS,1
1104140,Kriti Mehta,MCA,AI & DS,1
1104141,Palak Rastogi,MCA,AI & DS,1
1104142,Sanket Tiwari,MCA,AI & DS,1
1104143,Shivani Bhandari,MCA,AI & DS,1
1104144,Tripti Basu,MCA,AI & DS,1
1104145,Dev Bijalwan,MCA,AI & DS,1
1104146,Aditi Thapliyal,MCA,AI & DS,1
1104147,Pulkit Kothari,MCA,AI & DS,1
1104148,Anjali Rautela,MCA,AI & DS,1
1104149,Samarth Panwar,MCA,AI & DS,1
1104150,Vedant Rawal,MCA,AI & DS,1
1104151,Naveen Chaudhary,MCA,AI & DS,1
1104152,Sanchi Tomar,MCA,AI & DS,1
1104153,Vipul Dubey,MCA,AI & DS,1
1104154,Ashutosh Mehta,MCA,AI & DS,1
1104155,Anuj Sinha,MCA,AI & DS,1
1104156,Shagun Bhandula,MCA,AI & DS,1
1104157,Khushi Pundir,MCA,AI & DS,1
1104158,Anchal Pant,MCA,AI & DS,1
1104159,Rohan Chaudhary,MCA,AI & DS,1
1104160,Akanksha Rathi,MCA,AI & DS,1
1104161,Sahil Rajput,MCA,AI & DS,1
1104162,Abhay Gaur,MCA,AI & DS,1
1104163,Pallavi Dabral,MCA,AI & DS,1
1104164,Vansh Lal,MCA,AI & DS,1
1104165,Devansh Bijalwan,MCA,AI & DS,1
1104166,Neha Rastogi,MCA,AI & DS,1
1104167,Bhumika Jain,MCA,AI & DS,1
1104168,Jaya Bisht,MCA,AI & DS,1
1104169,Sumit Kandpal,MCA,AI & DS,1
1104170,Mansi Dhiman,MCA,AI & DS,1
1104171,Abhay Basu,MCA,AI & DS,1
1104172,Shivam Dobhal,MCA,AI & DS,1
1104173,Yuvraj Chaudhary,MCA,AI & DS,1
1104174,Madhav Trivedi,MCA,AI & DS,1
1104175,Divya Mittal,MCA,AI & DS,1
1104176,Akash Rautela,MCA,AI & DS,1
1104177,Omkar Vats,MCA,AI & DS,1
1104178,Siddharth Anand,MCA,AI & DS,1
1104179,Lavanya Tandon,MCA,AI & DS,1
1104180,Palak Mehra,MCA,AI & DS,1
1104181,Lavanya Bansal,MCA,AI & DS,1
1104182,Ojas Sethi,MCA,AI & DS,1
1104183,Vedant Chaudhary,MCA,AI & DS,1
1104184,Sahil Oberoi,MCA,AI & DS,1
1104185,Tripti Nautiyal,MCA,AI & DS,1
1104186,Hemant Bajaj,MCA,AI & DS,1
1104187,Abhay Bahuguna,MCA,AI & DS,1
1104188,Raj Tomar,MCA,AI & DS,1
1104189,Parth Soni,MCA,AI & DS,1
1104190,Sanya Lal,MCA,AI & DS,1
1104191,Soumya Nainwal,MCA,AI & DS,1
1104192,Shubham Badoni,MCA,AI & DS,1
1104193,Palak Joshi,MCA,AI & DS,1
1104194,Rajat Kumar,MCA,AI & DS,1
1104195,Sanchi Dangwal,MCA,AI & DS,1
1104196,Ananya Goswami,MCA,AI & DS,1
1104197,Rajat Gaur,MCA,AI & DS,1
1104198,Lakshya Bhatt,MCA,AI & DS,1
1104199,Charvi Pokhriyal,MCA,AI & DS,1
1104200,Madhav Joshi,MCA,AI & DS,1
1104201,Nandini Pokhriyal,MCA,AI & DS,1
1104203,Ashutosh Rautela,MCA,AI & DS,1
1104204,Diksha Chaudhary,MCA,AI & DS,1
1104205,Ankita Rawat,MCA,AI & DS,1
1104206,Devansh Sood,MCA,AI & DS,1
1104207,Vikram Soni,MCA,AI & DS,1
1104208,Rudra Bhardwaj,MCA,AI & DS,1
1104209,Yogesh Bhandula,MCA,AI & DS,1
1104210,Navya Mehra,MCA,AI & DS,1
1104211,Eshaan Patel,MCA,AI & DS,1
1104212,Hardik Kothari,MCA,AI & DS,1
1104213,Apoorva Mehta,MCA,AI & DS,1
1104214,Saloni Pundir,MCA,AI & DS,1
1104215,Priya Dimri,MCA,AI & DS,1
1104216,Shivani Dangwal,MCA,AI & DS,1
1104217,Ananya Bhardwaj,MCA,AI & DS,1
1104218,Priyanka Agarwal,MCA,AI & DS,1
1104219,Naman Rathi,MCA,AI & DS,1
1104220,Gaurav Vats,MCA,AI & DS,1
1104221,Kriti Saini,MCA,AI & DS,1
1104222,Ramya Dhiman,MCA,AI & DS,1
1104223,Pulkit Kumar,MCA,AI & DS,1
1104224,Mansi Mehra,MCA,AI & DS,1
1104225,Ravi Aggarwal,MCA,AI & DS,1
1104226,Ira Thakur,MCA,AI & DS,1
1104227,Deepak Rastogi,MCA,AI & DS,1
1104228,Ishita Tandon,MCA,AI & DS,1
1104229,Radhika Chopra,MCA,AI & DS,1
1104230,Ravi Sati,MCA,AI & DS,1
1104231,Pooja Semwal,MCA,AI & DS,1
1104232,Yamini Parmar,MCA,AI & DS,1
1104233,Aditi Chopra,MCA,AI & DS,1
1104234,Pooja Khanduri,MCA,AI & DS,1
1104235,Amit Bhardwaj,MCA,AI & DS,1
1104236,Prachi Mittal,MCA,AI & DS,1
1104237,Kriti Thakur,MCA,AI & DS,1
1104238,Manav Joshi,MCA,AI & DS,1
1104239,Nidhi Raturi,MCA,AI & DS,1
1104240,Vikram Pokhriyal,MCA,AI & DS,1
1104241,Abhinav Kashyap,MCA,AI & DS,1
1104242,Dhruv Gupta,MCA,AI & DS,1
1104243,Akash Bhandari,MCA,AI & DS,1
1104244,Tarun Patel,MCA,AI & DS,1
1104245,Rohit Verma,MCA,AI & DS,1
1104246,Vikram Mishra,MCA,AI & DS,1
1104247,Disha Tiwari,MCA,AI & DS,1
1300321,Sanya Jain,M.Sc,IT,1
1300322,Sandeep Kashyap,M.Sc,IT,1
1404401,Tripti Rautela,MBA,General,4
1404402,Gunjan Lal,MBA,General,4
1404403,Mansi Shukla,MBA,General,4
1404404,Raj Bajaj,MBA,General,4
1404405,Bhavya Shukla,MBA,General,4
1404406,Vedant Negi,MBA,General,4
1404407,Sara Saini,MBA,General,4
1404409,Mayank Kothari,MBA,General,4
1404410,Vipul Juyal,MBA,General,4
1404412,Hemant Mehta,MBA,General,4
1404413,Zoya Saxena,MBA,General,4
1404414,Sumit Singh,MBA,General,4
1404415,Vaibhav Walia,MBA,General,4
1404416,Ankita Panwar,MBA,General,4
1404417,Shivani Thakur,MBA,General,4
1404418,Navya Bhandula,MBA,General,4
1404419,Anuj Uniyal,MBA,General,4
1404420,Jaya Thakur,MBA,General,4
1404421,Saloni Raturi,MBA,General,4
1404422,Akash Anand,MBA,General,4
1404423,Shalini Maurya,MBA,General,4
1404424,Nidhi Basu,MBA,General,4
1404425,Himanshu Kimothi,MBA,General,4
1404426,Sachin Vats,MBA,General,4
1404427,Sakshi Saxena,MBA,General,4
1404429,Lakshya Goel,MBA,General,4
1404430,Kunal Malhotra,MBA,General,4
1404432,Prachi Thakur,MBA,General,4
1404433,Riya Soni,MBA,General,4
1404434,Zoya Kumar,MBA,General,4
1404435,Saloni Negi,MBA,General,4
1404436,Ankit Barthwal,MBA,General,4
1404437,Ravi Negi,MBA,General,4
1404438,Sachin Dobhal,MBA,General,4
1404439,Ruchi Patel,MBA,General,4
1404440,Mansi Rastogi,MBA,General,4
1404441,Ankita Khanduri,MBA,General,4
1404442,Prachi Chauhan,MBA,General,4
1404443,Srishti Pokhriyal,MBA,General,4
1404444,Mansi Pundir,MBA,General,4
1404445,Tanmay Sharma,MBA,General,4
1404446,Naveen Tripathi,MBA,General,4
1404447,Pallavi Patel,MBA,General,4
1404448,Rudra Raturi,MBA,General,4
1404449,Sahil Bijalwan,MBA,General,4
1404450,Shalini Bhandari,MBA,General,4
1404451,Simran Bajaj,MBA,General,4
1404452,Palak Oberoi,MBA,General,4
1404453,Abhay Kapoor,MBA,General,4
1404454,Akshay Thapliyal,MBA,General,4
1404455,Devansh Mittal,MBA,General,4
1404456,Madhav Thakur,MBA,General,4
1404457,Shalini Parmar,MBA,General,4
1404458,Vishal Bisht,MBA,General,4
1404460,Anjali Thapliyal,MBA,General,4
1404461,Ishaan Mahajan,MBA,General,4
1404463,Sara Chauhan,MBA,General,4
1404467,Shruti Saxena,MBA,General,4
1404468,Nidhi Bhandula,MBA,General,4
1404469,Tanmay Verma,MBA,General,4
1404470,Palak Dangwal,MBA,General,4
1404471,Tanvi Juyal,MBA,General,4
1404473,Rajat Rathi,MBA,General,4
1404474,Sanjana Yadav,MBA,General,4
1404475,Nisha Pant,MBA,General,4
1404476,Yashika Bansal,MBA,General,4
1404477,Rohit Saxena,MBA,General,4
1404478,Vansh Bhandari,MBA,General,4
1404479,Nisha Kandpal,MBA,General,4
1404480,Amit Sinha,MBA,General,4
1404481,Naman Mehta,MBA,General,4
1404482,Yashika Agarwal,MBA,General,4
1404483,Vansh Maithani,MBA,General,4
1404484,Divya Garg,MBA,General,4
1404485,Priya Nautiyal,MBA,General,4
1404486,Ananya Mehra,MBA,General,4
1404487,Dev Rawat,MBA,General,4
1404488,Ashish Mishra,MBA,General,4
1404489,Anushka Anand,MBA,General,4
1404490,Samarth Nagi,MBA,General,4
1404491,Ishita Khurana,MBA,General,4
1404493,Naman Sharma,MBA,General,4
1404495,Mayank Dangwal,MBA,General,4
1404496,Vivek Chopra,MBA,General,4
1404497,Simran Kashyap,MBA,General,4
1404498,Keshav Goswami,MBA,General,4
1404499,Madhav Kothari,MBA,General,4
1404500,Kunal Arora,MBA,General,4
1404501,Sanket Maithani,MBA,General,4
1404502,Chaitanya Tandon,MBA,General,4
1404503,Ayush Pandey,MBA,General,4
1404504,Raghav Bijalwan,MBA,General,4
1404505,Anshika Goswami,MBA,General,4
1404506,Karan Malhotra,MBA,General,4
1404507,Kunal Sinha,MBA,General,4
1404508,Apoorva Mishra,MBA,General,4
1404510,Harshita Mehta,MBA,General,4
1404511,Archit Gupta,MBA,General,4
1404512,Gautam Kumar,MBA,General,4
1404513,Ashutosh Shukla,MBA,General,4
1404514,Riya Bhandula,MBA,General,4
1404515,Akash Bisht,MBA,General,4
1404516,Charvi Garg,MBA,General,4
1404518,Rohit Tiwari,MBA,General,4
1404519,Raj Kothari,MBA,General,4
1404520,Aishwarya Mishra,MBA,General,4
1404521,Rajat Saxena,MBA,General,4
1404522,Sneha Rana,MBA,General,4
1404523,Vikram Mittal,MBA,General,4
1404524,Arjun Khanduri,MBA,General,4
1404525,Surbhi Mehra,MBA,General,4
1404526,Hemant Verma,MBA,General,4
1404527,Sara Pandey,MBA,General,4
1404528,Aishwarya Gaur,MBA,General,4
1404529,Harsh Dimri,MBA,General,4
1404531,Himanshu Panwar,MBA,General,4
1404532,Alok Rastogi,MBA,General,4
1404533,Rishabh Pandey,MBA,General,4
1404534,Palak Kumar,MBA,General,4
1404535,Nidhi Nautiyal,MBA,General,4
1404536,Gautam Sood,MBA,General,4
1404537,Rahul Shukla,MBA,General,4
1404538,Aditi Mehta,MBA,General,4
1404539,Nitin Chopra,MBA,General,4
1404540,Shreya Mahajan,MBA,General,4
1404541,Srishti Pundir,MBA,General,4
1404542,Sara Bansal,MBA,General,4
1404543,Priya Kimothi,MBA,General,4
1404544,Naveen Dhiman,MBA,General,4
1404545,Ashish Verma,MBA,General,4
1404546,Arjun Negi,MBA,General,4
1404547,Nidhi Badoni,MBA,General,4
1404548,Mohit Kandpal,MBA,General,4
1404550,Lakshya Sethi,MBA,General,4
1404551,Mridul Khanduri,MBA,General,4
1404552,Sarthak Pathak,MBA,General,4
1404553,Pranav Negi,MBA,General,4
1404554,Navya Rawal,MBA,General,4
1404555,Meera Dangwal,MBA,General,4
1404556,Sakshi Bhatt,MBA,General,4
1404557,Vishal Chaudhary,MBA,General,4
1404558,Yogesh Bajaj,MBA,General,4
1404559,Harsh Aggarwal,MBA,General,4
1404560,Omkar Pundir,MBA,General,4
1404563,Hemant Uniyal,MBA,General,4
1404564,Sarthak Basu,MBA,General,4
1404565,Khushi Uniyal,MBA,General,4
1404566,Tripti Pundir,MBA,General,4
1404567,Vikas Yadav,MBA,General,4
1404568,Ravi Chamoli,MBA,General,4
1404569,Yogesh Pant,MBA,General,4
1404571,Ajay Rawal,MBA,General,4
1404573,Archit Chopra,MBA,General,4
1404574,Shreya Kapoor,MBA,General,4
1404575,Nitin Tiwari,MBA,General,4
1404576,Harshita Vats,MBA,General,4
1404577,Chaitanya Trivedi,MBA,General,4
1404578,Ruchi Bahuguna,MBA,General,4
1404579,Saurabh Mehta,MBA,General,4
1404580,Charvi Bhandari,MBA,General,4
1404581,Vikram Yadav,MBA,General,4
1404582,Priyanka Dubey,MBA,General,4
1404584,Sumit Barthwal,MBA,General,4
1404585,Rishabh Goswami,MBA,General,4
1404586,Anshika Tiwari,MBA,General,4
1404587,Divya Sharma,MBA,General,4
1404588,Abhay Anand,MBA,General,4
1404589,Mohit Parmar,MBA,General,4
1404590,Naman Malhotra,MBA,General,4
1404591,Sanket Khurana,MBA,General,4
1404592,Karan Badoni,MBA,General,4
1404593,Kavya Bansal,MBA,General,4
1404594,Prachi Lal,MBA,General,4
1404595,Samarth Dhiman,MBA,General,4
1404596,Hardik Sethi,MBA,General,4
1404597,Dhruv Soni,MBA,General,4
1404598,Neha Pundir,MBA,General,4
1404599,Ashish Gusain,MBA,General,4
1404602,Yogesh Juyal,MBA,General,4
1404603,Saloni Rawal,MBA,General,4
1404604,Mehak Anand,MBA,General,4
1404607,Sanya Anand,MBA,General,4
1404608,Sachin Rawal,MBA,General,4
1404609,Yamini Kimothi,MBA,General,4
1404610,Vishal Rawat,MBA,General,4
1404611,Kunal Rawat,MBA,General,4
1404612,Saurabh Rawat,MBA,General,4
1404613,Sagar Rathi,MBA,General,4
1404615,Ruchi Maurya,MBA,General,4
1404616,Lakshya Verma,MBA,General,4
1404617,Vansh Raturi,MBA,General,4
1404618,Samarth Singh,MBA,General,4
1404619,Sandeep Singh,MBA,General,4
1404620,Akash Gusain,MBA,General,4
1404621,Priyanka Arora,MBA,General,4
1404622,Tanishq Walia,MBA,General,4
1404623,Ayush Kothari,MBA,General,4
1404624,Arpit Dimri,MBA,General,4
1404625,Sakshi Sinha,MBA,General,4
1404626,Komal Soni,MBA,General,4
1404627,Kamal Dabral,MBA,General,4
1404628,Arpit Semwal,MBA,General,4
1404629,Akash Bahuguna,MBA,General,4
1404630,Kabir Sood,MBA,General,4
1404631,Samarth Pandey,MBA,General,4
1404633,Rishabh Basu,MBA,General,4
1404634,Shagun Chauhan,MBA,General,4
1404635,Arpit Soni,MBA,General,4
1404636,Ira Mehra,MBA,General,4
1404637,Jatin Kashyap,MBA,General,4
1404638,Devansh Raturi,MBA,General,4
1404639,Vikas Pundir,MBA,General,4
1404640,Aishwarya Goswami,MBA,General,4
1404641,Vivek Gaur,MBA,General,4
1404642,Sachin Nagi,MBA,General,4
1404643,Meera Gupta,MBA,General,4
1404644,Vinay Khanduri,MBA,General,4
1404645,Himanshu Chaudhary,MBA,General,4
1404646,Rishabh Soni,MBA,General,4
1404647,Ishaan Pokhriyal,MBA,General,4
1404648,Karan Rawat,MBA,General,4
1404649,Rishabh Negi,MBA,General,4
1404651,Khushi Nagi,MBA,General,4
1404653,Kajal Bijalwan,MBA,General,4
1404654,Harshita Juyal,MBA,General,4
1404655,Ruchi Arora,MBA,General,4
1404656,Anshika Trivedi,MBA,General,4
1404657,Tripti Raturi,MBA,General,4
1404658,Raj Rathi,MBA,General,4
1404660,Vishal Kandpal,MBA,General,4
1404661,Raghav Pundir,MBA,General,4
1404663,Gayatri Pokhriyal,MBA,General,4
1404664,Sanket Malhotra,MBA,General,4
1404665,Kartik Sood,MBA,General,4
1404666,Aarav Dhiman,MBA,General,4
1404669,Suhani Uniyal,MBA,General,4
1404670,Tushar Agarwal,MBA,General,4
1404671,Surbhi Pokhriyal,MBA,General,4
1404672,Chaitanya Srivastava,MBA,General,4
1404673,Kriti Maithani,MBA,General,4
1404674,Sagar Nagi,MBA,General,4
1404675,Ashish Rana,MBA,General,4
1404676,Ankita Sati,MBA,General,4
1404677,Ananya Bansal,MBA,General,4
1404678,Vaishnavi Verma,MBA,General,4
1404679,Rajat Dubey,MBA,General,4
1404681,Nandini Basu,MBA,General,4
1404682,Aishwarya Kukreti,MBA,General,4
1404683,Anjali Juyal,MBA,General,4
1404684,Diksha Garg,MBA,General,4
1404685,Diksha Tripathi,MBA,General,4
1404686,Karan Pundir,MBA,General,4
1404687,Disha Vats,MBA,General,4
1404688,Ajay Bhandari,MBA,General,4
1404689,Ravi Singh,MBA,General,4
1404690,Kartik Agarwal,MBA,General,4
1404691,Simran Rawal,MBA,General,4
1404692,Soumya Dabral,MBA,General,4
1404693,Kriti Kothari,MBA,General,4
1404694,Meera Kashyap,MBA,General,4
1404695,Simran Goswami,MBA,General,4
1404696,Arpit Srivastava,MBA,General,4
1404697,Gunjan Raturi,MBA,General,4
1404698,Ishita Shukla,MBA,General,4
1404699,Alok Khanduri,MBA,General,4
1404700,Sanya Rathi,MBA,General,4
1404701,Sandeep Tiwari,MBA,General,4
1404702,Nandini Nautiyal,MBA,General,4
1404703,Raj Oberoi,MBA,General,4
1404704,Lavanya Maurya,MBA,General,4
1404705,Anchal Kothari,MBA,General,4
1404706,Meera Kothari,MBA,General,4
1404707,Prateek Chauhan,MBA,General,4
1404708,Rudra Bajaj,MBA,General,4
1404709,Aman Sethi,MBA,General,4
1404710,Mohit Goswami,MBA,General,4
1404711,Vaibhav Arora,MBA,General,4
1404712,Deepak Kukreti,MBA,General,4
1404713,Bhavya Vats,MBA,General,4
1404714,Shubham Thapliyal,MBA,General,4
1404715,Mahima Gupta,MBA,General,4
1404716,Dev Kothari,MBA,General,4
1404717,Kunal Kashyap,MBA,General,4
1404718,Nisha Bhatt,MBA,General,4
1404719,Gayatri Bhandula,MBA,General,4
1404720,Kartik Kukreti,MBA,General,4
1404721,Khushi Anand,MBA,General,4
1404722,Shruti Kothari,MBA,General,4
1404723,Akshay Nainwal,MBA,General,4
1404724,Prateek Tripathi,MBA,General,4
1404725,Tanishq Singh,MBA,General,4
1404726,Anshika Srivastava,MBA,General,4
1404727,Tanvi Saxena,MBA,General,4
1404729,Parth Basu,MBA,General,4
1404730,Rakesh Bansal,MBA,General,4
1404731,Yogesh Kapoor,MBA,General,4
1404732,Shubham Bhatt,MBA,General,4
1404733,Aarav Maurya,MBA,General,4
1404734,Anjali Arora,MBA,General,4
1404735,Tanmay Soni,MBA,General,4
1404736,Ananya Kapoor,MBA,General,4
1404737,Ankit Uniyal,MBA,General,4
1404738,Vishal Maithani,MBA,General,4
1404739,Keshav Barthwal,MBA,General,4
1404740,Eshaan Arora,MBA,General,4
1404741,Abhay Kothari,MBA,General,4
1404742,Shalini Thakur,MBA,General,4
1404743,Nandini Gusain,MBA,General,4
1404744,Vishal Chopra,MBA,General,4
1404745,Shubham Semwal,MBA,General,4
1404746,Tanishq Trivedi,MBA,General,4
1404747,Pallavi Kimothi,MBA,General,4
1404748,Shruti Saini,MBA,General,4
1404749,Vansh Rastogi,MBA,General,4
1404750,Kavya Kapoor,MBA,General,4
1404751,Suhani Semwal,MBA,General,4
1404752,Shreya Chopra,MBA,General,4
1404753,Payal Gaur,MBA,General,4
1404754,Chaitanya Kumar,MBA,General,4
1404755,Saloni Walia,MBA,General,4
1404757,Navya Lal,MBA,General,4
1404759,Saurabh Chauhan,MBA,General,4
1404760,Ashish Pundir,MBA,General,4
1404761,Nikhil Kukreti,MBA,General,4
1404762,Abhinav Pokhriyal,MBA,General,4
1404763,Tushar Khanduri,MBA,General,4
1404764,Payal Kothari,MBA,General,4
1404765,Nikhil Uniyal,MBA,General,4
1404766,Tripti Rawat,MBA,General,4
1404767,Kunal Kapoor,MBA,General,4
1404768,Sanket Mishra,MBA,General,4
1404769,Garima Basu,MBA,General,4
1404770,Pulkit Soni,MBA,General,4
1404771,Shreya Nainwal,MBA,General,4
1404772,Arpit Tiwari,MBA,General,4
1404773,Alok Kothari,MBA,General,4
1404774,Tanishq Gusain,MBA,General,4
1404775,Khushi Pant,MBA,General,4
1404776,Komal Patel,MBA,General,4
1404777,Sara Gupta,MBA,General,4
1404778,Vinay Bhandula,MBA,General,4
1404779,Kunal Anand,MBA,General,4
1404780,Varun Trivedi,MBA,General,4
1404781,Tushar Malhotra,MBA,General,4
1404782,Devansh Shukla,MBA,General,4
1404783,Vaibhav Pokhriyal,MBA,General,4
1404784,Ashutosh Semwal,MBA,General,4
1404785,Naman Negi,MBA,General,4
1404786,Vivek Nagi,MBA,General,4
1404788,Anchal Yadav,MBA,General,4
1404790,Saurabh Arora,MBA,General,4
1404792,Rudra Aggarwal,MBA,General,4
1404793,Shubham Kapoor,MBA,General,4
1404795,Sakshi Mishra,MBA,General,4
1404796,Yash Dangwal,MBA,General,4
1404798,Abhay Sood,MBA,General,4
1404799,Deepika Thapliyal,MBA,General,4
1404801,Abhay Shukla,MBA,General,4
1404802,Sanchi Bijalwan,MBA,General,4
1404803,Kajal Basu,MBA,General,4
1404804,Sakshi Thakur,MBA,General,4
1404805,Riya Anand,MBA,General,4
1404806,Dhruv Dubey,MBA,General,4
1404807,Priya Gusain,MBA,General,4
1404808,Sanchi Tripathi,MBA,General,4
1404809,Siddharth Mittal,MBA,General,4
1404810,Sagar Saxena,MBA,General,4
1500021,Bhavya Bhandula,M.Sc,Food & Nutrition,3
1500022,Naveen Bahuguna,M.Sc,Food & Nutrition,3
1500023,Rohit Mehra,M.Sc,Food & Nutrition,3
1500024,Garima Dubey,M.Sc,Food & Nutrition,3
1500025,Bhavya Thapliyal,M.Sc,Food & Nutrition,3
1500026,Mahima Mahajan,M.Sc,Food & Nutrition,3
1500027,Akash Basu,M.Sc,Food & Nutrition,3
1500028,Kavya Tandon,M.Sc,Food & Nutrition,3
1500029,Naveen Basu,M.Sc,Food & Nutrition,3
1500030,Pranav Chopra,M.Sc,Food & Nutrition,3
1500051,Pulkit Pandey,M.Sc,Food & Nutrition,1
1500052,Vishal Tandon,M.Sc,Food & Nutrition,1
1500053,Pranav Sharma,M.Sc,Food & Nutrition,1
1500055,Tarun Bisht,M.Sc,Food & Nutrition,1
1500056,Jatin Chaudhary,M.Sc,Food & Nutrition,1
1500057,Jatin Bisht,M.Sc,Food & Nutrition,1
1500058,Jiya Barthwal,M.Sc,Food & Nutrition,1
1500059,Divya Basu,M.Sc,Food & Nutrition,1
1500060,Aryan Chamoli,M.Sc,Food & Nutrition,1
1500061,Himanshu Nanda,M.Sc,Food & Nutrition,1
1602551,Ajay Mittal,M.Tech,General,3
1602552,Zoya Sinha,M.Tech,General,3
1602554,Rakesh Nainwal,M.Tech,General,3
1602555,Prateek Aggarwal,M.Tech,General,3
1602556,Ravi Tiwari,M.Tech,General,3
1602557,Mohit Bisht,M.Tech,General,3
1602558,Divya Dobhal,M.Tech,General,3
1602559,Himanshu Saini,M.Tech,General,3
1602560,Vansh Sharma,M.Tech,General,3
1602561,Ishita Barthwal,M.Tech,General,3
1602562,Devansh Gusain,M.Tech,General,3
1602563,Gunjan Pathak,M.Tech,General,3
1602564,Sandeep Kukreti,M.Tech,General,3
1602565,Nitin Mishra,M.Tech,General,3
1602566,Vansh Aggarwal,M.Tech,General,3
1602567,Naman Tomar,M.Tech,General,3
1602568,Akshay Pathak,M.Tech,General,3
1602569,Jiya Tandon,M.Tech,General,3
1602570,Ayush Nainwal,M.Tech,General,3
1602571,Arnav Lal,M.Tech,General,3
1602572,Riya Trivedi,M.Tech,General,3
1602573,Sanket Agarwal,M.Tech,General,3
1602574,Raghav Sati,M.Tech,General,3
1602575,Mridul Pokhriyal,M.Tech,General,3
1602576,Meera Agarwal,M.Tech,General,3
1602577,Nidhi Gupta,M.Tech,General,3
1602578,Siddharth Vats,M.Tech,General,3
1602579,Ravi Chauhan,M.Tech,General,3
1602580,Mansi Sood,M.Tech,General,3
1602581,Sanjana Chopra,M.Tech,General,3
1602582,Vipul Bhardwaj,M.Tech,General,3
1602583,Yamini Thapliyal,M.Tech,General,3
1602584,Sachin Maithani,M.Tech,General,3
1602585,Samarth Arora,M.Tech,General,3
1602586,Mansi Badoni,M.Tech,General,3
1602587,Ashutosh Nainwal,M.Tech,General,3
1602588,Nikhil Maithani,M.Tech,General,3
1602590,Akash Mehta,M.Tech,General,3
1602591,Karan Dangwal,M.Tech,General,3
1602611,Surbhi Goel,M.Tech,General,3
1602612,Yuvraj Khanduri,M.Tech,General,3
1602621,Priya Nainwal,M.Tech,General,3
1602622,Aryan Joshi,M.Tech,General,3
1602623,Chetan Agarwal,M.Tech,General,3
1602625,Vaishnavi Basu,M.Tech,General,3
1602626,Ankita Chamoli,M.Tech,General,3
1602627,Sumit Chaudhary,M.Tech,General,3
1602751,Sarthak Srivastava,M.Tech,General,1
1602752,Zoya Arora,M.Tech,General,1
1602753,Kunal Walia,M.Tech,General,1
1602754,Shubham Sethi,M.Tech,General,1
1602755,Komal Bisht,M.Tech,General,1
1602756,Shagun Aggarwal,M.Tech,General,1
1602757,Ruchi Tandon,M.Tech,General,1
1602758,Mohit Nagi,M.Tech,General,1
1602759,Sarthak Patel,M.Tech,General,1
1602760,Tanishq Mishra,M.Tech,General,1
1602761,Sonal Bisht,M.Tech,General,1
1602762,Ajay Khurana,M.Tech,General,1
1602763,Yogesh Dhiman,M.Tech,General,1
1602764,Jatin Verma,M.Tech,General,1
1602765,Alok Bhandula,M.Tech,General,1
1602766,Gayatri Uniyal,M.Tech,General,1
1602767,Payal Dabral,M.Tech,General,1
1602768,Yashika Mehra,M.Tech,General,1
1602769,Gautam Basu,M.Tech,General,1
1602770,Nandini Sood,M.Tech,General,1
1602771,Pulkit Srivastava,M.Tech,General,1
1602772,Shagun Mehra,M.Tech,General,1
1602773,Himanshu Khanduri,M.Tech,General,1
1602774,Neha Badoni,M.Tech,General,1
1602775,Shreya Nautiyal,M.Tech,General,1
1602776,Aditi Pathak,M.Tech,General,1
1602777,Sagar Anand,M.Tech,General,1
1602778,Rakesh Arora,M.Tech,General,1
1602779,Vansh Parmar,M.Tech,General,1
1602780,Yamini Aggarwal,M.Tech,General,1
1602781,Akanksha Gupta,M.Tech,General,1
1602801,Aishwarya Pundir,M.Tech,General,1
1602802,Anmol Mittal,M.Tech,General,1
1602803,Arjun Sood,M.Tech,General,1
1602804,Aishwarya Maithani,M.Tech,General,1
1602811,Arjun Dabral,M.Tech,General,1
1602812,Saurabh Kimothi,M.Tech,General,1
1602821,Sanya Malhotra,M.Tech,General,1
1602822,Pooja Arora,M.Tech,General,1
1602823,Amit Vats,M.Tech,General,1
1602824,Ruchi Joshi,M.Tech,General,1
1602825,Kabir Juyal,M.Tech,General,1
1800501,Arnav Raturi,M.Sc,Microbiology,3
1800502,Ramya Nautiyal,M.Sc,Microbiology,3
1800503,Tanvi Yadav,M.Sc,Microbiology,3
1800504,Arjun Joshi,M.Sc,Microbiology,3
1800505,Aditi Chauhan,M.Sc,Microbiology,3
1800506,Mayank Pundir,M.Sc,Microbiology,3
1800507,Mahima Mehta,M.Sc,Microbiology,3
1800508,Shivani Uniyal,M.Sc,Microbiology,3
1800510,Gautam Chauhan,M.Sc,Microbiology,3
1800511,Bhavya Pundir,M.Sc,Microbiology,3
1800512,Ramya Lal,M.Sc,Microbiology,3
1800513,Akshay Nanda,M.Sc,Microbiology,3
1800514,Priyanka Rawal,M.Sc,Microbiology,3
1800515,Bhavya Bijalwan,M.Sc,Microbiology,3
1800516,Aarav Bhandula,M.Sc,Microbiology,3
1800517,Kunal Bhatt,M.Sc,Microbiology,3
1800518,Srishti Shukla,M.Sc,Microbiology,3
1800519,Himanshu Soni,M.Sc,Microbiology,3
1800520,Ashish Trivedi,M.Sc,Microbiology,3
1800521,Samarth Oberoi,M.Sc,Microbiology,3
1800522,Yuvraj Bajaj,M.Sc,Microbiology,3
1800523,Divya Arora,M.Sc,Microbiology,3
1800524,Aditya Mishra,M.Sc,Microbiology,3
1800525,Aditya Tomar,M.Sc,Microbiology,3
1800526,Shruti Negi,M.Sc,Microbiology,3
1800527,Sumit Yadav,M.Sc,Microbiology,3
1800528,Shivani Negi,M.Sc,Microbiology,3
1800529,Deepika Malhotra,M.Sc,Microbiology,3
1800530,Keshav Srivastava,M.Sc,Microbiology,3
1800531,Eshaan Bijalwan,M.Sc,Microbiology,3
1800532,Khushi Lal,M.Sc,Microbiology,3
1800533,Pallavi Rajput,M.Sc,Microbiology,3
1800551,Ananya Shukla,M.Sc,Microbiology,1
1800552,Kajal Mahajan,M.Sc,Microbiology,1
1800553,Mehak Thakur,M.Sc,Microbiology,1
1800554,Sandeep Srivastava,M.Sc,Microbiology,1
1800555,Sneha Lal,M.Sc,Microbiology,1
1800556,Raghav Garg,M.Sc,Microbiology,1
1800557,Rudra Nautiyal,M.Sc,Microbiology,1
1800558,Ramya Tomar,M.Sc,Microbiology,1
1800560,Parth Malhotra,M.Sc,Microbiology,1
1800561,Sachin Goswami,M.Sc,Microbiology,1
1800562,Garima Singh,M.Sc,Microbiology,1
1800563,Shreya Rautela,M.Sc,Microbiology,1
1800566,Uday Bhatt,M.Sc,Microbiology,1
1800567,Surbhi Bajaj,M.Sc,Microbiology,1
1800568,Ravi Yadav,M.Sc,Microbiology,1
1800569,Palak Pandey,M.Sc,Microbiology,1
1800570,Chaitanya Bisht,M.Sc,Microbiology,1
1800571,Tushar Rajput,M.Sc,Microbiology,1
1800572,Radhika Oberoi,M.Sc,Microbiology,1
1800573,Rishabh Chopra,M.Sc,Microbiology,1
1800574,Sanket Rawat,M.Sc,Microbiology,1
1800575,Laksh Dubey,M.Sc,Microbiology,1
1900351,Simran Maurya,B.Sc,Food Technology,6
1900352,Suhani Tomar,B.Sc,Food Technology,6
1900354,Pulkit Bhandari,B.Sc,Food Technology,6
1900355,Anuj Parmar,B.Sc,Food Technology,7
1900356,Karan Walia,B.Sc,Food Technology,7
1900357,Sachin Lal,B.Sc,Food Technology,7
1900358,Aditi Bhardwaj,B.Sc,Food Technology,6
1900359,Raghav Bansal,B.Sc,Food Technology,7
1900360,Kriti Mishra,B.Sc,Food Technology,7
1900361,Vishal Khurana,B.Sc,Food Technology,7
1900362,Ashutosh Barthwal,B.Sc,Food Technology,6
1900363,Anchal Walia,B.Sc,Food Technology,6
1900364,Bhumika Basu,B.Sc,Food Technology,7
1900365,Anushka Nagi,B.Sc,Food Technology,6
1900366,Sarthak Khanduri,B.Sc,Food Technology,7
1900367,Ansh Verma,B.Sc,Food Technology,6
1900368,Arpit Goswami,B.Sc,Food Technology,6
1900369,Sagar Saini,B.Sc,Food Technology,7
1900370,Shivani Mahajan,B.Sc,Food Technology,6
1900371,Shivani Dimri,B.Sc,Food Technology,6
1900372,Ashutosh Rastogi,B.Sc,Food Technology,7
1900373,Sanya Nanda,B.Sc,Food Technology,7
1900374,Prateek Bhardwaj,B.Sc,Food Technology,6
1900375,Pranav Tripathi,B.Sc,Food Technology,6
1900376,Alok Sood,B.Sc,Food Technology,6
1900377,Aditya Kapoor,B.Sc,Food Technology,6
1900378,Lavanya Kothari,B.Sc,Food Technology,6
1900379,Rohit Khurana,B.Sc,Food Technology,6
1900380,Tanishq Goswami,B.Sc,Food Technology,6
1900381,Soumya Rajput,B.Sc,Food Technology,7
1900382,Ira Juyal,B.Sc,Food Technology,7
1900383,Manish Yadav,B.Sc,Food Technology,7
1900384,Raj Rana,B.Sc,Food Technology,6
1900385,Sachin Aggarwal,B.Sc,Food Technology,7
1900386,Ashutosh Vats,B.Sc,Food Technology,6
1900387,Amit Tiwari,B.Sc,Food Technology,6
1900388,Shagun Barthwal,B.Sc,Food Technology,6
1900389,Diksha Khurana,B.Sc,Food Technology,7
1900390,Akash Goswami,B.Sc,Food Technology,7
1900391,Priya Anand,B.Sc,Food Technology,6
1900392,Mohit Badoni,B.Sc,Food Technology,7
1900411,Divya Mehra,B.Sc,Food Technology,4
1900412,Lakshya Semwal,B.Sc,Food Technology,5
1900413,Diksha Oberoi,B.Sc,Food Technology,5
1900414,Mridul Rautela,B.Sc,Food Technology,5
1900415,Yogesh Thakur,B.Sc,Food Technology,5
1900416,Riya Gaur,B.Sc,Food Technology,5
1900417,Kabir Parmar,B.Sc,Food Technology,5
1900418,Mridul Kothari,B.Sc,Food Technology,5
1900419,Shagun Pathak,B.Sc,Food Technology,5
1900420,Vandana Jain,B.Sc,Food Technology,5
1900421,Vandana Nainwal,B.Sc,Food Technology,5
1900422,Anmol Khurana,B.Sc,Food Technology,5
1900423,Uday Lal,B.Sc,Food Technology,4
1900424,Lakshya Bhandula,B.Sc,Food Technology,5
1900425,Jiya Juyal,B.Sc,Food Technology,5
1900427,Deepika Bhandari,B.Sc,Food Technology,5
1900428,Surbhi Bhandula,B.Sc,Food Technology,4
1900429,Sanya Dobhal,B.Sc,Food Technology,5
1900430,Charvi Rathi,B.Sc,Food Technology,5
1900431,Vaibhav Dangwal,B.Sc,Food Technology,5
1900432,Shalini Juyal,B.Sc,Food Technology,5
1900433,Siddharth Walia,B.Sc,Food Technology,5
1900434,Ishita Pandey,B.Sc,Food Technology,5
1900435,Uday Kapoor,B.Sc,Food Technology,5
1900436,Dev Dabral,B.Sc,Food Technology,5
1900437,Khushi Dhiman,B.Sc,Food Technology,5
1900438,Pooja Anand,B.Sc,Food Technology,5
1900439,Vandana Khanduri,B.Sc,Food Technology,5
1900440,Vedant Kimothi,B.Sc,Food Technology,5
1900441,Shagun Bhatt,B.Sc,Food Technology,5
1900442,Ishaan Mehta,B.Sc,Food Technology,5
1900443,Gaurav Bhatt,B.Sc,Food Technology,5
1900444,Disha Dangwal,B.Sc,Food Technology,5
1900445,Harshita Nagi,B.Sc,Food Technology,5
1900451,Dhruv Lal,B.Sc,Food Technology,3
1900452,Ishita Chopra,B.Sc,Food Technology,3
1900453,Lavanya Rathi,B.Sc,Food Technology,3
1900454,Preeti Maurya,B.Sc,Food Technology,3
1900455,Akanksha Dabral,B.Sc,Food Technology,3
1900456,Yogesh Malhotra,B.Sc,Food Technology,3
1900457,Aditi Soni,B.Sc,Food Technology,3
1900458,Ajay Arora,B.Sc,Food Technology,3
1900459,Lavanya Kandpal,B.Sc,Food Technology,3
1900460,Lavanya Chaudhary,B.Sc,Food Technology,2
1900461,Manav Pathak,B.Sc,Food Technology,3
1900462,Uday Rawal,B.Sc,Food Technology,3
1900463,Rishabh Goel,B.Sc,Food Technology,3
1900465,Alok Mahajan,B.Sc,Food Technology,3
1900466,Anshika Saxena,B.Sc,Food Technology,3
1900467,Tripti Oberoi,B.Sc,Food Technology,3
1900469,Sagar Pandey,B.Sc,Food Technology,3
1900470,Akshay Bhardwaj,B.Sc,Food Technology,3
1900471,Devansh Walia,B.Sc,Food Technology,3
1900472,Mansi Juyal,B.Sc,Food Technology,3
1900473,Laksh Saini,B.Sc,Food Technology,3
1900474,Yashika Nainwal,B.Sc,Food Technology,3
1900475,Yuvraj Agarwal,B.Sc,Food Technology,3
1900476,Ashish Dobhal,B.Sc,Food Technology,3
1900477,Udit Anand,B.Sc,Food Technology,3
1900478,Ashutosh Bisht,B.Sc,Food Technology,3
1900479,Nisha Pandey,B.Sc,Food Technology,3
1900480,Pooja Dhiman,B.Sc,Food Technology,3
1900481,Gautam Pundir,B.Sc,Food Technology,3
1900482,Ravi Juyal,B.Sc,Food Technology,3
1900483,Sachin Dangwal,B.Sc,Food Technology,3
1900484,Surbhi Raturi,B.Sc,Food Technology,3
1900485,Anshika Gaur,B.Sc,Food Technology,3
1900501,Tripti Pandey,B.Sc,Food Technology,1
1900502,Disha Sharma,B.Sc,Food Technology,1
1900503,Ankita Walia,B.Sc,Food Technology,1
1900504,Gayatri Badoni,B.Sc,Food Technology,1
1900505,Ashish Sinha,B.Sc,Food Technology,1
1900507,Anchal Panwar,B.Sc,Food Technology,1
1900508,Dev Garg,B.Sc,Food Technology,1
1900509,Yash Dubey,B.Sc,Food Technology,1
1900510,Ira Bansal,B.Sc,Food Technology,1
1900511,Shivani Pokhriyal,B.Sc,Food Technology,1
1900512,Simran Negi,B.Sc,Food Technology,1
1900513,Ravi Nanda,B.Sc,Food Technology,1
1900514,Tripti Singh,B.Sc,Food Technology,1
1900515,Riya Chopra,B.Sc,Food Technology,1
1900516,Kriti Tiwari,B.Sc,Food Technology,1
1900517,Prateek Dabral,B.Sc,Food Technology,1
1900518,Dhruv Khanduri,B.Sc,Food Technology,1
1900520,Chaitanya Sood,B.Sc,Food Technology,1
1900521,Amit Goel,B.Sc,Food Technology,1
1900522,Anshika Arora,B.Sc,Food Technology,1
1900523,Hemant Lal,B.Sc,Food Technology,1
1900524,Preeti Kothari,B.Sc,Food Technology,1
1900525,Harsh Kandpal,B.Sc,Food Technology,1
1900526,Sarthak Gupta,B.Sc,Food Technology,1
1900527,Aman Khanduri,B.Sc,Food Technology,1
1900528,Srishti Rawat,B.Sc,Food Technology,1
1900529,Naveen Bijalwan,B.Sc,Food Technology,1
1900530,Aditya Raturi,B.Sc,Food Technology,1
1900531,Sonal Mahajan,B.Sc,Food Technology,1
1900532,Arnav Pandey,B.Sc,Food Technology,1
1900534,Aishwarya Shukla,B.Sc,Food Technology,1
1900535,Sneha Rastogi,B.Sc,Food Technology,1
1900536,Dev Sati,B.Sc,Food Technology,1
1900537,Devansh Gaur,B.Sc,Food Technology,1
1900538,Shagun Bhardwaj,B.Sc,Food Technology,1
1900539,Komal Malhotra,B.Sc,Food Technology,1
1900540,Naveen Srivastava,B.Sc,Food Technology,1
1900541,Kamal Anand,B.Sc,Food Technology,1
1900542,Tanishq Chopra,B.Sc,Food Technology,1
1900543,Palak Patel,B.Sc,Food Technology,1
1900544,Vaishnavi Joshi,B.Sc,Food Technology,1
2017170,Archit Malhotra,B.Tech,CSE,8
2018757,Vikram Lal,B.Tech,CSE,8
2018955,Yuvraj Kandpal,B.Tech,CSE,8
2018957,Divya Shukla,B.Tech,CSE,8
2019570,Vipul Pandey,B.Tech,CSE,8
2019941,Bhavya Panwar,B.Tech,ME,8
2021002,Diksha Dubey,B.Tech,CE,8
2021003,Surbhi Kapoor,B.Tech,CE,8
2021004,Sonal Uniyal,B.Tech,CE,8
2021005,Dhruv Khurana,B.Tech,CE,8
2021006,Ruchi Kothari,B.Tech,CE,8
2021007,Pallavi Saini,B.Tech,CE,7
2021010,Komal Chamoli,B.Tech,ECE,8
2021011,Pallavi Raturi,B.Tech,CE,8
2021012,Ramya Panwar,B.Tech,CE,8
2021013,Sanya Bhandari,B.Tech,CE,6
2021015,Ashish Sethi,B.Tech,CE,8
2021016,Vipul Maurya,B.Tech,CE,8
2021018,Tanmay Rawat,B.Tech,CE,8
2021019,Garima Pokhriyal,B.Tech,CE,8
2021020,Vedant Yadav,B.Tech,CE,8
2021022,Omkar Dabral,B.Tech,CE,8
2021023,Vikas Mishra,B.Tech,CE,8
2021024,Priyanka Badoni,B.Tech,CE,8
2021025,Rahul Kashyap,B.Tech,CE,8
2021026,Zoya Nagi,B.Tech,CE,8
2021027,Disha Thakur,B.Tech,CE,8
2021031,Kabir Srivastava,B.Tech,CSE,8
2021033,Pooja Rautela,B.Tech,CSE,8
2021034,Keshav Sood,B.Tech,CSE,8
2021035,Sahil Dobhal,B.Tech,CSE,8
2021036,Vipul Panwar,B.Tech,CSE,8
2021037,Vandana Parmar,B.Tech,CSE,8
2021038,Garima Sethi,B.Tech,CSE,8
2021039,Devansh Dabral,B.Tech,CSE,8
2021040,Vaishnavi Singh,B.Tech,CSE,8
2021041,Yuvraj Negi,B.Tech,CSE,8
2021043,Lavanya Bhardwaj,B.Tech,CSE,8
2021044,Vishal Sood,B.Tech,CSE,8
2021045,Harsh Singh,B.Tech,CSE,8
2021046,Varun Yadav,B.Tech,CSE,8
2021047,Dev Kukreti,B.Tech,CSE,8
2021048,Nikhil Oberoi,B.Tech,CSE,8
2021049,Ansh Bisht,B.Tech,CSE,8
2021050,Rudra Kukreti,B.Tech,CSE,8
2021051,Shalini Rautela,B.Tech,CSE,8
2021052,Parth Barthwal,B.Tech,CSE,8
2021053,Hardik Maithani,B.Tech,CSE,8
2021054,Mehak Bhandari,B.Tech,CSE,8
2021055,Priyanka Negi,B.Tech,CSE,8
2021056,Nisha Rastogi,B.Tech,CSE,8
2021057,Muskan Goswami,B.Tech,CSE,8
2021058,Himanshu Thakur,B.Tech,CSE,8
2021059,Vidhi Bhandula,B.Tech,CSE,8
2021060,Priya Kumar,B.Tech,CSE,8
2021061,Deepak Kapoor,B.Tech,CSE,8
2021062,Yash Bajaj,B.Tech,CSE,8
2021063,Muskan Kandpal,B.Tech,CSE,8
2021064,Zoya Gupta,B.Tech,CSE,8
2021065,Anushka Rastogi,B.Tech,CSE,8
2021066,Raj Bijalwan,B.Tech,CSE,8
2021067,Gaurav Bhandula,B.Tech,CSE,8
2021068,Amit Rawat,B.Tech,CSE,8
2021069,Deepak Goel,B.Tech,CSE,8
2021070,Sahil Rawat,B.Tech,CSE,8
2021071,Arpit Mishra,B.Tech,CSE,8
2021073,Ayush Dobhal,B.Tech,CSE,8
2021074,Pulkit Chaudhary,B.Tech,CSE,8
2021075,Mohit Semwal,B.Tech,CSE,8
2021076,Rakesh Dobhal,B.Tech,CSE,8
2021077,Raj Tiwari,B.Tech,CSE,8
2021078,Vikas Dobhal,B.Tech,CSE,8
2021079,Tanvi Arora,B.Tech,CSE,8
2021080,Siddharth Rastogi,B.Tech,CSE,8
2021081,Rohit Singh,B.Tech,CSE,8
2021082,Saloni Basu,B.Tech,CSE,8
2021083,Charvi Tomar,B.Tech,CSE,8
2021084,Mahima Bhandari,B.Tech,CSE,8
2021085,Ayush Dabral,B.Tech,CSE,8
2021086,Manav Rajput,B.Tech,CSE,8
2021087,Kriti Barthwal,B.Tech,CSE,8
2021088,Mridul Trivedi,B.Tech,CSE,8
2021089,Vaishnavi Walia,B.Tech,CSE,8
2021090,Vedant Oberoi,B.Tech,CSE,8
2021091,Rahul Rajput,B.Tech,CSE,8
2021092,Tushar Rawat,B.Tech,CSE,8
2021093,Garima Juyal,B.Tech,CSE,8
2021094,Nidhi Tripathi,B.Tech,CSE,8
2021095,Amit Sood,B.Tech,CSE,8
2021096,Kamal Kashyap,B.Tech,CSE,8
2021097,Ansh Pandey,B.Tech,CSE,8
2021098,Abhay Uniyal,B.Tech,CSE,8
2021099,Charvi Goel,B.Tech,CSE,8
2021100,Deepika Bisht,B.Tech,CSE,8
2021101,Rahul Gaur,B.Tech,CSE,8
2021102,Simran Bisht,B.Tech,CSE,8
2021103,Abhay Goel,B.Tech,CSE,8
2021104,Rakesh Kukreti,B.Tech,CSE,8
2021105,Charvi Rana,B.Tech,CSE,8
2021106,Pulkit Bajaj,B.Tech,CSE,8
2021107,Nandini Saxena,B.Tech,CSE,8
2021108,Archit Dobhal,B.Tech,CSE,8
2021109,Jaya Bhardwaj,B.Tech,CSE,8
2021110,Anjali Oberoi,B.Tech,CSE,8
2021111,Anchal Sharma,B.Tech,CSE,8
2021112,Raghav Mehta,B.Tech,CSE,8
2021113,Vikram Rastogi,B.Tech,CSE,8
2021114,Keshav Sethi,B.Tech,CSE,8
2021115,Pallavi Lal,B.Tech,CSE,8
2021116,Sonal Soni,B.Tech,CSE,8
2021117,Hemant Semwal,B.Tech,CSE,8
2021118,Vaishnavi Dimri,B.Tech,CSE,8
2021119,Ishita Goswami,B.Tech,CSE,8
2021120,Vinay Uniyal,B.Tech,CSE,8
2021121,Vishal Kimothi,B.Tech,CSE,8
2021122,Yogesh Bhardwaj,B.Tech,CSE,8
2021123,Meera Pathak,B.Tech,CSE,8
2021124,Rudra Lal,B.Tech,CSE,8
2021125,Sahil Dubey,B.Tech,CSE,8
2021126,Sakshi Tripathi,B.Tech,CSE,8
2021127,Kunal Dabral,B.Tech,CSE,8
2021128,Manish Sharma,B.Tech,CSE,8
2021129,Simran Sharma,B.Tech,CSE,8
2021130,Nidhi Gaur,B.Tech,CSE,8
2021131,Anjali Bahuguna,B.Tech,CSE,8
2021132,Chaitanya Gusain,B.Tech,CSE,8
2021133,Sonal Maurya,B.Tech,CSE,8
2021134,Ira Mittal,B.Tech,CSE,8
2021135,Himanshu Patel,B.Tech,CSE,8
2021136,Sarthak Yadav,B.Tech,CSE,8
2021137,Kartik Trivedi,B.Tech,CSE,8
2021138,Gaurav Basu,B.Tech,CSE,8
2021139,Vipul Tandon,B.Tech,CSE,8
2021140,Jatin Bhandula,B.Tech,CSE,8
2021141,Ishaan Gupta,B.Tech,CSE,8
2021142,Nitin Thakur,B.Tech,CSE,8
2021143,Surbhi Sood,B.Tech,CSE,8
2021144,Vinay Chauhan,B.Tech,CSE,8
2021145,Deepika Mahajan,B.Tech,CSE,8
2021146,Pallavi Bhandula,B.Tech,CSE,8
2021147,Vikram Tandon,B.Tech,CSE,8
2021148,Nisha Goel,B.Tech,CSE,8
2021149,Deepika Sinha,B.Tech,CSE,8
2021150,Sachin Rathi,B.Tech,CSE,8
2021151,Devansh Sinha,B.Tech,CSE,8
2021152,Arjun Agarwal,B.Tech,CSE,8
2021153,Jatin Rathi,B.Tech,CSE,8
2021154,Neha Joshi,B.Tech,CSE,8
2021155,Nisha Sharma,B.Tech,ME,8
2021156,Pulkit Thakur,B.Tech,CSE,8
2021157,Preeti Patel,B.Tech,CSE,8
2021158,Vishal Goswami,B.Tech,CSE,8
2021159,Shreya Juyal,B.Tech,CSE,8
2021160,Amit Negi,B.Tech,CSE,8
2021161,Omkar Chopra,B.Tech,CSE,8
2021162,Prachi Dobhal,B.Tech,CSE,8
2021163,Vivek Maurya,B.Tech,CSE,8
2021164,Lakshya Panwar,B.Tech,CSE,8
2021165,Eshaan Bhardwaj,B.Tech,CSE,8
2021166,Mehak Lal,B.Tech,CSE,8
2021167,Eshaan Soni,B.Tech,CSE,8
2021168,Akanksha Rawal,B.Tech,CSE,8
2021169,Vipul Bajaj,B.Tech,CSE,8
2021170,Sarthak Vats,B.Tech,CSE,8
2021171,Deepak Chaudhary,B.Tech,CSE,8
2021172,Rishabh Mittal,B.Tech,CSE,7
2021173,Naman Thakur,B.Tech,CSE,8
2021174,Pulkit Kandpal,B.Tech,CSE,8
2021175,Vishal Anand,B.Tech,CSE,8
2021176,Prateek Trivedi,B.Tech,CSE,8
2021177,Palak Raturi,B.Tech,CSE,8
2021178,Yogesh Anand,B.Tech,CSE,8
2021179,Ira Patel,B.Tech,CSE,8
2021180,Kavya Rana,B.Tech,CSE,8
2021181,Disha Goswami,B.Tech,CSE,8
2021182,Arpit Pundir,B.Tech,CSE,8
2021183,Sonal Trivedi,B.Tech,CSE,8
2021184,Rohan Saxena,B.Tech,CSE,8
2021185,Mayank Pathak,B.Tech,CSE,8
2021186,Yogesh Mishra,B.Tech,CSE,8
2021187,Shivani Nainwal,B.Tech,CSE,8
2021188,Kriti Sinha,B.Tech,CSE,8
2021189,Abhinav Mishra,B.Tech,CSE,8
2021190,Vikram Sood,B.Tech,CSE,8
2021191,Aditya Lal,B.Tech,CSE,8
2021192,Anjali Pant,B.Tech,CSE,8
2021193,Vishal Bahuguna,B.Tech,CSE,8
2021194,Mahima Kukreti,B.Tech,CSE,8
2021195,Shalini Yadav,B.Tech,CSE,8
2021197,Vinay Sinha,B.Tech,CSE,8
2021198,Anmol Gaur,B.Tech,CSE,8
2021199,Sonal Kimothi,B.Tech,CSE,8
2021200,Uday Trivedi,B.Tech,CSE,8
2021201,Ansh Semwal,B.Tech,CSE,8
2021202,Laksh Sharma,B.Tech,CSE,8
2021203,Vansh Sati,B.Tech,CSE,8
2021204,Archit Dangwal,B.Tech,CSE,8
2021205,Sarthak Bahuguna,B.Tech,CSE,8
2021206,Zoya Kimothi,B.Tech,CSE,8
2021207,Pallavi Basu,B.Tech,CSE,8
2021208,Aman Lal,B.Tech,CSE,8
2021209,Nitin Badoni,B.Tech,CSE,8
2021210,Komal Dhiman,B.Tech,CSE,8
2021211,Nidhi Srivastava,B.Tech,CSE,8
2021212,Vaishnavi Nanda,B.Tech,CSE,8
2021213,Hardik Rastogi,B.Tech,CSE,8
2021214,Sonal Nanda,B.Tech,CSE,8
2021215,Manav Dhiman,B.Tech,CSE,8
2021216,Nisha Maithani,B.Tech,CSE,8
2021217,Pulkit Arora,B.Tech,CSE,8
2021219,Sanjana Kandpal,B.Tech,CSE,8
2021220,Kavya Pandey,B.Tech,CSE,8
2021221,Tushar Tandon,B.Tech,CSE,8
2021222,Komal Aggarwal,B.Tech,CSE,8
2021224,Arpit Mahajan,B.Tech,CSE,8
2021225,Tanvi Kashyap,B.Tech,CSE,8
2021226,Zoya Gusain,B.Tech,CSE,8
2021227,Shalini Patel,B.Tech,CSE,8
2021228,Tushar Gusain,B.Tech,CSE,8
2021229,Naman Kukreti,B.Tech,CSE,8
2021230,Uday Tripathi,B.Tech,CSE,8
2021231,Shagun Rautela,B.Tech,CSE,8
2021232,Abhinav Maurya,B.Tech,CSE,8
2021233,Shagun Patel,B.Tech,CSE,8
2021234,Yamini Dubey,B.Tech,CSE,8
2021235,Ayush Gusain,B.Tech,CSE,8
2021236,Sachin Nautiyal,B.Tech,CSE,8
2021237,Hemant Maurya,B.Tech,CSE,8
2021238,Saloni Nagi,B.Tech,CSE,8
2021239,Rahul Trivedi,B.Tech,CSE,8
2021241,Divya Soni,B.Tech,CSE,8
2021242,Ramya Rastogi,B.Tech,CSE,8
2021243,Sandeep Sati,B.Tech,CSE,8
2021244,Srishti Mehta,B.Tech,CSE,8
2021245,Gayatri Goel,B.Tech,CSE,8
2021246,Harshita Bhatt,B.Tech,CSE,8
2021247,Suhani Maurya,B.Tech,CSE,8
2021248,Charvi Thapliyal,B.Tech,CSE,8
2021250,Nikhil Pathak,B.Tech,CSE,8
2021251,Tanvi Shukla,B.Tech,CSE,8
2021252,Pulkit Mishra,B.Tech,CSE,8
2021253,Arjun Tandon,B.Tech,CSE,8
2021254,Deepak Jain,B.Tech,CSE,8
2021255,Ananya Tripathi,B.Tech,CSE,8
2021256,Navya Tandon,B.Tech,CSE,8
2021257,Shruti Mehra,B.Tech,CSE,8
2021259,Rudra Mahajan,B.Tech,CSE,8
2021260,Vishal Joshi,B.Tech,CSE,8
2021261,Vidhi Mishra,B.Tech,CSE,8
2021262,Sneha Kukreti,B.Tech,CSE,8
2021263,Arjun Semwal,B.Tech,CSE,8
2021264,Shubham Dobhal,B.Tech,CSE,8
2021265,Manish Dimri,B.Tech,CSE,8
2021266,Lavanya Parmar,B.Tech,CSE,8
2021267,Madhav Rawal,B.Tech,CSE,8
2021268,Vandana Singh,B.Tech,CSE,8
2021269,Dev Sood,B.Tech,CSE,8
2021270,Ansh Malhotra,B.Tech,CSE,8
2021271,Ansh Kapoor,B.Tech,CSE,8
2021272,Anuj Soni,B.Tech,CSE,8
2021273,Ojas Gusain,B.Tech,CSE,8
2021274,Sahil Bisht,B.Tech,CSE,8
2021275,Mansi Lal,B.Tech,CSE,8
2021276,Rudra Saini,B.Tech,CSE,8
2021277,Tripti Verma,B.Tech,CSE,8
2021278,Vaibhav Bhardwaj,B.Tech,CSE,8
2021279,Chetan Kothari,B.Tech,CSE,8
2021280,Ankit Sinha,B.Tech,CSE,8
2021281,Ruchi Garg,B.Tech,CSE,8
2021282,Yashika Singh,B.Tech,CSE,8
2021283,Tanmay Nainwal,B.Tech,CSE,8
2021284,Nidhi Bisht,B.Tech,CSE,8
2021285,Pranav Pokhriyal,B.Tech,CSE,8
2021286,Surbhi Malhotra,B.Tech,CSE,8
2021287,Amisha Nainwal,B.Tech,CSE,8
2021288,Sara Kumar,B.Tech,CSE,8
2021289,Abhay Bhandari,B.Tech,CSE,8
2021290,Shruti Kandpal,B.Tech,CSE,8
2021291,Ankit Parmar,B.Tech,CSE,8
2021292,Saurabh Sati,B.Tech,CSE,8
2021293,Ramya Dangwal,B.Tech,CSE,8
2021294,Gayatri Thapliyal,B.Tech,CSE,8
2021296,Arjun Kumar,B.Tech,CSE,8
2021297,Anchal Malhotra,B.Tech,CSE,8
2021298,Tarun Tandon,B.Tech,CSE,8
2021299,Anshika Mahajan,B.Tech,CSE,8
2021300,Himanshu Bhandari,B.Tech,CSE,8
2021301,Kartik Srivastava,B.Tech,CSE,8
2021302,Sanchi Maithani,B.Tech,CSE,8
2021303,Kartik Gaur,B.Tech,CSE,8
2021304,Naman Mahajan,B.Tech,CSE,8
2021305,Sanchi Shukla,B.Tech,CSE,8
2021306,Parth Sati,B.Tech,CSE,8
2021307,Sahil Thapliyal,B.Tech,CSE,8
2021308,Gayatri Mishra,B.Tech,CSE,8
2021309,Harsh Panwar,B.Tech,CSE,8
2021310,Ramya Negi,B.Tech,CSE,8
2021311,Mehak Rautela,B.Tech,CSE,8
2021312,Rohit Kimothi,B.Tech,CSE,8
2021313,Arjun Rana,B.Tech,CSE,8
2021314,Vansh Rathi,B.Tech,CSE,8
2021315,Vipul Mahajan,B.Tech,CSE,8
2021316,Vivek Walia,B.Tech,CSE,8
2021317,Sanjana Soni,B.Tech,CSE,8
2021318,Ashish Kandpal,B.Tech,CSE,8
2021319,Srishti Kukreti,B.Tech,CSE,8
2021320,Sandeep Dimri,B.Tech,CSE,8
2021321,Anchal Shukla,B.Tech,CSE,8
2021323,Ishita Uniyal,B.Tech,CSE,8
2021324,Shruti Bahuguna,B.Tech,CSE,8
2021325,Simran Dubey,B.Tech,CSE,8
2021326,Nitin Sood,B.Tech,CSE,8
2021327,Shubham Pathak,B.Tech,CSE,8
2021328,Mayank Gusain,B.Tech,CSE,8
2021329,Gayatri Negi,B.Tech,CSE,8
2021330,Eshaan Maithani,B.Tech,CSE,8
2021331,Nidhi Sinha,B.Tech,CSE,8
2021332,Aryan Pant,B.Tech,CSE,8
2021333,Priyanka Kukreti,B.Tech,CSE,8
2021334,Gautam Bhardwaj,B.Tech,CSE,8
2021335,Ruchi Dobhal,B.Tech,CSE,8
2021336,Jatin Garg,B.Tech,CSE,8
2021337,Hemant Malhotra,B.Tech,CSE,8
2021338,Aishwarya Nanda,B.Tech,CSE,8
2021339,Nandini Yadav,B.Tech,CSE,8
2021341,Ankit Sood,B.Tech,CSE,8
2021342,Saloni Kashyap,B.Tech,CSE,8
2021343,Udit Maithani,B.Tech,CSE,8
2021344,Apoorva Arora,B.Tech,CSE,8
2021345,Anmol Kashyap,B.Tech,CSE,8
2021346,Anmol Aggarwal,B.Tech,CSE,8
2021347,Vaishnavi Maurya,B.Tech,CSE,8
2021348,Amit Rajput,B.Tech,CSE,8
2021349,Uday Kukreti,B.Tech,CSE,8
2021350,Deepak Bajaj,B.Tech,CSE,8
2021352,Yashika Pokhriyal,B.Tech,CSE,8
2021353,Gaurav Rajput,B.Tech,CSE,8
2021354,Anmol Chopra,B.Tech,CSE,8
2021355,Ananya Rawal,B.Tech,CSE,8
2021356,Kunal Mehta,B.Tech,CSE,8
2021357,Vikas Sinha,B.Tech,CSE,8
2021358,Sanket Bansal,B.Tech,CSE,8
2021359,Archit Bhandula,B.Tech,CSE,8
2021360,Yashika Rastogi,B.Tech,CSE,8
2021361,Dev Pokhriyal,B.Tech,CSE,8
2021362,Mayank Tandon,B.Tech,CSE,7
2021363,Keshav Kandpal,B.Tech,CSE,8
2021364,Prateek Kumar,B.Tech,CSE,8
2021365,Rudra Pathak,B.Tech,CSE,8
2021366,Bhavya Raturi,B.Tech,CSE,8
2021367,Aditi Jain,B.Tech,CSE,8
2021368,Aditya Pathak,B.Tech,CSE,8
2021369,Kabir Tripathi,B.Tech,CSE,8
2021370,Pranav Mehta,B.Tech,CSE,8
2021371,Palak Mehta,B.Tech,CSE,8
2021372,Chetan Shukla,B.Tech,CSE,8
2021373,Muskan Maurya,B.Tech,CSE,8
2021374,Nitin Lal,B.Tech,CSE,8
2021375,Palak Bhatt,B.Tech,CSE,8
2021376,Nitin Soni,B.Tech,CSE,8
2021377,Shalini Barthwal,B.Tech,CSE,8
2021378,Pulkit Pathak,B.Tech,CSE,8
2021379,Ankita Rana,B.Tech,CSE,8
2021380,Rajat Kapoor,B.Tech,CSE,8
2021381,Lakshya Bhardwaj,B.Tech,CSE,8
2021383,Disha Bahuguna,B.Tech,CSE,8
2021384,Mayank Rastogi,B.Tech,CSE,8
2021385,Vikas Gusain,B.Tech,CSE,8
2021386,Gaurav Dangwal,B.Tech,CSE,8
2021387,Ravi Kapoor,B.Tech,CSE,8
2021388,Vidhi Thapliyal,B.Tech,CSE,8
2021389,Apoorva Gusain,B.Tech,CSE,8
2021390,Ankita Goel,B.Tech,CSE,8
2021391,Soumya Bhandula,B.Tech,CSE,8
2021392,Anshika Aggarwal,B.Tech,CSE,8
2021393,Zoya Rawat,B.Tech,CSE,8
2021394,Lakshya Dobhal,B.Tech,CSE,8
2021395,Anjali Maurya,B.Tech,CSE,8
2021396,Soumya Pandey,B.Tech,CSE,8
2021398,Ramya Bhatt,B.Tech,CSE,8
2021399,Gayatri Pathak,B.Tech,CSE,8
2021400,Sakshi Pandey,B.Tech,CSE,8
2021401,Jiya Saini,B.Tech,CSE,8
2021402,Aishwarya Pathak,B.Tech,CSE,8
2021403,Kartik Joshi,B.Tech,CSE,8
2021404,Ashutosh Saini,B.Tech,CSE,8
2021405,Navya Pundir,B.Tech,CSE,8
2021406,Raghav Basu,B.Tech,CSE,8
2021407,Harshita Oberoi,B.Tech,CSE,8
2021408,Ananya Khurana,B.Tech,CSE,8
2021409,Muskan Verma,B.Tech,CSE,8
2021410,Parth Mahajan,B.Tech,CSE,8
2021411,Ruchi Thakur,B.Tech,CSE,8
2021412,Sahil Chopra,B.Tech,CSE,8
2021413,Omkar Tomar,B.Tech,CSE,8
2021414,Mohit Nainwal,B.Tech,CSE,8
2021415,Amisha Trivedi,B.Tech,CSE,8
2021416,Prateek Juyal,B.Tech,CSE,8
2021417,Vedant Uniyal,B.Tech,CSE,8
2021418,Rakesh Srivastava,B.Tech,CSE,8
2021419,Vansh Tiwari,B.Tech,CSE,8
2021420,Yamini Dangwal,B.Tech,CSE,8
2021421,Nisha Anand,B.Tech,CSE,8
2021422,Pooja Rajput,B.Tech,CSE,8
2021423,Shivani Malhotra,B.Tech,CSE,8
2021424,Naveen Mehta,B.Tech,CSE,8
2021425,Siddharth Rawat,B.Tech,CSE,8
2021426,Kartik Garg,B.Tech,CSE,8
2021427,Priya Pant,B.Tech,CSE,8
2021428,Raghav Pant,B.Tech,CSE,8
2021429,Apoorva Semwal,B.Tech,CSE,8
2021430,Meera Rathi,B.Tech,CSE,8
2021431,Abhinav Tripathi,B.Tech,CSE,8
2021432,Sanya Pant,B.Tech,CSE,8
2021433,Aman Nanda,B.Tech,CSE,8
2021434,Sanchi Mahajan,B.Tech,CSE,8
2021435,Divya Jain,B.Tech,CSE,8
2021436,Akshay Joshi,B.Tech,CSE,8
2021437,Yogesh Singh,B.Tech,CSE,8
2021438,Anjali Mehta,B.Tech,CSE,8
2021439,Raghav Mittal,B.Tech,CSE,8
2021440,Mansi Dobhal,B.Tech,CSE,8
2021441,Chaitanya Bhandula,B.Tech,CSE,8
2021442,Raghav Arora,B.Tech,CSE,8
2021443,Akash Sethi,B.Tech,CSE,8
2021444,Vivek Soni,B.Tech,CSE,8
2021445,Naveen Bhardwaj,B.Tech,CSE,8
2021446,Lakshya Pokhriyal,B.Tech,CSE,8
2021447,Samarth Sethi,B.Tech,CSE,8
2021448,Deepak Verma,B.Tech,CSE,8
2021449,Pulkit Chopra,B.Tech,CSE,8
2021450,Uday Rastogi,B.Tech,CSE,8
2021451,Rishabh Rana,B.Tech,CSE,8
2021452,Aarav Rathi,B.Tech,CSE,8
2021453,Shreya Gusain,B.Tech,CSE,8
2021454,Rakesh Tomar,B.Tech,CSE,8
2021455,Zoya Yadav,B.Tech,CSE,8
2021456,Abhay Parmar,B.Tech,CSE,8
2021457,Amisha Rawal,B.Tech,CSE,8
2021458,Vaishnavi Gaur,B.Tech,CSE,8
2021459,Payal Badoni,B.Tech,CSE,8
2021460,Vikram Rawat,B.Tech,CSE,8
2021461,Deepika Rawal,B.Tech,CSE,8
2021462,Ravi Pathak,B.Tech,CSE,8
2021463,Udit Vats,B.Tech,CSE,8
2021464,Yuvraj Raturi,B.Tech,CSE,8
2021465,Vaishnavi Parmar,B.Tech,CSE,8
2021466,Zoya Mahajan,B.Tech,CSE,8
2021467,Ajay Pant,B.Tech,CSE,8
2021468,Ashish Chaudhary,B.Tech,CSE,8
2021469,Manav Mishra,B.Tech,CSE,8
2021470,Ojas Basu,B.Tech,CSE,8
2021471,Ayush Panwar,B.Tech,CSE,8
2021472,Yogesh Goswami,B.Tech,CSE,8
2021473,Himanshu Agarwal,B.Tech,CSE,8
2021474,Pallavi Trivedi,B.Tech,CSE,8
2021475,Rajat Maurya,B.Tech,CSE,8
2021476,Yamini Pundir,B.Tech,CSE,8
2021477,Himanshu Shukla,B.Tech,CSE,8
2021478,Apoorva Sethi,B.Tech,CSE,8
2021479,Nisha Rana,B.Tech,CSE,8
2021480,Vaibhav Tomar,B.Tech,CSE,8
2021481,Nikhil Saxena,B.Tech,CSE,8
2021482,Ishita Saini,B.Tech,CSE,8
2021483,Dhruv Rautela,B.Tech,CSE,8
2021484,Radhika Soni,B.Tech,CSE,8
2021485,Radhika Semwal,B.Tech,CSE,8
2021486,Suhani Kukreti,B.Tech,CSE,8
2021487,Preeti Uniyal,B.Tech,CSE,8
2021488,Jaya Mehra,B.Tech,CSE,8
2021489,Rakesh Agarwal,B.Tech,CSE,8
2021490,Udit Tiwari,B.Tech,CSE,8
2021491,Vedant Tripathi,B.Tech,CSE,8
2021492,Sanchi Rawat,B.Tech,CSE,8
2021493,Khushi Chopra,B.Tech,CSE,8
2021494,Pulkit Chamoli,B.Tech,CSE,8
2021495,Anjali Patel,B.Tech,CSE,8
2021496,Mehak Thapliyal,B.Tech,CSE,8
2021497,Hemant Singh,B.Tech,CSE,8
2021498,Kavya Rathi,B.Tech,CSE,8
2021499,Aishwarya Rastogi,B.Tech,CSE,8
2021500,Ravi Lal,B.Tech,CSE,8
2021501,Rudra Goswami,B.Tech,CSE,8
2021502,Vidhi Kothari,B.Tech,CSE,8
2021503,Nisha Arora,B.Tech,CSE,8
2021504,Rudra Bansal,B.Tech,CSE,8
2021505,Meera Pandey,B.Tech,CSE,8
2021506,Akanksha Barthwal,B.Tech,CSE,8
2021507,Sonal Dhiman,B.Tech,CSE,8
2021508,Rajat Yadav,B.Tech,CSE,8
2021509,Yuvraj Rawat,B.Tech,CSE,8
2021510,Ruchi Bhatt,B.Tech,CSE,8
2021512,Yash Trivedi,B.Tech,CSE,8
2021513,Anushka Verma,B.Tech,CSE,8
2021514,Kartik Pokhriyal,B.Tech,CSE,8
2021515,Bhumika Joshi,B.Tech,CSE,8
2021516,Priya Bansal,B.Tech,CSE,8
2021517,Alok Rawat,B.Tech,CSE,8
2021518,Devansh Pokhriyal,B.Tech,CSE,8
2021519,Zoya Basu,B.Tech,CSE,8
2021520,Ravi Mittal,B.Tech,CSE,8
2021521,Khushi Verma,B.Tech,CSE,8
2021522,Shivam Parmar,B.Tech,CSE,8
2021523,Hemant Panwar,B.Tech,CSE,8
2021524,Udit Rajput,B.Tech,CSE,8
2021525,Ankit Dobhal,B.Tech,CSE,8
2021526,Gunjan Trivedi,B.Tech,CSE,8
2021527,Sakshi Verma,B.Tech,CSE,8
2021528,Mohit Maurya,B.Tech,CSE,8
2021529,Komal Saxena,B.Tech,CSE,8
2021530,Sneha Parmar,B.Tech,CSE,8
2021531,Divya Pokhriyal,B.Tech,CSE,8
2021532,Sara Nanda,B.Tech,CSE,8
2021533,Gayatri Bansal,B.Tech,CSE,8
2021534,Gunjan Rathi,B.Tech,CSE,8
2021535,Deepika Basu,B.Tech,CSE,8
2021536,Bhumika Pokhriyal,B.Tech,CSE,8
2021537,Prateek Gupta,B.Tech,CSE,8
2021538,Aarav Rastogi,B.Tech,CSE,8
2021539,Neha Rautela,B.Tech,CSE,8
2021540,Nisha Sati,B.Tech,CSE,8
2021541,Tanvi Pandey,B.Tech,CSE,8
2021542,Vidhi Rana,B.Tech,CSE,8
2021543,Surbhi Tiwari,B.Tech,CSE,8
2021545,Vivek Dubey,B.Tech,CSE,8
2021546,Hardik Bhandari,B.Tech,CSE,8
2021547,Manav Shukla,B.Tech,CSE,8
2021548,Sandeep Kapoor,B.Tech,CSE,8
2021549,Nandini Lal,B.Tech,CSE,8
2021550,Kamal Tiwari,B.Tech,CSE,8
2021551,Dhruv Yadav,B.Tech,CSE,8
2021561,Mahima Verma,B.Tech,CSE,8
2021562,Aishwarya Sharma,B.Tech,CSE,8
2021563,Parth Sinha,B.Tech,CSE,8
2021564,Naveen Pandey,B.Tech,CSE,8
2021565,Rajat Goel,B.Tech,CSE,8
2021567,Sagar Shukla,B.Tech,CSE,8
2021568,Arnav Rana,B.Tech,CSE,8
2021570,Ravi Rathi,B.Tech,CSE,8
2021571,Kabir Gaur,B.Tech,CSE,8
2021572,Amit Nagi,B.Tech,CSE,8
2021573,Gaurav Jain,B.Tech,CSE,8
2021574,Karan Tiwari,B.Tech,CSE,8
2021575,Vipul Joshi,B.Tech,CSE,8
2021576,Shreya Sharma,B.Tech,CSE,8
2021577,Prachi Tripathi,B.Tech,CSE,8
2021578,Radhika Kapoor,B.Tech,CSE,8
2021579,Raj Juyal,B.Tech,CSE,8
2021581,Laksh Mishra,B.Tech,CSE,8
2021582,Arpit Kapoor,B.Tech,CSE,8
2021583,Saurabh Mahajan,B.Tech,CSE,8
2021584,Ishaan Gaur,B.Tech,CSE,8
2021585,Soumya Saxena,B.Tech,CSE,8
2021586,Yogesh Raturi,B.Tech,CSE,8
2021587,Tushar Pundir,B.Tech,CSE,8
2021588,Rahul Chamoli,B.Tech,CSE,8
2021589,Diksha Bajaj,B.Tech,CSE,8
2021590,Nandini Kashyap,B.Tech,CSE,7
2021591,Anjali Raturi,B.Tech,CSE,8
2021592,Tanvi Khanduri,B.Tech,CSE,8
2021593,Tarun Uniyal,B.Tech,CSE,8
2021594,Sakshi Kashyap,B.Tech,CSE,8
2021595,Manav Bajaj,B.Tech,CSE,8
2021596,Rahul Chauhan,B.Tech,CSE,8
2021597,Khushi Sood,B.Tech,CSE,8
2021598,Bhavya Patel,B.Tech,CSE,7
2021599,Surbhi Dobhal,B.Tech,CSE,8
2021601,Eshaan Aggarwal,B.Tech,CSE,8
2021602,Deepika Saxena,B.Tech,CSE,8
2021603,Anjali Negi,B.Tech,CSE,8
2021604,Sanjana Gusain,B.Tech,CSE,8
2021605,Prachi Rastogi,B.Tech,CSE,8
2021606,Aditi Thakur,B.Tech,CSE,8
2021607,Radhika Maurya,B.Tech,CSE,8
2021608,Rakesh Patel,B.Tech,CSE,8
2021609,Gautam Malhotra,B.Tech,CSE,8
2021610,Gunjan Gaur,B.Tech,CSE,8
2021611,Eshaan Rautela,B.Tech,CSE,8
2021612,Ananya Khanduri,B.Tech,CSE,8
2021613,Aarav Nautiyal,B.Tech,CSE,8
2021614,Jatin Bijalwan,B.Tech,CSE,8
2021616,Pranav Walia,B.Tech,CSE,8
2021617,Mohit Soni,B.Tech,CSE,8
2021618,Abhay Rastogi,B.Tech,CSE,8
2021631,Yash Kapoor,B.Tech,CSE,8
2021632,Abhinav Pathak,B.Tech,CSE,8
2021633,Hardik Chauhan,B.Tech,CSE,8
2021634,Ankita Bansal,B.Tech,CSE,8
2021635,Abhinav Chaudhary,B.Tech,CSE,8
2021636,Aman Pokhriyal,B.Tech,CSE,8
2021637,Akshay Pandey,B.Tech,CSE,8
2021639,Rakesh Maurya,B.Tech,CSE,8
2021640,Sanchi Rastogi,B.Tech,CSE,8
2021641,Anjali Kapoor,B.Tech,CSE,8
2021642,Aishwarya Tomar,B.Tech,CSE,8
2021643,Disha Chauhan,B.Tech,CSE,8
2021644,Surbhi Rana,B.Tech,CSE,8
2021645,Khushi Barthwal,B.Tech,CSE,8
2021646,Alok Uniyal,B.Tech,CSE,8
2021647,Rahul Bhandari,B.Tech,CSE,8
2021648,Kamal Srivastava,B.Tech,CSE,8
2021649,Abhinav Rathi,B.Tech,CSE,8
2021651,Vandana Malhotra,B.Tech,CSE,8
2021652,Charvi Rastogi,B.Tech,CSE,8
2021653,Simran Thakur,B.Tech,CSE,8
2021654,Palak Khanduri,B.Tech,CSE,8
2021655,Muskan Semwal,B.Tech,CSE,8
2021656,Keshav Sinha,B.Tech,CSE,8
2021657,Ravi Patel,B.Tech,CSE,8
2021658,Sandeep Garg,B.Tech,CSE,8
2021659,Sumit Gusain,B.Tech,CSE,8
2021660,Kamal Sood,B.Tech,CSE,8
2021662,Rudra Semwal,B.Tech,CSE,8
2021663,Ansh Aggarwal,B.Tech,CSE,8
2021666,Priyanka Barthwal,B.Tech,CSE,8
2021667,Kunal Dobhal,B.Tech,CSE,8
2021668,Pallavi Bhardwaj,B.Tech,CSE,8
2021669,Sagar Singh,B.Tech,CSE,8
2021670,Anushka Chamoli,B.Tech,CSE,8
2021671,Akshay Panwar,B.Tech,CSE,8
2021672,Nikhil Parmar,B.Tech,CSE,8
2021673,Vandana Rautela,B.Tech,CSE,8
2021674,Aditya Bhandula,B.Tech,CSE,8
2021675,Tanvi Dobhal,B.Tech,CSE,8
2021676,Vansh Goel,B.Tech,CSE,8
2021677,Aman Saini,B.Tech,CSE,8
2021678,Shreya Tandon,B.Tech,CSE,8
2021679,Payal Juyal,B.Tech,CSE,8
2021680,Vinay Bajaj,B.Tech,CSE,8
2021681,Ishita Sinha,B.Tech,CSE,8
2021682,Harshita Soni,B.Tech,CSE,8
2021683,Amit Bansal,B.Tech,CSE,8
2021684,Vansh Mahajan,B.Tech,CSE,8
2021685,Apoorva Sood,B.Tech,CSE,8
2021686,Gayatri Dhiman,B.Tech,CSE,8
2021687,Vansh Shukla,B.Tech,CSE,8
2021688,Lavanya Pandey,B.Tech,CSE,8
2021689,Dev Dhiman,B.Tech,CSE,8
2021690,Simran Jain,B.Tech,CSE,7
2021691,Radhika Uniyal,B.Tech,CSE,8
2021692,Saurabh Bisht,B.Tech,CSE,8
2021693,Ankita Mehta,B.Tech,CSE,8
2021694,Keshav Uniyal,B.Tech,CSE,8
2021695,Mahima Soni,B.Tech,CSE,8
2021696,Mansi Rana,B.Tech,CSE,8
2021697,Arpit Khanduri,B.Tech,CSE,8
2021699,Eshaan Nagi,B.Tech,CSE,8
2021700,Ashutosh Rana,B.Tech,CSE,8
2021701,Yash Pokhriyal,B.Tech,CSE,8
2021702,Soumya Rawal,B.Tech,CSE,8
2021703,Shruti Srivastava,B.Tech,CSE,8
2021704,Aman Uniyal,B.Tech,CSE,8
2021705,Harshita Nainwal,B.Tech,CSE,8
2021706,Kavya Chaudhary,B.Tech,CSE,8
2021708,Nandini Mehta,B.Tech,CSE,8
2021709,Aman Gupta,B.Tech,CSE,8
2021710,Saurabh Aggarwal,B.Tech,CSE,8
2021712,Neha Barthwal,B.Tech,CSE,8
2021713,Ishita Nanda,B.Tech,CSE,8
2021714,Kamal Rawat,B.Tech,CSE,8
2021715,Omkar Bansal,B.Tech,CSE,8
2021716,Ishaan Sati,B.Tech,CSE,8
2021717,Himanshu Pathak,B.Tech,CSE,8
2021718,Sonal Semwal,B.Tech,CSE,8
2021719,Priyanka Bansal,B.Tech,CSE,8
2021720,Amit Chamoli,B.Tech,CSE,8
2021721,Surbhi Semwal,B.Tech,CSE,8
2021722,Mridul Bisht,B.Tech,CSE,7
2021723,Anjali Khurana,B.Tech,CSE,8
2021724,Rudra Tripathi,B.Tech,CSE,8
2021725,Ankit Mahajan,B.Tech,CSE,8
2021726,Bhumika Tripathi,B.Tech,CSE,8
2021727,Keshav Bhatt,B.Tech,CSE,8
2021728,Siddharth Bhardwaj,B.Tech,CSE,8
2021729,Ananya Chaudhary,B.Tech,CSE,8
2021730,Tarun Kothari,B.Tech,CSE,8
2021731,Aman Raturi,B.Tech,CSE,8
2021733,Yashika Sethi,B.Tech,CSE,8
2021734,Ravi Saini,B.Tech,CSE,8
2021735,Rohan Semwal,B.Tech,CSE,8
2021736,Manav Nanda,B.Tech,CSE,8
2021738,Laksh Sinha,B.Tech,CSE,8
2021739,Karan Maurya,B.Tech,CSE,8
2021740,Jatin Rana,B.Tech,CSE,8
2021741,Mohit Bhandula,B.Tech,CSE,8
2021742,Vikram Kumar,B.Tech,CSE,8
2021743,Mayank Aggarwal,B.Tech,CSE,8
2021744,Keshav Chaudhary,B.Tech,CSE,8
2021745,Chetan Dobhal,B.Tech,CSE,8
2021746,Chaitanya Jain,B.Tech,CSE,8
2021747,Kunal Mehra,B.Tech,CSE,8
2021748,Jatin Bansal,B.Tech,CSE,8
2021749,Udit Soni,B.Tech,CSE,8
2021750,Sakshi Jain,B.Tech,CSE,8
2021751,Nandini Dobhal,B.Tech,CSE,8
2021752,Charvi Lal,B.Tech,CSE,8
2021753,Ashutosh Tandon,B.Tech,CSE,8
2021754,Vikas Dubey,B.Tech,CSE,8
2021755,Keshav Rawal,B.Tech,CSE,8
2021756,Sara Garg,B.Tech,CSE,8
2021757,Sahil Yadav,B.Tech,CSE,8
2021758,Sonal Srivastava,B.Tech,CSE,8
2021759,Eshaan Saxena,B.Tech,CSE,8
2021760,Shreya Goel,B.Tech,CSE,8
2021761,Sumit Khurana,B.Tech,CSE,8
2021762,Vikas Patel,B.Tech,CSE,8
2021763,Akshay Chopra,B.Tech,CSE,8
2021764,Aman Negi,B.Tech,CSE,8
2021765,Nikhil Vats,B.Tech,CSE,8
2021766,Rudra Sati,B.Tech,CSE,8
2021767,Nisha Badoni,B.Tech,CSE,8
2021768,Akash Arora,B.Tech,CSE,8
2021769,Raghav Kashyap,B.Tech,CSE,8
2021770,Sanchi Kashyap,B.Tech,CSE,8
2021771,Mayank Barthwal,B.Tech,CSE,8
2021781,Aditya Basu,B.Tech,CSE,8
2021782,Ramya Walia,B.Tech,CSE,8
2021783,Sanchi Bahuguna,B.Tech,CSE,8
2021784,Shreya Bhatt,B.Tech,CSE,8
2021785,Madhav Bahuguna,B.Tech,CSE,8
2021786,Lakshya Goswami,B.Tech,CSE,8
2021787,Yash Bhandari,B.Tech,CSE,8
2021788,Samarth Parmar,B.Tech,CSE,8
2021789,Tripti Agarwal,B.Tech,CSE,8
2021790,Meera Goswami,B.Tech,CSE,8
2021791,Vipul Pathak,B.Tech,CSE,8
2021792,Aishwarya Basu,B.Tech,CSE,8
2021793,Charvi Bahuguna,B.Tech,CSE,8
2021794,Amit Walia,B.Tech,CSE,8
2021795,Radhika Aggarwal,B.Tech,CSE,8
2021796,Kartik Mahajan,B.Tech,CSE,8
2021797,Devansh Negi,B.Tech,CSE,8
2021798,Mehak Rathi,B.Tech,CSE,8
2021800,Manish Jain,B.Tech,CSE,8
2021801,Kartik Thapliyal,B.Tech,CSE,8
2021802,Chaitanya Rajput,B.Tech,CSE,8
2021803,Prachi Dimri,B.Tech,CSE,8
2021804,Omkar Nanda,B.Tech,CSE,8
2021805,Raj Panwar,B.Tech,CSE,8
2021806,Rishabh Vats,B.Tech,CSE,8
2021807,Shivani Saxena,B.Tech,CSE,8
2021808,Khushi Basu,B.Tech,CSE,8
2021809,Amisha Tripathi,B.Tech,CSE,8
2021810,Aarav Kandpal,B.Tech,CSE,8
2021811,Pulkit Kimothi,B.Tech,CSE,8
2021812,Shivam Pundir,B.Tech,CSE,8
2021813,Keshav Gaur,B.Tech,CSE,8
2021814,Ira Rawal,B.Tech,CSE,8
2021815,Yamini Uniyal,B.Tech,CSE,8
2021816,Akash Pant,B.Tech,CSE,8
2021817,Tarun Dubey,B.Tech,CSE,8
2021819,Harshita Kothari,B.Tech,CSE,8
2021820,Yamini Bhandula,B.Tech,CSE,8
2021822,Vivek Anand,B.Tech,CSE,8
2021823,Ravi Badoni,B.Tech,CSE,8
2021824,Priyanka Maithani,B.Tech,CSE,8
2021825,Manish Rawal,B.Tech,CSE,8
2021826,Siddharth Kashyap,B.Tech,CSE,8
2021827,Arnav Yadav,B.Tech,CSE,8
2021828,Anchal Bijalwan,B.Tech,CSE,8
2021829,Ajay Dabral,B.Tech,CSE,8
2021830,Siddharth Nanda,B.Tech,CSE,8
2021831,Bhavya Arora,B.Tech,CSE,8
2021832,Hemant Mittal,B.Tech,CSE,8
2021833,Pranav Parmar,B.Tech,CSE,8
2021834,Deepak Negi,B.Tech,CSE,8
2021835,Sara Chopra,B.Tech,CSE,8
2021836,Anchal Chaudhary,B.Tech,CSE,8
2021837,Mansi Trivedi,B.Tech,CSE,8
2021838,Rajat Chauhan,B.Tech,CSE,8
2021839,Akash Saxena,B.Tech,CSE,8
2021840,Jaya Thapliyal,B.Tech,CSE,8
2021841,Keshav Mahajan,B.Tech,CSE,8
2021861,Tripti Bisht,B.Tech,CSE,8
2021862,Nitin Rathi,B.Tech,CSE,8
2021863,Tarun Tripathi,B.Tech,CSE,8
2021864,Amisha Bhardwaj,B.Tech,CSE,8
2021865,Akshay Walia,B.Tech,CSE,8
2021866,Vivek Basu,B.Tech,CSE,8
2021867,Nisha Trivedi,B.Tech,CSE,8
2021868,Ankit Vats,B.Tech,CSE,8
2021869,Disha Thapliyal,B.Tech,CSE,8
2021870,Ravi Dimri,B.Tech,CSE,8
2021871,Laksh Garg,B.Tech,CSE,8
2021872,Ajay Negi,B.Tech,CSE,8
2021874,Shreya Bisht,B.Tech,CSE,8
2021875,Dev Rathi,B.Tech,CSE,8
2021876,Sanjana Sati,B.Tech,CSE,8
2021877,Udit Khurana,B.Tech,CSE,8
2021878,Sagar Dimri,B.Tech,CSE,8
2021879,Simran Bhandula,B.Tech,CSE,8
2021880,Rajat Pokhriyal,B.Tech,CSE,8
2021881,Aryan Aggarwal,B.Tech,CSE,8
2021882,Anmol Nautiyal,B.Tech,CSE,8
2021883,Nandini Bhatt,B.Tech,CSE,8
2021884,Mridul Sethi,B.Tech,CSE,8
2021885,Udit Bajaj,B.Tech,CSE,8
2021887,Sachin Jain,B.Tech,CSE,8
2021889,Hardik Jain,B.Tech,CSE,8
2021891,Keshav Dangwal,B.Tech,CSE,8
2021892,Aryan Dubey,B.Tech,CSE,8
2021894,Gunjan Bansal,B.Tech,CSE,8
2021895,Ankita Agarwal,B.Tech,CSE,8
2021897,Nisha Lal,B.Tech,CSE,8
2021898,Vedant Maurya,B.Tech,CSE,8
2021900,Hardik Yadav,B.Tech,CSE,8
2021901,Mahima Pant,B.Tech,CSE,8
2021902,Uday Chauhan,B.Tech,CSE,8
2021903,Priya Dhiman,B.Tech,CSE,8
2021904,Harsh Mittal,B.Tech,CSE,8
2021905,Shalini Oberoi,B.Tech,CSE,8
2021906,Akshay Maurya,B.Tech,CSE,8
2021907,Rohit Rawal,B.Tech,CSE,8
2021908,Tarun Agarwal,B.Tech,CSE,8
2021909,Rohit Chaudhary,B.Tech,CSE,8
2021910,Zoya Bhatt,B.Tech,CSE,8
2021911,Dhruv Bijalwan,B.Tech,CSE,8
2021912,Preeti Dobhal,B.Tech,CSE,8
2021913,Yashika Chaudhary,B.Tech,CSE,8
2021914,Anchal Dimri,B.Tech,CSE,8
2021915,Udit Bansal,B.Tech,CSE,8
2021917,Tanmay Semwal,B.Tech,CSE,8
2021918,Tanishq Bahuguna,B.Tech,CSE,8
2021919,Amisha Srivastava,B.Tech,CSE,8
2021920,Nidhi Pandey,B.Tech,CSE,8
2021921,Shalini Mittal,B.Tech,CSE,8
2021922,Harshita Parmar,B.Tech,CSE,8
2021923,Yogesh Chamoli,B.Tech,CSE,8
2021924,Ankit Kukreti,B.Tech,CSE,8
2021931,Mansi Chauhan,B.Tech,CSE,8
2021932,Charvi Saxena,B.Tech,CSE,8
2021933,Saloni Parmar,B.Tech,CSE,8
2021934,Kavya Negi,B.Tech,CSE,8
2021935,Tushar Arora,B.Tech,CSE,8
2021936,Dhruv Nanda,B.Tech,CSE,8
2021937,Vidhi Sati,B.Tech,CSE,8
2021938,Devansh Khanduri,B.Tech,CSE,8
2021939,Rohan Tomar,B.Tech,CSE,8
2021940,Kajal Sood,B.Tech,CSE,8
2021941,Yashika Saini,B.Tech,CSE,8
2021942,Chetan Lal,B.Tech,CSE,8
2021943,Apoorva Rajput,B.Tech,CSE,8
2021944,Lavanya Basu,B.Tech,CSE,8
2021945,Kamal Khanduri,B.Tech,CSE,8
2021946,Shruti Singh,B.Tech,CSE,8
2021947,Ajay Soni,B.Tech,CSE,8
2021948,Shivani Lal,B.Tech,CSE,8
2021949,Sakshi Chauhan,B.Tech,CSE,8
2021950,Arnav Mehta,B.Tech,CSE,8
2021951,Yuvraj Sati,B.Tech,CSE,8
2021953,Surbhi Pundir,B.Tech,CSE,8
2021954,Amisha Badoni,B.Tech,CSE,8
2021955,Vedant Rana,B.Tech,CSE,8
2021956,Vandana Mahajan,B.Tech,CSE,8
2021957,Vedant Khurana,B.Tech,CSE,8
2021958,Harshita Tripathi,B.Tech,CSE,8
2021959,Khushi Bhardwaj,B.Tech,CSE,8
2021960,Shalini Rathi,B.Tech,CSE,8
2021961,Chetan Gaur,B.Tech,CSE,8
2021962,Sara Nagi,B.Tech,CSE,8
2021963,Bhavya Pant,B.Tech,CSE,8
2021964,Uday Walia,B.Tech,CSE,8
2021965,Anmol Patel,B.Tech,CSE,8
2021966,Yashika Tomar,B.Tech,CSE,8
2021967,Abhay Thapliyal,B.Tech,CSE,8
2021969,Samarth Bhardwaj,B.Tech,CSE,8
2021970,Gunjan Badoni,B.Tech,CSE,8
2021971,Bhavya Pandey,B.Tech,CSE,8
2021973,Palak Khurana,B.Tech,CSE,8
2021975,Surbhi Joshi,B.Tech,CSE,8
2021976,Eshaan Semwal,B.Tech,CSE,8
2021977,Udit Arora,B.Tech,CSE,8
2021979,Shagun Bhandari,B.Tech,CSE,8
2021980,Siddharth Nautiyal,B.Tech,CSE,8
2021981,Tarun Rawat,B.Tech,CSE,8
2021982,Lavanya Raturi,B.Tech,CSE,8
2021983,Aarav Pundir,B.Tech,CSE,8
2021984,Shruti Pandey,B.Tech,CSE,8
2021985,Meera Sharma,B.Tech,CSE,8
2021986,Naveen Thapliyal,B.Tech,CSE,8
2021987,Ankit Bhandula,B.Tech,CSE,8
2021989,Alok Dabral,B.Tech,CSE,8
2021990,Raj Rawat,B.Tech,CSE,8
2021991,Diksha Chopra,B.Tech,CSE,8
2021992,Omkar Sinha,B.Tech,CSE,8
2021993,Mayank Rana,B.Tech,CSE,8
2022011,Ankit Arora,B.Tech,CSE,8
2022012,Deepak Patel,B.Tech,CSE,8
2022013,Bhumika Kashyap,B.Tech,CSE,8
2022014,Dhruv Sood,B.Tech,CSE,8
2022015,Ira Soni,B.Tech,CSE,8
2022016,Harsh Sethi,B.Tech,CSE,8
2022017,Sara Tiwari,B.Tech,CSE,8
2022018,Jatin Kandpal,B.Tech,CSE,8
2022019,Navya Negi,B.Tech,CSE,8
2022020,Rohan Barthwal,B.Tech,CSE,8
2022021,Priya Pundir,B.Tech,CSE,8
2022022,Mridul Parmar,B.Tech,CSE,8
2022023,Navya Mahajan,B.Tech,CSE,8
2022024,Anshika Tomar,B.Tech,CSE,8
2022025,Abhinav Basu,B.Tech,CSE,8
2022026,Sumit Tiwari,B.Tech,CSE,8
2022027,Tarun Dhiman,B.Tech,CSE,8
2022028,Manav Dobhal,B.Tech,CSE,8
2022029,Ravi Kumar,B.Tech,CSE,8
2022030,Tanishq Tandon,B.Tech,CSE,8
2022031,Komal Maurya,B.Tech,CSE,8
2022032,Sanchi Jain,B.Tech,CSE,8
2022033,Omkar Rathi,B.Tech,CSE,8
2022034,Tanvi Kukreti,B.Tech,CSE,8
2022035,Prachi Pundir,B.Tech,CSE,8
2022036,Omkar Nainwal,B.Tech,CSE,8
2022037,Muskan Sati,B.Tech,CSE,8
2022038,Kajal Aggarwal,B.Tech,CSE,8
2022039,Gautam Kothari,B.Tech,CSE,8
2022040,Sarthak Chopra,B.Tech,CSE,8
2022041,Varun Kandpal,B.Tech,CSE,8
2022042,Nidhi Juyal,B.Tech,CSE,8
2022043,Akanksha Saini,B.Tech,CSE,8
2022044,Sara Patel,B.Tech,CSE,8
2022045,Kunal Dangwal,B.Tech,CSE,8
2022046,Sahil Aggarwal,B.Tech,CSE,8
2022047,Naman Bijalwan,B.Tech,CSE,8
2022048,Himanshu Parmar,B.Tech,CSE,8
2022049,Vinay Soni,B.Tech,CSE,8
2022050,Raghav Pokhriyal,B.Tech,CSE,8
2022051,Kamal Verma,B.Tech,CSE,8
2022053,Gayatri Panwar,B.Tech,CSE,8
2022054,Naman Patel,B.Tech,CSE,8
2022055,Sara Bahuguna,B.Tech,CSE,8
2022056,Rakesh Vats,B.Tech,CSE,8
2022057,Nisha Tomar,B.Tech,CSE,8
2022058,Pooja Thakur,B.Tech,CSE,8
2022060,Priya Soni,B.Tech,CSE,8
2022061,Rajat Raturi,B.Tech,CSE,8
2022062,Yogesh Chopra,B.Tech,CSE,8
2022063,Alok Rana,B.Tech,CSE,8
2022064,Nandini Vats,B.Tech,CSE,8
2022066,Chaitanya Goel,B.Tech,CSE,8
2022067,Sonal Bahuguna,B.Tech,CSE,8
2022068,Anushka Rawat,B.Tech,CSE,8
2022069,Shreya Agarwal,B.Tech,CSE,8
2022070,Archit Verma,B.Tech,CSE,8
2022071,Aditi Shukla,B.Tech,CSE,8
2022073,Gaurav Soni,B.Tech,CSE,8
2022074,Vinay Nainwal,B.Tech,CSE,8
2022075,Nikhil Garg,B.Tech,CSE,8
2022091,Navya Rana,B.Tech,ECE,8
2022093,Yashika Tiwari,B.Tech,ECE,8
2022094,Deepak Bijalwan,B.Tech,ECE,8
2022095,Pulkit Trivedi,B.Tech,ECE,8
2022096,Shivani Barthwal,B.Tech,ECE,8
2022097,Khushi Bansal,B.Tech,ECE,8
2022099,Nikhil Tiwari,B.Tech,ECE,8
2022100,Bhavya Rawat,B.Tech,ECE,8
2022101,Mehak Joshi,B.Tech,ECE,8
2022102,Anuj Mahajan,B.Tech,ECE,8
2022103,Preeti Bansal,B.Tech,ECE,8
2022104,Sachin Garg,B.Tech,ECE,8
2022106,Ruchi Sati,B.Tech,ECE,8
2022107,Shubham Bhandula,B.Tech,ECE,8
2022108,Vansh Khurana,B.Tech,ECE,8
2022109,Naveen Maithani,B.Tech,ECE,8
2022110,Kriti Shukla,B.Tech,CSE,8
2022111,Uday Dabral,B.Tech,CSE,8
2022112,Riya Negi,B.Tech,ECE,8
2022113,Vinay Mehta,B.Tech,ECE,8
2022114,Soumya Mishra,B.Tech,ECE,8
2022117,Sahil Bahuguna,B.Tech,ME,8
2022118,Tarun Dobhal,B.Tech,ECE,8
2022119,Saloni Rastogi,B.Tech,ECE,8
2022120,Vikas Bahuguna,B.Tech,ECE,8
2022131,Charvi Singh,B.Tech,EE,8
2022132,Harshita Kashyap,B.Tech,EE,8
2022133,Kriti Gupta,B.Tech,CSE,8
2022134,Naman Aggarwal,B.Tech,EE,8
2022135,Ansh Bansal,B.Tech,ECE,8
2022136,Harsh Tandon,B.Tech,EE,8
2022137,Sagar Goswami,B.Tech,EE,8
2022140,Laksh Mehra,B.Tech,ME,8
2022151,Charvi Mehta,B.Tech,ME,8
2022152,Samarth Dimri,B.Tech,ME,8
2022153,Akshay Dabral,B.Tech,ME,8
2022155,Eshaan Trivedi,B.Tech,CSE,8
2022157,Disha Rawat,B.Tech,ME,8
2022159,Ankita Gaur,B.Tech,ME,8
2022161,Tripti Goel,B.Tech,ME,8
2022163,Arjun Shukla,B.Tech,ME,8
2022164,Sandeep Rathi,B.Tech,ME,8
2022165,Nitin Rana,B.Tech,ME,8
2022166,Akshay Bijalwan,B.Tech,ME,8
2022168,Payal Rana,B.Tech,CSE,8
2022201,Lavanya Kapoor,B.Tech,BT,8
2022203,Naveen Verma,B.Tech,BT,8
2022204,Rohan Negi,B.Tech,BT,8
2022206,Sara Juyal,B.Tech,BT,8
2022207,Archit Mehra,B.Tech,BT,8
2022208,Saurabh Dabral,B.Tech,BT,8
2022209,Amit Semwal,B.Tech,BT,8
2022210,Jaya Anand,B.Tech,BT,8
2022211,Diksha Kothari,B.Tech,BT,8
2022212,Vishal Nautiyal,B.Tech,BT,8
2022213,Zoya Mehra,B.Tech,BT,8
2022214,Ayush Kashyap,B.Tech,BT,8
2022215,Ishaan Nagi,B.Tech,BT,8
2022216,Anchal Parmar,B.Tech,BT,8
2022217,Arjun Juyal,B.Tech,BT,8
2022218,Alok Bhardwaj,B.Tech,BT,8
2022219,Devansh Goswami,B.Tech,BT,8
2022220,Yashika Trivedi,B.Tech,BT,8
2022221,Jatin Agarwal,B.Tech,BT,8
2022222,Vaibhav Chauhan,B.Tech,BT,8
2022224,Yuvraj Rathi,B.Tech,BT,8
2022225,Radhika Bisht,B.Tech,BT,8
2022226,Shalini Saxena,B.Tech,BT,8
2022227,Rakesh Pandey,B.Tech,BT,8
2022228,Shreya Pokhriyal,B.Tech,BT,8
2022229,Anshika Chauhan,B.Tech,BT,8
2022230,Diksha Kapoor,B.Tech,BT,8
2022231,Pooja Basu,B.Tech,BT,8
2022232,Sandeep Jain,B.Tech,BT,8
2022233,Chetan Rautela,B.Tech,BT,7
2022234,Nandini Kothari,B.Tech,BT,8
2022235,Jiya Mehra,B.Tech,BT,8
2022236,Bhavya Joshi,B.Tech,BT,8
2022237,Kabir Pant,B.Tech,BT,8
2022238,Uday Rajput,B.Tech,BT,8
2022239,Kartik Gupta,B.Tech,BT,8
2022240,Keshav Gupta,B.Tech,BT,8
2022241,Zoya Verma,B.Tech,BT,8
2022242,Shivam Tomar,B.Tech,BT,8
2022244,Sonal Bhatt,B.Tech,BT,8
2022245,Tushar Soni,B.Tech,BT,8
2022246,Saurabh Bajaj,B.Tech,BT,8
2022247,Sakshi Tomar,B.Tech,BT,8
2022248,Garima Trivedi,B.Tech,BT,8
2022249,Sachin Tripathi,B.Tech,BT,8
2022250,Saurabh Raturi,B.Tech,BT,8
2022251,Nikhil Thapliyal,B.Tech,BT,8
2022252,Ankita Gupta,B.Tech,BT,8
2022253,Rahul Rana,B.Tech,BT,8
2022254,Sagar Gupta,B.Tech,BT,8
2022255,Kriti Dubey,B.Tech,BT,8
2022256,Ankit Panwar,B.Tech,BT,8
2022257,Diksha Anand,B.Tech,BT,8
2022258,Vishal Barthwal,B.Tech,BT,8
2022259,Gayatri Soni,B.Tech,BT,8
2022260,Hardik Thakur,B.Tech,CSE,8
2022261,Kartik Bansal,B.Tech,BT,8
2022262,Disha Shukla,B.Tech,BT,8
2022263,Shreya Mishra,B.Tech,BT,8
2022264,Diksha Nainwal,B.Tech,BT,8
2022265,Shruti Dubey,B.Tech,BT,8
2022266,Abhinav Pundir,B.Tech,BT,8
2022267,Surbhi Verma,B.Tech,BT,8
2022268,Naman Kimothi,B.Tech,BT,8
2022269,Vinay Tomar,B.Tech,BT,8
2022270,Karan Rajput,B.Tech,BT,8
2022271,Khushi Tripathi,B.Tech,BT,8
2022272,Vedant Mehta,B.Tech,BT,8
2022273,Vikram Mehra,B.Tech,BT,8
2022274,Naveen Mittal,B.Tech,BT,8
2022275,Saurabh Pundir,B.Tech,BT,8
2022281,Hemant Kashyap,B.Tech,CSE,8
2022282,Tushar Badoni,B.Tech,CSE,8
2022283,Ashutosh Uniyal,B.Tech,CSE,8
2022284,Alok Pandey,B.Tech,CSE,8
2022285,Sagar Semwal,B.Tech,CSE,8
2022286,Anuj Vats,B.Tech,CSE,8
2022287,Aman Gaur,B.Tech,CSE,8
2022288,Jatin Mahajan,B.Tech,CSE,8
2022289,Ajay Mishra,B.Tech,CSE,8
2022290,Abhay Kukreti,B.Tech,CSE,8
2022291,Himanshu Walia,B.Tech,CSE,8
2022292,Dhruv Kapoor,B.Tech,CSE,8
2022293,Charvi Chopra,B.Tech,CSE,8
2022294,Tanishq Yadav,B.Tech,CSE,8
2022295,Ayush Trivedi,B.Tech,CSE,8
2022296,Madhav Tandon,B.Tech,CSE,8
2022297,Prachi Barthwal,B.Tech,CSE,8
2022298,Soumya Anand,B.Tech,CSE,8
2022299,Sanket Kothari,B.Tech,CSE,8
2023001,Yuvraj Dobhal,B.Tech,AERO,6
2023002,Vivek Mishra,B.Tech,AERO,6
2023004,Saloni Goswami,B.Tech,AERO,6
2023006,Zoya Pokhriyal,B.Tech,AERO,6
2023007,Archit Singh,B.Tech,AERO,6
2023008,Varun Goswami,B.Tech,AERO,6
2023009,Ayush Parmar,B.Tech,AERO,6
2023010,Anjali Bhatt,B.Tech,AERO,6
2023011,Archit Mahajan,B.Tech,AERO,6
2023012,Priya Chamoli,B.Tech,AERO,6
2023014,Varun Barthwal,B.Tech,AERO,6
2023015,Aishwarya Malhotra,B.Tech,AERO,6
2023016,Vivek Vats,B.Tech,AERO,6
2023017,Vaishnavi Arora,B.Tech,AERO,6
2023018,Kabir Gupta,B.Tech,AERO,6
2023019,Abhinav Trivedi,B.Tech,AERO,6
2023020,Kamal Sharma,B.Tech,ME,7
2023021,Jaya Kashyap,B.Tech,AERO,6
2023022,Sachin Parmar,B.Tech,AERO,6
2023023,Sneha Kandpal,B.Tech,AERO,6
2023024,Himanshu Bajaj,B.Tech,AERO,6
2023025,Aditi Kandpal,B.Tech,AERO,6
2023026,Himanshu Sinha,B.Tech,AERO,6
2023027,Yogesh Dangwal,B.Tech,AERO,6
2023043,Palak Tripathi,B.Tech,BT,7
2023044,Ansh Bijalwan,B.Tech,BT,7
2023045,Deepika Aggarwal,B.Tech,BT,7
2023046,Surbhi Agarwal,B.Tech,BT,7
2023047,Komal Gupta,B.Tech,BT,7
2023048,Mansi Joshi,B.Tech,BT,7
2023049,Lakshya Bijalwan,B.Tech,BT,7
2023050,Sarthak Nainwal,B.Tech,BT,7
2023051,Ansh Bajaj,B.Tech,BT,7
2023052,Akshay Yadav,B.Tech,BT,7
2023053,Shalini Tiwari,B.Tech,BT,7
2023054,Rohit Raturi,B.Tech,BT,7
2023055,Anushka Maithani,B.Tech,BT,7
2023057,Yash Parmar,B.Tech,BT,7
2023058,Sonal Bajaj,B.Tech,BT,7
2023059,Rohit Mishra,B.Tech,BT,7
2023061,Uday Kandpal,B.Tech,BT,7
2023063,Ravi Bhandari,B.Tech,BT,7
2023064,Samarth Saxena,B.Tech,BT,7
2023065,Vikas Sharma,B.Tech,BT,7
2023066,Payal Chaudhary,B.Tech,BT,7
2023067,Samarth Kapoor,B.Tech,BT,7
2023068,Manav Pant,B.Tech,BT,7
2023069,Ajay Gusain,B.Tech,BT,7
2023070,Pulkit Vats,B.Tech,BT,7
2023071,Abhay Bhandula,B.Tech,BT,7
2023072,Anchal Nagi,B.Tech,BT,7
2023073,Ankita Bisht,B.Tech,BT,7
2023074,Gautam Sinha,B.Tech,BT,7
2023075,Ishaan Vats,B.Tech,BT,7
2023076,Gayatri Dobhal,B.Tech,BT,7
2023077,Palak Agarwal,B.Tech,BT,7
2023078,Deepika Dabral,B.Tech,BT,6
2023079,Madhav Yadav,B.Tech,BT,7
2023080,Akshay Kumar,B.Tech,BT,7
2023081,Manav Kapoor,B.Tech,BT,7
2023082,Yogesh Bhandari,B.Tech,BT,7
2023083,Aditya Chamoli,B.Tech,BT,7
2023085,Karan Bisht,B.Tech,BT,7
2023086,Zoya Lal,B.Tech,BT,7
2023087,Sanjana Patel,B.Tech,BT,7
2023088,Rohit Rautela,B.Tech,BT,7
2023089,Pranav Maithani,B.Tech,BT,7
2023090,Tanvi Walia,B.Tech,BT,7
2023091,Rohan Raturi,B.Tech,BT,7
2023093,Pranav Bansal,B.Tech,BT,7
2023094,Nandini Rathi,B.Tech,BT,7
2023095,Manish Goel,B.Tech,BT,7
2023096,Shubham Khurana,B.Tech,BT,7
2023097,Manish Goswami,B.Tech,BT,7
2023098,Tarun Mittal,B.Tech,BT,7
2023099,Varun Bhandula,B.Tech,BT,7
2023100,Shreya Maurya,B.Tech,BT,7
2023101,Yashika Bahuguna,B.Tech,BT,7
2023102,Vinay Rautela,B.Tech,BT,7
2023104,Rohan Malhotra,B.Tech,BT,7
2023105,Mansi Uniyal,B.Tech,BT,7
2023106,Devansh Thapliyal,B.Tech,BT,7
2023107,Ramya Rawat,B.Tech,BT,7
2023108,Eshaan Chauhan,B.Tech,BT,7
2023109,Naman Vats,B.Tech,BT,7
2023110,Rishabh Thakur,B.Tech,BT,7
2023111,Nandini Shukla,B.Tech,BT,7
2023112,Rudra Jain,B.Tech,BT,7
2023113,Deepak Shukla,B.Tech,BT,7
2023114,Manav Negi,B.Tech,BT,7
2023115,Vikram Kukreti,B.Tech,BT,7
2023131,Eshaan Tripathi,B.Tech,CE,7
2023132,Anushka Srivastava,B.Tech,CE,7
2023133,Rishabh Nanda,B.Tech,CE,7
2023134,Kunal Aggarwal,B.Tech,CE,7
2023135,Raj Dobhal,B.Tech,CE,7
2023136,Eshaan Mehta,B.Tech,CE,7
2023137,Harsh Pathak,B.Tech,CE,7
2023138,Saloni Khanduri,B.Tech,CE,7
2023139,Ruchi Kandpal,B.Tech,CE,7
2023140,Nandini Goswami,B.Tech,CE,7
2023142,Disha Mittal,B.Tech,CE,7
2023143,Rudra Bijalwan,B.Tech,CE,7
2023144,Komal Mehra,B.Tech,CE,7
2023145,Vinay Rathi,B.Tech,CE,7
2023146,Eshaan Thakur,B.Tech,CE,7
2023147,Kavya Kukreti,B.Tech,CE,7
2023148,Surbhi Parmar,B.Tech,CE,7
2023150,Vishal Kashyap,B.Tech,CE,7
2023151,Sanchi Khurana,B.Tech,CE,8
2023152,Sarthak Chaudhary,B.Tech,CE,8
2023153,Tushar Patel,B.Tech,CE,7
2023154,Sanket Semwal,B.Tech,CE,7
2023155,Priyanka Bijalwan,B.Tech,CE,7
2023156,Meera Badoni,B.Tech,CE,7
2023158,Garima Maithani,B.Tech,CE,7
2023161,Bhumika Nainwal,B.Tech,CSE,7
2023162,Shivam Soni,B.Tech,CSE,7
2023163,Pulkit Gaur,B.Tech,CSE,7
2023164,Abhay Dubey,B.Tech,CSE,7
2023165,Ramya Kimothi,B.Tech,CSE,7
2023166,Akanksha Juyal,B.Tech,CSE,7
2023167,Deepak Thapliyal,B.Tech,CSE,7
2023169,Komal Panwar,B.Tech,CSE,7
2023170,Rohit Parmar,B.Tech,CSE,7
2023171,Shreya Pant,B.Tech,CSE,7
2023172,Raghav Kapoor,B.Tech,CSE,7
2023173,Jiya Bansal,B.Tech,CSE,7
2023174,Bhumika Garg,B.Tech,CSE,7
2023175,Pulkit Goel,B.Tech,CSE,7
2023176,Anushka Kothari,B.Tech,CSE,7
2023177,Divya Thapliyal,B.Tech,CSE,7
2023178,Keshav Rajput,B.Tech,CSE,7
2023179,Nikhil Pant,B.Tech,CSE,7
2023180,Charvi Kukreti,B.Tech,CSE,7
2023181,Rishabh Singh,B.Tech,CSE,7
2023182,Sachin Mittal,BCA,AI & DS,1
2023183,Pranav Joshi,B.Tech,CSE,7
2023184,Siddharth Maithani,B.Tech,CSE,7
2023185,Hemant Barthwal,B.Tech,CSE,7
2023186,Sanket Goswami,B.Tech,CSE,7
2023187,Aryan Rautela,B.Tech,CSE,7
2023188,Kajal Walia,B.Tech,CSE,7
2023189,Vaishnavi Semwal,B.Tech,CSE,7
2023190,Sanchi Rajput,B.Tech,CSE,7
2023191,Karan Sinha,BCA,AI & DS,1
2023192,Aarav Kapoor,B.Tech,CSE,7
2023193,Mohit Patel,B.Tech,CSE,7
2023194,Aditi Goswami,B.Tech,CSE,7
2023195,Ansh Khanduri,B.Tech,CSE,7
2023196,Jiya Malhotra,B.Tech,CSE,7
2023197,Navya Bhandari,B.Tech,CSE,7
2023198,Chaitanya Malhotra,B.Tech,CSE,7
2023199,Manav Anand,B.Tech,CSE,7
2023200,Rajat Rana,B.Tech,CSE,7
2023201,Kamal Kumar,B.Tech,CSE,7
2023202,Riya Pathak,B.Tech,CSE,7
2023203,Aarav Pant,B.Tech,CSE,7
2023204,Anchal Mishra,B.Tech,CSE,7
2023205,Deepika Vats,B.Tech,CSE,7
2023206,Ansh Dabral,B.Tech,CSE,7
2023207,Vinay Vats,B.Tech,CSE,7
2023208,Ajay Sati,B.Tech,CSE,7
2023209,Yashika Sinha,B.Tech,CSE,7
2023211,Karan Vats,B.Tech,CSE,7
2023212,Sara Sethi,B.Tech,CSE,7
2023214,Srishti Malhotra,B.Tech,CSE,7
2023215,Kartik Goel,B.Tech,CSE,7
2023216,Ishaan Srivastava,B.Tech,CSE,7
2023217,Madhav Dubey,B.Tech,CSE,7
2023218,Muskan Trivedi,B.Tech,CSE,7
2023219,Naman Dubey,B.Tech,CSE,7
2023220,Navya Chamoli,B.Tech,CSE,7
2023221,Raghav Pathak,B.Tech,CSE,7
2023222,Gaurav Dhiman,B.Tech,CSE,7
2023223,Gayatri Khanduri,B.Tech,CSE,7
2023224,Shreya Arora,B.Tech,CSE,7
2023225,Varun Garg,BCA,AI & DS,1
2023226,Sara Khurana,B.Tech,CSE,7
2023227,Sumit Kapoor,B.Tech,CSE,7
2023228,Pallavi Dubey,B.Tech,CSE,7
2023229,Parth Tandon,B.Tech,CSE,7
2023230,Uday Parmar,B.Tech,CSE,7
2023231,Navya Mishra,B.Tech,CSE,7
2023232,Aarav Sood,B.Tech,CSE,7
2023233,Vidhi Kapoor,B.Tech,CSE,7
2023234,Arnav Juyal,B.Tech,CSE,7
2023235,Yuvraj Bhandari,B.Tech,CSE,7
2023236,Komal Rathi,B.Tech,CSE,7
2023237,Gaurav Rawal,B.Tech,CSE,7
2023238,Rohit Rawat,B.Tech,CSE,7
2023239,Sahil Dangwal,B.Tech,CSE,7
2023240,Chetan Rawat,B.Tech,CSE,7
2023241,Ravi Jain,BCA,AI & DS,1
2023242,Raghav Saxena,B.Tech,CSE,7
2023243,Divya Chaudhary,B.Tech,CSE,7
2023244,Vidhi Chauhan,B.Tech,CSE,7
2023245,Hemant Saxena,B.Tech,CSE,7
2023246,Muskan Pathak,B.Tech,CSE,7
2023247,Yashika Kimothi,B.Tech,CSE,7
2023248,Laksh Kothari,B.Tech,CSE,7
2023249,Arpit Oberoi,B.Tech,CSE,7
2023250,Gunjan Bhandari,B.Tech,CSE,7
2023251,Anshika Rastogi,B.Tech,CSE,7
2023252,Muskan Nanda,B.Tech,CSE,7
2023253,Soumya Rana,B.Tech,CSE,7
2023254,Ansh Rajput,B.Tech,CSE,7
2023255,Kamal Bhandula,B.Tech,CSE,7
2023256,Soumya Sood,B.Tech,CSE,7
2023257,Neha Gaur,B.Tech,CSE,7
2023258,Yogesh Badoni,B.Tech,CSE,7
2023259,Sanket Kapoor,B.Tech,CSE,7
2023260,Neha Vats,B.Tech,CSE,7
2023261,Anjali Yadav,B.Tech,CSE,7
2023263,Rahul Nautiyal,B.Tech,CSE,7
2023264,Ira Kandpal,B.Tech,CSE,7
2023265,Nidhi Dimri,B.Tech,CSE,7
2023266,Srishti Badoni,B.Tech,CSE,7
2023269,Ira Garg,BCA,AI & DS,1
2023270,Saurabh Kashyap,BCA,AI & DS,1
2023271,Kartik Patel,B.Tech,CSE,7
2023272,Ashutosh Maithani,B.Tech,CSE,7
2023273,Rishabh Tandon,B.Tech,CSE,7
2023275,Laksh Anand,B.Tech,CSE,7
2023276,Laksh Chaudhary,B.Tech,CSE,7
2023277,Kavya Aggarwal,B.Tech,CSE,7
2023278,Manish Garg,B.Tech,CSE,7
2023279,Zoya Saini,B.Tech,CSE,7
2023280,Aditya Nainwal,B.Tech,CSE,7
2023281,Garima Kothari,B.Tech,ME,7
2023282,Rakesh Thapliyal,B.Tech,CSE,7
2023283,Priya Bahuguna,B.Tech,CSE,7
2023284,Eshaan Sood,B.Tech,CSE,7
2023285,Mridul Bahuguna,B.Tech,CSE,7
2023287,Anmol Chamoli,B.Tech,CSE,7
2023288,Sneha Anand,B.Tech,CSE,7
2023289,Shalini Bhatt,B.Tech,CSE,7
2023290,Shruti Kumar,B.Tech,CSE,7
2023291,Mahima Pokhriyal,B.Tech,CSE,7
2023292,Manav Bhandula,B.Tech,CSE,7
2023293,Chaitanya Uniyal,B.Tech,CSE,7
2023294,Aarav Patel,B.Tech,CSE,7
2023295,Dhruv Aggarwal,B.Tech,CSE,7
2023296,Tushar Joshi,B.Tech,CSE,7
2023297,Aarav Gusain,B.Tech,CSE,7
2023299,Varun Juyal,B.Tech,CSE,7
2023300,Dev Singh,B.Tech,CSE,7
2023301,Radhika Srivastava,B.Tech,CSE,7
2023302,Tanmay Kapoor,B.Tech,CSE,7
2023303,Amisha Joshi,B.Tech,CSE,7
2023304,Hemant Bhardwaj,B.Tech,CSE,7
2023305,Aman Khurana,B.Tech,CSE,7
2023306,Akanksha Anand,B.Tech,CSE,7
2023307,Mehak Parmar,B.Tech,CSE,7
2023308,Tanmay Patel,B.Tech,CSE,7
2023309,Vikram Gupta,B.Tech,CSE,7
2023310,Sandeep Bansal,B.Tech,CSE,7
2023311,Dhruv Mehra,B.Tech,CSE,7
2023312,Sanchi Tiwari,B.Tech,CSE,7
2023313,Prachi Malhotra,B.Tech,CSE,7
2023314,Shubham Garg,B.Tech,CSE,7
2023315,Lakshya Juyal,B.Tech,CSE,7
2023316,Amisha Bhandula,B.Tech,CSE,7
2023317,Tanmay Bhardwaj,B.Tech,CSE,7
2023318,Vedant Bahuguna,B.Tech,CSE,7
2023319,Raghav Rautela,B.Tech,CSE,7
2023320,Kunal Basu,B.Tech,CSE,7
2023321,Priyanka Uniyal,B.Tech,CSE,7
2023322,Vaishnavi Pathak,B.Tech,CSE,7
2023323,Vivek Nanda,B.Tech,CSE,7
2023324,Dev Juyal,B.Tech,CSE,7
2023325,Priyanka Srivastava,B.Tech,CSE,7
2023326,Bhavya Mishra,B.Tech,CSE,7
2023327,Nikhil Singh,B.Tech,CSE,7
2023328,Harshita Dhiman,B.Tech,CSE,7
2023329,Alok Thapliyal,B.Tech,CSE,7
2023330,Tarun Semwal,B.Tech,CSE,7
2023331,Palak Srivastava,B.Tech,CSE,7
2023332,Madhav Dabral,B.Tech,CSE,7
2023333,Kunal Barthwal,B.Tech,CSE,7
2023334,Shivani Oberoi,B.Tech,CSE,7
2023335,Varun Aggarwal,B.Tech,CSE,7
2023336,Yash Uniyal,B.Tech,CSE,7
2023337,Deepak Thakur,B.Tech,CSE,7
2023338,Gautam Rautela,B.Tech,CSE,7
2023339,Yuvraj Gupta,B.Tech,CSE,7
2023340,Aman Nagi,B.Tech,CSE,7
2023341,Uday Anand,B.Tech,CSE,7
2023342,Parth Goswami,B.Tech,CSE,7
2023343,Varun Chaudhary,B.Tech,CSE,7
2023344,Shruti Patel,B.Tech,CSE,7
2023345,Ravi Gupta,B.Tech,CSE,7
2023346,Charvi Sati,B.Tech,CSE,7
2023347,Ravi Bisht,B.Tech,CSE,7
2023348,Dhruv Bhandula,B.Tech,CSE,7
2023349,Shubham Chopra,B.Tech,CSE,7
2023351,Nikhil Kandpal,B.Tech,CSE,7
2023352,Nikhil Rajput,B.Tech,CSE,7
2023353,Shreya Sood,BCA,AI & DS,1
2023354,Ashutosh Gaur,B.Tech,CSE,7
2023355,Rohan Parmar,B.Tech,CSE,7
2023356,Himanshu Tandon,B.Tech,CSE,7
2023357,Dhruv Bahuguna,B.Tech,CSE,7
2023358,Nidhi Mehra,B.Tech,CSE,7
2023359,Ankit Aggarwal,B.Tech,CSE,7
2023360,Sonal Panwar,B.Tech,CSE,7
2023361,Ajay Rathi,B.Tech,CSE,7
2023362,Shreya Gaur,B.Tech,CSE,7
2023363,Jatin Kukreti,B.Tech,CSE,7
2023364,Vikram Trivedi,B.Tech,CSE,7
2023365,Rishabh Kandpal,B.Tech,CSE,7
2023366,Radhika Rathi,B.Tech,CSE,7
2023367,Charvi Bijalwan,B.Tech,CSE,7
2023368,Mansi Chamoli,B.Tech,CSE,7
2023369,Ankit Singh,B.Tech,CSE,7
2023370,Meera Kimothi,B.Tech,CSE,6
2023371,Ayush Srivastava,B.Tech,CSE,7
2023372,Samarth Barthwal,B.Tech,CSE,7
2023373,Raghav Vats,B.Tech,CSE,7
2023374,Ishita Sharma,B.Tech,CSE,7
2023375,Sanchi Garg,B.Tech,CSE,7
2023376,Garima Kandpal,B.Tech,CSE,7
2023377,Sanya Badoni,B.Tech,CSE,7
2023378,Simran Pandey,B.Tech,CSE,7
2023379,Meera Rawal,B.Tech,CSE,7
2023380,Jatin Tripathi,B.Tech,CSE,7
2023381,Radhika Agarwal,B.Tech,CSE,7
2023382,Sachin Yadav,B.Tech,CSE,7
2023383,Naveen Barthwal,B.Tech,CSE,7
2023384,Chetan Bahuguna,B.Tech,CSE,7
2023385,Anchal Dobhal,BCA,AI & DS,1
2023386,Samarth Rautela,B.Tech,CSE,7
2023387,Rohit Pandey,B.Tech,CSE,7
2023388,Kartik Bhatt,B.Tech,CSE,7
2023389,Divya Pathak,B.Tech,CSE,7
2023390,Naveen Shukla,B.Tech,CSE,7
2023391,Himanshu Bisht,B.Tech,CSE,7
2023392,Vivek Singh,B.Tech,CSE,7
2023393,Sanya Rajput,B.Tech,CSE,7
2023394,Navya Tripathi,B.Tech,CSE,7
2023395,Omkar Bhardwaj,B.Tech,CSE,7
2023396,Uday Saini,B.Tech,CSE,7
2023397,Harsh Bhandula,B.Tech,CSE,7
2023398,Amit Patel,B.Tech,CSE,7
2023399,Rajat Soni,B.Tech,CSE,7
2023400,Vaibhav Negi,B.Tech,CSE,7
2023401,Keshav Maurya,B.Tech,CSE,7
2023402,Sumit Basu,B.Tech,CSE,7
2023403,Zoya Kukreti,B.Tech,CSE,7
2023404,Nidhi Jain,B.Tech,CSE,7
2023405,Divya Kimothi,B.Tech,CSE,7
2023406,Anushka Tiwari,B.Tech,CSE,7
2023407,Vedant Tomar,B.Tech,CSE,7
2023408,Gayatri Sati,B.Tech,CSE,7
2023409,Yogesh Jain,B.Tech,CSE,7
2023410,Naman Bhandari,B.Tech,CSE,7
2023411,Tanishq Dabral,B.Tech,CSE,7
2023412,Shubham Dabral,B.Tech,CSE,7
2023413,Abhinav Dabral,B.Tech,CSE,7
2023414,Yogesh Srivastava,B.Tech,CSE,7
2023415,Mohit Mittal,B.Tech,CSE,7
2023416,Manish Mishra,B.Tech,CSE,7
2023417,Pranav Bhandula,B.Tech,CSE,7
2023418,Mridul Tandon,B.Tech,CSE,7
2023419,Kamal Khurana,B.Tech,CSE,7
2023420,Amit Aggarwal,B.Tech,CSE,7
2023421,Muskan Rautela,B.Tech,CSE,7
2023422,Ankita Maurya,B.Tech,CSE,7
2023423,Jiya Mittal,B.Tech,CSE,7
2023424,Chaitanya Thakur,B.Tech,CSE,7
2023425,Akash Juyal,B.Tech,CSE,7
2023426,Meera Nautiyal,B.Tech,CSE,7
2023427,Madhav Kapoor,B.Tech,CSE,7
2023428,Bhavya Bhandari,B.Tech,CSE,7
2023429,Bhumika Pandey,B.Tech,CSE,7
2023431,Sara Bhandula,B.Tech,CSE,7
2023432,Anuj Khanduri,B.Tech,CSE,7
2023433,Gunjan Shukla,B.Tech,CSE,7
2023434,Nisha Panwar,B.Tech,CSE,7
2023435,Vinay Thapliyal,B.Tech,CSE,7
2023436,Ananya Kumar,B.Tech,CSE,7
2023437,Shreya Sethi,B.Tech,CSE,7
2023438,Kartik Chopra,B.Tech,CSE,7
2023439,Shruti Rajput,B.Tech,CSE,7
2023440,Gayatri Anand,B.Tech,CSE,7
2023441,Shreya Goswami,B.Tech,CSE,7
2023442,Abhay Dimri,B.Tech,CSE,7
2023443,Ansh Bhatt,B.Tech,CSE,7
2023444,Anmol Soni,B.Tech,CSE,7
2023445,Sagar Nanda,B.Tech,CSE,7
2023446,Naveen Uniyal,B.Tech,CSE,7
2023447,Kartik Malhotra,B.Tech,CSE,7
2023448,Ira Shukla,B.Tech,CSE,7
2023449,Aishwarya Pandey,B.Tech,CSE,7
2023450,Raj Rastogi,B.Tech,CSE,7
2023451,Vaibhav Sharma,B.Tech,CSE,7
2023452,Dev Gaur,B.Tech,CSE,7
2023453,Divya Dimri,B.Tech,CSE,7
2023455,Vansh Maurya,B.Tech,CSE,7
2023456,Aishwarya Sethi,B.Tech,CSE,7
2023457,Samarth Soni,B.Tech,CSE,7
2023460,Dhruv Srivastava,B.Tech,CSE,7
2023461,Bhumika Barthwal,B.Tech,CSE,7
2023462,Kavya Dangwal,B.Tech,CSE,7
2023464,Priyanka Oberoi,B.Tech,CSE,7
2023465,Tushar Thakur,B.Tech,CSE,7
2023466,Yuvraj Verma,B.Tech,CSE,7
2023467,Rohit Tomar,B.Tech,CSE,7
2023469,Mahima Pundir,B.Tech,CSE,7
2023470,Eshaan Dhiman,B.Tech,CSE,7
2023471,Chaitanya Yadav,B.Tech,CSE,7
2023472,Arjun Sethi,B.Tech,CSE,7
2023473,Shubham Tripathi,B.Tech,CSE,7
2023474,Palak Kothari,B.Tech,CSE,7
2023476,Ira Bijalwan,B.Tech,CSE,7
2023477,Riya Patel,B.Tech,CSE,7
2023478,Harshita Pandey,B.Tech,CSE,7
2023479,Anjali Pandey,B.Tech,CSE,7
2023480,Bhumika Dhiman,B.Tech,CSE,7
2023481,Neha Negi,B.Tech,CSE,7
2023482,Mansi Bahuguna,B.Tech,CSE,4
2023483,Sanjana Vats,B.Tech,CSE,7
2023484,Anjali Dabral,B.Tech,CSE,7
2023485,Vipul Arora,B.Tech,CSE,7
2023486,Simran Gupta,B.Tech,CSE,7
2023487,Aarav Sharma,B.Tech,CSE,7
2023490,Gautam Vats,B.Tech,CSE,7
2023491,Aarav Rawat,B.Tech,CSE,7
2023492,Pooja Chopra,B.Tech,CSE,7
2023493,Ravi Anand,B.Tech,CSE,7
2023494,Varun Shukla,B.Tech,CSE,7
2023495,Nisha Rautela,B.Tech,CSE,7
2023496,Mridul Nagi,B.Tech,CSE,7
2023497,Yogesh Dimri,B.Tech,CSE,7
2023498,Arnav Patel,B.Tech,CSE,7
2023499,Bhavya Dubey,B.Tech,CSE,7
2023500,Tanvi Khurana,B.Tech,CSE,7
2023501,Gaurav Thapliyal,B.Tech,CSE,7
2023502,Lavanya Thapliyal,B.Tech,CSE,7
2023503,Tushar Rastogi,B.Tech,CSE,7
2023504,Preeti Nainwal,B.Tech,CSE,7
2023506,Akshay Mishra,B.Tech,CSE,7
2023507,Rakesh Chopra,B.Tech,CSE,7
2023508,Ravi Saxena,B.Tech,CSE,7
2023509,Nitin Maithani,B.Tech,CSE,7
2023510,Saloni Gupta,B.Tech,CSE,7
2023511,Uday Singh,B.Tech,CSE,7
2023512,Aditya Dimri,B.Tech,CSE,7
2023513,Priya Bhandari,B.Tech,CSE,7
2023514,Mehak Gusain,B.Tech,CSE,7
2023515,Vidhi Parmar,B.Tech,CSE,7
2023516,Jaya Verma,B.Tech,CSE,7
2023517,Arpit Parmar,B.Tech,CSE,7
2023518,Sanket Uniyal,B.Tech,CSE,7
2023519,Payal Aggarwal,B.Tech,CSE,7
2023520,Shalini Mehra,B.Tech,CSE,7
2023521,Shivam Dhiman,B.Tech,CSE,7
2023522,Sanket Shukla,B.Tech,CSE,7
2023523,Divya Rathi,B.Tech,CSE,7
2023524,Kavya Rastogi,B.Tech,CSE,7
2023525,Ananya Nanda,B.Tech,CSE,7
2023526,Jatin Oberoi,B.Tech,CSE,7
2023527,Nisha Thapliyal,B.Tech,CSE,7
2023528,Vansh Panwar,B.Tech,CSE,7
2023529,Vidhi Aggarwal,B.Tech,CSE,7
2023531,Uday Semwal,B.Tech,CSE,7
2023532,Sagar Kimothi,B.Tech,CSE,7
2023533,Arpit Sethi,B.Tech,CSE,7
2023534,Payal Shukla,B.Tech,CSE,7
2023535,Disha Garg,B.Tech,CSE,7
2023537,Vipul Soni,B.Tech,CSE,7
2023538,Udit Singh,B.Tech,CSE,7
2023539,Ashish Thakur,B.Tech,CSE,7
2023540,Vishal Garg,B.Tech,CSE,6
2023541,Kabir Bhardwaj,B.Tech,CSE,7
2023542,Gaurav Maithani,B.Tech,CSE,7
2023543,Amit Mittal,B.Tech,CSE,7
2023544,Shivam Saxena,B.Tech,CSE,7
2023545,Mridul Vats,B.Tech,CSE,7
2023546,Shivam Oberoi,B.Tech,CSE,7
2023547,Gayatri Goswami,B.Tech,CSE,7
2023548,Ojas Trivedi,B.Tech,CSE,7
2023549,Kamal Tripathi,B.Tech,CSE,7
2023550,Gunjan Verma,B.Tech,CSE,7
2023551,Rishabh Khanduri,B.Tech,CSE,7
2023552,Simran Vats,B.Tech,CSE,7
2023553,Anchal Pokhriyal,B.Tech,CSE,7
2023554,Laksh Bajaj,B.Tech,CSE,7
2023555,Simran Mehra,B.Tech,CSE,7
2023556,Yamini Oberoi,B.Tech,CSE,7
2023557,Nisha Verma,B.Tech,CSE,7
2023558,Soumya Verma,B.Tech,CSE,7
2023559,Rishabh Saxena,B.Tech,CSE,7
2023560,Ansh Thapliyal,B.Tech,CSE,7
2023561,Rishabh Mahajan,B.Tech,CSE,7
2023562,Aarav Lal,B.Tech,CSE,7
2023564,Arnav Maithani,B.Tech,CSE,7
2023565,Nikhil Raturi,B.Tech,CSE,7
2023566,Sarthak Rathi,B.Tech,CSE,7
2023567,Shivani Mittal,B.Tech,CSE,7
2023568,Varun Chauhan,B.Tech,CSE,7
2023569,Pallavi Nainwal,B.Tech,CSE,7
2023570,Payal Mittal,B.Tech,CSE,7
2023571,Amisha Bisht,B.Tech,CSE,7
2023572,Hardik Anand,B.Tech,CSE,7
2023573,Manav Maithani,B.Tech,CSE,7
2023574,Tripti Tomar,B.Tech,CSE,7
2023575,Nidhi Trivedi,B.Tech,CSE,7
2023576,Anuj Dubey,B.Tech,CSE,7
2023577,Samarth Sati,B.Tech,CSE,7
2023578,Kabir Goel,B.Tech,CSE,7
2023580,Anushka Dimri,B.Tech,CSE,7
2023581,Mansi Dabral,B.Tech,CSE,7
2023582,Ruchi Mehta,B.Tech,CSE,7
2023583,Bhumika Agarwal,B.Tech,CSE,7
2023584,Amit Kumar,B.Tech,CSE,7
2023585,Shreya Panwar,B.Tech,CSE,7
2023586,Pranav Yadav,B.Tech,CSE,7
2023587,Mansi Saini,B.Tech,CSE,7
2023588,Bhavya Bhardwaj,B.Tech,CSE,7
2023589,Manish Patel,B.Tech,CSE,7
2023590,Radhika Khanduri,B.Tech,CSE,7
2023591,Anshika Parmar,B.Tech,CSE,7
2023593,Ishaan Sood,B.Tech,CSE,7
2023594,Yashika Arora,B.Tech,CSE,7
2023595,Komal Kapoor,B.Tech,CSE,7
2023596,Ojas Kandpal,B.Tech,CSE,7
2023597,Ojas Walia,B.Tech,CSE,7
2023598,Samarth Patel,B.Tech,CSE,7
2023600,Himanshu Dubey,B.Tech,CSE,7
2023601,Palak Sethi,B.Tech,CSE,7
2023602,Kajal Thapliyal,B.Tech,CSE,7
2023603,Naman Maithani,B.Tech,CSE,7
2023604,Raghav Bhandula,B.Tech,CSE,7
2023605,Palak Rajput,B.Tech,CSE,7
2023606,Jaya Aggarwal,B.Tech,CSE,7
2023607,Kunal Bhardwaj,B.Tech,CSE,7
2023609,Pulkit Shukla,B.Tech,CSE,7
2023610,Ira Singh,B.Tech,CSE,7
2023611,Disha Jain,B.Tech,CSE,7
2023612,Vikas Basu,B.Tech,CSE,7
2023613,Sachin Rastogi,B.Tech,CSE,7
2023614,Ashish Badoni,B.Tech,CSE,7
2023615,Harsh Badoni,B.Tech,CSE,7
2023616,Aditya Sood,B.Tech,CSE,7
2023617,Arpit Gupta,B.Tech,CSE,7
2023618,Payal Khurana,B.Tech,CSE,7
2023619,Prateek Sharma,B.Tech,CSE,7
2023620,Charvi Gusain,B.Tech,CSE,7
2023621,Vaishnavi Mehra,B.Tech,CSE,7
2023622,Sanjana Rawat,B.Tech,CSE,7
2023623,Sagar Soni,B.Tech,CSE,7
2023624,Vidhi Sood,B.Tech,CSE,7
2023625,Apoorva Chamoli,B.Tech,CSE,7
2023626,Akanksha Chamoli,B.Tech,CSE,7
2023627,Komal Vats,B.Tech,CSE,7
2023628,Aman Nainwal,B.Tech,CSE,7
2023630,Ananya Panwar,B.Tech,CSE,7
2023631,Rohit Bhandula,B.Tech,CSE,7
2023632,Sandeep Bhandari,B.Tech,CSE,7
2023634,Tanishq Bhardwaj,B.Tech,CSE,7
2023635,Vipul Gusain,B.Tech,CSE,7
2023636,Rajat Rautela,B.Tech,CSE,7
2023638,Amit Trivedi,B.Tech,CSE,7
2023639,Vinay Yadav,B.Tech,CSE,7
2023640,Diksha Gupta,B.Tech,CSE,7
2023641,Ashish Vats,B.Tech,CSE,7
2023642,Vikas Parmar,B.Tech,CSE,7
2023643,Sagar Yadav,B.Tech,CSE,7
2023644,Suhani Kothari,B.Tech,CSE,7
2023645,Kunal Pundir,B.Tech,CSE,5
2023646,Udit Kimothi,B.Tech,CSE,7
2023647,Rohan Singh,B.Tech,CSE,7
2023648,Neha Pant,B.Tech,CSE,7
2023649,Vansh Mehra,B.Tech,CSE,7
2023650,Aishwarya Khanduri,B.Tech,CSE,7
2023651,Srishti Maurya,B.Tech,CSE,7
2023653,Saurabh Gupta,B.Tech,CSE,7
2023654,Vishal Dimri,B.Tech,CSE,7
2023655,Tanmay Saini,B.Tech,CSE,7
2023656,Naman Jain,B.Tech,CSE,7
2023657,Gautam Garg,B.Tech,CSE,7
2023658,Bhumika Bijalwan,B.Tech,CSE,7
2023659,Deepika Dhiman,B.Tech,CSE,7
2023661,Vinay Chaudhary,B.Tech,CSE,7
2023662,Rishabh Jain,B.Tech,CSE,7
2023663,Aditya Bajaj,B.Tech,CSE,7
2023664,Archit Sinha,B.Tech,CSE,7
2023665,Apoorva Rastogi,B.Tech,CSE,7
2023666,Divya Kothari,B.Tech,CSE,7
2023668,Preeti Shukla,B.Tech,CSE,7
2023669,Mahima Oberoi,B.Tech,CSE,7
2023670,Naman Chamoli,B.Tech,CSE,7
2023671,Bhumika Kandpal,B.Tech,CSE,7
2023672,Shreya Bhardwaj,B.Tech,CSE,7
2023673,Vipul Rawal,B.Tech,CSE,7
2023674,Jiya Pant,B.Tech,CSE,7
2023675,Madhav Bhandula,B.Tech,CSE,7
2023678,Sonal Goswami,B.Tech,CSE,7
2023679,Sahil Pundir,B.Tech,CSE,7
2023680,Anshika Badoni,B.Tech,CSE,7
2023681,Komal Dangwal,B.Tech,CSE,7
2023682,Radhika Pokhriyal,B.Tech,CSE,7
2023683,Ankita Aggarwal,B.Tech,CSE,7
2023684,Aarav Malhotra,B.Tech,CSE,7
2023685,Hemant Saini,B.Tech,CSE,7
2023686,Deepak Lal,B.Tech,CSE,7
2023687,Harsh Jain,B.Tech,CSE,7
2023688,Bhavya Kandpal,B.Tech,CSE,7
2023689,Sachin Tiwari,B.Tech,CSE,7
2023690,Ansh Sethi,B.Tech,CSE,7
2023691,Ayush Pant,B.Tech,CSE,7
2023692,Aditi Yadav,B.Tech,CSE,7
2023693,Tripti Trivedi,B.Tech,CSE,7
2023694,Kriti Agarwal,B.Tech,CSE,7
2023695,Samarth Nautiyal,B.Tech,CSE,7
2023696,Pranav Singh,B.Tech,CSE,7
2023697,Yash Joshi,B.Tech,CSE,7
2023698,Anuj Sethi,B.Tech,CSE,7
2023699,Yuvraj Panwar,B.Tech,CSE,7
2023700,Ramya Tandon,B.Tech,CSE,7
2023701,Apoorva Bajaj,B.Tech,CSE,7
2023702,Manav Lal,B.Tech,CSE,7
2023703,Ansh Dhiman,B.Tech,CSE,7
2023704,Nitin Sharma,B.Tech,CSE,7
2023705,Kajal Sethi,B.Tech,CSE,7
2023706,Nidhi Thakur,B.Tech,CSE,7
2023707,Ajay Rautela,B.Tech,CSE,7
2023708,Vidhi Sethi,B.Tech,CSE,7
2023709,Ankita Sood,B.Tech,CSE,7
2023710,Kabir Mehta,B.Tech,CSE,7
2023711,Sumit Gupta,B.Tech,CSE,7
2023712,Mayank Mahajan,B.Tech,CSE,7
2023713,Surbhi Chopra,B.Tech,CSE,7
2023714,Saurabh Panwar,B.Tech,CSE,7
2023715,Aarav Rana,B.Tech,CSE,7
2023716,Kajal Pandey,B.Tech,CSE,7
2023717,Dev Bhardwaj,B.Tech,CSE,7
2023718,Payal Pandey,B.Tech,CSE,7
2023719,Chaitanya Singh,B.Tech,CSE,7
2023720,Gayatri Arora,B.Tech,CSE,7
2023722,Abhinav Bhatt,B.Tech,CSE,7
2023723,Anshika Patel,B.Tech,CSE,7
2023724,Sonal Anand,B.Tech,CSE,7
2023725,Archit Pant,B.Tech,CSE,7
2023726,Ira Bajaj,B.Tech,CSE,7
2023727,Kabir Maurya,B.Tech,CSE,7
2023728,Aishwarya Panwar,B.Tech,CSE,7
2023730,Abhinav Srivastava,B.Tech,CSE,7
2023731,Bhumika Rastogi,B.Tech,CSE,7
2023732,Shagun Thakur,B.Tech,CSE,7
2023733,Dev Srivastava,B.Tech,CSE,7
2023734,Nandini Barthwal,B.Tech,CSE,7
2023735,Yashika Tripathi,B.Tech,CSE,7
2023736,Vidhi Bahuguna,B.Tech,CSE,7
2023737,Archit Nanda,B.Tech,CSE,7
2023738,Ankit Goswami,B.Tech,CSE,7
2023739,Ankit Saxena,B.Tech,CSE,7
2023740,Akanksha Pant,B.Tech,CSE,7
2023741,Bhavya Maithani,B.Tech,CSE,7
2023742,Manav Oberoi,B.Tech,CSE,7
2023744,Ayush Chauhan,B.Tech,CSE,7
2023745,Gayatri Nanda,B.Tech,CSE,7
2023746,Sahil Vats,B.Tech,CSE,7
2023747,Madhav Semwal,B.Tech,CSE,7
2023749,Tarun Rawal,B.Tech,CSE,7
2023751,Ankita Maithani,B.Tech,CSE,7
2023752,Ananya Aggarwal,B.Tech,CSE,7
2023753,Shalini Rastogi,B.Tech,CSE,7
2023754,Kamal Saxena,B.Tech,CSE,7
2023755,Samarth Jain,B.Tech,CSE,7
2023756,Tarun Rautela,B.Tech,CSE,7
2023757,Shivam Goel,B.Tech,CSE,7
2023758,Priyanka Verma,B.Tech,CSE,7
2023759,Aditya Singh,B.Tech,CSE,7
2023760,Shivani Chamoli,B.Tech,CSE,7
2023763,Ravi Sood,B.Tech,CSE,7
2023764,Yash Bisht,B.Tech,CSE,7
2023765,Tanishq Oberoi,B.Tech,CSE,7
2023766,Udit Rathi,B.Tech,CSE,7
2023767,Manish Mahajan,B.Tech,CSE,7
2023768,Nitin Parmar,B.Tech,CSE,7
2023770,Ajay Rana,B.Tech,CSE,7
2023771,Chetan Srivastava,B.Tech,CSE,7
2023772,Rishabh Bhatt,B.Tech,CSE,7
2023773,Ojas Dubey,B.Tech,CSE,7
2023774,Vaibhav Garg,B.Tech,CSE,7
2023775,Ajay Sood,B.Tech,CSE,7
2023776,Aryan Verma,B.Tech,CSE,7
2023777,Abhay Oberoi,B.Tech,CSE,7
2023778,Hemant Yadav,B.Tech,CSE,7
2023779,Ananya Jain,B.Tech,CSE,7
2023780,Yash Verma,B.Tech,CSE,7
2023781,Dev Pandey,B.Tech,CSE,7
2023782,Ishaan Dimri,B.Tech,CSE,7
2023783,Shruti Thapliyal,B.Tech,CSE,7
2023784,Ira Lal,B.Tech,CSE,7
2023785,Komal Chaudhary,B.Tech,CSE,7
2023786,Udit Saini,B.Tech,CSE,7
2023787,Uday Pandey,B.Tech,CSE,7
2023788,Shreya Dhiman,B.Tech,CSE,7
2023789,Divya Bisht,B.Tech,CSE,7
2023791,Komal Dubey,B.Tech,CSE,7
2023792,Sneha Panwar,B.Tech,CSE,7
2023793,Jaya Dubey,B.Tech,CSE,7
2023794,Shivani Kimothi,B.Tech,CSE,7
2023795,Ajay Pathak,B.Tech,CSE,7
2023796,Sanjana Nagi,B.Tech,CSE,7
2023797,Ruchi Mahajan,B.Tech,CSE,7
2023798,Bhumika Mishra,B.Tech,CSE,7
2023799,Naveen Tandon,B.Tech,CSE,7
2023800,Preeti Sharma,B.Tech,CSE,7
2023801,Soumya Dobhal,B.Tech,CSE,7
2023802,Mansi Verma,B.Tech,CSE,7
2023804,Vikram Tripathi,B.Tech,CSE,7
2023805,Bhavya Rajput,B.Tech,CSE,7
2023806,Apoorva Dangwal,B.Tech,CSE,7
2023821,Shruti Chaudhary,B.Tech,CSE,7
2023822,Vivek Shukla,B.Tech,CSE,7
2023823,Tripti Gusain,B.Tech,CSE,7
2023824,Vaishnavi Kandpal,B.Tech,CSE,7
2023825,Vikas Nanda,B.Tech,CSE,7
2023827,Kriti Gusain,B.Tech,CSE,7
2023828,Zoya Semwal,B.Tech,CSE,7
2023829,Gayatri Kumar,B.Tech,CSE,7
2023830,Archit Chaudhary,B.Tech,CSE,7
2023831,Deepika Kandpal,B.Tech,CSE,7
2023832,Kabir Mehra,B.Tech,CSE,7
2023833,Arpit Garg,B.Tech,CSE,7
2023834,Vandana Badoni,B.Tech,CSE,7
2023835,Siddharth Dubey,B.Tech,CSE,7
2023836,Srishti Tomar,B.Tech,CSE,7
2023837,Tushar Dubey,B.Tech,CSE,7
2023838,Kajal Tomar,B.Tech,CSE,7
2023839,Kajal Rautela,B.Tech,CSE,6
2023840,Rohan Rastogi,B.Tech,CSE,7
2023841,Vansh Pant,B.Tech,CSE,7
2023843,Prateek Kukreti,B.Tech,CSE,7
2023844,Eshaan Parmar,B.Tech,CSE,7
2023845,Prachi Rajput,B.Tech,CSE,7
2023846,Laksh Dimri,B.Tech,CSE,7
2023847,Charvi Bansal,B.Tech,CSE,7
2023849,Yuvraj Parmar,B.Tech,CSE,7
2023850,Sara Tandon,B.Tech,CSE,6
2023851,Tarun Thapliyal,B.Tech,CSE,7
2023852,Tarun Nainwal,B.Tech,CSE,7
2023853,Sanjana Sethi,B.Tech,CSE,7
2023854,Radhika Tripathi,B.Tech,CSE,7
2023855,Tanmay Barthwal,B.Tech,CSE,7
2023856,Mehak Malhotra,B.Tech,CSE,7
2023857,Rohan Thapliyal,B.Tech,CSE,7
2023858,Gayatri Mehra,B.Tech,CSE,7
2023859,Shagun Kapoor,B.Tech,CSE,7
2023860,Gautam Nautiyal,B.Tech,CSE,7
2023861,Rajat Kandpal,B.Tech,CSE,7
2023862,Harshita Sharma,B.Tech,CSE,7
2023863,Gunjan Bajaj,B.Tech,CSE,7
2023864,Vaibhav Tandon,B.Tech,CSE,7
2023865,Nidhi Vats,B.Tech,CSE,7
2023866,Komal Nautiyal,B.Tech,CSE,7
2023867,Diksha Rawal,B.Tech,CSE,7
2023868,Madhav Nagi,B.Tech,CSE,7
2023869,Bhumika Shukla,B.Tech,CSE,7
2023870,Harsh Verma,B.Tech,CSE,7
2023871,Ramya Dobhal,B.Tech,CSE,7
2023872,Tushar Sethi,B.Tech,CSE,7
2023873,Aman Gusain,B.Tech,CSE,7
2023874,Nidhi Bahuguna,B.Tech,CSE,7
2023875,Aditi Raturi,B.Tech,CSE,7
2023876,Sahil Lal,B.Tech,CSE,7
2023877,Bhavya Dangwal,B.Tech,CSE,7
2023879,Shalini Jain,B.Tech,CSE,7
2023880,Vansh Negi,B.Tech,CSE,7
2023881,Amisha Sood,B.Tech,CSE,7
2023882,Ashish Nautiyal,B.Tech,CSE,7
2023883,Radhika Lal,B.Tech,CSE,7
2023884,Shubham Agarwal,B.Tech,CSE,7
2023885,Saurabh Mittal,B.Tech,CSE,7
2023886,Tanvi Pant,B.Tech,CSE,7
2023887,Vikram Parmar,B.Tech,CSE,7
2023888,Aarav Mishra,B.Tech,CSE,7
2023889,Vedant Mahajan,B.Tech,CSE,7
2023890,Vaishnavi Kukreti,B.Tech,CSE,7
2023892,Vaishnavi Pokhriyal,B.Tech,CSE,7
2023893,Garima Dobhal,B.Tech,CSE,7
2023894,Jaya Kimothi,B.Tech,CSE,7
2023895,Tarun Dimri,B.Tech,CSE,7
2023896,Ankita Nainwal,B.Tech,CSE,7
2023897,Arpit Chaudhary,B.Tech,CSE,7
2023898,Parth Patel,B.Tech,CSE,7
2023900,Saurabh Singh,B.Tech,CSE,7
2023901,Madhav Bansal,B.Tech,CSE,7
2023902,Ashish Dubey,B.Tech,CSE,7
2023903,Gunjan Kumar,B.Tech,CSE,7
2023904,Vinay Mahajan,B.Tech,CSE,7
2023905,Harshita Malhotra,B.Tech,CSE,7
2023906,Kriti Negi,B.Tech,CSE,7
2023907,Jaya Gusain,B.Tech,CSE,7
2023908,Akanksha Bijalwan,B.Tech,CSE,7
2023909,Ishita Kandpal,B.Tech,CSE,7
2023910,Rohan Bhatt,B.Tech,CSE,7
2023911,Yuvraj Singh,B.Tech,CSE,7
2023912,Vaibhav Mittal,B.Tech,CSE,7
2023913,Aishwarya Bhandari,B.Tech,CSE,7
2023914,Saloni Uniyal,B.Tech,CSE,7
2023915,Kavya Bhandula,B.Tech,CSE,7
2023916,Vaibhav Kapoor,B.Tech,CSE,7
2023917,Yuvraj Bhatt,B.Tech,CSE,7
2023918,Chaitanya Parmar,B.Tech,CSE,7
2023919,Arpit Dhiman,B.Tech,CSE,7
2023921,Saloni Anand,B.Tech,CSE,7
2023922,Vedant Thapliyal,B.Tech,CSE,7
2023923,Vidhi Kumar,B.Tech,CSE,7
2023924,Ashutosh Verma,B.Tech,CSE,7
2023925,Keshav Raturi,B.Tech,CSE,7
2023926,Harshita Pokhriyal,B.Tech,CSE,7
2023927,Rahul Gupta,B.Tech,CSE,7
2023928,Kriti Tomar,B.Tech,CSE,7
2023929,Riya Joshi,B.Tech,CSE,7
2023930,Sanjana Gaur,B.Tech,CSE,7
2023931,Sonal Negi,B.Tech,CSE,7
2023932,Kabir Negi,B.Tech,CSE,7
2023933,Rohan Basu,B.Tech,CSE,7
2023934,Pranav Goel,B.Tech,CSE,7
2023935,Soumya Mehra,B.Tech,CSE,7
2023936,Siddharth Chamoli,B.Tech,CSE,7
2023937,Chaitanya Rana,B.Tech,CSE,7
2023938,Bhavya Uniyal,B.Tech,CSE,7
2023939,Shivam Sharma,B.Tech,CSE,7
2023940,Harshita Sood,B.Tech,CSE,7
2023941,Dev Bhatt,B.Tech,CSE,7
2023942,Yogesh Uniyal,B.Tech,CSE,7
2023943,Mridul Gusain,B.Tech,CSE,7
2023944,Yash Mehra,B.Tech,CSE,7
2023946,Muskan Bisht,B.Tech,CSE,7
2023947,Abhay Khurana,B.Tech,CSE,7
2023948,Abhinav Arora,B.Tech,CSE,6
2023949,Udit Mehra,B.Tech,CSE,7
2023950,Samarth Tripathi,B.Tech,CSE,7
2023951,Akash Kumar,B.Tech,CSE,7
2023952,Akash Chamoli,B.Tech,CSE,7
2023953,Rohan Rana,B.Tech,CSE,7
2023954,Sanya Sati,B.Tech,CSE,7
2023955,Shruti Malhotra,B.Tech,CSE,7
2023956,Apoorva Jain,B.Tech,CSE,7
2023958,Mayank Panwar,B.Tech,CSE,7
2023960,Yogesh Bijalwan,B.Tech,CSE,7
2023961,Deepika Singh,B.Tech,CSE,7
2023962,Vaibhav Saxena,B.Tech,CSE,7
2023971,Vidhi Negi,B.Tech,CSE,7
2023972,Shivam Sati,B.Tech,CSE,7
2023974,Manav Parmar,B.Tech,CSE,7
2023975,Sneha Barthwal,B.Tech,CSE,7
2023976,Saurabh Pathak,B.Tech,CSE,7
2023977,Mohit Kimothi,B.Tech,CSE,5
2023979,Tripti Rajput,B.Tech,CSE,7
2023980,Sanket Mehta,B.Tech,CSE,7
2023981,Nikhil Kumar,B.Tech,CSE,7
2023982,Nandini Oberoi,B.Tech,CSE,7
2023983,Aishwarya Agarwal,B.Tech,CSE,7
2023984,Hardik Basu,B.Tech,CSE,7
2023985,Akanksha Lal,B.Tech,CSE,7
2023986,Mayank Arora,B.Tech,CSE,7
2023987,Sanchi Gupta,B.Tech,CSE,7
2023988,Samarth Pundir,B.Tech,CSE,7
2023989,Dev Malhotra,B.Tech,CSE,7
2023990,Shruti Walia,B.Tech,CSE,7
2023991,Ankit Mishra,B.Tech,CSE,7
2023992,Naman Yadav,B.Tech,CSE,7
2023993,Harshita Shukla,B.Tech,CSE,7
2023994,Anchal Gusain,B.Tech,CSE,7
2023995,Akshay Lal,B.Tech,CSE,7
2023996,Mansi Khurana,B.Tech,CSE,7
2023997,Ramya Sood,B.Tech,CSE,7
2023998,Shivani Saini,B.Tech,CSE,7
2024000,Ankita Trivedi,B.Tech,CSE,7
2024001,Keshav Mishra,B.Tech,CSE,7
2024002,Sanya Juyal,B.Tech,CSE,7
2024003,Udit Mehta,B.Tech,CSE,7
2024004,Rahul Joshi,B.Tech,CSE,7
2024005,Vikas Dhiman,B.Tech,CSE,7
2024006,Surbhi Kumar,B.Tech,CSE,7
2024007,Ayush Sharma,B.Tech,CSE,7
2024009,Vaishnavi Goswami,B.Tech,CSE,7
2024010,Muskan Thakur,B.Tech,CSE,7
2024011,Khushi Thakur,B.Tech,CSE,7
2024012,Jiya Srivastava,B.Tech,CSE,7
2024013,Kavya Agarwal,B.Tech,CSE,7
2024014,Ruchi Nanda,B.Tech,CSE,7
2024015,Ramya Maithani,B.Tech,CSE,7
2024017,Nidhi Negi,B.Tech,CSE,7
2024018,Aarav Goswami,B.Tech,CSE,7
2024019,Yashika Saxena,B.Tech,CSE,7
2024020,Vaibhav Sethi,B.Tech,CSE,7
2024021,Sneha Thapliyal,B.Tech,CSE,5
2024022,Anchal Sethi,B.Tech,CSE,7
2024023,Gayatri Chamoli,B.Tech,CSE,7
2024024,Rishabh Sood,B.Tech,CSE,7
2024025,Vansh Thapliyal,B.Tech,CSE,7
2024026,Yamini Rastogi,B.Tech,CSE,7
2024027,Nikhil Tomar,B.Tech,CSE,7
2024028,Sarthak Rautela,B.Tech,CSE,7
2024029,Anmol Oberoi,B.Tech,CSE,7
2024031,Anchal Kukreti,B.Tech,CSE,7
2024032,Yash Yadav,B.Tech,CSE,7
2024033,Nitin Nainwal,B.Tech,CSE,7
2024034,Riya Oberoi,B.Tech,CSE,7
2024035,Kajal Semwal,B.Tech,CSE,7
2024036,Preeti Singh,B.Tech,CSE,7
2024037,Sonal Mittal,B.Tech,CSE,7
2024038,Hardik Rajput,B.Tech,CSE,7
2024039,Tarun Trivedi,B.Tech,CSE,7
2024040,Suhani Sinha,B.Tech,CSE,7
2024041,Neha Rathi,B.Tech,CSE,7
2024042,Dhruv Goel,B.Tech,CSE,7
2024043,Chaitanya Kothari,B.Tech,CSE,7
2024044,Mridul Gaur,B.Tech,CSE,7
2024045,Meera Mahajan,B.Tech,CSE,7
2024046,Alok Walia,B.Tech,CSE,7
2024047,Shreya Anand,B.Tech,CSE,7
2024048,Aarav Thapliyal,B.Tech,CSE,7
2024050,Tushar Walia,B.Tech,CSE,7
2024051,Bhavya Dobhal,B.Tech,CSE,7
2024052,Ishaan Yadav,B.Tech,CSE,7
2024053,Disha Chopra,B.Tech,CSE,7
2024054,Rahul Pant,B.Tech,CSE,7
2024055,Tanvi Chopra,B.Tech,CSE,7
2024056,Pulkit Rawat,B.Tech,CSE,7
2024057,Rahul Juyal,B.Tech,CSE,7
2024058,Disha Agarwal,B.Tech,CSE,7
2024059,Vikram Verma,B.Tech,CSE,7
2024060,Payal Rastogi,B.Tech,CSE,7
2024061,Rahul Dimri,B.Tech,CSE,7
2024062,Arnav Bisht,B.Tech,CSE,7
2024063,Chetan Mahajan,B.Tech,CSE,7
2024064,Gautam Kandpal,B.Tech,CSE,7
2024065,Ramya Jain,B.Tech,CSE,7
2024066,Vandana Joshi,B.Tech,CSE,7
2024067,Sumit Dabral,B.Tech,CSE,7
2024068,Charvi Maithani,B.Tech,CSE,7
2024069,Naman Dobhal,B.Tech,CSE,7
2024070,Apoorva Saxena,B.Tech,CSE,7
2024071,Tarun Kukreti,B.Tech,CSE,7
2024072,Shreya Bhandari,B.Tech,CSE,7
2024073,Shalini Sethi,B.Tech,CSE,7
2024074,Lakshya Bajaj,B.Tech,CSE,7
2024075,Khushi Arora,B.Tech,CSE,7
2024076,Amit Shukla,B.Tech,CSE,7
2024078,Dhruv Semwal,B.Tech,CSE,7
2024079,Arnav Gusain,B.Tech,CSE,7
2024080,Vikas Bijalwan,B.Tech,CSE,7
2024081,Aman Sati,B.Tech,CSE,7
2024083,Hardik Sati,B.Tech,CSE,7
2024084,Akash Pandey,B.Tech,CSE,7
2024085,Siddharth Malhotra,B.Tech,CSE,7
2024086,Sanchi Patel,B.Tech,CSE,7
2024087,Shivam Badoni,B.Tech,CSE,7
2024088,Divya Vats,B.Tech,CSE,7
2024089,Nidhi Sood,B.Tech,CSE,7
2024090,Ojas Dhiman,B.Tech,CSE,7
2024091,Payal Bahuguna,B.Tech,CSE,7
2024093,Amit Gupta,B.Tech,CSE,7
2024094,Sarthak Bhandula,B.Tech,CSE,7
2024095,Ashish Soni,B.Tech,CSE,7
2024096,Chetan Bisht,B.Tech,CSE,7
2024097,Sonal Agarwal,B.Tech,CSE,7
2024098,Neha Saini,B.Tech,CSE,7
2024099,Archit Thakur,B.Tech,CSE,7
2024101,Shalini Raturi,B.Tech,CSE,7
2024103,Tripti Malhotra,B.Tech,CSE,7
2024104,Vandana Nanda,B.Tech,CSE,7
2024105,Samarth Chamoli,B.Tech,CSE,7
2024106,Sakshi Malhotra,B.Tech,CSE,7
2024107,Arpit Thakur,B.Tech,CSE,7
2024108,Anushka Chopra,B.Tech,CSE,7
2024109,Kunal Bahuguna,B.Tech,CSE,7
2024110,Harsh Sharma,B.Tech,CSE,7
2024111,Aditya Thapliyal,B.Tech,CSE,7
2024112,Dhruv Kumar,B.Tech,CSE,7
2024113,Srishti Rawal,B.Tech,CSE,7
2024114,Mansi Rathi,B.Tech,CSE,7
2024116,Sahil Kumar,B.Tech,CSE,7
2024117,Gayatri Vats,B.Tech,CSE,7
2024118,Yash Sati,B.Tech,CSE,7
2024119,Archit Saini,B.Tech,CSE,7
2024120,Arjun Thapliyal,B.Tech,CSE,7
2024121,Sumit Rastogi,B.Tech,CSE,7
2024122,Ashish Walia,B.Tech,CSE,7
2024123,Vidhi Goel,B.Tech,CSE,7
2024125,Akshay Oberoi,B.Tech,CSE,7
2024126,Laksh Arora,B.Tech,CSE,7
2024127,Akash Mahajan,B.Tech,CSE,7
2024128,Anmol Raturi,B.Tech,CSE,7
2024129,Rishabh Tiwari,B.Tech,CSE,7
2024130,Jaya Nanda,B.Tech,CSE,7
2024132,Aditi Joshi,B.Tech,CSE,7
2024133,Divya Gusain,B.Tech,CSE,7
2024134,Shivam Dangwal,B.Tech,CSE,7
2024135,Anmol Rathi,B.Tech,CSE,7
2024136,Sumit Nainwal,B.Tech,CSE,7
2024137,Pulkit Joshi,B.Tech,CSE,7
2024139,Priyanka Sinha,B.Tech,CSE,7
2024140,Soumya Nautiyal,B.Tech,CSE,7
2024141,Manish Dobhal,B.Tech,CSE,7
2024142,Yashika Tandon,B.Tech,CSE,7
2024143,Udit Pant,B.Tech,CSE,7
2024144,Gautam Parmar,B.Tech,CSE,7
2024145,Lavanya Arora,B.Tech,CSE,7
2024146,Abhay Kumar,B.Tech,CSE,7
2024147,Arnav Malhotra,B.Tech,CSE,7
2024148,Abhinav Dhiman,B.Tech,CSE,7
2024149,Deepika Arora,B.Tech,CSE,7
2024150,Kajal Dubey,B.Tech,CSE,7
2024151,Jiya Pandey,B.Tech,CSE,7
2024152,Anjali Khanduri,B.Tech,CSE,7
2024153,Sahil Kandpal,B.Tech,CSE,7
2024154,Vikas Bhandari,B.Tech,CSE,7
2024156,Preeti Sethi,B.Tech,CSE,7
2024158,Rajat Panwar,B.Tech,CSE,7
2024159,Charvi Aggarwal,B.Tech,CSE,7
2024171,Sahil Mishra,B.Tech,CSE,7
2024172,Shivam Barthwal,B.Tech,CSE,7
2024174,Priyanka Jain,B.Tech,CSE,6
2024175,Dev Negi,B.Tech,CSE,7
2024176,Hemant Bahuguna,B.Tech,CSE,7
2024177,Himanshu Kashyap,B.Tech,CSE,7
2024178,Gautam Walia,B.Tech,CSE,7
2024179,Anjali Kukreti,B.Tech,CSE,7
2024180,Sara Pokhriyal,B.Tech,CSE,7
2024181,Yamini Tiwari,B.Tech,CSE,7
2024182,Dhruv Nainwal,B.Tech,CSE,6
2024183,Suhani Mittal,B.Tech,CSE,7
2024184,Vaishnavi Pandey,B.Tech,CSE,7
2024185,Ashish Kapoor,B.Tech,CSE,7
2024186,Manish Kothari,B.Tech,CSE,7
2024187,Arjun Kothari,B.Tech,CSE,7
2024188,Mridul Bajaj,B.Tech,CSE,7
2024189,Raghav Uniyal,B.Tech,CSE,7
2024190,Tushar Bijalwan,B.Tech,CSE,7
2024191,Lakshya Saxena,B.Tech,CSE,7
2024192,Archit Gaur,B.Tech,CSE,7
2024193,Ajay Juyal,B.Tech,CSE,7
2024194,Sneha Bijalwan,B.Tech,CSE,7
2024195,Nandini Dabral,B.Tech,CSE,7
2024196,Samarth Rana,B.Tech,CSE,7
2024197,Ashutosh Pundir,B.Tech,CSE,5
2024198,Prachi Vats,B.Tech,CSE,7
2024199,Ankita Kukreti,B.Tech,CSE,7
2024200,Dev Agarwal,B.Tech,CSE,7
2024201,Sandeep Nagi,B.Tech,CSE,7
2024202,Vikram Badoni,B.Tech,CSE,7
2024211,Kamal Thapliyal,B.Tech,CSE,7
2024212,Ashutosh Kashyap,B.Tech,CSE,7
2024213,Sachin Joshi,B.Tech,CSE,7
2024214,Kabir Rawat,B.Tech,CSE,7
2024215,Sara Rajput,B.Tech,CSE,7
2024216,Kartik Negi,B.Tech,CSE,7
2024217,Sumit Lal,B.Tech,CSE,7
2024218,Ojas Verma,B.Tech,CSE,7
2024220,Prateek Semwal,B.Tech,CSE,6
2024221,Akash Jain,B.Tech,CSE,7
2024222,Vandana Goswami,B.Tech,CSE,7
2024224,Deepak Vats,B.Tech,CSE,7
2024226,Sonal Dubey,B.Tech,CSE,7
2024227,Samarth Nainwal,B.Tech,CSE,7
2024229,Tripti Dhiman,B.Tech,CSE,7
2024230,Vikas Oberoi,B.Tech,CSE,7
2024231,Payal Kapoor,B.Tech,CSE,7
2024232,Srishti Arora,B.Tech,CSE,7
2024233,Diksha Bhandari,B.Tech,CSE,7
2024234,Shivani Mishra,B.Tech,CSE,7
2024235,Sumit Bahuguna,B.Tech,CSE,7
2024237,Sarthak Dimri,B.Tech,CSE,7
2024238,Ojas Maurya,B.Tech,CSE,7
2024239,Bhavya Sinha,B.Tech,CSE,7
2024240,Ishita Nagi,B.Tech,CSE,7
2024241,Aman Maurya,B.Tech,CSE,7
2024242,Nidhi Tandon,B.Tech,CSE,7
2024243,Anshika Semwal,B.Tech,CSE,7
2024244,Nikhil Tandon,B.Tech,CSE,7
2024261,Aarav Dangwal,B.Tech,ECE,7
2024262,Vivek Sethi,B.Tech,ECE,7
2024263,Gautam Patel,B.Tech,ECE,7
2024264,Anshika Dubey,B.Tech,ECE,7
2024265,Pooja Trivedi,B.Tech,ECE,7
2024266,Bhavya Saxena,B.Tech,ECE,7
2024267,Tushar Trivedi,B.Tech,ECE,7
2024268,Kriti Kandpal,B.Tech,ECE,7
2024269,Kajal Mehta,B.Tech,ECE,7
2024270,Anchal Soni,B.Tech,ECE,7
2024271,Varun Pathak,B.Tech,EE,7
2024272,Vandana Bhatt,B.Tech,ECE,7
2024273,Sachin Rajput,B.Tech,CE,7
2024274,Himanshu Jain,B.Tech,ECE,7
2024275,Keshav Sati,B.Tech,ECE,7
2024276,Shalini Arora,B.Tech,ECE,7
2024277,Ishita Oberoi,B.Tech,CSE,7
2024278,Riya Goel,B.Tech,ECE,7
2024279,Rohit Malhotra,B.Tech,ECE,7
2024280,Jiya Agarwal,B.Tech,ECE,7
2024281,Dhruv Parmar,B.Tech,ECE,7
2024282,Tripti Tandon,B.Tech,ECE,7
2024283,Sonal Maithani,B.Tech,ECE,7
2024284,Navya Walia,B.Tech,CSE,7
2024285,Sonal Kumar,B.Tech,ECE,7
2024287,Amisha Yadav,B.Tech,ECE,7
2024289,Devansh Chaudhary,B.Tech,ECE,7
2024290,Pallavi Gupta,B.Tech,ECE,7
2024292,Suhani Mahajan,B.Tech,ECE,7
2024293,Aarav Negi,B.Tech,ECE,7
2024294,Shagun Mittal,B.Tech,ECE,6
2024295,Rajat Sethi,B.Tech,ECE,7
2024296,Sakshi Dubey,B.Tech,ECE,7
2024298,Shivam Khurana,B.Tech,ECE,7
2024299,Yogesh Joshi,B.Tech,ECE,7
2024301,Raghav Soni,B.Tech,CSE,7
2024311,Mansi Khanduri,B.Tech,EE,7
2024312,Disha Bhandula,B.Tech,EE,7
2024313,Ira Bhatt,B.Tech,EE,7
2024314,Rohan Mehra,B.Tech,EE,7
2024315,Diksha Panwar,B.Tech,EE,7
2024316,Pooja Khurana,B.Tech,EE,7
2024317,Ansh Rathi,B.Tech,EE,7
2024318,Aishwarya Aggarwal,B.Tech,EE,7
2024319,Kriti Kukreti,B.Tech,EE,7
2024320,Vandana Sood,B.Tech,EE,7
2024321,Vikas Bhatt,B.Tech,EE,7
2024322,Jatin Bajaj,B.Tech,CSE,7
2024323,Shubham Pandey,B.Tech,CSE,7
2024324,Siddharth Sinha,B.Tech,CSE,7
2024326,Palak Bhandari,B.Tech,CSE,7
2024327,Aarav Kumar,B.Tech,CSE,7
2024328,Zoya Rastogi,B.Tech,CSE,7
2024329,Vipul Rana,B.Tech,CSE,7
2024330,Pooja Parmar,B.Tech,CSE,7
2024331,Simran Tandon,B.Tech,ME,7
2024332,Alok Dobhal,B.Tech,ME,7
2024333,Abhinav Kapoor,B.Tech,ME,7
2024334,Keshav Mehta,B.Tech,ME,7
2024335,Srishti Yadav,B.Tech,ME,7
2024336,Raj Singh,B.Tech,ME,7
2024337,Ojas Rana,B.Tech,ME,7
2024338,Mahima Rathi,B.Tech,ME,7
2024339,Sandeep Goswami,B.Tech,ME,7
2024340,Gunjan Singh,B.Tech,ME,7
2024341,Kabir Arora,B.Tech,ME,7
2024342,Riya Pokhriyal,B.Tech,ME,7
2024344,Akanksha Garg,B.Tech,ME,7
2024345,Pulkit Rana,B.Tech,ME,7
2024346,Aditi Uniyal,B.Tech,ME,7
2024347,Hardik Aggarwal,B.Tech,ME,7
2024348,Aditi Saini,B.Tech,ME,7
2024349,Aditya Kumar,B.Tech,ME,7
2024351,Akanksha Mehra,B.Tech,ME,7
2024362,Palak Dobhal,B.Tech,PE,7
2024363,Shivani Dabral,B.Tech,PE,7
2024364,Udit Tomar,B.Tech,PE,7
2024365,Gautam Badoni,B.Tech,PE,7
2024366,Komal Agarwal,B.Tech,PE,7
2024367,Suhani Bhandari,B.Tech,PE,6
2024368,Sara Negi,B.Tech,PE,7
2024369,Ira Dobhal,B.Tech,ECE,7
2024370,Karan Kimothi,B.Tech,PE,7
2024371,Anjali Aggarwal,B.Tech,PE,7
2024374,Mehak Semwal,B.Tech,PE,7
2024375,Hemant Basu,B.Tech,PE,7
2024376,Ankita Bijalwan,B.Tech,PE,7
2024377,Sara Thapliyal,B.Tech,PE,7
2024378,Alok Bhandari,B.Tech,PE,7
2024379,Devansh Bansal,B.Tech,CSE,7
2024380,Muskan Gusain,B.Tech,CSE,6
2024381,Uday Khanduri,B.Tech,CSE,7
2024382,Ira Malhotra,B.Tech,EE,7
2024383,Priyanka Bhatt,B.Tech,PE,7
2024384,Shagun Goswami,B.Tech,AERO,6
2024385,Ayush Tripathi,B.Tech,CSE,7
2024386,Palak Dimri,B.Tech,CSE,7
2024387,Akanksha Vats,B.Tech,CSE,7
2024388,Raj Dimri,B.Tech,CSE,7
2024389,Ramya Thakur,B.Tech,CSE,7
2024392,Apoorva Verma,B.Tech,PE,7
2024393,Gaurav Mishra,B.Tech,PE,7
2025001,Ankit Bisht,B.Tech,CSE,5
2025002,Manish Lal,B.Tech,CSE,5
2025003,Jiya Dangwal,B.Tech,CSE,5
2025004,Laksh Malhotra,B.Tech,CSE,5
2025005,Ajay Gupta,B.Tech,CSE,5
2025006,Anshika Rawat,B.Tech,CSE,5
2025007,Chaitanya Nautiyal,B.Tech,CSE,5
2025008,Ayush Dangwal,B.Tech,CSE,5
2025009,Anmol Bisht,B.Tech,CSE,5
2025010,Aditi Pandey,B.Tech,CSE,5
2025011,Anjali Kothari,B.Tech,CSE,5
2025012,Abhinav Pant,B.Tech,CSE,5
2025013,Rajat Gusain,B.Tech,CSE,5
2025014,Neha Mahajan,B.Tech,CSE,5
2025015,Aditya Kandpal,B.Tech,CSE,5
2025016,Yamini Mehta,B.Tech,CSE,5
2025017,Harsh Chaudhary,B.Tech,CSE,5
2025018,Pranav Shukla,B.Tech,CSE,5
2025019,Vivek Dabral,B.Tech,CSE,5
2025020,Kajal Jain,B.Tech,CSE,5
2025022,Chetan Basu,B.Tech,CSE,5
2025023,Raghav Rajput,B.Tech,CSE,5
2025024,Sahil Rathi,B.Tech,CSE,5
2025025,Shruti Nainwal,B.Tech,CSE,5
2025026,Manav Khurana,B.Tech,CSE,4
2025027,Kartik Bisht,B.Tech,CSE,5
2025028,Sarthak Dobhal,B.Tech,CSE,5
2025029,Nitin Mehra,B.Tech,CSE,5
2025030,Tanmay Nagi,B.Tech,CSE,5
2025031,Mridul Chopra,B.Tech,CSE,5
2025032,Varun Mishra,B.Tech,CSE,5
2025033,Naman Raturi,B.Tech,CSE,5
2025034,Vinay Goswami,B.Tech,CSE,5
2025035,Ravi Chopra,B.Tech,CSE,5
2025036,Ashish Bijalwan,B.Tech,CSE,5
2025037,Ira Bahuguna,B.Tech,CSE,5
2025038,Vandana Uniyal,B.Tech,CSE,5
2025039,Jiya Kandpal,B.Tech,CSE,5
2025040,Sneha Maithani,B.Tech,CSE,5
2025041,Akshay Semwal,B.Tech,CSE,5
2025042,Uday Khurana,B.Tech,CSE,5
2025043,Divya Tiwari,B.Tech,CSE,5
2025044,Ravi Pokhriyal,B.Tech,CSE,5
2025045,Uday Kashyap,B.Tech,CSE,5
2025047,Kartik Rathi,B.Tech,CSE,5
2025048,Vikas Mehta,B.Tech,CSE,5
2025049,Pallavi Badoni,B.Tech,CSE,5
2025050,Prachi Rawal,B.Tech,CSE,5
2025051,Disha Arora,B.Tech,CSE,5
2025052,Vivek Patel,B.Tech,CSE,5
2025053,Rakesh Joshi,B.Tech,CSE,5
2025054,Khushi Kashyap,B.Tech,CSE,5
2025055,Saloni Tiwari,B.Tech,CSE,5
2025056,Shivani Rawat,B.Tech,CSE,5
2025057,Madhav Nainwal,B.Tech,CSE,5
2025058,Sumit Juyal,B.Tech,CSE,5
2025059,Kamal Saini,B.Tech,CSE,5
2025060,Mohit Bhardwaj,B.Tech,CSE,5
2025061,Hemant Rautela,B.Tech,CSE,5
2025062,Rajat Rajput,B.Tech,CSE,5
2025063,Vinay Badoni,B.Tech,CSE,5
2025064,Aishwarya Dobhal,B.Tech,CSE,5
2025065,Yashika Mittal,B.Tech,CSE,5
2025066,Yash Srivastava,B.Tech,CSE,5
2025067,Sanya Dubey,B.Tech,CSE,5
2025068,Neha Kimothi,B.Tech,CSE,5
2025069,Archit Oberoi,B.Tech,CSE,5
2025070,Yash Maithani,B.Tech,CSE,5
2025072,Vedant Gupta,B.Tech,CSE,5
2025073,Apoorva Nautiyal,B.Tech,CSE,5
2025074,Shruti Rastogi,B.Tech,CSE,5
2025075,Yuvraj Jain,B.Tech,CSE,5
2025076,Karan Rastogi,B.Tech,CSE,5
2025077,Preeti Goswami,B.Tech,CSE,5
2025078,Chetan Semwal,B.Tech,CSE,5
2025080,Shalini Gusain,B.Tech,CSE,5
2025081,Rudra Mishra,B.Tech,CSE,5
2025082,Vinay Dhiman,B.Tech,CSE,5
2025083,Sanchi Uniyal,B.Tech,CSE,5
2025084,Vivek Kukreti,B.Tech,CSE,5
2025085,Lavanya Kumar,B.Tech,CSE,5
2025086,Garima Gupta,B.Tech,CSE,5
2025087,Amisha Saxena,B.Tech,CSE,5
2025088,Anushka Bahuguna,B.Tech,CSE,5
2025089,Shreya Thakur,B.Tech,CSE,5
2025090,Rohit Barthwal,B.Tech,CSE,5
2025091,Srishti Dabral,B.Tech,CSE,5
2025092,Shubham Arora,B.Tech,CSE,5
2025093,Rajat Agarwal,B.Tech,CSE,5
2025094,Rohit Maithani,B.Tech,CSE,5
2025095,Chaitanya Bhatt,B.Tech,CSE,5
2025096,Chetan Khurana,B.Tech,CSE,5
2025097,Jaya Juyal,B.Tech,CSE,5
2025098,Tripti Srivastava,B.Tech,CSE,5
2025099,Shagun Sharma,B.Tech,CSE,5
2025100,Keshav Verma,B.Tech,CSE,5
2025101,Bhumika Bhandari,B.Tech,CSE,5
2025102,Rakesh Sood,B.Tech,CSE,5
2025103,Aarav Thakur,B.Tech,CSE,5
2025104,Mansi Mehta,B.Tech,CSE,5
2025106,Tripti Aggarwal,B.Tech,CSE,5
2025107,Vedant Kandpal,B.Tech,CSE,5
2025108,Anshika Bajaj,B.Tech,CSE,5
2025109,Gunjan Dhiman,B.Tech,CSE,5
2025110,Deepika Saini,B.Tech,CSE,5
2025112,Ashish Rawat,B.Tech,CSE,5
2025113,Anuj Dhiman,B.Tech,CSE,5
2025114,Prateek Sati,B.Tech,CSE,5
2025115,Mridul Maithani,B.Tech,CSE,5
2025116,Sachin Gusain,B.Tech,CSE,5
2025117,Eshaan Gaur,B.Tech,CSE,5
2025118,Aditi Kapoor,B.Tech,CSE,5
2025119,Tanishq Dhiman,B.Tech,CSE,5
2025120,Rajat Vats,B.Tech,CSE,5
2025121,Prateek Lal,B.Tech,CSE,5
2025122,Radhika Mehta,B.Tech,CSE,5
2025123,Zoya Dabral,B.Tech,CSE,5
2025124,Sneha Rawal,B.Tech,CSE,5
2025125,Bhavya Sethi,B.Tech,CSE,5
2025126,Pulkit Verma,B.Tech,CSE,5
2025127,Payal Pundir,B.Tech,CSE,5
2025128,Zoya Aggarwal,B.Tech,CSE,5
2025129,Rohit Bhardwaj,B.Tech,CSE,5
2025130,Naman Semwal,B.Tech,CSE,5
2025131,Khushi Bhatt,B.Tech,CSE,5
2025132,Vansh Bajaj,B.Tech,CSE,4
2025133,Ananya Badoni,B.Tech,CSE,5
2025135,Sanya Bahuguna,B.Tech,CSE,5
2025136,Devansh Semwal,B.Tech,CSE,4
2025137,Yogesh Negi,B.Tech,CSE,5
2025139,Sanya Chauhan,B.Tech,CSE,5
2025140,Sanket Srivastava,B.Tech,CSE,5
2025141,Khushi Mahajan,B.Tech,CSE,5
2025142,Eshaan Jain,B.Tech,CSE,5
2025144,Gautam Rawat,B.Tech,CSE,5
2025145,Harsh Bhardwaj,B.Tech,CSE,5
2025146,Rudra Mittal,B.Tech,CSE,5
2025147,Suhani Gusain,B.Tech,CSE,5
2025148,Payal Garg,B.Tech,CSE,5
2025149,Ishita Rautela,B.Tech,CSE,5
2025150,Shalini Basu,B.Tech,CSE,5
2025151,Kabir Oberoi,B.Tech,CSE,5
2025152,Shagun Trivedi,B.Tech,CSE,5
2025153,Pulkit Goswami,B.Tech,CSE,5
2025154,Prateek Thapliyal,B.Tech,CSE,5
2025155,Amisha Mishra,B.Tech,CSE,5
2025157,Sanya Goel,B.Tech,CSE,5
2025159,Arnav Thapliyal,B.Tech,CSE,5
2025160,Shivani Rautela,B.Tech,CSE,5
2025161,Apoorva Tripathi,B.Tech,CSE,5
2025162,Muskan Sethi,B.Tech,CSE,5
2025163,Amisha Chamoli,B.Tech,CSE,5
2025165,Radhika Pandey,B.Tech,CSE,5
2025166,Anuj Kapoor,B.Tech,CSE,4
2025167,Ravi Maurya,B.Tech,CSE,5
2025168,Nitin Rajput,B.Tech,CSE,5
2025169,Arjun Pokhriyal,B.Tech,CSE,5
2025170,Raghav Chauhan,B.Tech,CSE,5
2025171,Sagar Goel,B.Tech,CSE,5
2025172,Kavya Chamoli,B.Tech,CSE,5
2025173,Sanjana Barthwal,B.Tech,CSE,5
2025174,Pooja Kashyap,B.Tech,CSE,5
2025175,Sneha Maurya,B.Tech,CSE,5
2025176,Anshika Sinha,B.Tech,CSE,5
2025177,Sanket Barthwal,B.Tech,CSE,5
2025178,Lavanya Verma,B.Tech,CSE,5
2025179,Mehak Patel,B.Tech,CSE,5
2025180,Vikas Chaudhary,B.Tech,CSE,5
2025181,Ashutosh Sharma,B.Tech,CSE,5
2025182,Rohit Garg,B.Tech,CSE,5
2025183,Kriti Thapliyal,B.Tech,CSE,5
2025184,Sanchi Goel,B.Tech,CSE,5
2025185,Saloni Tripathi,B.Tech,CSE,5
2025186,Sarthak Bijalwan,B.Tech,CSE,5
2025187,Charvi Nanda,B.Tech,CSE,5
2025188,Nitin Dubey,B.Tech,CSE,5
2025189,Sanya Kumar,B.Tech,CSE,5
2025190,Sakshi Rajput,B.Tech,CSE,5
2025191,Surbhi Rajput,B.Tech,CSE,5
2025192,Sanchi Gaur,B.Tech,CSE,5
2025193,Madhav Tomar,B.Tech,CSE,5
2025194,Eshaan Lal,B.Tech,CSE,5
2025195,Alok Dubey,B.Tech,CSE,5
2025196,Madhav Patel,B.Tech,CSE,5
2025197,Payal Khanduri,B.Tech,CSE,5
2025198,Kunal Badoni,B.Tech,CSE,5
2025199,Nidhi Singh,B.Tech,CSE,5
2025200,Soumya Pokhriyal,B.Tech,CSE,5
2025201,Tanmay Garg,B.Tech,CSE,5
2025202,Tanmay Chopra,B.Tech,CSE,5
2025203,Yash Pandey,B.Tech,CSE,5
2025204,Tanishq Shukla,B.Tech,CSE,5
2025205,Manish Shukla,B.Tech,CSE,5
2025206,Ruchi Nagi,B.Tech,CSE,5
2025207,Surbhi Kashyap,B.Tech,CSE,5
2025208,Naveen Mishra,B.Tech,CSE,5
2025209,Abhinav Oberoi,B.Tech,CSE,5
2025210,Pooja Bahuguna,B.Tech,CSE,5
2025211,Simran Rajput,B.Tech,CSE,5
2025212,Vishal Semwal,B.Tech,CSE,5
2025213,Abhinav Badoni,B.Tech,CSE,5
2025214,Chaitanya Maithani,B.Tech,CSE,5
2025215,Ananya Nautiyal,B.Tech,CSE,5
2025216,Saloni Rathi,B.Tech,CSE,5
2025217,Karan Joshi,B.Tech,CSE,5
2025219,Navya Trivedi,B.Tech,CSE,5
2025220,Amisha Gaur,B.Tech,CSE,5
2025221,Madhav Bajaj,B.Tech,CSE,5
2025222,Sanya Mahajan,B.Tech,CSE,4
2025223,Vinay Bhatt,B.Tech,CSE,5
2025224,Devansh Dangwal,B.Tech,CSE,5
2025225,Karan Pant,B.Tech,CSE,5
2025226,Kunal Oberoi,B.Tech,CSE,5
2025227,Rohit Mahajan,B.Tech,CSE,5
2025228,Hemant Sood,B.Tech,CSE,5
2025229,Alok Negi,B.Tech,CSE,5
2025230,Keshav Nagi,B.Tech,CSE,5
2025231,Anushka Saini,B.Tech,CSE,5
2025232,Rajat Bhandula,B.Tech,CSE,5
2025233,Muskan Tripathi,B.Tech,CSE,5
2025234,Anmol Goel,B.Tech,CSE,5
2025235,Aarav Barthwal,B.Tech,CSE,5
2025236,Tripti Tripathi,B.Tech,CSE,5
2025237,Divya Rana,B.Tech,CSE,5
2025238,Navya Dangwal,B.Tech,CSE,5
2025239,Sanchi Arora,B.Tech,CSE,5
2025240,Radhika Gupta,B.Tech,CSE,5
2025241,Anuj Tandon,B.Tech,CSE,5
2025242,Mansi Malhotra,B.Tech,CSE,5
2025243,Aryan Lal,B.Tech,CSE,5
2025244,Ankita Bahuguna,B.Tech,CSE,5
2025245,Sakshi Saini,B.Tech,CSE,5
2025246,Aditya Negi,B.Tech,CSE,5
2025247,Anjali Barthwal,B.Tech,CSE,5
2025248,Anchal Verma,B.Tech,CSE,5
2025249,Akanksha Nanda,B.Tech,CSE,5
2025250,Parth Singh,B.Tech,CSE,5
2025251,Uday Thakur,B.Tech,CSE,5
2025252,Pranav Pundir,B.Tech,CSE,5
2025253,Vaibhav Saini,B.Tech,CSE,5
2025255,Raj Mittal,B.Tech,CSE,5
2025256,Nidhi Rathi,B.Tech,CSE,5
2025257,Manav Kothari,B.Tech,CSE,5
2025258,Sanya Gaur,B.Tech,CSE,5
2025259,Payal Kimothi,B.Tech,CSE,5
2025260,Soumya Rawat,B.Tech,CSE,5
2025261,Garima Chauhan,B.Tech,CSE,5
2025262,Ananya Patel,B.Tech,CSE,5
2025263,Mahima Rana,B.Tech,CSE,5
2025264,Rakesh Kothari,B.Tech,CSE,5
2025265,Komal Mishra,B.Tech,CSE,5
2025266,Udit Sinha,B.Tech,CSE,5
2025267,Naveen Joshi,B.Tech,CSE,5
2025268,Mridul Badoni,B.Tech,CSE,5
2025269,Raj Arora,B.Tech,CSE,5
2025270,Sneha Shukla,B.Tech,CSE,5
2025271,Mohit Chaudhary,B.Tech,CSE,5
2025272,Nisha Oberoi,B.Tech,CSE,5
2025273,Yuvraj Lal,B.Tech,CSE,5
2025274,Vinay Raturi,B.Tech,CSE,5
2025275,Prachi Parmar,B.Tech,CSE,5
2025276,Bhavya Verma,B.Tech,CSE,5
2025277,Gunjan Pundir,B.Tech,CSE,5
2025278,Arpit Saini,B.Tech,CSE,5
2025279,Yamini Bijalwan,B.Tech,CSE,5
2025280,Rohan Kashyap,B.Tech,CSE,5
2025281,Nisha Chopra,B.Tech,CSE,5
2025282,Amisha Rajput,B.Tech,CSE,5
2025283,Abhinav Malhotra,B.Tech,CSE,5
2025284,Raghav Nautiyal,B.Tech,CSE,5
2025285,Sachin Trivedi,B.Tech,CSE,5
2025286,Sandeep Sinha,B.Tech,CSE,5
2025287,Aishwarya Mehra,B.Tech,CSE,5
2025288,Ashish Agarwal,B.Tech,CSE,5
2025289,Mayank Bahuguna,B.Tech,CSE,5
2025290,Siddharth Dabral,B.Tech,CSE,5
2025291,Madhav Basu,B.Tech,CSE,5
2025292,Archit Arora,B.Tech,CSE,5
2025293,Kriti Chauhan,B.Tech,CSE,5
2025294,Kunal Parmar,B.Tech,CSE,5
2025295,Prachi Tandon,B.Tech,CSE,5
2025296,Ashish Sood,B.Tech,CSE,5
2025297,Rakesh Walia,B.Tech,CSE,5
2025298,Pranav Nagi,B.Tech,CSE,5
2025299,Naman Rana,B.Tech,CSE,5
2025300,Vansh Saini,B.Tech,CSE,5
2025301,Ishita Pundir,B.Tech,CSE,5
2025302,Keshav Badoni,B.Tech,CSE,5
2025303,Ishaan Tomar,B.Tech,CE,5
2025305,Anuj Malhotra,B.Tech,CSE,5
2025306,Ananya Kashyap,B.Tech,CSE,5
2025307,Nisha Semwal,B.Tech,CSE,5
2025308,Mridul Tripathi,B.Tech,CSE,5
2025309,Kartik Tandon,B.Tech,CSE,5
2025310,Shruti Garg,B.Tech,CSE,5
2025311,Meera Sinha,B.Tech,CSE,5
2025312,Vishal Mehra,B.Tech,CSE,5
2025313,Meera Sethi,B.Tech,CSE,5
2025314,Rudra Rawal,B.Tech,CSE,5
2025315,Rohan Kimothi,B.Tech,CSE,5
2025316,Archit Rana,B.Tech,CSE,5
2025317,Neha Dhiman,B.Tech,CSE,5
2025318,Sahil Trivedi,B.Tech,CSE,5
2025319,Chetan Bansal,B.Tech,CSE,5
2025320,Srishti Raturi,B.Tech,CSE,5
2025322,Harshita Badoni,B.Tech,CSE,5
2025323,Prachi Gupta,B.Tech,CSE,5
2025324,Gautam Dimri,B.Tech,CSE,4
2025325,Dhruv Kukreti,B.Tech,CSE,5
2025326,Ishaan Malhotra,B.Tech,CSE,5
2025327,Bhumika Anand,B.Tech,CSE,5
2025328,Hemant Tiwari,B.Tech,CSE,5
2025329,Aryan Agarwal,B.Tech,CSE,5
2025330,Raj Dubey,B.Tech,CSE,5
2025331,Pooja Lal,B.Tech,CSE,5
2025332,Gaurav Mehra,B.Tech,CSE,5
2025333,Navya Goswami,B.Tech,CSE,5
2025334,Raghav Gupta,B.Tech,CSE,5
2025335,Archit Barthwal,B.Tech,CSE,5
2025336,Tanmay Gusain,B.Tech,CSE,5
2025338,Abhinav Yadav,B.Tech,CSE,5
2025339,Sara Dimri,B.Tech,CSE,5
2025340,Rajat Bahuguna,B.Tech,CSE,5
2025341,Charvi Goswami,B.Tech,CSE,5
2025342,Diksha Malhotra,B.Tech,CSE,5
2025343,Ruchi Verma,B.Tech,CSE,5
2025344,Vaishnavi Dangwal,B.Tech,CSE,5
2025345,Tripti Mahajan,B.Tech,CSE,5
2025347,Yuvraj Kimothi,B.Tech,CSE,5
2025348,Srishti Mahajan,B.Tech,CSE,5
2025349,Muskan Pokhriyal,B.Tech,CSE,5
2025351,Rajat Khurana,B.Tech,CSE,5
2025352,Lavanya Aggarwal,B.Tech,CSE,5
2025353,Divya Singh,B.Tech,CSE,5
2025354,Apoorva Rana,B.Tech,CSE,5
2025355,Dev Chamoli,B.Tech,CSE,5
2025356,Muskan Soni,B.Tech,CSE,5
2025357,Shreya Kandpal,B.Tech,CSE,5
2025358,Arjun Mehta,B.Tech,CSE,5
2025359,Sneha Basu,B.Tech,CSE,5
2025360,Archit Semwal,B.Tech,CSE,5
2025361,Mansi Vats,B.Tech,CSE,5
2025362,Sara Rawat,B.Tech,CSE,5
2025363,Arjun Srivastava,B.Tech,CSE,5
2025365,Disha Badoni,B.Tech,CSE,5
2025366,Vedant Sati,B.Tech,CSE,5
2025367,Varun Rathi,B.Tech,CSE,5
2025368,Raghav Malhotra,B.Tech,CSE,5
2025369,Ramya Kukreti,B.Tech,CSE,5
2025370,Gunjan Rawal,B.Tech,CSE,5
2025371,Rajat Verma,B.Tech,CSE,5
2025372,Ayush Agarwal,B.Tech,CSE,5
2025373,Sachin Chopra,B.Tech,CSE,5
2025374,Vidhi Vats,B.Tech,CSE,5
2025375,Charvi Kandpal,B.Tech,CSE,5
2025376,Manav Bisht,B.Tech,CSE,5
2025377,Vaibhav Sati,B.Tech,CSE,5
2025378,Apoorva Khanduri,B.Tech,CSE,5
2025379,Apoorva Tomar,B.Tech,CSE,5
2025380,Shivani Basu,B.Tech,CSE,5
2025381,Udit Kashyap,B.Tech,CSE,5
2025382,Vidhi Pathak,B.Tech,CSE,5
2025383,Karan Anand,B.Tech,CSE,5
2025384,Chaitanya Kukreti,B.Tech,CSE,5
2025385,Preeti Pandey,B.Tech,CSE,5
2025386,Komal Gaur,B.Tech,CSE,5
2025387,Eshaan Maurya,B.Tech,CSE,5
2025388,Vedant Bhandula,B.Tech,CSE,5
2025389,Ankita Dabral,B.Tech,CSE,5
2025390,Naman Soni,B.Tech,CSE,5
2025391,Raghav Chaudhary,B.Tech,CSE,5
2025392,Pranav Saini,B.Tech,CSE,5
2025393,Preeti Aggarwal,B.Tech,CSE,5
2025394,Kavya Arora,B.Tech,CSE,5
2025395,Sakshi Chamoli,B.Tech,CSE,5
2025396,Pallavi Jain,B.Tech,CSE,5
2025397,Devansh Rastogi,B.Tech,CSE,5
2025398,Navya Nainwal,B.Tech,CSE,5
2025399,Yashika Dobhal,B.Tech,CSE,5
2025400,Siddharth Mahajan,B.Tech,CSE,5
2025401,Surbhi Rawal,B.Tech,CSE,5
2025402,Vaishnavi Rawal,B.Tech,CSE,5
2025403,Harsh Thakur,B.Tech,CSE,5
2025404,Navya Pant,B.Tech,CSE,5
2025405,Sumit Pant,B.Tech,CSE,5
2025406,Disha Dhiman,B.Tech,CSE,5
2025407,Ravi Rautela,B.Tech,CSE,5
2025408,Shruti Tandon,B.Tech,CSE,5
2025409,Ayush Garg,B.Tech,CSE,5
2025410,Vikas Bhandula,B.Tech,CSE,5
2025411,Charvi Kashyap,B.Tech,CSE,5
2025412,Zoya Kothari,B.Tech,CSE,5
2025413,Kajal Pant,B.Tech,CSE,5
2025414,Sara Oberoi,B.Tech,CSE,5
2025415,Arjun Malhotra,B.Tech,CSE,5
2025416,Radhika Goswami,B.Tech,CSE,5
2025417,Sanket Juyal,B.Tech,CSE,5
2025418,Nitin Bijalwan,B.Tech,CSE,5
2025419,Tushar Mehta,B.Tech,CSE,5
2025420,Zoya Panwar,B.Tech,CSE,5
2025421,Anuj Negi,B.Tech,CSE,5
2025422,Ashish Juyal,B.Tech,CSE,5
2025423,Prateek Sood,B.Tech,CSE,5
2025424,Saurabh Sinha,B.Tech,CSE,5
2025425,Tanmay Dubey,B.Tech,CSE,5
2025426,Pulkit Malhotra,B.Tech,CSE,5
2025427,Akanksha Kukreti,B.Tech,CSE,5
2025428,Aman Jain,B.Tech,CSE,5
2025429,Devansh Rajput,B.Tech,CSE,5
2025430,Kriti Pundir,B.Tech,CSE,5
2025431,Sneha Sharma,B.Tech,CSE,5
2025432,Ruchi Saxena,B.Tech,CSE,5
2025433,Siddharth Patel,B.Tech,CSE,5
2025434,Apoorva Kapoor,B.Tech,CSE,5
2025435,Manav Thakur,B.Tech,CSE,5
2025436,Soumya Bahuguna,B.Tech,CSE,5
2025437,Sara Bijalwan,B.Tech,CSE,5
2025438,Saloni Shukla,B.Tech,CSE,5
2025439,Soumya Sinha,B.Tech,CSE,5
2025440,Suhani Khanduri,B.Tech,CSE,5
2025441,Yashika Gupta,B.Tech,CSE,5
2025442,Hemant Dabral,B.Tech,CSE,5
2025443,Ojas Sinha,B.Tech,CSE,5
2025444,Sakshi Gusain,B.Tech,CSE,5
2025445,Ishaan Panwar,B.Tech,CSE,5
2025446,Radhika Dabral,B.Tech,CSE,5
2025447,Garima Rastogi,B.Tech,CSE,5
2025448,Kamal Mittal,B.Tech,CSE,5
2025449,Gaurav Maurya,B.Tech,CSE,5
2025450,Rohit Rajput,B.Tech,CSE,5
2025451,Pallavi Saxena,B.Tech,CSE,5
2025452,Ankita Tomar,B.Tech,CSE,5
2025453,Varun Bhatt,B.Tech,CSE,5
2025454,Hemant Bijalwan,B.Tech,CSE,5
2025455,Manav Maurya,B.Tech,CSE,5
2025456,Apoorva Singh,B.Tech,CSE,5
2025457,Rishabh Chauhan,B.Tech,CSE,5
2025458,Lakshya Dubey,B.Tech,CSE,5
2025459,Meera Rautela,B.Tech,CSE,5
2025460,Sakshi Srivastava,B.Tech,CSE,5
2025461,Yamini Chopra,B.Tech,CSE,5
2025462,Nitin Kashyap,B.Tech,CSE,5
2025463,Yashika Basu,B.Tech,CSE,5
2025464,Gaurav Gusain,B.Tech,CSE,5
2025465,Anjali Saxena,B.Tech,CSE,5
2025466,Ishita Bajaj,B.Tech,CSE,5
2025468,Sneha Sethi,B.Tech,CSE,5
2025469,Gaurav Uniyal,B.Tech,CSE,5
2025470,Abhinav Sinha,B.Tech,CSE,5
2025471,Arpit Sood,B.Tech,CSE,5
2025472,Prachi Khurana,B.Tech,CSE,5
2025473,Vaishnavi Rastogi,B.Tech,CSE,5
2025474,Anuj Aggarwal,B.Tech,CSE,5
2025475,Sanchi Nagi,B.Tech,CSE,5
2025476,Chetan Parmar,B.Tech,CSE,5
2025477,Vedant Nanda,B.Tech,CSE,5
2025478,Sagar Patel,B.Tech,CSE,5
2025479,Vinay Pandey,B.Tech,CSE,5
2025480,Tanishq Kapoor,B.Tech,CSE,5
2025481,Vansh Srivastava,B.Tech,CSE,5
2025482,Diksha Pokhriyal,B.Tech,CSE,5
2025483,Deepika Goswami,B.Tech,CSE,5
2025484,Nidhi Rana,B.Tech,CSE,5
2025485,Divya Kapoor,B.Tech,CSE,5
2025486,Yuvraj Saxena,B.Tech,CSE,5
2025487,Jatin Mehta,B.Tech,CSE,5
2025488,Rishabh Nainwal,B.Tech,CSE,5
2025489,Ashutosh Juyal,B.Tech,CSE,5
2025491,Riya Kukreti,B.Tech,CSE,5
2025492,Sara Yadav,B.Tech,CSE,5
2025493,Jiya Arora,B.Tech,CSE,5
2025494,Priyanka Singh,B.Tech,CSE,5
2025495,Arnav Bansal,B.Tech,CSE,5
2025496,Kriti Juyal,B.Tech,CSE,5
2025497,Raj Nanda,B.Tech,CSE,5
2025498,Divya Panwar,B.Tech,CSE,5
2025499,Vipul Kothari,B.Tech,CSE,5
2025500,Hemant Dobhal,B.Tech,CSE,5
2025501,Kavya Pathak,B.Tech,CSE,5
2025502,Mohit Sood,B.Tech,CSE,5
2025503,Akshay Anand,B.Tech,CSE,5
2025504,Devansh Tripathi,B.Tech,CSE,5
2025505,Naman Saini,B.Tech,CSE,5
2025506,Yamini Chaudhary,B.Tech,CSE,5
2025507,Chaitanya Pokhriyal,B.Tech,CSE,5
2025509,Bhavya Rathi,B.Tech,CSE,5
2025510,Ramya Joshi,B.Tech,CSE,5
2025511,Manav Khanduri,B.Tech,CSE,5
2025512,Sanjana Kumar,B.Tech,CSE,5
2025513,Prateek Jain,B.Tech,CSE,5
2025514,Vikram Thapliyal,B.Tech,CSE,5
2025515,Aman Bhandula,B.Tech,CSE,5
2025516,Tanvi Aggarwal,B.Tech,CSE,5
2025517,Palak Dhiman,B.Tech,CSE,5
2025518,Tanvi Singh,B.Tech,CSE,5
2025519,Abhinav Chamoli,B.Tech,CSE,5
2025520,Rohit Bisht,B.Tech,CSE,5
2025521,Vandana Chopra,B.Tech,CSE,5
2025522,Garima Sood,B.Tech,CSE,5
2025523,Ramya Chamoli,B.Tech,CSE,5
2025524,Soumya Yadav,B.Tech,CSE,5
2025525,Ashutosh Dobhal,B.Tech,CSE,5
2025526,Sachin Verma,B.Tech,CSE,5
2025527,Pooja Jain,B.Tech,CSE,5
2025528,Palak Nanda,B.Tech,CSE,5
2025529,Shagun Semwal,B.Tech,CSE,5
2025530,Akanksha Nainwal,B.Tech,CSE,5
2025531,Pooja Agarwal,B.Tech,CSE,5
2025532,Shivam Sood,B.Tech,CSE,5
2025533,Archit Kimothi,B.Tech,CSE,5
2025534,Mayank Semwal,B.Tech,CSE,5
2025535,Bhavya Kukreti,B.Tech,CSE,5
2025536,Ajay Basu,B.Tech,CSE,5
2025537,Vikas Chauhan,B.Tech,CSE,5
2025538,Raj Rautela,B.Tech,CSE,5
2025539,Radhika Rajput,B.Tech,CSE,5
2025540,Muskan Rathi,B.Tech,CSE,5
2025541,Radhika Bhatt,B.Tech,CSE,5
2025542,Archit Goswami,B.Tech,CSE,5
2025543,Amisha Kumar,B.Tech,CSE,5
2025544,Kajal Garg,B.Tech,CSE,5
2025545,Arnav Garg,B.Tech,CSE,5
2025546,Garima Tiwari,B.Tech,CSE,5
2025547,Yuvraj Dangwal,B.Tech,CSE,5
2025548,Naman Juyal,B.Tech,CSE,5
2025549,Pooja Raturi,B.Tech,CSE,5
2025550,Vaishnavi Panwar,B.Tech,CSE,5
2025551,Ankita Nagi,B.Tech,CSE,5
2025552,Mahima Chopra,B.Tech,CSE,5
2025553,Jiya Kothari,B.Tech,CSE,5
2025554,Khushi Oberoi,B.Tech,CSE,5
2025555,Dev Goswami,B.Tech,CSE,5
2025556,Ajay Raturi,B.Tech,CSE,5
2025557,Akanksha Kandpal,B.Tech,CSE,5
2025558,Yashika Mishra,B.Tech,CSE,5
2025559,Surbhi Sharma,B.Tech,CSE,5
2025560,Ishita Mehta,B.Tech,CSE,5
2025561,Prachi Semwal,B.Tech,CSE,5
2025562,Rishabh Arora,B.Tech,CSE,5
2025563,Prachi Chamoli,B.Tech,CSE,5
2025564,Sachin Shukla,B.Tech,CSE,5
2025565,Divya Gupta,B.Tech,CSE,5
2025566,Saloni Bhandari,B.Tech,CSE,5
2025567,Pooja Pathak,B.Tech,CSE,5
2025568,Sumit Arora,B.Tech,CSE,5
2025569,Jiya Pokhriyal,B.Tech,CSE,5
2025570,Sachin Chaudhary,B.Tech,CSE,5
2025571,Saloni Barthwal,B.Tech,CSE,5
2025572,Saloni Saxena,B.Tech,CSE,5
2025573,Aryan Malhotra,B.Tech,CSE,5
2025574,Vedant Joshi,B.Tech,CSE,5
2025575,Parth Kothari,B.Tech,CSE,5
2025576,Shivam Juyal,B.Tech,CSE,5
2025578,Prachi Patel,B.Tech,CSE,5
2025579,Sneha Mittal,B.Tech,CSE,5
2025581,Sachin Goel,B.Tech,CSE,3
2025582,Sagar Kukreti,B.Tech,CSE,5
2025583,Rahul Kapoor,B.Tech,CSE,5
2025584,Ajay Bansal,B.Tech,CSE,5
2025586,Jiya Gupta,B.Tech,CSE,5
2025587,Sanya Negi,B.Tech,CSE,5
2025588,Vansh Nautiyal,B.Tech,CSE,5
2025589,Muskan Maithani,B.Tech,CSE,5
2025590,Siddharth Kimothi,B.Tech,CSE,5
2025591,Gautam Anand,B.Tech,CSE,5
2025592,Omkar Bajaj,B.Tech,CSE,5
2025593,Vikas Sethi,B.Tech,CSE,5
2025594,Kamal Lal,B.Tech,CSE,5
2025595,Shalini Joshi,B.Tech,CSE,5
2025596,Tushar Pokhriyal,B.Tech,CSE,5
2025597,Harshita Dangwal,B.Tech,CSE,5
2025598,Srishti Bahuguna,B.Tech,CSE,5
2025599,Prateek Oberoi,B.Tech,CSE,5
2025600,Prateek Nautiyal,B.Tech,CSE,5
2025602,Sonal Pandey,B.Tech,CSE,4
2025603,Anchal Saini,B.Tech,CSE,5
2025604,Pooja Chauhan,B.Tech,CSE,5
2025605,Shruti Maithani,B.Tech,CSE,4
2025607,Charvi Vats,B.Tech,CSE,5
2025608,Disha Basu,B.Tech,CSE,5
2025609,Mansi Semwal,B.Tech,CSE,5
2025610,Tanishq Uniyal,B.Tech,CSE,5
2025611,Sandeep Joshi,B.Tech,CSE,5
2025612,Kavya Gusain,B.Tech,CSE,5
2025613,Meera Mittal,B.Tech,CSE,4
2025614,Akshay Negi,B.Tech,CSE,5
2025615,Eshaan Pathak,B.Tech,CSE,4
2025616,Kabir Bhandari,B.Tech,CSE,5
2025617,Sahil Tiwari,B.Tech,CSE,5
2025618,Ojas Pundir,B.Tech,CSE,5
2025619,Preeti Goel,B.Tech,CSE,4
2025620,Shruti Dimri,B.Tech,CSE,5
2025621,Saurabh Dobhal,B.Tech,CSE,5
2025622,Lakshya Gusain,B.Tech,CSE,5
2025623,Ishita Juyal,B.Tech,CSE,5
2025624,Tanishq Nautiyal,B.Tech,CSE,5
2025625,Mayank Kashyap,B.Tech,CSE,5
2025626,Lakshya Kapoor,B.Tech,CSE,5
2025701,Ayush Gaur,B.Tech,CSE,5
2025702,Sumit Pokhriyal,B.Tech,CSE,5
2025703,Tanvi Verma,B.Tech,CSE,5
2025704,Varun Bisht,B.Tech,CSE,5
2025705,Ojas Rathi,B.Tech,CSE,5
2025706,Kavya Dhiman,B.Tech,CSE,5
2025708,Rohan Gaur,B.Tech,CSE,5
2025709,Siddharth Semwal,B.Tech,CSE,5
2025710,Akshay Pant,B.Tech,CSE,5
2025711,Divya Sethi,B.Tech,CSE,5
2025712,Shalini Negi,B.Tech,CSE,5
2025713,Mayank Walia,B.Tech,CSE,5
2025714,Ankit Chaudhary,B.Tech,CSE,5
2025715,Sonal Rawat,B.Tech,CSE,5
2025716,Harshita Dabral,B.Tech,CSE,5
2025717,Alok Arora,B.Tech,CSE,5
2025718,Hemant Bansal,B.Tech,CSE,5
2025719,Aryan Raturi,B.Tech,CSE,5
2025720,Anshika Malhotra,B.Tech,CSE,5
2025721,Raj Khanduri,B.Tech,CSE,5
2025722,Abhay Nainwal,B.Tech,CSE,5
2025723,Dev Tandon,B.Tech,CSE,5
2025724,Abhinav Barthwal,B.Tech,CSE,5
2025725,Aishwarya Bajaj,B.Tech,CSE,4
2025726,Anchal Bahuguna,B.Tech,CSE,5
2025727,Rakesh Juyal,B.Tech,CSE,5
2025728,Chetan Bijalwan,B.Tech,CSE,5
2025729,Madhav Aggarwal,B.Tech,ECE,5
2025730,Manish Gaur,B.Tech,CSE,5
2025731,Charvi Saini,B.Tech,CSE,5
2025732,Vedant Shukla,B.Tech,CSE,5
2025733,Madhav Mishra,B.Tech,CSE,5
2025734,Srishti Mishra,B.Tech,CSE,5
2025735,Aman Sharma,B.Tech,CSE,4
2025736,Kriti Rastogi,B.Tech,CSE,5
2025737,Naveen Jain,B.Tech,CSE,5
2025738,Aryan Gaur,B.Tech,CSE,5
2025739,Srishti Basu,B.Tech,CSE,5
2025740,Ankit Mehra,B.Tech,CSE,5
2025741,Raj Kashyap,B.Tech,CSE,4
2025742,Sagar Nautiyal,B.Tech,CSE,5
2025743,Mansi Maurya,B.Tech,CSE,5
2025744,Disha Nainwal,B.Tech,CSE,5
2025745,Khushi Dangwal,B.Tech,CSE,5
2025746,Raghav Kukreti,B.Tech,CSE,5
2025747,Ankita Pundir,B.Tech,CSE,5
2025749,Ajay Thapliyal,B.Tech,CSE,5
2025750,Karan Bahuguna,B.Tech,CSE,5
2025751,Tanvi Patel,B.Tech,CSE,4
2025752,Sumit Sinha,B.Tech,CSE,4
2025753,Kavya Panwar,B.Tech,CSE,5
2025754,Komal Sethi,B.Tech,CSE,5
2025781,Nitin Verma,B.Tech,CSE,5
2025782,Amisha Rastogi,B.Tech,CSE,5
2025783,Naveen Tiwari,B.Tech,CSE,5
2025785,Mridul Gupta,B.Tech,CSE,5
2025786,Neha Rawat,B.Tech,CSE,5
2025787,Sagar Gaur,B.Tech,CSE,5
2025788,Aditi Verma,B.Tech,CSE,5
2025789,Gautam Tandon,B.Tech,CSE,5
2025790,Ankita Raturi,B.Tech,CSE,5
2025791,Mayank Khanduri,B.Tech,CSE,5
2025792,Prateek Verma,B.Tech,CSE,5
2025793,Himanshu Pundir,B.Tech,CSE,5
2025794,Alok Tandon,B.Tech,CSE,5
2025795,Tripti Mehra,B.Tech,CSE,5
2025796,Ishaan Sinha,B.Tech,CSE,5
2025797,Rajat Semwal,B.Tech,CSE,5
2025798,Pallavi Semwal,B.Tech,CSE,5
2025799,Hemant Joshi,B.Tech,CSE,5
2025800,Akash Tomar,B.Tech,CSE,5
2025801,Shalini Badoni,B.Tech,CSE,5
2025802,Sneha Yadav,B.Tech,CSE,5
2025803,Anchal Agarwal,B.Tech,CSE,5
2025804,Bhavya Pokhriyal,B.Tech,CSE,5
2025805,Parth Bhandula,B.Tech,CSE,5
2025806,Vaishnavi Sood,B.Tech,CSE,5
2025807,Rahul Sharma,B.Tech,CSE,5
2025808,Suhani Rautela,B.Tech,CSE,5
2025809,Naveen Chamoli,B.Tech,CSE,5
2025810,Mohit Singh,B.Tech,CSE,5
2025811,Dhruv Dhiman,B.Tech,CSE,5
2025812,Sachin Agarwal,B.Tech,CSE,5
2025813,Vipul Khanduri,B.Tech,CSE,5
2025814,Sanchi Saini,B.Tech,CSE,5
2025815,Sara Maithani,B.Tech,CSE,5
2025816,Shivani Bhardwaj,B.Tech,CSE,5
2025817,Anushka Sinha,B.Tech,CSE,5
2025818,Yogesh Sethi,B.Tech,CSE,5
2025819,Raj Nagi,B.Tech,CSE,5
2025820,Lakshya Arora,B.Tech,CSE,5
2025821,Sanchi Bansal,B.Tech,CSE,5
2025822,Gaurav Mahajan,B.Tech,CSE,5
2025823,Suhani Dabral,B.Tech,CSE,5
2025824,Gayatri Dabral,B.Tech,CSE,5
2025825,Parth Bhardwaj,B.Tech,CSE,5
2025826,Sara Mahajan,B.Tech,CSE,5
2025827,Laksh Pokhriyal,B.Tech,CSE,5
2025828,Aishwarya Sood,B.Tech,CSE,5
2025829,Udit Kandpal,B.Tech,CSE,5
2025831,Aryan Mahajan,B.Tech,CSE,5
2025832,Amisha Barthwal,B.Tech,CSE,5
2025833,Sonal Rawal,B.Tech,CSE,5
2025834,Sanjana Tiwari,B.Tech,CSE,5
2025835,Tanvi Vats,B.Tech,CSE,5
2025836,Dhruv Tiwari,B.Tech,CSE,5
2025837,Aarav Jain,B.Tech,CSE,5
2025838,Payal Semwal,B.Tech,CSE,5
2025839,Deepika Kumar,B.Tech,CSE,5
2025840,Chetan Sinha,B.Tech,CSE,5
2025841,Yogesh Nagi,B.Tech,CSE,5
2025842,Laksh Gusain,B.Tech,CSE,5
2025843,Tanvi Agarwal,B.Tech,CSE,5
2025844,Anmol Kumar,B.Tech,CSE,5
2025845,Amisha Khanduri,B.Tech,CSE,5
2025846,Ashutosh Bhardwaj,B.Tech,CSE,5
2025847,Nidhi Kapoor,B.Tech,CSE,5
2025848,Omkar Shukla,B.Tech,CSE,5
2025849,Shivam Basu,B.Tech,CSE,5
2025850,Harsh Dabral,B.Tech,CSE,5
2025851,Sanjana Bijalwan,B.Tech,CSE,5
2025852,Keshav Dobhal,B.Tech,CSE,5
2025853,Naveen Gaur,B.Tech,CSE,5
2025855,Ayush Vats,B.Tech,CSE,4
2025856,Ansh Patel,B.Tech,CSE,5
2025857,Abhinav Bahuguna,B.Tech,CSE,5
2025859,Sahil Badoni,B.Tech,CSE,5
2025860,Vandana Gupta,B.Tech,CSE,5
2025861,Yuvraj Sinha,B.Tech,CSE,5
2025862,Priyanka Tiwari,B.Tech,CSE,5
2025863,Vipul Sood,B.Tech,CSE,5
2025864,Lavanya Soni,B.Tech,CSE,5
2025865,Lavanya Mahajan,B.Tech,CSE,5
2025866,Nisha Dabral,B.Tech,CSE,5
2025867,Tarun Nagi,B.Tech,CSE,5
2025868,Vedant Gusain,B.Tech,CSE,5
2025869,Ashish Pant,B.Tech,CSE,5
2025870,Prateek Bansal,B.Tech,CSE,5
2025871,Nikhil Rathi,B.Tech,CSE,5
2025872,Ankita Basu,B.Tech,CSE,5
2025873,Srishti Srivastava,B.Tech,CSE,5
2025874,Anchal Semwal,B.Tech,CSE,5
2025875,Vansh Semwal,B.Tech,CSE,5
2025876,Shalini Aggarwal,B.Tech,CSE,5
2025877,Sachin Rana,B.Tech,CSE,5
2025878,Soumya Malhotra,B.Tech,CSE,5
2025879,Surbhi Barthwal,B.Tech,CSE,5
2025880,Manav Sood,B.Tech,CSE,5
2025881,Rahul Garg,B.Tech,CSE,5
2025882,Charvi Negi,B.Tech,CSE,5
2025883,Bhavya Tiwari,B.Tech,CSE,5
2025884,Nidhi Pundir,B.Tech,CSE,5
2025885,Naveen Gusain,B.Tech,CSE,5
2025886,Vaibhav Agarwal,B.Tech,CSE,5
2025887,Nandini Chaudhary,B.Tech,CSE,5
2025888,Charvi Gaur,B.Tech,CSE,5
2025889,Akash Dhiman,B.Tech,CSE,5
2025890,Tanishq Bhandari,B.Tech,CSE,5
2025891,Abhinav Juyal,B.Tech,CSE,5
2025892,Sagar Bhandula,B.Tech,CSE,5
2025893,Eshaan Rastogi,B.Tech,CSE,5
2025894,Vidhi Raturi,B.Tech,CSE,5
2025895,Ishita Agarwal,B.Tech,CSE,5
2025896,Pranav Nainwal,B.Tech,CSE,5
2025897,Ishita Chauhan,B.Tech,CSE,5
2025898,Akash Parmar,B.Tech,CSE,5
2025899,Preeti Oberoi,B.Tech,CSE,5
2025900,Pooja Sinha,B.Tech,CSE,5
2025901,Kriti Bijalwan,B.Tech,CSE,5
2025902,Kajal Tandon,B.Tech,CSE,5
2025903,Varun Badoni,B.Tech,CSE,5
2025904,Srishti Kumar,B.Tech,CSE,5
2025905,Keshav Yadav,B.Tech,CSE,5
2025906,Kajal Goel,B.Tech,CSE,5
2025907,Raghav Tripathi,B.Tech,CSE,5
2025908,Mayank Soni,B.Tech,CSE,5
2025909,Anuj Verma,B.Tech,CSE,5
2025910,Mansi Dubey,B.Tech,CSE,5
2025911,Anushka Maurya,B.Tech,CSE,5
2025912,Anushka Thakur,B.Tech,CSE,5
2025913,Akanksha Malhotra,B.Tech,CSE,5
2025914,Abhinav Kukreti,B.Tech,CSE,5
2025915,Mahima Nagi,B.Tech,CSE,5
2025916,Sandeep Yadav,B.Tech,CSE,5
2025917,Tushar Rautela,B.Tech,CSE,5
2025918,Abhinav Singh,B.Tech,CSE,5
2025919,Vishal Rana,B.Tech,CSE,4
2025920,Udit Aggarwal,B.Tech,CSE,5
2025921,Vinay Khurana,B.Tech,CSE,5
2025922,Mohit Pandey,B.Tech,CSE,5
2025923,Radhika Raturi,B.Tech,CSE,5
2025924,Kabir Pokhriyal,B.Tech,CSE,5
2025925,Divya Dabral,B.Tech,CSE,5
2025926,Vikram Walia,B.Tech,CSE,5
2025927,Rudra Sood,B.Tech,CSE,5
2025928,Naman Thapliyal,B.Tech,CSE,5
2025930,Sanya Chamoli,B.Tech,CSE,5
2025931,Diksha Sethi,B.Tech,CSE,5
2025933,Madhav Sharma,B.Tech,CSE,5
2025934,Aishwarya Singh,B.Tech,CSE,5
2025935,Prachi Kukreti,B.Tech,CSE,5
2025936,Ankit Sethi,B.Tech,CSE,5
2025937,Vikram Uniyal,B.Tech,CSE,5
2025938,Payal Tripathi,B.Tech,CSE,5
2025939,Vishal Dubey,B.Tech,CSE,5
2025941,Ravi Rawal,B.Tech,CSE,5
2025942,Ankit Lal,B.Tech,CSE,5
2025943,Shivani Gaur,B.Tech,CSE,4
2025944,Sanket Gupta,B.Tech,CSE,5
2025946,Aarav Sethi,B.Tech,CSE,5
2025947,Aman Mehta,B.Tech,CSE,5
2025948,Surbhi Pathak,B.Tech,CSE,5
2025949,Abhinav Sood,B.Tech,CSE,5
2025950,Sakshi Bhardwaj,B.Tech,CSE,5
2025951,Pulkit Maurya,B.Tech,CSE,5
2025953,Rajat Nanda,B.Tech,CSE,5
2025981,Tanishq Rautela,B.Tech,CSE,5
2025982,Mehak Srivastava,B.Tech,CSE,5
2025983,Rahul Rathi,B.Tech,CSE,5
2025985,Tanishq Rawat,B.Tech,CSE,4
2025986,Sanket Mahajan,B.Tech,CSE,5
2025987,Omkar Verma,B.Tech,CSE,5
2025988,Priya Sinha,B.Tech,CSE,5
2025989,Mehak Kukreti,B.Tech,CSE,5
2025990,Abhay Kimothi,B.Tech,CSE,5
2025991,Tanmay Basu,B.Tech,CSE,5
2025992,Tripti Vats,B.Tech,CSE,5
2025993,Devansh Mahajan,B.Tech,CSE,5
2025994,Bhavya Gusain,B.Tech,CSE,4
2025995,Manish Tiwari,B.Tech,CSE,5
2025996,Anjali Srivastava,B.Tech,CSE,5
2025997,Laksh Badoni,B.Tech,CSE,5
2025998,Mayank Maithani,B.Tech,CSE,5
2025999,Gayatri Pant,B.Tech,CSE,5
2026000,Shalini Uniyal,B.Tech,CSE,5
2026001,Ishita Tripathi,B.Tech,CSE,5
2026002,Sonal Chamoli,B.Tech,CSE,5
2026003,Ansh Rana,B.Tech,CSE,5
2026004,Mansi Singh,B.Tech,CSE,5
2026005,Aditya Walia,B.Tech,CSE,5
2026006,Aditya Nagi,B.Tech,CSE,5
2026007,Mohit Yadav,B.Tech,CSE,5
2026008,Mansi Mittal,B.Tech,CSE,5
2026009,Sandeep Uniyal,B.Tech,CSE,3
2026010,Kartik Nainwal,B.Tech,CSE,5
2026012,Ashish Bajaj,B.Tech,CSE,5
2026013,Sara Arora,B.Tech,CSE,5
2026014,Shubham Dimri,B.Tech,CSE,5
2026015,Archit Nagi,B.Tech,CSE,5
2026016,Bhumika Rautela,B.Tech,CSE,5
2026017,Gaurav Bisht,B.Tech,CSE,5
2026018,Tanvi Mishra,B.Tech,CSE,5
2026019,Gunjan Juyal,B.Tech,CSE,5
2026020,Preeti Chauhan,B.Tech,CSE,4
2026021,Ira Sethi,B.Tech,CSE,5
2026022,Gautam Semwal,B.Tech,CSE,5
2026023,Rohan Goel,B.Tech,CSE,5
2026024,Pallavi Mishra,B.Tech,CSE,5
2026025,Garima Bajaj,B.Tech,CSE,5
2026026,Tarun Mahajan,B.Tech,CSE,5
2026027,Mridul Bhatt,B.Tech,CSE,5
2026028,Arpit Yadav,B.Tech,CSE,5
2026029,Raghav Tomar,B.Tech,CSE,5
2026030,Priya Kandpal,B.Tech,CSE,5
2026031,Dev Khanduri,B.Tech,CSE,5
2026032,Vikram Dubey,B.Tech,CSE,5
2026033,Sanket Tandon,B.Tech,CSE,5
2026034,Divya Kashyap,B.Tech,CSE,5
2026035,Tripti Rana,B.Tech,CSE,5
2026036,Abhay Bansal,B.Tech,CSE,5
2026037,Soumya Joshi,B.Tech,CSE,5
2026038,Jiya Sinha,B.Tech,CSE,5
2026039,Arnav Arora,B.Tech,CSE,5
2026040,Simran Sinha,B.Tech,CSE,5
2026041,Mahima Garg,B.Tech,CSE,5
2026042,Mayank Dubey,B.Tech,CSE,5
2026043,Harsh Rautela,B.Tech,CSE,5
2026044,Srishti Nagi,B.Tech,CSE,5
2026045,Amit Maithani,B.Tech,CSE,5
2026046,Mansi Walia,B.Tech,CSE,5
2026047,Karan Kukreti,B.Tech,CSE,5
2026048,Preeti Dangwal,B.Tech,CSE,5
2026049,Riya Kothari,B.Tech,CSE,5
2026050,Yamini Raturi,B.Tech,CSE,5
2026051,Nikhil Gupta,B.Tech,CSE,5
2026052,Srishti Sharma,B.Tech,CSE,5
2026053,Anjali Rastogi,B.Tech,CSE,5
2026054,Naman Kumar,B.Tech,CSE,5
2026055,Shubham Srivastava,B.Tech,CSE,5
2026056,Shubham Mehra,B.Tech,CSE,5
2026057,Naveen Saxena,B.Tech,CSE,5
2026058,Pranav Gusain,B.Tech,CSE,5
2026059,Ravi Semwal,B.Tech,CSE,5
2026060,Aarav Semwal,B.Tech,CSE,5
2026061,Arnav Oberoi,B.Tech,CSE,5
2026063,Shreya Kimothi,B.Tech,CSE,5
2026064,Vikram Pant,B.Tech,CSE,5
2026065,Pranav Patel,B.Tech,CSE,5
2026066,Ruchi Rajput,B.Tech,CSE,5
2026067,Muskan Dhiman,B.Tech,CSE,5
2026068,Deepika Pandey,B.Tech,CSE,5
2026069,Vansh Rajput,B.Tech,CSE,5
2026070,Siddharth Shukla,B.Tech,CSE,5
2026071,Akshay Kandpal,B.Tech,CSE,5
2026073,Sonal Kashyap,B.Tech,CSE,5
2026074,Anuj Dangwal,B.Tech,CSE,5
2026075,Karan Yadav,B.Tech,CSE,5
2026076,Garima Bhandari,B.Tech,CSE,5
2026077,Vivek Bajaj,B.Tech,CSE,5
2026078,Madhav Bijalwan,B.Tech,CSE,5
2026079,Apoorva Soni,B.Tech,CSE,5
2026080,Prachi Sharma,B.Tech,CSE,5
2026081,Sara Sinha,B.Tech,CSE,5
2026082,Gautam Kukreti,B.Tech,CSE,5
2026083,Hardik Verma,B.Tech,CSE,5
2026084,Akanksha Sati,B.Tech,CSE,5
2026085,Lavanya Tripathi,B.Tech,CSE,5
2026086,Kavya Thapliyal,B.Tech,CSE,5
2026087,Sakshi Bhandari,B.Tech,CSE,5
2026088,Anshika Tripathi,B.Tech,CSE,5
2026089,Devansh Pant,B.Tech,CSE,5
2026090,Keshav Chauhan,B.Tech,CSE,5
2026091,Mehak Yadav,B.Tech,CSE,5
2026092,Palak Rautela,B.Tech,CSE,5
2026093,Abhay Mehta,B.Tech,CSE,5
2026094,Muskan Bansal,B.Tech,CSE,5
2026095,Meera Rajput,B.Tech,CE,4
2026096,Sahil Malhotra,B.Tech,CSE,5
2026097,Rahul Soni,B.Tech,CSE,5
2026098,Shruti Maurya,B.Tech,CSE,5
2026099,Anmol Tandon,B.Tech,CSE,5
2026100,Aryan Trivedi,B.Tech,CSE,5
2026101,Sahil Tripathi,B.Tech,CSE,5
2026102,Pranav Kothari,B.Tech,CSE,5
2026103,Rishabh Dhiman,B.Tech,CSE,5
2026104,Meera Walia,B.Tech,CSE,5
2026105,Ramya Dimri,B.Tech,CSE,5
2026106,Sagar Rajput,B.Tech,CSE,5
2026107,Mahima Anand,B.Tech,CSE,5
2026108,Tripti Jain,B.Tech,CSE,5
2026109,Meera Patel,B.Tech,CSE,5
2026110,Vidhi Kimothi,B.Tech,CSE,5
2026111,Tanmay Jain,B.Tech,CSE,5
2026112,Srishti Dangwal,B.Tech,CSE,5
2026113,Sagar Aggarwal,B.Tech,CSE,5
2026114,Prachi Pokhriyal,B.Tech,CSE,5
2026115,Rohan Mittal,B.Tech,CSE,5
2026116,Sandeep Verma,B.Tech,CSE,5
2026117,Abhinav Tandon,B.Tech,CSE,5
2026118,Udit Dimri,B.Tech,CSE,5
2026119,Anchal Rawal,B.Tech,CSE,4
2026120,Gautam Dabral,B.Tech,CSE,5
2026122,Vivek Tripathi,B.Tech,CSE,5
2026123,Aman Chopra,B.Tech,CSE,5
2026124,Nitin Chauhan,B.Tech,CSE,5
2026125,Raj Maithani,B.Tech,CSE,5
2026126,Muskan Barthwal,B.Tech,CSE,5
2026127,Vikas Vats,B.Tech,CSE,5
2026128,Shubham Bahuguna,B.Tech,CSE,5
2026129,Sanket Basu,B.Tech,CSE,5
2026130,Khushi Bijalwan,B.Tech,CSE,5
2026131,Shreya Lal,B.Tech,CSE,5
2026132,Prateek Joshi,B.Tech,CSE,5
2026133,Ravi Gaur,B.Tech,CSE,5
2026134,Chaitanya Rawal,B.Tech,CSE,5
2026136,Keshav Agarwal,B.Tech,CSE,5
2026137,Priyanka Kashyap,B.Tech,CSE,5
2026138,Meera Maurya,B.Tech,CSE,5
2026139,Rohit Basu,B.Tech,CSE,5
2026140,Deepak Raturi,B.Tech,CSE,5
2026141,Varun Walia,B.Tech,CSE,5
2026142,Sagar Kumar,B.Tech,CSE,5
2026143,Priya Mittal,B.Tech,CSE,5
2026144,Yashika Srivastava,B.Tech,CSE,5
2026145,Harsh Parmar,B.Tech,CSE,5
2026146,Karan Agarwal,B.Tech,CSE,5
2026147,Rajat Bisht,B.Tech,CSE,5
2026148,Kamal Maurya,B.Tech,CSE,5
2026149,Ayush Saini,B.Tech,CSE,5
2026150,Aryan Bijalwan,B.Tech,CSE,5
2026151,Rakesh Badoni,B.Tech,CSE,5
2026152,Chetan Bhatt,B.Tech,CSE,5
2026153,Parth Srivastava,B.Tech,CSE,5
2026154,Khushi Bisht,B.Tech,CSE,5
2026155,Tanmay Kumar,B.Tech,CSE,5
2026156,Tripti Garg,B.Tech,CSE,5
2026157,Prachi Mehra,B.Tech,CSE,5
2026158,Ishaan Dangwal,B.Tech,CSE,5
2026159,Sumit Kothari,B.Tech,CSE,5
2026160,Muskan Sinha,B.Tech,CSE,5
2026161,Parth Maithani,B.Tech,CSE,5
2026162,Kartik Pundir,B.Tech,CSE,5
2026163,Vipul Thapliyal,B.Tech,CSE,5
2026164,Harsh Chauhan,B.Tech,CSE,5
2026165,Rudra Rastogi,B.Tech,CSE,5
2026166,Tripti Bansal,B.Tech,CSE,5
2026167,Amisha Goswami,B.Tech,CSE,5
2026191,Manish Trivedi,B.Tech,CSE,5
2026192,Priyanka Kothari,B.Tech,CSE,5
2026193,Uday Barthwal,B.Tech,CSE,5
2026194,Saloni Nautiyal,B.Tech,CSE,5
2026195,Eshaan Bhatt,B.Tech,CSE,5
2026196,Ayush Nanda,B.Tech,CSE,5
2026197,Garima Mehta,B.Tech,CSE,5
2026198,Rudra Mehta,B.Tech,CSE,5
2026199,Lavanya Sati,B.Tech,CSE,5
2026200,Vaishnavi Anand,B.Tech,CSE,5
2026201,Sagar Bahuguna,B.Tech,CSE,5
2026202,Tushar Nainwal,B.Tech,CSE,5
2026203,Pranav Vats,B.Tech,CSE,5
2026204,Aditi Arora,B.Tech,CSE,5
2026205,Priyanka Semwal,B.Tech,CSE,4
2026206,Vikram Oberoi,B.Tech,CSE,5
2026207,Samarth Gupta,B.Tech,CSE,5
2026208,Deepak Sharma,B.Tech,CSE,5
2026209,Sanket Nainwal,B.Tech,CSE,5
2026210,Aarav Raturi,B.Tech,CSE,5
2026211,Ankita Negi,B.Tech,ME,3
2026212,Sandeep Thapliyal,B.Tech,CSE,5
2026213,Mohit Shukla,B.Tech,CSE,4
2026214,Eshaan Kashyap,B.Tech,CSE,5
2026215,Siddharth Singh,B.Tech,CSE,5
2026216,Siddharth Pundir,B.Tech,CSE,5
2026217,Chaitanya Tiwari,B.Tech,CSE,5
2026218,Hemant Sethi,B.Tech,CSE,5
2026219,Anmol Khanduri,B.Tech,CSE,5
2026220,Akash Uniyal,B.Tech,CSE,5
2026221,Zoya Bansal,B.Tech,CSE,5
2026223,Ananya Maurya,B.Tech,CSE,5
2026224,Nandini Bhandari,B.Tech,CSE,5
2026225,Sara Barthwal,B.Tech,CSE,5
2026227,Ishita Rana,B.Tech,CSE,5
2026228,Garima Verma,B.Tech,CSE,5
2026229,Ansh Joshi,B.Tech,CSE,5
2026230,Ojas Dobhal,B.Tech,CSE,5
2026231,Ashutosh Arora,B.Tech,CSE,5
2026233,Sagar Khanduri,B.Tech,CSE,5
2026234,Parth Nagi,B.Tech,CSE,5
2026235,Shagun Pandey,B.Tech,CSE,5
2026236,Lakshya Rastogi,B.Tech,CSE,5
2026237,Bhumika Tomar,B.Tech,CSE,5
2026238,Parth Trivedi,B.Tech,CSE,5
2026239,Mansi Tomar,B.Tech,CSE,5
2026240,Parth Saini,B.Tech,CSE,4
2026241,Rudra Khurana,B.Tech,CSE,5
2026242,Parth Thakur,B.Tech,CSE,4
2026243,Mridul Dubey,B.Tech,CSE,5
2026244,Aishwarya Bisht,B.Tech,CSE,5
2026245,Ishaan Goel,B.Tech,CSE,5
2026246,Gautam Rastogi,B.Tech,CSE,5
2026247,Omkar Walia,B.Tech,CSE,5
2026248,Priyanka Nagi,B.Tech,CSE,5
2026249,Madhav Gaur,B.Tech,CSE,5
2026250,Garima Rawat,B.Tech,CSE,5
2026251,Preeti Thakur,B.Tech,CSE,4
2026252,Akanksha Badoni,B.Tech,CSE,5
2026253,Sanjana Maurya,B.Tech,CSE,5
2026301,Anjali Tandon,B.Tech,CSE,5
2026302,Amisha Rathi,B.Tech,CSE,5
2026303,Priyanka Pandey,B.Tech,CSE,5
2026304,Disha Barthwal,B.Tech,CSE,5
2026305,Jiya Mahajan,B.Tech,CSE,5
2026306,Pallavi Pathak,B.Tech,CSE,5
2026308,Vikas Sood,B.Tech,CSE,5
2026309,Ira Sati,B.Tech,CSE,5
2026310,Mehak Nainwal,B.Tech,CE,5
2026311,Shreya Soni,B.Tech,CSE,4
2026312,Arpit Tripathi,B.Tech,CSE,5
2026313,Chaitanya Chauhan,B.Tech,CSE,5
2026314,Saloni Sood,B.Tech,CSE,5
2026315,Diksha Nautiyal,B.Tech,CSE,5
2026316,Tripti Mittal,B.Tech,CSE,5
2026317,Mayank Garg,B.Tech,CSE,5
2026318,Anshika Gupta,B.Tech,CSE,5
2026319,Khushi Mehra,B.Tech,CSE,5
2026321,Nisha Agarwal,B.Tech,CSE,5
2026322,Vinay Kukreti,B.Tech,CSE,5
2026323,Pallavi Pandey,B.Tech,CSE,5
2026324,Khushi Kumar,B.Tech,CSE,5
2026325,Ravi Sethi,B.Tech,CSE,5
2026326,Vikram Agarwal,B.Tech,CSE,5
2026327,Navya Soni,B.Tech,CSE,5
2026328,Kajal Bahuguna,B.Tech,CSE,5
2026329,Yash Nainwal,B.Tech,CSE,5
2026330,Karan Bhandula,B.Tech,CSE,5
2026332,Vaibhav Pant,B.Tech,CSE,5
2026333,Manish Saxena,B.Tech,CSE,5
2026334,Vinay Basu,B.Tech,CSE,5
2026335,Riya Bhatt,B.Tech,CSE,5
2026336,Hemant Chopra,B.Tech,CSE,5
2026337,Sakshi Nagi,B.Tech,CSE,5
2026338,Arpit Pant,B.Tech,CSE,5
2026339,Riya Tiwari,B.Tech,CSE,5
2026341,Simran Chauhan,B.Tech,CSE,5
2026342,Deepika Bajaj,B.Tech,CSE,5
2026343,Manish Dabral,B.Tech,CSE,5
2026344,Vandana Maithani,B.Tech,CSE,5
2026345,Jiya Kashyap,B.Tech,CSE,5
2026346,Bhumika Negi,B.Tech,CSE,5
2026347,Vaishnavi Bhandula,B.Tech,CSE,5
2026348,Udit Bhatt,B.Tech,CSE,5
2026349,Shreya Aggarwal,B.Tech,CSE,5
2026350,Deepak Dangwal,B.Tech,CSE,5
2026351,Soumya Sati,B.Tech,CSE,5
2026352,Kajal Agarwal,B.Tech,CSE,5
2026353,Srishti Bhandula,B.Tech,CSE,5
2026354,Kriti Aggarwal,B.Tech,CSE,5
2026355,Muskan Sharma,B.Tech,CSE,5
2026356,Khushi Kimothi,B.Tech,CSE,5
2026357,Nitin Rastogi,B.Tech,CSE,5
2026358,Disha Anand,B.Tech,CSE,4
2026359,Sumit Tomar,B.Tech,CSE,5
2026360,Apoorva Thakur,B.Tech,CSE,5
2026401,Ashish Patel,B.Tech,ECE,5
2026402,Shalini Maithani,B.Tech,CSE,5
2026403,Anuj Bisht,B.Tech,ECE,5
2026404,Ananya Vats,B.Tech,ECE,5
2026405,Disha Tandon,B.Tech,ECE,5
2026406,Vinay Rana,B.Tech,ECE,5
2026407,Anshika Dimri,B.Tech,ECE,5
2026408,Pallavi Sinha,B.Tech,ECE,5
2026409,Varun Mahajan,B.Tech,ECE,5
2026410,Srishti Agarwal,B.Tech,ECE,5
2026411,Anjali Tripathi,B.Tech,ECE,5
2026412,Karan Sethi,B.Tech,ECE,5
2026413,Archit Rawal,B.Tech,ECE,5
2026414,Kajal Rathi,B.Tech,ECE,5
2026415,Alok Lal,B.Tech,ECE,5
2026416,Sagar Dabral,B.Tech,ECE,5
2026417,Ananya Tomar,B.Tech,ECE,4
2026418,Yash Shukla,B.Tech,ECE,5
2026419,Shagun Pundir,B.Tech,ECE,5
2026420,Sagar Sati,B.Tech,ECE,5
2026421,Parth Bhandari,B.Tech,ECE,5
2026422,Rahul Negi,B.Tech,ECE,5
2026424,Neha Raturi,B.Tech,ECE,5
2026425,Abhinav Gusain,B.Tech,ECE,5
2026426,Meera Nainwal,B.Tech,ECE,5
2026427,Vansh Uniyal,B.Tech,ECE,5
2026428,Uday Tandon,B.Tech,ECE,5
2026429,Anuj Arora,B.Tech,ECE,5
2026430,Saurabh Agarwal,B.Tech,ECE,5
2026431,Vaibhav Gaur,B.Tech,ECE,5
2026432,Rakesh Kandpal,B.Tech,ECE,5
2026433,Amit Nainwal,B.Tech,ECE,5
2026434,Ruchi Sethi,B.Tech,ECE,5
2026436,Himanshu Garg,B.Tech,ECE,5
2026437,Rahul Dhiman,B.Tech,ECE,5
2026438,Raghav Walia,B.Tech,ECE,5
2026439,Anchal Nautiyal,B.Tech,ECE,5
2026440,Kajal Sinha,B.Tech,ECE,5
2026441,Gunjan Mehra,B.Tech,ECE,5
2026442,Anuj Kumar,B.Tech,ECE,5
2026443,Tanishq Lal,B.Tech,ECE,5
2026444,Payal Nainwal,B.Tech,ECE,5
2026445,Nandini Sati,B.Tech,CSE,4
2026481,Lakshya Kothari,B.Tech,EE,5
2026483,Mohit Rathi,B.Tech,EE,5
2026484,Rohan Tandon,B.Tech,EE,5
2026485,Nikhil Srivastava,B.Tech,EE,5
2026486,Anuj Bhandari,B.Tech,EE,5
2026487,Pooja Sati,B.Tech,EE,5
2026488,Yashika Semwal,B.Tech,EE,5
2026489,Aryan Bansal,B.Tech,EE,5
2026490,Mohit Srivastava,B.Tech,EE,5
2026501,Tanishq Sethi,B.Tech,ME,5
2026502,Hardik Kapoor,B.Tech,ME,5
2026505,Vipul Yadav,B.Tech,CSE,5
2026506,Tripti Pathak,B.Tech,ME,5
2026507,Yogesh Kumar,B.Tech,ECE,5
2026509,Gunjan Soni,B.Tech,ME,5
2026510,Payal Basu,B.Tech,ME,5
2026511,Sanket Arora,B.Tech,ME,5
2026513,Jiya Patel,B.Tech,ME,5
2026514,Saurabh Bansal,B.Tech,ME,5
2026515,Surbhi Sethi,B.Tech,ME,5
2026516,Gayatri Gupta,B.Tech,ME,4
2026517,Zoya Khurana,B.Tech,ME,5
2026518,Pallavi Panwar,B.Tech,ME,5
2026519,Shubham Thakur,B.Tech,ME,5
2026520,Divya Dhiman,B.Tech,ECE,5
2026521,Sumit Dubey,B.Tech,ME,5
2026522,Rahul Chaudhary,B.Tech,ME,5
2026523,Pulkit Sood,B.Tech,ME,3
2026525,Khushi Khurana,B.Tech,ME,5
2026552,Sachin Chauhan,B.Tech,PE,5
2026553,Palak Anand,B.Tech,PE,5
2026554,Mehak Nagi,B.Tech,PE,5
2026555,Shruti Sinha,B.Tech,PE,5
2026556,Shivam Joshi,B.Tech,PE,5
2026557,Saloni Kukreti,B.Tech,PE,5
2026558,Hardik Badoni,B.Tech,PE,5
2026559,Yuvraj Sood,B.Tech,PE,5
2026560,Gunjan Rana,B.Tech,PE,5
2026581,Vivek Lal,B.Tech,AERO,5
2026582,Vinay Gusain,B.Tech,AERO,5
2026583,Rohit Agarwal,B.Tech,AERO,5
2026584,Laksh Parmar,B.Tech,AERO,5
2026585,Samarth Bhandula,B.Tech,AERO,5
2026586,Sagar Thapliyal,B.Tech,AERO,3
2026587,Yuvraj Bhardwaj,B.Tech,ME,5
2026588,Tanvi Tomar,B.Tech,AERO,5
2026589,Vikas Saxena,B.Tech,AERO,4
2026590,Mohit Basu,B.Tech,ECE,5
2026591,Shalini Tripathi,B.Tech,AERO,5
2026592,Vivek Garg,B.Tech,AERO,5
2026593,Arnav Tiwari,B.Tech,AERO,5
2026594,Ankit Verma,B.Tech,AERO,5
2026595,Harsh Maithani,B.Tech,AERO,5
2026596,Mridul Negi,B.Tech,AERO,5
2026597,Abhinav Chauhan,B.Tech,AERO,5
2026598,Shalini Agarwal,B.Tech,AERO,5
2026599,Alok Rautela,B.Tech,AERO,5
2026600,Shivam Chamoli,B.Tech,AERO,5
2026601,Anuj Agarwal,B.Tech,AERO,5
2026602,Ansh Gaur,B.Tech,AERO,5
2026603,Sandeep Chopra,B.Tech,PE,5
2026628,Neha Verma,B.Tech,CE,7
2026658,Shreya Semwal,B.Tech,CE,8
2026661,Disha Tomar,B.Tech,CE,8
2026663,Divya Nainwal,B.Tech,CE,8
2026671,Ankit Malhotra,B.Tech,CE,8
2026701,Riya Dhiman,B.Tech,CE,5
2026702,Tarun Bhatt,B.Tech,CE,5
2026703,Karan Patel,B.Tech,CE,5
2026704,Komal Dimri,B.Tech,CE,5
2026705,Lakshya Rajput,B.Tech,CE,5
2026706,Tanmay Juyal,B.Tech,CE,5
2026707,Aarav Soni,B.Tech,CE,5
2026708,Chaitanya Rathi,B.Tech,CE,5
2026709,Mehak Basu,B.Tech,CE,5
2026710,Apoorva Sharma,B.Tech,CE,5
2026711,Madhav Verma,B.Tech,CE,5
2026712,Jaya Nautiyal,B.Tech,CE,5
2026713,Kunal Kimothi,B.Tech,CE,5
2026714,Ayush Kimothi,B.Tech,CE,5
2026715,Saurabh Nagi,B.Tech,CE,5
2026716,Bhavya Mehta,B.Tech,CE,5
2026717,Tripti Nagi,B.Tech,CE,5
2026718,Pooja Dangwal,B.Tech,CE,5
2026719,Uday Mishra,B.Tech,CE,5
2026720,Bhavya Jain,B.Tech,CE,5
2026721,Ishita Nainwal,B.Tech,CE,5
2026722,Meera Parmar,B.Tech,CE,5
2026723,Omkar Bhandula,B.Tech,CE,5
2026724,Mehak Walia,B.Tech,CE,5
2026725,Sakshi Dhiman,B.Tech,CE,5
2026726,Meera Srivastava,B.Tech,CE,5
2026727,Prachi Gaur,B.Tech,CE,4
2026728,Prateek Saini,B.Tech,CE,5
2026729,Navya Kandpal,B.Tech,CE,4
2026730,Deepak Pandey,B.Tech,CE,5
2026731,Radhika Bahuguna,B.Tech,CE,5
2026732,Shruti Soni,B.Tech,CE,5
2026733,Rudra Thakur,B.Tech,CE,5
2026741,Shagun Maithani,B.Tech,ME,8
2026742,Tushar Chopra,B.Tech,ME,8
2026743,Jiya Oberoi,B.Tech,ME,8
2026744,Vikram Chamoli,B.Tech,ME,8
2026745,Archit Sethi,B.Tech,ME,8
2026746,Anjali Kumar,B.Tech,ME,8
2026747,Lakshya Walia,B.Tech,ME,8
2026748,Archit Kothari,B.Tech,ME,8
2026749,Payal Rawat,B.Tech,ME,8
2026750,Ravi Barthwal,B.Tech,ME,8
2026751,Bhavya Bhatt,B.Tech,ME,8
2026752,Mohit Vats,B.Tech,ME,8
2026801,Sachin Pant,B.Tech,BT,5
2026802,Shivam Chaudhary,B.Tech,BT,5
2026803,Archit Agarwal,B.Tech,BT,5
2026804,Sakshi Rana,B.Tech,BT,5
2026805,Deepika Sharma,B.Tech,BT,5
2026806,Harshita Dimri,B.Tech,BT,5
2026808,Sachin Bahuguna,B.Tech,BT,5
2026809,Ashutosh Dubey,B.Tech,BT,5
2026810,Yamini Thakur,B.Tech,BT,5
2026811,Radhika Tiwari,B.Tech,BT,5
2026812,Ishaan Kukreti,B.Tech,BT,5
2026813,Samarth Vats,B.Tech,BT,5
2026814,Yashika Nagi,B.Tech,BT,5
2026815,Anshika Thapliyal,B.Tech,BT,5
2026816,Saurabh Dubey,B.Tech,BT,5
2026817,Ira Pathak,B.Tech,BT,5
2026818,Akanksha Goel,B.Tech,BT,5
2026819,Keshav Thapliyal,B.Tech,BT,5
2026820,Muskan Bhandula,B.Tech,BT,5
2026821,Vinay Mehra,B.Tech,BT,5
2026822,Kartik Rana,B.Tech,BT,5
2026823,Lakshya Pundir,B.Tech,BT,5
2026824,Tanishq Saini,B.Tech,BT,5
2026825,Abhay Rajput,B.Tech,BT,5
2026826,Sandeep Dhiman,B.Tech,BT,5
2026827,Shagun Kothari,B.Tech,BT,5
2026828,Payal Bansal,B.Tech,BT,5
2026829,Amit Bhatt,B.Tech,BT,5
2026830,Rahul Saxena,B.Tech,BT,5
2026831,Sanchi Barthwal,B.Tech,BT,5
2026832,Sarthak Goel,B.Tech,BT,5
2026833,Mohit Joshi,B.Tech,BT,5
2026834,Vandana Maurya,B.Tech,BT,5
2026835,Rohit Patel,B.Tech,BT,5
2026836,Arnav Goel,B.Tech,BT,5
2026837,Samarth Kashyap,B.Tech,BT,5
2026838,Preeti Trivedi,B.Tech,BT,5
2026839,Archit Chamoli,B.Tech,BT,5
2026840,Disha Kashyap,B.Tech,BT,5
2026841,Ravi Panwar,B.Tech,BT,5
2026843,Sonal Sati,B.Tech,BT,5
2026844,Ashutosh Badoni,B.Tech,BT,5
2026845,Bhumika Nautiyal,B.Tech,BT,5
2026846,Soumya Saini,B.Tech,BT,5
2026848,Vansh Yadav,B.Tech,BT,5
2026849,Abhinav Rawal,B.Tech,BT,5
2026850,Sonal Rathi,B.Tech,BT,5
2026851,Harsh Sinha,B.Tech,BT,5
2026852,Ajay Maithani,B.Tech,BT,5
2026853,Simran Tomar,B.Tech,BT,5
2026854,Tanmay Kashyap,B.Tech,BT,5
2026855,Sonal Dabral,B.Tech,BT,5
2026856,Vishal Mahajan,B.Tech,BT,5
2026857,Rudra Pokhriyal,B.Tech,BT,5
2026858,Kartik Nanda,B.Tech,BT,5
2026861,Sanjana Kothari,B.Tech,BT,5
2026862,Yash Kandpal,B.Tech,BT,5
2026863,Shivani Khanduri,B.Tech,BT,5
2026864,Sandeep Patel,B.Tech,BT,5
2026865,Chaitanya Rawat,B.Tech,BT,5
2026866,Priyanka Raturi,B.Tech,BT,5
2026867,Ishita Rawat,B.Tech,BT,5
2026868,Rohan Khanduri,B.Tech,BT,5
2026869,Karan Khanduri,B.Tech,BT,5
2026870,Shivam Khanduri,B.Tech,BT,5
2026871,Kavya Tomar,B.Tech,BT,5
2026872,Parth Oberoi,B.Tech,BT,5
2026873,Yash Saini,B.Tech,BT,5
2026874,Zoya Parmar,B.Tech,BT,5
2026875,Abhinav Bajaj,B.Tech,BT,5
2026876,Kabir Goswami,B.Tech,BT,5
2026877,Nandini Saini,B.Tech,BT,5
2026878,Sanket Bijalwan,B.Tech,BT,5
2026879,Deepak Semwal,B.Tech,BT,5
2026880,Pranav Bhandari,B.Tech,BT,5
2026881,Soumya Garg,B.Tech,BT,5
2026882,Gayatri Kapoor,B.Tech,BT,5
2026883,Karan Kandpal,B.Tech,BT,5
2026884,Mridul Juyal,B.Tech,BT,5
2026885,Sonal Gusain,B.Tech,BT,5
2026886,Naveen Singh,B.Tech,BT,5
2026887,Prateek Kothari,B.Tech,BT,5
2026888,Vivek Mehta,B.Tech,BT,5
2026889,Kamal Dhiman,B.Tech,BT,5
2026890,Arnav Kumar,B.Tech,BT,5
2026891,Soumya Gusain,B.Tech,BT,5
2026892,Tushar Negi,B.Tech,BT,5
2026893,Sarthak Pant,B.Tech,BT,5
2026894,Soumya Parmar,B.Tech,BT,5
2026895,Kartik Bhandari,B.Tech,BT,5
2026896,Mohit Trivedi,B.Tech,BT,5
2026897,Anmol Bahuguna,B.Tech,ME,5
2026898,Anchal Sati,B.Tech,BT,5
2026901,Soumya Tripathi,B.Tech,ME,7
2026902,Shagun Sati,B.Tech,ME,7
2026903,Aman Rawat,B.Tech,ME,7
2026904,Tanmay Lal,B.Tech,ME,7
2026905,Vishal Malhotra,B.Tech,ME,7
2026907,Aryan Dobhal,B.Tech,ME,7
2026908,Navya Parmar,B.Tech,ME,7
2026909,Gautam Maurya,B.Tech,ME,7
2026910,Prachi Nautiyal,B.Tech,ME,7
2026911,Rishabh Sinha,B.Tech,ME,7
2026912,Soumya Goswami,B.Tech,ME,6
2026913,Tushar Srivastava,B.Tech,ME,7
2026915,Vaishnavi Thapliyal,B.Tech,ME,6
2026916,Palak Malhotra,B.Tech,ME,7
2026917,Parth Rana,B.Tech,ME,7
2026918,Lakshya Rawat,B.Tech,ME,7
2026919,Vivek Mehra,B.Tech,ME,7
2026920,Ramya Semwal,B.Tech,ME,7
2026921,Sanchi Trivedi,B.Tech,ME,7
2026923,Surbhi Lal,B.Tech,ME,7
2026924,Srishti Gusain,B.Tech,ME,7
2026931,Mahima Bisht,B.Tech,CSE,5
2026932,Vaibhav Thakur,B.Tech,CSE,5
2026933,Tanvi Parmar,B.Tech,CSE,5
2026935,Pranav Basu,B.Tech,CSE,5
2026936,Nitin Pandey,B.Tech,CSE,5
2026937,Yuvraj Shukla,B.Tech,CSE,5
2026938,Komal Anand,B.Tech,CSE,5
2026939,Vikram Maurya,B.Tech,CSE,5
2026940,Saloni Garg,B.Tech,ECE,5
2026941,Ramya Soni,B.Tech,EE,5
2026942,Jaya Tomar,B.Tech,AERO,5
2026943,Himanshu Aggarwal,B.Tech,AERO,5
2026944,Samarth Bisht,B.Tech,CSE,5
2026945,Yashika Pundir,B.Tech,CSE,5
2026949,Ramya Kothari,B.Tech,CE,5
2026950,Neha Bhardwaj,B.Tech,CSE,5
2027501,Shivani Semwal,B.Tech,CSE,3
2027502,Vinay Goel,B.Tech,CSE,3
2027503,Ishaan Chauhan,B.Tech,CSE,3
2027504,Vinay Kandpal,B.Tech,CSE,3
2027505,Kunal Rautela,B.Tech,CSE,3
2027506,Amit Jain,B.Tech,CSE,3
2027507,Ankita Malhotra,B.Tech,CSE,3
2027508,Kajal Shukla,B.Tech,CSE,3
2027509,Srishti Bhatt,B.Tech,CSE,3
2027510,Anushka Yadav,B.Tech,CSE,3
2027511,Ira Basu,B.Tech,CSE,3
2027512,Akash Yadav,B.Tech,CSE,3
2027513,Neha Sharma,B.Tech,CSE,3
2027514,Hardik Shukla,B.Tech,CSE,3
2027515,Sagar Joshi,B.Tech,CSE,3
2027516,Raghav Bisht,B.Tech,CSE,3
2027517,Lavanya Dimri,B.Tech,CSE,2
2027518,Hemant Tandon,B.Tech,CSE,3
2027519,Sneha Bansal,B.Tech,CSE,3
2027520,Vidhi Nagi,B.Tech,CSE,3
2027521,Yogesh Gusain,B.Tech,CSE,3
2027522,Eshaan Chopra,B.Tech,CSE,3
2027523,Yash Lal,B.Tech,CSE,3
2027524,Kunal Chamoli,B.Tech,CSE,3
2027525,Sanket Soni,B.Tech,CSE,3
2027526,Zoya Maurya,B.Tech,CSE,3
2027527,Sakshi Mahajan,B.Tech,CSE,3
2027528,Raghav Badoni,B.Tech,CSE,3
2027529,Diksha Kimothi,B.Tech,CSE,3
2027530,Deepika Tiwari,B.Tech,CSE,3
2027531,Riya Sood,B.Tech,CSE,3
2027532,Amit Tripathi,B.Tech,CSE,3
2027533,Devansh Anand,B.Tech,CSE,3
2027534,Jatin Sinha,B.Tech,CSE,3
2027535,Gayatri Kukreti,B.Tech,CSE,3
2027536,Deepak Bhandula,B.Tech,CSE,3
2027537,Tushar Sood,B.Tech,CSE,3
2027538,Pallavi Khanduri,B.Tech,CSE,3
2027539,Keshav Chopra,B.Tech,CSE,3
2027540,Akanksha Chopra,B.Tech,CSE,3
2027541,Rakesh Gaur,B.Tech,CSE,3
2027542,Shruti Lal,B.Tech,CSE,3
2027543,Prateek Rawat,B.Tech,CSE,3
2027544,Rishabh Gaur,B.Tech,CSE,3
2027545,Sneha Dimri,B.Tech,CSE,3
2027546,Amit Mahajan,B.Tech,CSE,3
2027547,Nitin Trivedi,B.Tech,CSE,3
2027548,Sagar Mahajan,B.Tech,CSE,3
2027549,Aditya Barthwal,B.Tech,CSE,3
2027550,Vidhi Rautela,B.Tech,CSE,3
2027551,Akash Nainwal,B.Tech,CSE,3
2027552,Shivani Bisht,B.Tech,CSE,3
2027553,Shubham Sharma,B.Tech,CSE,3
2027554,Manav Thapliyal,B.Tech,CSE,3
2027555,Meera Maithani,B.Tech,CSE,3
2027556,Bhumika Chamoli,B.Tech,CSE,3
2027558,Shreya Chauhan,B.Tech,CSE,3
2027559,Rakesh Nagi,B.Tech,CSE,3
2027560,Zoya Joshi,B.Tech,CSE,3
2027561,Rakesh Bhatt,B.Tech,CSE,3
2027562,Sarthak Malhotra,B.Tech,CSE,3
2027563,Jaya Agarwal,B.Tech,CSE,3
2027564,Sakshi Nautiyal,B.Tech,CSE,3
2027565,Karan Aggarwal,B.Tech,CSE,3
2027566,Tarun Tomar,B.Tech,CSE,3
2027567,Ananya Soni,B.Tech,CSE,3
2027568,Himanshu Negi,B.Tech,CSE,3
2027569,Rakesh Pathak,B.Tech,CSE,3
2027570,Sachin Bhandari,B.Tech,CSE,3
2027571,Vansh Gupta,B.Tech,CSE,3
2027572,Nisha Kumar,B.Tech,CSE,2
2027573,Sara Bhardwaj,B.Tech,CSE,3
2027574,Mohit Barthwal,B.Tech,CSE,3
2027575,Ramya Shukla,B.Tech,CSE,3
2027576,Suhani Dimri,B.Tech,CSE,3
2027577,Abhinav Tiwari,B.Tech,CSE,3
2027578,Tarun Kumar,B.Tech,CSE,3
2027579,Anmol Mehra,B.Tech,CSE,3
2027580,Archit Thapliyal,B.Tech,CSE,3
2027581,Ankit Pant,B.Tech,CSE,3
2027582,Dhruv Rathi,B.Tech,CSE,3
2027583,Hemant Dubey,B.Tech,CSE,3
2027584,Vidhi Tiwari,B.Tech,CSE,3
2027585,Himanshu Sharma,B.Tech,CSE,3
2027586,Abhinav Sethi,B.Tech,CSE,3
2027587,Dev Thapliyal,B.Tech,CSE,3
2027588,Nikhil Walia,B.Tech,CSE,3
2027589,Vaibhav Bhandula,B.Tech,CSE,3
2027590,Ira Tripathi,B.Tech,CSE,3
2027591,Anuj Kimothi,B.Tech,CSE,3
2027592,Shivam Patel,B.Tech,CSE,3
2027593,Sanchi Lal,B.Tech,CSE,3
2027594,Yamini Kandpal,B.Tech,CSE,3
2027595,Anjali Panwar,B.Tech,CSE,3
2027596,Lavanya Anand,B.Tech,CSE,3
2027597,Palak Rana,B.Tech,CSE,3
2027598,Vedant Tandon,B.Tech,CSE,3
2027599,Raghav Bhardwaj,B.Tech,CSE,3
2027600,Kriti Dhiman,B.Tech,CSE,3
2027601,Lakshya Nautiyal,B.Tech,CSE,3
2027602,Sachin Khurana,B.Tech,CSE,3
2027603,Anmol Saini,B.Tech,CSE,3
2027604,Sanjana Negi,B.Tech,CSE,3
2027605,Sarthak Tiwari,B.Tech,CSE,3
2027606,Saloni Malhotra,B.Tech,CSE,3
2027607,Vikram Kashyap,B.Tech,CSE,3
2027608,Komal Bajaj,B.Tech,CSE,3
2027609,Nisha Kothari,B.Tech,CSE,3
2027610,Navya Uniyal,B.Tech,CSE,3
2027612,Suhani Kimothi,B.Tech,CSE,3
2027613,Garima Rana,B.Tech,CSE,3
2027614,Kunal Pathak,B.Tech,CSE,3
2027615,Hardik Kumar,B.Tech,CSE,3
2027616,Karan Arora,B.Tech,CSE,3
2027617,Udit Dubey,B.Tech,CSE,3
2027618,Vidhi Basu,B.Tech,CSE,3
2027619,Rahul Bhardwaj,B.Tech,CSE,3
2027620,Aarav Oberoi,B.Tech,CSE,3
2027621,Tanishq Tomar,B.Tech,CSE,3
2027622,Tushar Tripathi,B.Tech,CSE,3
2027623,Akshay Tomar,B.Tech,CSE,3
2027624,Komal Chopra,B.Tech,CSE,3
2027625,Akanksha Soni,B.Tech,CSE,3
2027626,Pooja Tomar,B.Tech,CSE,3
2027627,Chetan Chauhan,B.Tech,CSE,3
2027628,Vaibhav Chopra,B.Tech,CSE,3
2027629,Shalini Nainwal,B.Tech,CSE,3
2027630,Tanishq Bisht,B.Tech,CSE,3
2027631,Pranav Goswami,B.Tech,CSE,3
2027632,Ravi Khanduri,B.Tech,CSE,3
2027633,Ankit Juyal,B.Tech,CSE,3
2027634,Ravi Pundir,B.Tech,CSE,3
2027635,Sumit Sethi,B.Tech,CSE,3
2027636,Ankita Barthwal,B.Tech,CSE,3
2027637,Anjali Rajput,B.Tech,CSE,3
2027638,Anshika Nagi,B.Tech,CSE,3
2027639,Anushka Bhatt,B.Tech,CSE,3
2027640,Ajay Patel,B.Tech,CSE,3
2027641,Aarav Khurana,B.Tech,CSE,3
2027642,Rohit Bahuguna,B.Tech,CSE,3
2027643,Arnav Panwar,B.Tech,CSE,3
2027644,Rohit Dangwal,B.Tech,CSE,3
2027645,Apoorva Kothari,B.Tech,CSE,3
2027646,Harsh Pundir,B.Tech,CSE,3
2027647,Kartik Dabral,B.Tech,CSE,3
2027648,Nikhil Basu,B.Tech,CSE,3
2027649,Sagar Oberoi,B.Tech,CSE,3
2027650,Ankit Gaur,B.Tech,CSE,3
2027651,Ishaan Dabral,B.Tech,CSE,3
2027652,Aditi Dubey,B.Tech,CSE,3
2027653,Kartik Kumar,B.Tech,CSE,3
2027654,Tarun Malhotra,B.Tech,CSE,3
2027655,Yuvraj Mahajan,B.Tech,CSE,3
2027656,Sagar Rawat,B.Tech,CSE,3
2027657,Aryan Mishra,B.Tech,CSE,3
2027658,Chetan Chopra,B.Tech,CSE,3
2027659,Kajal Tripathi,B.Tech,CSE,3
2027660,Ashutosh Parmar,B.Tech,CSE,3
2027661,Yash Kumar,B.Tech,CSE,3
2027662,Priya Dabral,B.Tech,CSE,3
2027663,Shivani Dobhal,B.Tech,CSE,3
2027664,Mayank Rawal,B.Tech,CSE,3
2027665,Sumit Jain,B.Tech,CSE,3
2027666,Nisha Barthwal,B.Tech,CSE,3
2027667,Sakshi Raturi,B.Tech,CSE,3
2027668,Ishita Nautiyal,B.Tech,CSE,3
2027669,Aditya Khanduri,B.Tech,CSE,3
2027670,Anshika Kimothi,B.Tech,CSE,3
2027671,Kajal Joshi,B.Tech,CSE,3
2027672,Vivek Rathi,B.Tech,CSE,3
2027673,Saurabh Rathi,B.Tech,CSE,3
2027674,Tanishq Tiwari,B.Tech,CSE,3
2027675,Parth Mehta,B.Tech,CSE,3
2027676,Vedant Trivedi,B.Tech,CSE,3
2027677,Mehak Goswami,B.Tech,CSE,3
2027678,Kartik Pandey,B.Tech,CSE,3
2027679,Varun Rautela,B.Tech,CSE,3
2027680,Navya Kumar,B.Tech,CSE,3
2027681,Sanya Dimri,B.Tech,CSE,3
2027682,Anushka Bhandari,B.Tech,CSE,3
2027683,Nikhil Khanduri,B.Tech,CSE,3
2027684,Mridul Chamoli,B.Tech,CSE,3
2027685,Shivam Pathak,B.Tech,CSE,3
2027686,Vedant Lal,B.Tech,CSE,3
2027687,Vaibhav Chamoli,B.Tech,CSE,3
2027688,Mehak Tripathi,B.Tech,CSE,3
2027689,Kunal Joshi,B.Tech,CSE,3
2027690,Navya Sharma,B.Tech,CSE,3
2027691,Anshika Oberoi,B.Tech,CSE,3
2027692,Tarun Maithani,B.Tech,CSE,3
2027693,Alok Kandpal,B.Tech,CSE,3
2027694,Shalini Gupta,B.Tech,CSE,3
2027695,Aishwarya Pokhriyal,B.Tech,CSE,3
2027696,Abhinav Parmar,B.Tech,CSE,3
2027697,Vinay Dangwal,B.Tech,CSE,3
2027698,Lakshya Thakur,B.Tech,CSE,3
2027699,Sanya Tandon,B.Tech,CSE,3
2027700,Yogesh Rathi,B.Tech,CSE,3
2027701,Vaibhav Kimothi,B.Tech,CSE,3
2027702,Rudra Khanduri,B.Tech,CSE,3
2027703,Navya Vats,B.Tech,CSE,3
2027704,Shivani Kukreti,B.Tech,CSE,3
2027705,Radhika Arora,B.Tech,CSE,3
2027706,Shivani Goswami,B.Tech,CSE,3
2027707,Jatin Dangwal,B.Tech,CSE,3
2027708,Priyanka Maurya,B.Tech,CSE,3
2027709,Pulkit Semwal,B.Tech,CSE,3
2027710,Ramya Kashyap,B.Tech,CSE,3
2027711,Siddharth Tomar,B.Tech,CSE,3
2027712,Ruchi Raturi,B.Tech,CSE,3
2027713,Zoya Khanduri,B.Tech,CSE,3
2027714,Divya Rastogi,B.Tech,CSE,3
2027715,Siddharth Yadav,B.Tech,CSE,3
2027716,Kajal Oberoi,B.Tech,CSE,3
2027717,Pallavi Goswami,B.Tech,CSE,3
2027718,Rohan Dubey,B.Tech,CSE,3
2027719,Sneha Kumar,B.Tech,CSE,3
2027720,Vishal Sharma,B.Tech,CSE,3
2027721,Gayatri Nagi,B.Tech,CSE,3
2027723,Sumit Chopra,B.Tech,CSE,3
2027724,Akash Joshi,B.Tech,CSE,3
2027725,Tushar Goel,B.Tech,CSE,3
2027726,Alok Kukreti,B.Tech,CSE,3
2027727,Tanvi Rastogi,B.Tech,CSE,3
2027728,Sanchi Basu,B.Tech,CSE,3
2027729,Rajat Dangwal,B.Tech,CSE,3
2027730,Preeti Mehra,B.Tech,CSE,3
2027731,Mridul Tiwari,B.Tech,CSE,3
2027732,Mridul Anand,B.Tech,CSE,3
2027733,Chetan Dhiman,B.Tech,CSE,3
2027734,Apoorva Pandey,B.Tech,CSE,3
2027735,Sanya Tomar,B.Tech,CSE,3
2027736,Neha Dabral,B.Tech,CSE,3
2027737,Sahil Chamoli,B.Tech,CSE,3
2027739,Abhinav Dimri,B.Tech,CSE,3
2027740,Priya Sethi,B.Tech,CSE,3
2027741,Karan Goel,B.Tech,CSE,3
2027742,Gaurav Khurana,B.Tech,CSE,3
2027743,Divya Saxena,B.Tech,CSE,3
2027744,Saloni Rautela,B.Tech,CSE,3
2027745,Muskan Singh,B.Tech,CSE,3
2027746,Sahil Saini,B.Tech,CSE,3
2027747,Gautam Dobhal,B.Tech,CSE,3
2027748,Vivek Kashyap,B.Tech,CSE,3
2027749,Keshav Anand,B.Tech,CSE,3
2027750,Kartik Sati,B.Tech,CSE,3
2027751,Lavanya Pant,B.Tech,CSE,3
2027752,Ojas Tiwari,B.Tech,CSE,3
2027753,Pulkit Tandon,B.Tech,CSE,3
2027754,Akshay Saini,B.Tech,CSE,3
2027755,Vandana Verma,B.Tech,CSE,2
2027756,Kartik Gusain,B.Tech,CSE,3
2027757,Ansh Nautiyal,B.Tech,CSE,3
2027758,Yashika Uniyal,B.Tech,CSE,3
2027759,Charvi Gupta,B.Tech,CSE,3
2027760,Anshika Agarwal,B.Tech,CSE,3
2027761,Gayatri Bhardwaj,B.Tech,CSE,3
2027762,Sahil Dabral,B.Tech,CSE,3
2027763,Anshika Sood,B.Tech,CSE,3
2027764,Vinay Gupta,B.Tech,CSE,3
2027765,Nidhi Dabral,B.Tech,CSE,3
2027766,Yamini Pathak,B.Tech,CSE,3
2027767,Ira Rawat,B.Tech,CSE,3
2027768,Aarav Mahajan,B.Tech,CSE,3
2027769,Yamini Saini,B.Tech,CSE,3
2027770,Omkar Chauhan,B.Tech,CSE,3
2027771,Amisha Basu,B.Tech,CSE,3
2027772,Ansh Uniyal,B.Tech,CSE,3
2027773,Zoya Soni,B.Tech,CSE,3
2027774,Yash Dabral,B.Tech,CSE,3
2027775,Ashish Mehta,B.Tech,CSE,3
2027776,Sanket Joshi,B.Tech,CSE,3
2027777,Vikas Walia,B.Tech,CSE,3
2027778,Hemant Pundir,B.Tech,CSE,3
2027779,Chaitanya Dubey,B.Tech,CSE,3
2027780,Surbhi Trivedi,B.Tech,CSE,3
2027781,Preeti Bijalwan,B.Tech,CSE,3
2027782,Ashish Pathak,B.Tech,CSE,3
2027783,Divya Bajaj,B.Tech,CSE,3
2027784,Akash Dubey,B.Tech,CSE,3
2027785,Soumya Kandpal,B.Tech,CSE,3
2027786,Soumya Khanduri,B.Tech,CSE,3
2027787,Parth Kumar,B.Tech,CSE,3
2027788,Harsh Rastogi,B.Tech,CSE,3
2027789,Lavanya Gupta,B.Tech,CSE,3
2027790,Vaibhav Bisht,B.Tech,CSE,3
2027791,Sandeep Bhatt,B.Tech,CSE,3
2027792,Parth Bahuguna,B.Tech,CSE,3
2027793,Vikram Dimri,B.Tech,CSE,3
2027794,Diksha Walia,B.Tech,CSE,3
2027795,Omkar Maithani,B.Tech,CSE,3
2027798,Vinay Bansal,B.Tech,CSE,3
2027799,Neha Goel,B.Tech,CSE,3
2027800,Nandini Badoni,B.Tech,CSE,3
2027801,Yamini Garg,B.Tech,CSE,3
2027802,Palak Rawat,B.Tech,CSE,3
2027803,Vaishnavi Pundir,B.Tech,CSE,3
2027804,Abhinav Kothari,B.Tech,CSE,3
2027805,Rakesh Saini,B.Tech,CSE,3
2027806,Meera Bijalwan,B.Tech,CSE,3
2027808,Sara Raturi,B.Tech,CSE,3
2027809,Nisha Gaur,B.Tech,CSE,3
2027810,Shruti Mittal,B.Tech,CSE,3
2027811,Dev Panwar,B.Tech,CSE,3
2027812,Gayatri Jain,B.Tech,CSE,3
2027813,Chetan Raturi,B.Tech,CSE,3
2027814,Palak Verma,B.Tech,CSE,3
2027816,Yogesh Saxena,B.Tech,CSE,3
2027817,Aarav Juyal,B.Tech,CSE,3
2027818,Aditi Sethi,B.Tech,CSE,3
2027819,Rakesh Chamoli,B.Tech,CSE,3
2027820,Nitin Pundir,B.Tech,CSE,3
2027821,Rohan Jain,B.Tech,CSE,3
2027822,Vaishnavi Rana,B.Tech,CSE,3
2027824,Srishti Khurana,B.Tech,CSE,3
2027825,Kajal Sharma,B.Tech,CSE,3
2027826,Mayank Kimothi,B.Tech,CSE,3
2027827,Bhavya Oberoi,B.Tech,CSE,3
2027828,Anuj Tripathi,B.Tech,CSE,3
2027829,Neha Dangwal,B.Tech,CSE,3
2027830,Simran Nautiyal,B.Tech,CSE,3
2027831,Dev Patel,B.Tech,CSE,3
2027832,Vikram Jain,B.Tech,CSE,3
2027833,Gaurav Raturi,B.Tech,CSE,3
2027834,Pooja Joshi,B.Tech,CSE,3
2027835,Dev Soni,B.Tech,CSE,3
2027836,Kriti Singh,B.Tech,CSE,3
2027837,Arpit Tomar,B.Tech,CSE,3
2027839,Suhani Bansal,B.Tech,CSE,3
2027840,Aditya Kashyap,B.Tech,CSE,3
2027841,Sagar Maurya,B.Tech,CSE,3
2027842,Nitin Pathak,B.Tech,CSE,3
2027843,Dev Mittal,B.Tech,CSE,3
2027844,Vivek Pant,B.Tech,CSE,3
2027845,Kamal Nanda,B.Tech,CSE,3
2027846,Ankita Jain,B.Tech,CSE,3
2027847,Uday Maurya,B.Tech,CSE,3
2027848,Anushka Pundir,B.Tech,CSE,3
2027849,Arpit Sharma,B.Tech,CSE,3
2027850,Rahul Bansal,B.Tech,CSE,3
2027851,Priyanka Mehra,B.Tech,CSE,3
2027852,Sahil Mehra,B.Tech,CSE,3
2027853,Mehak Chopra,B.Tech,CSE,3
2027854,Lavanya Rawat,B.Tech,CSE,3
2027855,Dhruv Juyal,B.Tech,CSE,3
2027856,Deepika Bhatt,B.Tech,CSE,3
2027857,Preeti Khanduri,B.Tech,CSE,3
2027858,Uday Soni,B.Tech,CSE,3
2027859,Mansi Rawat,B.Tech,CSE,3
2027860,Vaishnavi Mittal,B.Tech,CSE,3
2027861,Kamal Tandon,B.Tech,CSE,3
2027862,Ojas Garg,B.Tech,CSE,3
2027863,Anchal Bansal,B.Tech,CSE,3
2027864,Riya Thapliyal,B.Tech,CSE,3
2027865,Vedant Dhiman,B.Tech,CSE,3
2027866,Mahima Parmar,B.Tech,CSE,3
2027868,Priyanka Lal,B.Tech,CSE,3
2027871,Vinay Chamoli,B.Tech,CSE,3
2027872,Nitin Chamoli,B.Tech,CSE,3
2027873,Pulkit Saxena,B.Tech,CSE,3
2027874,Yogesh Kimothi,B.Tech,CSE,3
2027875,Radhika Bhardwaj,B.Tech,CSE,3
2027876,Raghav Chamoli,B.Tech,CSE,3
2027877,Shagun Uniyal,B.Tech,CSE,3
2027878,Jiya Kimothi,B.Tech,CSE,3
2027879,Nidhi Mittal,B.Tech,CSE,3
2027880,Eshaan Bisht,B.Tech,CSE,3
2027881,Ramya Aggarwal,B.Tech,CSE,3
2027882,Diksha Kandpal,B.Tech,CSE,3
2027883,Vidhi Maithani,B.Tech,CSE,3
2027884,Vipul Negi,B.Tech,CSE,3
2027885,Arjun Sharma,B.Tech,CSE,3
2027886,Tarun Basu,B.Tech,CSE,3
2027887,Saloni Kapoor,B.Tech,CSE,3
2027888,Alok Pundir,B.Tech,CSE,3
2027889,Aditi Tripathi,B.Tech,CSE,3
2027890,Shagun Saini,B.Tech,CSE,3
2027891,Bhavya Srivastava,B.Tech,CSE,3
2027892,Shreya Rawal,B.Tech,CSE,3
2027893,Shagun Yadav,B.Tech,CSE,3
2027894,Karan Maithani,B.Tech,CSE,3
2027895,Sumit Mahajan,B.Tech,CSE,3
2027896,Arpit Raturi,B.Tech,CSE,3
2027897,Ashish Bhardwaj,B.Tech,CSE,3
2027898,Pooja Kapoor,B.Tech,CSE,3
2027899,Apoorva Shukla,B.Tech,CSE,3
2027900,Jaya Bajaj,B.Tech,CSE,3
2027901,Nisha Pathak,B.Tech,CSE,3
2027902,Tushar Kumar,B.Tech,CSE,3
2027903,Ashutosh Bajaj,B.Tech,CSE,3
2027904,Muskan Oberoi,B.Tech,CSE,3
2027905,Palak Sood,B.Tech,CSE,3
2027906,Tanishq Basu,B.Tech,CSE,3
2027907,Abhay Kashyap,B.Tech,CSE,3
2027908,Rishabh Maithani,B.Tech,CSE,3
2027909,Arnav Anand,B.Tech,CSE,3
2027910,Sanya Khurana,B.Tech,CSE,3
2027911,Akshay Vats,B.Tech,CSE,3
2027912,Mohit Anand,B.Tech,CSE,3
2027913,Anchal Tomar,B.Tech,CSE,3
2027914,Palak Mahajan,B.Tech,CSE,3
2027915,Gautam Khurana,B.Tech,CSE,3
2027916,Nitin Dabral,B.Tech,CSE,3
2027917,Anuj Bajaj,B.Tech,CSE,3
2027918,Palak Bhardwaj,B.Tech,CSE,3
2027919,Ramya Rawal,B.Tech,CSE,3
2027920,Jaya Bijalwan,B.Tech,CSE,3
2027921,Sarthak Gusain,B.Tech,CSE,3
2027922,Bhumika Pundir,B.Tech,CSE,3
2027923,Mayank Jain,B.Tech,CSE,3
2027924,Sonal Walia,B.Tech,CSE,3
2027925,Nisha Rawat,B.Tech,CSE,3
2027926,Nitin Bhatt,B.Tech,CSE,3
2027927,Sneha Kashyap,B.Tech,CSE,3
2027928,Tanmay Bahuguna,B.Tech,CSE,3
2027929,Vidhi Juyal,B.Tech,CSE,3
2027930,Saloni Badoni,B.Tech,CSE,3
2027931,Mayank Juyal,B.Tech,CSE,3
2027932,Sarthak Pandey,B.Tech,CSE,3
2027933,Tanishq Sinha,B.Tech,ME,3
2027934,Radhika Goel,B.Tech,CSE,3
2027935,Vaishnavi Jain,B.Tech,CSE,3
2027936,Sonal Kukreti,B.Tech,CSE,3
2027937,Chetan Mehra,B.Tech,CSE,3
2027938,Aryan Kimothi,B.Tech,CSE,3
2027939,Vandana Mehta,B.Tech,CSE,3
2027940,Shubham Rawat,B.Tech,CSE,3
2027941,Aryan Rathi,B.Tech,CSE,3
2027942,Saloni Bansal,B.Tech,CSE,3
2027943,Ananya Semwal,B.Tech,CSE,3
2027944,Jatin Nainwal,B.Tech,CSE,3
2027945,Arpit Bhatt,B.Tech,CSE,3
2027946,Garima Saini,B.Tech,CSE,3
2027947,Parth Semwal,B.Tech,CSE,3
2027948,Nitin Tandon,B.Tech,CSE,3
2027949,Mansi Rawal,B.Tech,CSE,3
2027950,Rohit Thapliyal,B.Tech,CSE,3
2027951,Anushka Kumar,B.Tech,CSE,3
2027952,Sanket Jain,B.Tech,CSE,3
2027953,Akanksha Gusain,B.Tech,CSE,3
2027954,Meera Garg,B.Tech,CSE,3
2027955,Omkar Thakur,B.Tech,CSE,3
2027956,Jiya Uniyal,B.Tech,CSE,3
2027957,Saurabh Juyal,B.Tech,CSE,3
2027958,Pranav Rana,B.Tech,CSE,3
2027959,Akshay Dhiman,B.Tech,CSE,3
2027960,Sumit Thapliyal,B.Tech,CSE,3
2027961,Manav Gupta,B.Tech,CSE,3
2027962,Chaitanya Badoni,B.Tech,CSE,3
2027963,Shagun Khurana,B.Tech,CSE,3
2027964,Surbhi Khanduri,B.Tech,CSE,3
2027965,Saurabh Dangwal,B.Tech,CSE,3
2027966,Himanshu Thapliyal,B.Tech,CSE,3
2027967,Sachin Srivastava,B.Tech,CSE,3
2027968,Deepika Mittal,B.Tech,CSE,3
2027969,Sagar Dangwal,B.Tech,CSE,3
2027970,Himanshu Malhotra,B.Tech,ECE,3
2027971,Parth Kapoor,B.Tech,CSE,3
2027973,Raj Bansal,B.Tech,CSE,3
2027975,Palak Sati,B.Tech,CSE,3
2027976,Prachi Shukla,B.Tech,CSE,3
2027977,Sneha Kapoor,B.Tech,CSE,3
2027978,Garima Mishra,B.Tech,CSE,3
2027979,Palak Bijalwan,B.Tech,CSE,3
2027980,Ankita Oberoi,B.Tech,CSE,3
2027981,Yashika Bhandari,B.Tech,CSE,3
2027982,Nisha Bijalwan,B.Tech,CSE,3
2027983,Nikhil Mahajan,B.Tech,CSE,3
2027984,Alok Tiwari,B.Tech,CSE,3
2027985,Chetan Soni,B.Tech,CSE,3
2027986,Yogesh Agarwal,B.Tech,CSE,3
2027987,Rishabh Bajaj,B.Tech,CSE,3
2027988,Neha Mehta,B.Tech,CSE,3
2027989,Dhruv Uniyal,B.Tech,CSE,3
2027990,Payal Maurya,B.Tech,CSE,3
2027991,Abhinav Pandey,B.Tech,CSE,3
2027992,Dhruv Pant,B.Tech,CSE,3
2027993,Naveen Vats,B.Tech,CSE,3
2027994,Shruti Kimothi,B.Tech,CSE,3
2027995,Charvi Raturi,B.Tech,CSE,3
2027996,Abhinav Kimothi,B.Tech,CSE,3
2027997,Aditi Tandon,B.Tech,CSE,3
2027998,Disha Rajput,B.Tech,CSE,3
2027999,Ira Dhiman,B.Tech,CSE,3
2028000,Mayank Agarwal,B.Tech,CSE,3
2028001,Ishaan Rana,B.Tech,CSE,3
2028002,Laksh Bijalwan,B.Tech,CSE,3
2028003,Preeti Bisht,B.Tech,CSE,3
2028004,Apoorva Gaur,B.Tech,CSE,3
2028005,Kamal Soni,B.Tech,CSE,3
2028006,Deepak Parmar,B.Tech,CSE,3
2028007,Sanjana Dangwal,B.Tech,CSE,3
2028008,Kabir Pathak,B.Tech,CSE,3
2028009,Laksh Rajput,B.Tech,CSE,3
2028010,Eshaan Dimri,B.Tech,CSE,3
2028011,Komal Arora,B.Tech,CSE,3
2028012,Kavya Nanda,B.Tech,CSE,3
2028013,Ansh Oberoi,B.Tech,CSE,3
2028014,Sara Soni,B.Tech,CSE,3
2028015,Muskan Chauhan,B.Tech,CSE,3
2028016,Deepika Khanduri,B.Tech,CSE,3
2028017,Gautam Nanda,B.Tech,CSE,3
2028018,Mansi Anand,B.Tech,CSE,3
2028019,Vivek Maithani,B.Tech,CSE,3
2028020,Vansh Kandpal,B.Tech,CSE,3
2028021,Udit Bijalwan,B.Tech,CSE,3
2028022,Uday Arora,B.Tech,CSE,3
2028023,Pulkit Pokhriyal,B.Tech,CSE,3
2028024,Disha Mehra,B.Tech,CSE,3
2028025,Nikhil Mehra,B.Tech,CSE,3
2028026,Radhika Kandpal,B.Tech,CSE,3
2028027,Yamini Agarwal,B.Tech,CSE,3
2028028,Anmol Tiwari,B.Tech,CSE,3
2028029,Ira Pant,B.Tech,CSE,3
2028030,Tanvi Dhiman,B.Tech,CSE,3
2028031,Rajat Dhiman,B.Tech,CSE,3
2028032,Rajat Nautiyal,B.Tech,CSE,3
2028033,Radhika Negi,B.Tech,CSE,3
2028034,Abhay Mahajan,B.Tech,CSE,3
2028035,Sanjana Verma,B.Tech,CSE,3
2028036,Akash Maithani,B.Tech,CSE,3
2028037,Ramya Anand,B.Tech,CSE,3
2028038,Surbhi Srivastava,B.Tech,CSE,3
2028039,Kunal Patel,B.Tech,CSE,3
2028040,Lavanya Joshi,B.Tech,CSE,3
2028041,Rakesh Goel,B.Tech,CSE,3
2028042,Udit Garg,B.Tech,CSE,3
2028043,Sarthak Kashyap,B.Tech,CSE,3
2028044,Ankit Bajaj,B.Tech,CSE,3
2028045,Vaibhav Rastogi,B.Tech,CSE,3
2028046,Yamini Nanda,B.Tech,CSE,3
2028047,Tripti Khurana,B.Tech,CSE,3
2028048,Yuvraj Mehta,B.Tech,CSE,3
2028049,Payal Bijalwan,B.Tech,CSE,3
2028050,Ashish Sati,B.Tech,CSE,2
2028051,Divya Bijalwan,B.Tech,CSE,3
2028052,Abhay Sati,B.Tech,CSE,2
2028053,Zoya Chamoli,B.Tech,CSE,3
2028054,Aditi Pokhriyal,B.Tech,CSE,2
2028055,Laksh Pant,B.Tech,CSE,3
2028056,Madhav Sati,B.Tech,CSE,3
2028057,Tanvi Dubey,B.Tech,CSE,3
2028058,Neha Bansal,B.Tech,CSE,3
2028059,Naveen Tomar,B.Tech,CSE,3
2028060,Aarav Nagi,B.Tech,CSE,3
2028061,Vishal Patel,B.Tech,CSE,3
2028062,Naman Rajput,B.Tech,CSE,3
2028063,Preeti Dabral,B.Tech,CSE,3
2028064,Sarthak Oberoi,B.Tech,CSE,3
2028065,Sanjana Dobhal,B.Tech,CSE,3
2028066,Pulkit Juyal,B.Tech,CSE,3
2028067,Anchal Kapoor,B.Tech,CSE,3
2028068,Karan Mahajan,B.Tech,CSE,3
2028069,Raj Chauhan,B.Tech,CSE,3
2028070,Komal Pathak,B.Tech,CSE,3
2028071,Jaya Sharma,B.Tech,CSE,3
2028072,Anushka Dhiman,B.Tech,CSE,3
2028073,Anshika Singh,B.Tech,CSE,3
2028075,Amit Pandey,B.Tech,CSE,3
2028076,Tushar Thapliyal,B.Tech,CSE,3
2028077,Aryan Pandey,B.Tech,CSE,3
2028078,Zoya Maithani,B.Tech,CSE,3
2028079,Yuvraj Nagi,B.Tech,CSE,3
2028080,Gautam Oberoi,B.Tech,CSE,3
2028081,Vandana Mittal,B.Tech,CSE,3
2028082,Vedant Dabral,B.Tech,CSE,3
2028083,Ruchi Vats,B.Tech,CSE,3
2028084,Sumit Sood,B.Tech,CSE,3
2028085,Jaya Kukreti,B.Tech,CSE,3
2028086,Mahima Mehra,B.Tech,CSE,3
2028087,Rahul Jain,B.Tech,CSE,3
2028088,Payal Chopra,B.Tech,CSE,3
2028089,Divya Barthwal,B.Tech,CSE,3
2028090,Payal Pant,B.Tech,CSE,3
2028091,Vidhi Walia,B.Tech,CSE,3
2028092,Aryan Rana,B.Tech,CSE,3
2028093,Pranav Pathak,B.Tech,CSE,3
2028094,Ananya Sinha,B.Tech,CSE,3
2028095,Ishaan Khanduri,B.Tech,CSE,3
2028096,Akanksha Semwal,B.Tech,CSE,3
2028097,Ananya Dimri,B.Tech,CSE,3
2028098,Tanmay Mehta,B.Tech,CSE,3
2028099,Payal Agarwal,B.Tech,CSE,3
2028100,Ishita Bhandari,B.Tech,CSE,3
2028101,Disha Chamoli,B.Tech,CSE,3
2028102,Vaibhav Pandey,B.Tech,CSE,3
2028103,Manav Bahuguna,B.Tech,CSE,3
2028104,Aditi Sinha,B.Tech,CSE,3
2028105,Vipul Khurana,B.Tech,CSE,3
2028106,Garima Walia,B.Tech,CSE,3
2028107,Kajal Gupta,B.Tech,CSE,3
2028108,Suhani Mishra,B.Tech,CSE,3
2028109,Anmol Jain,B.Tech,CSE,3
2028110,Palak Sinha,B.Tech,CSE,3
2028111,Anuj Bansal,B.Tech,CSE,3
2028112,Gunjan Tiwari,B.Tech,CSE,3
2028113,Naveen Mehra,B.Tech,CSE,3
2028114,Shivam Gupta,B.Tech,CSE,3
2028115,Bhavya Bisht,B.Tech,CSE,3
2028116,Naman Joshi,B.Tech,CSE,3
2028117,Saurabh Rajput,B.Tech,CSE,3
2028118,Navya Mittal,B.Tech,CSE,3
2028119,Anshika Juyal,B.Tech,CSE,3
2028120,Dhruv Singh,B.Tech,CSE,3
2028121,Disha Dubey,B.Tech,CSE,3
2028122,Simran Malhotra,B.Tech,CSE,3
2028123,Yamini Bansal,B.Tech,CSE,3
2028124,Surbhi Kothari,B.Tech,CSE,3
2028125,Ruchi Nainwal,B.Tech,CSE,3
2028126,Lakshya Srivastava,B.Tech,CSE,3
2028127,Jiya Basu,B.Tech,CSE,3
2028128,Vipul Bisht,B.Tech,CSE,3
2028129,Diksha Vats,B.Tech,CSE,3
2028130,Suhani Goel,B.Tech,CSE,3
2028131,Yashika Maithani,B.Tech,CSE,3
2028132,Kabir Vats,B.Tech,CSE,3
2028133,Hemant Bhandula,B.Tech,CSE,3
2028134,Siddharth Uniyal,B.Tech,CSE,3
2028135,Rishabh Bhandari,B.Tech,CSE,3
2028136,Yuvraj Yadav,B.Tech,CSE,3
2028137,Srishti Sood,B.Tech,CSE,3
2028138,Sagar Chopra,B.Tech,CSE,3
2028139,Mohit Rana,B.Tech,CSE,3
2028140,Anmol Rautela,B.Tech,CSE,3
2028141,Aarav Basu,B.Tech,CSE,3
2028142,Simran Juyal,B.Tech,CSE,3
2028143,Komal Srivastava,B.Tech,CSE,3
2028144,Akshay Gaur,B.Tech,CSE,3
2028145,Ira Gaur,B.Tech,CSE,3
2028146,Rudra Bahuguna,B.Tech,CSE,3
2028147,Tanmay Pokhriyal,B.Tech,CSE,3
2028148,Rohit Sethi,B.Tech,CSE,3
2028149,Raj Nautiyal,B.Tech,CSE,3
2028150,Surbhi Nautiyal,B.Tech,CSE,3
2028151,Sonal Sinha,B.Tech,CSE,3
2028152,Vaishnavi Pant,B.Tech,CSE,3
2028153,Vaishnavi Raturi,B.Tech,CSE,3
2028154,Ramya Bhandari,B.Tech,CSE,3
2028155,Sakshi Maithani,B.Tech,CSE,2
2028156,Akash Bhatt,B.Tech,CSE,3
2028157,Ishita Bhatt,B.Tech,CSE,3
2028158,Hardik Sood,B.Tech,CSE,3
2028159,Mayank Parmar,B.Tech,CSE,3
2028160,Kabir Sharma,B.Tech,CSE,3
2028161,Suhani Patel,B.Tech,CSE,3
2028162,Sarthak Nagi,B.Tech,CSE,3
2028163,Ansh Nanda,B.Tech,CSE,3
2028164,Aarav Chaudhary,B.Tech,CSE,3
2028165,Disha Lal,B.Tech,CSE,3
2028166,Ishaan Saini,B.Tech,CSE,3
2028167,Ira Oberoi,B.Tech,CSE,3
2028168,Anuj Kothari,B.Tech,CSE,3
2028169,Aditya Pant,B.Tech,CSE,3
2028170,Samarth Saini,B.Tech,CSE,3
2028171,Alok Aggarwal,B.Tech,CSE,3
2028172,Ishita Goel,B.Tech,CSE,3
2028173,Ayush Joshi,B.Tech,CSE,3
2028174,Surbhi Bhardwaj,B.Tech,CSE,3
2028175,Ashish Semwal,B.Tech,CSE,3
2028176,Vaishnavi Maithani,B.Tech,CSE,3
2028177,Pooja Bhardwaj,B.Tech,CSE,3
2028178,Nidhi Goel,B.Tech,CSE,3
2028179,Gunjan Gusain,B.Tech,CSE,3
2028180,Yash Nagi,B.Tech,CSE,3
2028181,Vidhi Gusain,B.Tech,CSE,3
2028182,Kajal Saini,B.Tech,CSE,3
2028183,Deepak Bhandari,B.Tech,CSE,3
2028184,Aishwarya Trivedi,B.Tech,CSE,3
2028185,Rahul Chopra,B.Tech,CSE,3
2028186,Tarun Kashyap,B.Tech,CSE,3
2028187,Gautam Khanduri,B.Tech,CSE,3
2028188,Ankita Thapliyal,B.Tech,CSE,3
2028189,Parth Maurya,B.Tech,CSE,3
2028190,Neha Saxena,B.Tech,CSE,3
2028191,Sanket Goel,B.Tech,CSE,3
2028192,Sonal Bhandula,B.Tech,CSE,3
2028193,Samarth Dangwal,B.Tech,CSE,3
2028194,Preeti Gusain,B.Tech,CSE,3
2028195,Keshav Lal,B.Tech,CSE,3
2028196,Kavya Badoni,B.Tech,CSE,3
2028197,Ishita Yadav,B.Tech,CSE,3
2028198,Lavanya Kimothi,B.Tech,CSE,3
2028199,Eshaan Nanda,B.Tech,CSE,3
2028200,Hemant Kukreti,B.Tech,CSE,3
2028201,Aryan Basu,B.Tech,CSE,3
2028202,Anushka Kukreti,B.Tech,CSE,3
2028203,Suhani Badoni,B.Tech,CSE,3
2028204,Keshav Trivedi,B.Tech,CSE,3
2028205,Abhay Chauhan,B.Tech,CSE,3
2028206,Dhruv Maithani,B.Tech,CSE,3
2028207,Akanksha Agarwal,B.Tech,CSE,3
2028208,Neha Shukla,B.Tech,CSE,3
2028209,Anuj Rathi,B.Tech,CSE,3
2028210,Nitin Mittal,B.Tech,CSE,3
2028211,Kabir Soni,B.Tech,CSE,3
2028212,Vandana Kandpal,B.Tech,CSE,3
2028213,Omkar Pathak,B.Tech,CSE,3
2028214,Madhav Badoni,B.Tech,CSE,3
2028215,Keshav Pant,B.Tech,CSE,3
2028216,Neha Bhandula,B.Tech,CSE,3
2028217,Nidhi Rautela,B.Tech,CSE,3
2028218,Tanmay Bijalwan,B.Tech,CSE,3
2028219,Jatin Tomar,B.Tech,CSE,3
2028220,Rohit Soni,B.Tech,CSE,3
2028221,Aarav Yadav,B.Tech,CSE,3
2028222,Kartik Lal,B.Tech,CSE,3
2028223,Yamini Sharma,B.Tech,CSE,3
2028224,Vedant Bisht,B.Tech,CSE,3
2028225,Gunjan Sharma,B.Tech,CSE,3
2028226,Kavya Raturi,B.Tech,CSE,3
2028227,Ishaan Verma,B.Tech,CSE,3
2028228,Tushar Basu,B.Tech,CSE,3
2028229,Pranav Kumar,B.Tech,CSE,3
2028230,Ansh Chauhan,B.Tech,CSE,3
2028231,Surbhi Saxena,B.Tech,CSE,3
2028233,Garima Chamoli,B.Tech,CSE,3
2028234,Vandana Bhardwaj,B.Tech,CSE,3
2028235,Jiya Nainwal,B.Tech,CSE,3
2028236,Charvi Mishra,B.Tech,CSE,3
2028238,Arjun Bhandari,B.Tech,CSE,3
2028239,Prateek Uniyal,B.Tech,CSE,3
2028240,Saurabh Gusain,B.Tech,CSE,3
2028241,Saurabh Dhiman,B.Tech,CSE,3
2028242,Archit Kumar,B.Tech,CSE,3
2028243,Kavya Bhardwaj,B.Tech,CSE,3
2028244,Ajay Vats,B.Tech,CSE,3
2028245,Sandeep Maurya,B.Tech,CSE,3
2028246,Rudra Pandey,B.Tech,CSE,3
2028247,Palak Bansal,B.Tech,CSE,3
2028248,Payal Lal,B.Tech,CSE,3
2028249,Sandeep Negi,B.Tech,CSE,3
2028250,Vidhi Dabral,B.Tech,CSE,3
2028251,Yamini Patel,B.Tech,CSE,3
2028252,Anuj Bhatt,B.Tech,CSE,3
2028253,Sarthak Rastogi,B.Tech,CSE,3
2028254,Jiya Pathak,B.Tech,CSE,3
2028255,Shivam Dabral,B.Tech,CSE,3
2028256,Sagar Trivedi,B.Tech,CSE,3
2028257,Rakesh Rana,B.Tech,CSE,3
2028258,Srishti Kapoor,B.Tech,CSE,3
2028259,Kajal Bhandari,B.Tech,CSE,3
2028260,Sarthak Maurya,B.Tech,CSE,3
2028261,Pulkit Thapliyal,B.Tech,CSE,3
2028262,Tushar Semwal,B.Tech,CSE,3
2028263,Harsh Garg,B.Tech,CSE,3
2028264,Aditya Semwal,B.Tech,CSE,3
2028265,Deepika Goel,B.Tech,CSE,3
2028266,Preeti Pant,B.Tech,CSE,3
2028267,Shivani Khurana,B.Tech,CSE,3
2028268,Varun Khurana,B.Tech,CSE,2
2028269,Mahima Yadav,B.Tech,CSE,3
2028270,Srishti Bhardwaj,B.Tech,CSE,3
2028272,Rahul Walia,B.Tech,CSE,2
2028273,Yuvraj Gaur,B.Tech,CSE,3
2028274,Khushi Sati,B.Tech,CSE,3
2028276,Sara Bhatt,B.Tech,CSE,3
2028277,Tarun Walia,B.Tech,CSE,3
2028278,Shubham Anand,B.Tech,CSE,3
2028279,Vandana Kashyap,B.Tech,CSE,3
2028280,Rishabh Pathak,B.Tech,CSE,3
2028281,Apoorva Uniyal,B.Tech,CSE,3
2028282,Sakshi Basu,B.Tech,CSE,3
2028283,Kajal Kandpal,B.Tech,CSE,3
2028284,Jatin Pandey,B.Tech,CSE,3
2028285,Devansh Dimri,B.Tech,CSE,3
2028286,Suhani Dobhal,B.Tech,CSE,3
2028287,Kunal Dhiman,B.Tech,CSE,3
2028288,Rudra Dubey,B.Tech,CSE,3
2028289,Pooja Maithani,B.Tech,CSE,3
2028290,Lavanya Chopra,B.Tech,CSE,3
2028291,Ravi Dubey,B.Tech,CSE,3
2028292,Ananya Dhiman,B.Tech,CSE,3
2028293,Parth Dubey,B.Tech,CSE,3
2028294,Keshav Jain,B.Tech,CSE,3
2028295,Nitin Shukla,B.Tech,CSE,3
2028296,Vikram Saini,B.Tech,CSE,3
2028297,Eshaan Dubey,B.Tech,CSE,3
2028298,Manish Khurana,B.Tech,CSE,3
2028299,Kriti Bhardwaj,B.Tech,CSE,3
2028300,Archit Kandpal,B.Tech,CSE,3
2028301,Chaitanya Raturi,B.Tech,CSE,3
2028302,Shivani Sethi,B.Tech,CSE,3
2028303,Vandana Arora,B.Tech,CSE,3
2028304,Saloni Tomar,B.Tech,CSE,3
2028305,Meera Dabral,B.Tech,CSE,3
2028307,Pallavi Srivastava,B.Tech,CSE,3
2028308,Aman Sinha,B.Tech,CSE,3
2028309,Lakshya Tiwari,B.Tech,CSE,3
2028310,Shagun Anand,B.Tech,CSE,3
2028311,Tushar Mahajan,B.Tech,CSE,3
2028312,Dhruv Rana,B.Tech,CSE,3
2028313,Hardik Joshi,B.Tech,CSE,3
2028314,Naveen Rastogi,B.Tech,CSE,3
2028316,Vandana Shukla,B.Tech,CSE,2
2028317,Pranav Chamoli,B.Tech,CSE,3
2028371,Neha Chaudhary,B.Tech,CSE,3
2028372,Rohan Bahuguna,B.Tech,CSE,3
2028373,Nitin Chaudhary,B.Tech,CSE,3
2028374,Charvi Sethi,B.Tech,CSE,3
2028375,Nitin Nagi,B.Tech,CSE,3
2028376,Jatin Uniyal,B.Tech,CSE,3
2028377,Lavanya Uniyal,B.Tech,CSE,3
2028378,Palak Basu,B.Tech,CSE,3
2028379,Ankit Khurana,B.Tech,CSE,3
2028380,Ruchi Tripathi,B.Tech,CSE,2
2028381,Uday Bhardwaj,B.Tech,CSE,3
2028382,Deepak Nagi,B.Tech,CSE,3
2028383,Priyanka Goel,B.Tech,CSE,3
2028384,Shivani Badoni,B.Tech,CSE,3
2028385,Vinay Patel,B.Tech,CSE,3
2028386,Anmol Nanda,B.Tech,CSE,3
2028387,Aarav Nainwal,B.Tech,CSE,3
2028388,Vikas Rana,B.Tech,CSE,3
2028389,Ishita Tomar,B.Tech,CSE,3
2028390,Anjali Agarwal,B.Tech,CSE,3
2028391,Kartik Rajput,B.Tech,CSE,3
2028392,Parth Kandpal,B.Tech,CSE,3
2028393,Harsh Nanda,B.Tech,CSE,3
2028394,Vipul Badoni,B.Tech,CSE,3
2028395,Ashutosh Bahuguna,B.Tech,CSE,3
2028396,Mahima Khanduri,B.Tech,CSE,3
2028397,Kamal Bisht,B.Tech,CSE,3
2028398,Udit Pundir,B.Tech,CSE,3
2028399,Deepika Garg,B.Tech,CSE,3
2028400,Vivek Negi,B.Tech,CSE,3
2028401,Ananya Raturi,B.Tech,CSE,3
2028402,Amisha Sharma,B.Tech,CSE,3
2028403,Gayatri Dubey,B.Tech,CSE,3
2028404,Aman Patel,B.Tech,CSE,3
2028405,Ira Tomar,B.Tech,CSE,3
2028406,Omkar Pandey,B.Tech,CSE,3
2028407,Jatin Rastogi,B.Tech,CSE,3
2028408,Vipul Sinha,B.Tech,CSE,3
2028409,Mridul Srivastava,B.Tech,CSE,3
2028410,Rajat Nainwal,B.Tech,CSE,3
2028411,Deepak Nanda,B.Tech,CSE,3
2028412,Diksha Pathak,B.Tech,CSE,3
2028413,Tanmay Sati,B.Tech,CSE,3
2028414,Vikas Tandon,B.Tech,CSE,3
2028415,Saurabh Saxena,B.Tech,CSE,3
2028416,Ajay Rawat,B.Tech,CSE,3
2028417,Khushi Mishra,B.Tech,CSE,3
2028418,Jaya Bansal,B.Tech,CSE,3
2028419,Udit Bahuguna,B.Tech,CSE,3
2028420,Ajay Pundir,B.Tech,CSE,3
2028421,Anjali Semwal,B.Tech,CSE,3
2028422,Zoya Vats,B.Tech,CSE,3
2028423,Aditya Sati,B.Tech,CSE,3
2028424,Jatin Nautiyal,B.Tech,CSE,3
2028425,Shivani Chauhan,B.Tech,CSE,3
2028426,Aman Chauhan,B.Tech,CSE,3
2028427,Raj Aggarwal,B.Tech,CSE,3
2028428,Naveen Sood,B.Tech,CSE,3
2028429,Lakshya Agarwal,B.Tech,CSE,3
2028430,Garima Rawal,B.Tech,CSE,3
2028431,Rajat Mahajan,B.Tech,CSE,3
2028432,Navya Bijalwan,B.Tech,CSE,3
2028433,Tripti Sati,B.Tech,CSE,3
2028434,Siddharth Oberoi,B.Tech,CSE,3
2028435,Saurabh Joshi,B.Tech,CSE,3
2028436,Simran Gaur,B.Tech,CSE,3
2028437,Priyanka Tomar,B.Tech,CSE,3
2028438,Shubham Pant,B.Tech,CSE,3
2028439,Gayatri Juyal,B.Tech,CSE,3
2028440,Gayatri Parmar,B.Tech,CSE,3
2028441,Rudra Chopra,B.Tech,CSE,3
2028442,Rahul Khanduri,B.Tech,CSE,3
2028443,Abhinav Mehra,B.Tech,CSE,3
2028444,Shivam Lal,B.Tech,CSE,3
2028445,Tarun Saxena,B.Tech,CSE,3
2028446,Ashutosh Bansal,B.Tech,CSE,3
2028447,Tanvi Srivastava,B.Tech,CSE,3
2028448,Deepak Gupta,B.Tech,ECE,3
2028449,Anushka Khanduri,B.Tech,CSE,3
2028450,Aman Bhatt,B.Tech,CSE,3
2028451,Anushka Pokhriyal,B.Tech,CSE,3
2028452,Udit Trivedi,B.Tech,CSE,3
2028453,Sakshi Dobhal,B.Tech,CSE,2
2028454,Lakshya Garg,B.Tech,CSE,3
2028455,Akanksha Oberoi,B.Tech,CSE,3
2028456,Radhika Rawat,B.Tech,CSE,3
2028457,Sumit Bansal,B.Tech,CSE,2
2028458,Yash Tandon,B.Tech,CSE,3
2028459,Sachin Dimri,B.Tech,CSE,3
2028460,Lavanya Bajaj,B.Tech,CSE,3
2028461,Payal Pathak,B.Tech,CSE,3
2028462,Kabir Kothari,B.Tech,CSE,3
2028463,Vivek Saxena,B.Tech,CSE,3
2028464,Hemant Pant,B.Tech,CSE,3
2028465,Archit Rautela,B.Tech,CSE,3
2028466,Meera Yadav,B.Tech,CSE,3
2028467,Sanjana Nanda,B.Tech,CSE,3
2028468,Pallavi Dangwal,B.Tech,CSE,3
2028469,Nikhil Nagi,B.Tech,CSE,3
2028470,Prachi Nainwal,B.Tech,CSE,3
2028471,Sagar Bajaj,B.Tech,CSE,3
2028472,Navya Pandey,B.Tech,CSE,3
2028473,Shivam Nautiyal,B.Tech,CSE,3
2028474,Neha Kumar,B.Tech,CSE,3
2028475,Arjun Rastogi,B.Tech,CSE,3
2028476,Mehak Mittal,B.Tech,CSE,3
2028477,Aditi Chamoli,B.Tech,CSE,3
2028478,Kavya Rawal,B.Tech,CSE,3
2028479,Suhani Dubey,B.Tech,CSE,3
2028480,Bhavya Maurya,B.Tech,CSE,2
2028481,Jiya Joshi,B.Tech,CSE,3
2028482,Ananya Singh,B.Tech,CSE,3
2028484,Charvi Trivedi,B.Tech,CSE,3
2028485,Payal Dimri,B.Tech,CSE,3
2028486,Shalini Chaudhary,B.Tech,CSE,3
2028487,Tushar Chamoli,B.Tech,CSE,3
2028488,Charvi Kimothi,B.Tech,CSE,3
2028489,Pranav Anand,B.Tech,CSE,3
2028490,Ashish Saxena,B.Tech,CSE,3
2028491,Muskan Nainwal,B.Tech,CSE,3
2028492,Diksha Mishra,B.Tech,CSE,3
2028493,Shreya Basu,B.Tech,CSE,3
2028494,Bhavya Juyal,B.Tech,CSE,3
2028495,Ojas Tomar,B.Tech,CSE,3
2028496,Aditya Rastogi,B.Tech,CSE,3
2028497,Soumya Semwal,B.Tech,CSE,3
2028498,Sonal Dangwal,B.Tech,CSE,3
2028499,Gayatri Kimothi,B.Tech,CSE,3
2028500,Vaishnavi Garg,B.Tech,CSE,3
2028501,Priyanka Gaur,B.Tech,CSE,3
2028502,Ashish Rathi,B.Tech,CSE,3
2028503,Sachin Bhatt,B.Tech,CSE,3
2028504,Nisha Pokhriyal,B.Tech,CSE,3
2028505,Diksha Sharma,B.Tech,CSE,3
2028506,Ashish Chopra,B.Tech,CSE,3
2028507,Vikram Garg,B.Tech,CSE,3
2028508,Radhika Bijalwan,B.Tech,CSE,3
2028509,Akshay Bhandari,B.Tech,CSE,3
2028510,Varun Malhotra,B.Tech,CSE,3
2028511,Harshita Pant,B.Tech,CSE,3
2028512,Aditi Negi,B.Tech,CSE,3
2028513,Yash Agarwal,B.Tech,CSE,3
2028514,Amit Sethi,B.Tech,CSE,3
2028515,Sumit Dangwal,B.Tech,CSE,3
2028516,Naveen Kapoor,B.Tech,CSE,3
2028517,Ananya Oberoi,B.Tech,CSE,3
2028518,Vedant Pant,B.Tech,CSE,2
2028519,Anjali Soni,B.Tech,CSE,3
2028601,Nidhi Chamoli,B.Tech,CSE,3
2028602,Divya Tripathi,B.Tech,CSE,3
2028603,Nandini Bisht,B.Tech,CSE,2
2028604,Udit Bhandula,B.Tech,CSE,3
2028605,Himanshu Badoni,B.Tech,CSE,2
2028606,Kriti Khurana,B.Tech,CSE,3
2028607,Tanvi Badoni,B.Tech,CSE,3
2028608,Aishwarya Kimothi,B.Tech,CSE,3
2028609,Anushka Thapliyal,B.Tech,CSE,3
2028610,Meera Oberoi,B.Tech,CSE,3
2028611,Sara Saxena,B.Tech,CSE,3
2028612,Aishwarya Sinha,B.Tech,CSE,3
2028613,Aarav Bahuguna,B.Tech,CSE,3
2028614,Ishita Singh,B.Tech,CSE,3
2028616,Kajal Pundir,B.Tech,CSE,3
2028617,Aarav Dobhal,B.Tech,CSE,3
2028618,Pranav Raturi,B.Tech,CSE,3
2028619,Jaya Tripathi,B.Tech,CSE,3
2028620,Ankita Joshi,B.Tech,CSE,3
2028621,Ravi Rana,B.Tech,CSE,3
2028622,Abhay Maurya,B.Tech,CSE,3
2028623,Kunal Kukreti,B.Tech,CSE,3
2028624,Arnav Sethi,B.Tech,CSE,3
2028625,Ajay Saini,B.Tech,CSE,3
2028626,Aditi Bhandari,B.Tech,CSE,3
2028627,Nitin Joshi,B.Tech,CSE,3
2028628,Aman Walia,B.Tech,CSE,3
2028629,Raghav Verma,B.Tech,CSE,3
2028630,Nidhi Bansal,B.Tech,CSE,3
2028631,Apoorva Oberoi,B.Tech,CSE,3
2028632,Tanmay Aggarwal,B.Tech,CSE,3
2028633,Payal Oberoi,B.Tech,CSE,3
2028634,Chetan Jain,B.Tech,CSE,3
2028635,Akash Kukreti,B.Tech,CSE,3
2028636,Anshika Kothari,B.Tech,CSE,3
2028637,Eshaan Sethi,B.Tech,CSE,3
2028638,Rishabh Pokhriyal,B.Tech,CSE,3
2028639,Priya Juyal,B.Tech,CSE,3
2028640,Ojas Kapoor,B.Tech,CSE,3
2028641,Mehak Maurya,B.Tech,CSE,3
2028642,Ajay Dhiman,B.Tech,CSE,3
2028643,Anchal Thapliyal,B.Tech,CSE,3
2028644,Laksh Lal,B.Tech,CSE,3
2028645,Shagun Tiwari,B.Tech,CSE,3
2028646,Mridul Bhandula,B.Tech,CSE,3
2028647,Simran Singh,B.Tech,CSE,3
2028648,Archit Sharma,B.Tech,CSE,3
2028649,Varun Mehra,B.Tech,CSE,3
2028650,Yogesh Khanduri,B.Tech,CSE,3
2028651,Chaitanya Tripathi,B.Tech,CSE,3
2028652,Akanksha Dobhal,B.Tech,CSE,3
2028654,Shivam Bhardwaj,B.Tech,CSE,3
2028655,Pulkit Saini,B.Tech,CSE,3
2028656,Ojas Dangwal,B.Tech,CSE,3
2028657,Yamini Malhotra,B.Tech,CSE,3
2028658,Yash Chaudhary,B.Tech,CSE,3
2028659,Vaibhav Gusain,B.Tech,CSE,3
2028660,Hardik Uniyal,B.Tech,CSE,3
2028661,Tushar Garg,B.Tech,CSE,3
2028662,Sahil Jain,B.Tech,CSE,3
2028663,Ruchi Sinha,B.Tech,CSE,3
2028664,Chetan Bhardwaj,B.Tech,CSE,3
2028665,Shubham Kukreti,B.Tech,CSE,3
2028666,Vaishnavi Shukla,B.Tech,CSE,3
2028667,Akanksha Patel,B.Tech,CSE,3
2028668,Lakshya Maithani,B.Tech,CSE,3
2028669,Rahul Nanda,B.Tech,CSE,3
2028670,Rohit Rathi,B.Tech,CSE,3
2028671,Sumit Chamoli,B.Tech,CSE,3
2028672,Bhavya Dhiman,B.Tech,CSE,3
2028673,Sumit Nautiyal,B.Tech,CSE,3
2028674,Parth Thapliyal,B.Tech,CSE,3
2028675,Laksh Kandpal,B.Tech,CSE,3
2028676,Parth Kashyap,B.Tech,CSE,3
2028677,Lavanya Chauhan,B.Tech,CSE,3
2028678,Jaya Bhatt,B.Tech,CSE,3
2028679,Devansh Nainwal,B.Tech,CSE,3
2028680,Tanishq Raturi,B.Tech,CSE,3
2028681,Nidhi Kothari,B.Tech,CSE,3
2028682,Priyanka Aggarwal,B.Tech,CSE,3
2028683,Udit Jain,B.Tech,CSE,3
2028684,Anjali Sood,B.Tech,CSE,3
2028685,Alok Basu,B.Tech,CSE,3
2028686,Eshaan Pandey,B.Tech,CSE,3
2028687,Rohan Badoni,B.Tech,CSE,3
2028688,Shivani Kumar,B.Tech,CSE,3
2028689,Rishabh Maurya,B.Tech,CSE,3
2028690,Ananya Lal,B.Tech,CSE,3
2028691,Neha Sethi,B.Tech,CSE,3
2028692,Lavanya Rana,B.Tech,CSE,3
2028693,Bhumika Verma,B.Tech,CSE,3
2028694,Shalini Nanda,B.Tech,CSE,3
2028695,Ankit Kashyap,B.Tech,CSE,3
2028696,Anuj Juyal,B.Tech,CSE,3
2028697,Vivek Trivedi,B.Tech,CSE,3
2028698,Ansh Dubey,B.Tech,CSE,3
2028699,Riya Dimri,B.Tech,CSE,3
2028700,Preeti Raturi,B.Tech,CSE,3
2028701,Sakshi Nainwal,B.Tech,CSE,3
2028702,Amit Dangwal,B.Tech,CSE,3
2028703,Navya Rawat,B.Tech,CSE,2
2028704,Parth Pundir,B.Tech,CSE,3
2028705,Vishal Chamoli,B.Tech,CSE,3
2028706,Ashish Maurya,B.Tech,CSE,3
2028707,Tanvi Tripathi,B.Tech,CSE,3
2028708,Prateek Bajaj,B.Tech,CSE,3
2028709,Gayatri Rastogi,B.Tech,CSE,3
2028710,Ira Kukreti,B.Tech,CSE,3
2028712,Gayatri Mahajan,B.Tech,CSE,3
2028713,Pooja Srivastava,B.Tech,CSE,3
2028715,Anuj Sood,B.Tech,CSE,3
2028716,Shagun Nainwal,B.Tech,CSE,3
2028717,Shivam Pokhriyal,B.Tech,CSE,2
2028718,Alok Sati,B.Tech,CSE,3
2028719,Tushar Sharma,B.Tech,CSE,3
2028720,Vaibhav Goswami,B.Tech,CSE,3
2028721,Rajat Srivastava,B.Tech,CSE,3
2028722,Vedant Basu,B.Tech,CSE,3
2028723,Gautam Sethi,B.Tech,CSE,3
2028724,Garima Soni,B.Tech,CSE,3
2028725,Yashika Nanda,B.Tech,CSE,3
2028726,Harshita Kumar,B.Tech,CSE,3
2028727,Amisha Juyal,B.Tech,CSE,3
2028728,Preeti Dhiman,B.Tech,CSE,3
2028729,Arnav Mehra,B.Tech,CSE,3
2028730,Preeti Lal,B.Tech,CSE,3
2028731,Shivam Pant,B.Tech,CSE,3
2028732,Arpit Kandpal,B.Tech,CSE,3
2028733,Jaya Walia,B.Tech,CSE,3
2028734,Nikhil Yadav,B.Tech,CSE,3
2028735,Tanmay Vats,B.Tech,CSE,3
2028736,Divya Mehta,B.Tech,CSE,3
2028738,Riya Panwar,B.Tech,CSE,3
2028739,Vaibhav Mishra,B.Tech,CSE,3
2028740,Radhika Pathak,B.Tech,CSE,3
2028741,Vikas Bhardwaj,B.Tech,CSE,3
2028742,Aryan Pokhriyal,B.Tech,CSE,3
2028743,Ansh Garg,B.Tech,CSE,3
2028744,Aditya Kukreti,B.Tech,CSE,3
2028745,Sagar Kapoor,B.Tech,CSE,3
2028746,Pooja Verma,B.Tech,CSE,3
2028747,Ravi Bhandula,B.Tech,CSE,3
2028748,Priya Lal,B.Tech,CSE,3
2028749,Rishabh Kukreti,B.Tech,CSE,3
2028750,Payal Anand,B.Tech,CSE,3
2028751,Yash Malhotra,B.Tech,CSE,3
2028752,Ira Tiwari,B.Tech,CSE,3
2028753,Meera Thapliyal,B.Tech,CSE,3
2028754,Raghav Bhatt,B.Tech,CSE,3
2028755,Rohit Saini,B.Tech,CSE,3
2028756,Chetan Tandon,B.Tech,CSE,3
2028757,Kajal Khanduri,B.Tech,CSE,3
2028758,Arjun Mehra,B.Tech,CSE,3
2028759,Ankit Thakur,B.Tech,CSE,3
2028760,Neha Kapoor,B.Tech,CSE,3
2028761,Apoorva Kandpal,B.Tech,CSE,3
2028762,Palak Chauhan,B.Tech,CSE,3
2028763,Samarth Khanduri,B.Tech,CSE,3
2028764,Suhani Vats,B.Tech,CSE,3
2028765,Charvi Jain,B.Tech,CSE,3
2028766,Rakesh Bisht,B.Tech,CSE,3
2028767,Tanmay Mishra,B.Tech,CSE,3
2028768,Ankit Kandpal,B.Tech,CSE,3
2028769,Sanchi Sharma,B.Tech,CSE,3
2028770,Saurabh Rastogi,B.Tech,CSE,3
2028771,Hardik Soni,B.Tech,CSE,3
2028772,Gaurav Goel,B.Tech,CSE,3
2028773,Nidhi Bhardwaj,B.Tech,CSE,3
2028774,Ravi Kukreti,B.Tech,CSE,3
2028775,Rakesh Rathi,B.Tech,CSE,3
2028776,Sanchi Walia,B.Tech,CSE,3
2028777,Aishwarya Nagi,B.Tech,CSE,3
2028778,Radhika Panwar,B.Tech,CSE,3
2028779,Shruti Rawat,B.Tech,CSE,3
2028780,Soumya Jain,B.Tech,CSE,3
2028781,Muskan Rawal,B.Tech,CSE,3
2028782,Anuj Rawal,B.Tech,CSE,3
2028783,Vidhi Gaur,B.Tech,CSE,3
2028784,Tanmay Khanduri,B.Tech,CSE,3
2028785,Zoya Mishra,B.Tech,CSE,3
2028786,Navya Shukla,B.Tech,CSE,3
2028787,Ankita Tiwari,B.Tech,CSE,3
2028788,Srishti Khanduri,B.Tech,CSE,3
2028789,Yashika Maurya,B.Tech,CSE,3
2028790,Archit Pathak,B.Tech,CSE,3
2028791,Kajal Bansal,B.Tech,CSE,3
2028792,Sandeep Mittal,B.Tech,CSE,3
2028793,Ruchi Sharma,B.Tech,CSE,3
2028794,Vandana Basu,B.Tech,CSE,3
2028795,Varun Agarwal,B.Tech,CSE,3
2028796,Bhavya Goswami,B.Tech,CSE,3
2028797,Ojas Gaur,B.Tech,CSE,3
2028798,Aditi Kothari,B.Tech,CSE,3
2028799,Sanchi Chopra,B.Tech,CSE,3
2028800,Abhinav Khurana,B.Tech,CSE,3
2028801,Prateek Bhandari,B.Tech,CSE,3
2028802,Ananya Rawat,B.Tech,CSE,3
2028803,Ruchi Chauhan,B.Tech,CSE,3
2028804,Diksha Mittal,B.Tech,CSE,3
2028805,Akanksha Goswami,B.Tech,CSE,3
2028806,Raj Soni,B.Tech,CSE,3
2028807,Vikram Pathak,B.Tech,CSE,3
2028808,Raghav Gaur,B.Tech,CSE,3
2028809,Dev Bhandari,B.Tech,CSE,3
2028811,Prateek Bahuguna,B.Tech,CSE,3
2028812,Arpit Nainwal,B.Tech,CSE,3
2028813,Udit Joshi,B.Tech,CSE,3
2028814,Khushi Gaur,B.Tech,CSE,3
2028815,Nidhi Chauhan,B.Tech,CSE,3
2028816,Gaurav Pokhriyal,B.Tech,CSE,3
2028817,Alok Nagi,B.Tech,CSE,3
2028818,Sanket Oberoi,B.Tech,CSE,3
2028819,Udit Pokhriyal,B.Tech,CSE,3
2028820,Yashika Pandey,B.Tech,CSE,3
2028821,Pranav Bhardwaj,B.Tech,CSE,3
2028823,Anshika Anand,B.Tech,CSE,3
2028824,Mansi Panwar,B.Tech,CSE,3
2028825,Madhav Gupta,B.Tech,CSE,3
2028826,Mayank Dobhal,B.Tech,CSE,3
2028827,Gunjan Agarwal,B.Tech,CSE,3
2028828,Jatin Pathak,B.Tech,CSE,3
2028829,Lakshya Aggarwal,B.Tech,CSE,3
2028830,Kavya Chopra,B.Tech,CSE,3
2028831,Chetan Bajaj,B.Tech,CSE,3
2028832,Alok Saini,B.Tech,CSE,3
2028833,Vivek Verma,B.Tech,CSE,3
2028834,Aditi Bijalwan,B.Tech,CSE,3
2028835,Lakshya Mehta,B.Tech,CSE,3
2028836,Rakesh Kashyap,B.Tech,CSE,3
2028837,Sandeep Pant,B.Tech,CSE,3
2028838,Anuj Rana,B.Tech,CSE,3
2028839,Shivam Kashyap,B.Tech,CSE,3
2028840,Mahima Sethi,B.Tech,CSE,3
2028841,Karan Bhandari,B.Tech,CSE,3
2028842,Amit Bhandari,B.Tech,CSE,3
2028843,Aditi Bansal,B.Tech,CSE,3
2028844,Bhavya Aggarwal,B.Tech,CSE,3
2028845,Alok Gaur,B.Tech,CSE,2
2028846,Sara Pathak,B.Tech,CSE,3
2028847,Tarun Sethi,B.Tech,CSE,3
2028848,Mohit Goel,B.Tech,CSE,3
2028849,Karan Kashyap,B.Tech,CSE,3
2028850,Laksh Thapliyal,B.Tech,CSE,3
2028851,Archit Dabral,B.Tech,CSE,3
2028852,Ira Pundir,B.Tech,CSE,3
2028853,Nitin Malhotra,B.Tech,CSE,3
2028854,Shivam Walia,B.Tech,CSE,3
2028855,Laksh Rathi,B.Tech,CSE,3
2028856,Radhika Maithani,B.Tech,CSE,3
2028857,Muskan Dubey,B.Tech,CSE,3
2028858,Hardik Parmar,B.Tech,CSE,3
2028859,Vaibhav Pathak,B.Tech,CSE,3
2028860,Ramya Sharma,B.Tech,CSE,3
2028861,Lakshya Rathi,B.Tech,CSE,3
2028862,Ansh Jain,B.Tech,CSE,3
2028863,Simran Sati,B.Tech,CSE,3
2028864,Prachi Panwar,B.Tech,CSE,3
2028865,Rakesh Chaudhary,B.Tech,CSE,3
2028866,Shruti Pant,B.Tech,CSE,3
2028867,Archit Bisht,B.Tech,CSE,3
2028868,Hemant Dangwal,B.Tech,CSE,3
2028870,Sarthak Saini,B.Tech,CSE,3
2028871,Gayatri Mittal,B.Tech,CSE,3
2028872,Nitin Rawat,B.Tech,CSE,3
2028873,Devansh Juyal,B.Tech,CSE,3
2028874,Yuvraj Malhotra,B.Tech,CSE,3
2028875,Navya Anand,B.Tech,CSE,3
2028876,Abhay Jain,B.Tech,CSE,3
2028877,Divya Kukreti,B.Tech,CSE,3
2028878,Shivam Chopra,B.Tech,CSE,3
2028879,Sanjana Thapliyal,B.Tech,CSE,3
2028880,Ajay Maurya,B.Tech,CSE,3
2028881,Aryan Bhardwaj,B.Tech,CSE,3
2028882,Akshay Sood,B.Tech,CSE,3
2028883,Ravi Joshi,B.Tech,CSE,3
2028884,Siddharth Rautela,B.Tech,CSE,3
2028885,Meera Mishra,B.Tech,CSE,3
2028886,Bhumika Kimothi,B.Tech,CSE,3
2028887,Parth Khurana,B.Tech,CSE,3
2028888,Shreya Chaudhary,B.Tech,CSE,3
2028889,Alok Pokhriyal,B.Tech,CSE,3
2028890,Nandini Tomar,B.Tech,CSE,3
2028891,Kavya Bhatt,B.Tech,CSE,3
2028893,Archit Raturi,B.Tech,CSE,3
2028894,Ojas Lal,B.Tech,CSE,3
2028895,Vikas Uniyal,B.Tech,CSE,3
2028896,Naman Agarwal,B.Tech,CSE,3
2028897,Neha Rana,B.Tech,CSE,3
2028898,Navya Dabral,B.Tech,CSE,3
2028899,Anchal Chauhan,B.Tech,CSE,3
2028900,Rajat Mishra,B.Tech,CSE,3
2028901,Mehak Singh,B.Tech,CSE,3
2028902,Payal Gusain,B.Tech,CSE,3
2028903,Devansh Singh,B.Tech,CSE,3
2028904,Udit Mahajan,B.Tech,CSE,3
2028905,Yashika Juyal,B.Tech,CSE,3
2028906,Vidhi Bijalwan,B.Tech,CSE,3
2028907,Jaya Trivedi,B.Tech,CSE,3
2028908,Kartik Badoni,B.Tech,CSE,3
2028909,Eshaan Dangwal,B.Tech,CSE,3
2028910,Ishita Sati,B.Tech,CSE,3
2028911,Riya Garg,B.Tech,CSE,3
2028912,Simran Arora,B.Tech,CSE,3
2028913,Ashish Shukla,B.Tech,CSE,3
2028914,Ansh Goel,B.Tech,CSE,3
2028915,Dhruv Sharma,B.Tech,CSE,3
2028916,Pallavi Gaur,B.Tech,CSE,3
2028917,Mridul Khurana,B.Tech,CSE,3
2028918,Raj Mehra,B.Tech,CSE,3
2028919,Neha Jain,B.Tech,CSE,3
2028920,Rohan Walia,B.Tech,CSE,3
2028971,Arnav Dabral,B.Tech,CSE,3
2028973,Soumya Rautela,B.Tech,CSE,3
2028974,Harshita Chopra,B.Tech,CSE,3
2028975,Devansh Jain,B.Tech,CSE,3
2028976,Nitin Saxena,B.Tech,CSE,3
2028977,Aditi Mishra,B.Tech,CSE,3
2028978,Himanshu Juyal,B.Tech,CSE,3
2028979,Ruchi Mehra,B.Tech,CSE,3
2028980,Garima Rautela,B.Tech,CSE,3
2028981,Sagar Bhardwaj,B.Tech,CSE,3
2028982,Mohit Tomar,B.Tech,CSE,3
2028983,Amit Pundir,B.Tech,CSE,3
2028984,Ankita Uniyal,B.Tech,CSE,3
2028985,Abhay Walia,B.Tech,CSE,3
2028986,Bhavya Sharma,B.Tech,CSE,3
2028988,Gunjan Mahajan,B.Tech,CSE,3
2028989,Pulkit Nanda,B.Tech,CSE,3
2028990,Ramya Bhandula,B.Tech,CSE,3
2028991,Tripti Dangwal,B.Tech,CSE,3
2028992,Rakesh Kapoor,B.Tech,CSE,3
2028993,Saloni Vats,B.Tech,CSE,3
2028994,Sanchi Chamoli,B.Tech,CSE,3
2028995,Neha Basu,B.Tech,CSE,3
2028996,Vivek Gupta,B.Tech,CSE,3
2028997,Ankit Rautela,B.Tech,CSE,3
2028998,Manish Khanduri,B.Tech,CSE,3
2028999,Anushka Semwal,B.Tech,CSE,3
2029000,Akash Rawat,B.Tech,CSE,3
2029001,Rohan Sinha,B.Tech,CSE,3
2029002,Deepak Maurya,B.Tech,CSE,3
2029003,Samarth Khurana,B.Tech,CSE,3
2029004,Vidhi Kandpal,B.Tech,CSE,3
2029005,Mansi Saxena,B.Tech,CSE,3
2029006,Shivam Rawal,B.Tech,CSE,3
2029007,Sanjana Jain,B.Tech,CSE,3
2029008,Rajat Walia,B.Tech,CSE,3
2029009,Rohan Gupta,B.Tech,CSE,3
2029010,Kabir Kashyap,B.Tech,CSE,3
2029011,Vivek Panwar,B.Tech,CSE,3
2029012,Madhav Chamoli,B.Tech,CSE,3
2029013,Shalini Sharma,B.Tech,CSE,3
2029014,Siddharth Bhatt,B.Tech,CSE,3
2029015,Priyanka Parmar,B.Tech,CSE,3
2029016,Hardik Dangwal,B.Tech,CSE,3
2029017,Siddharth Panwar,B.Tech,CSE,3
2029018,Vivek Pundir,B.Tech,CSE,3
2029019,Mansi Kandpal,B.Tech,CSE,3
2029020,Akash Kimothi,B.Tech,CSE,3
2029021,Udit Verma,B.Tech,CSE,3
2029022,Ruchi Jain,B.Tech,CSE,3
2029023,Shagun Tomar,B.Tech,CSE,3
2029024,Gaurav Mehta,B.Tech,CSE,3
2029025,Rudra Mehra,B.Tech,CSE,3
2029026,Bhumika Badoni,B.Tech,CSE,3
2029027,Rohit Rana,B.Tech,CSE,3
2029028,Meera Khanduri,B.Tech,CSE,3
2029029,Vidhi Rathi,B.Tech,CSE,3
2029030,Tanishq Maithani,B.Tech,CSE,2
2029031,Vaishnavi Dabral,B.Tech,CSE,3
2029032,Manav Nautiyal,B.Tech,CSE,3
2029041,Vansh Pandey,B.Tech,CSE,3
2029042,Manish Agarwal,B.Tech,CSE,3
2029043,Suhani Goswami,B.Tech,CSE,3
2029044,Ojas Anand,B.Tech,CSE,3
2029045,Aman Arora,B.Tech,CSE,3
2029046,Aditi Dimri,B.Tech,CSE,3
2029047,Eshaan Chamoli,B.Tech,CSE,3
2029048,Radhika Dobhal,B.Tech,CSE,3
2029049,Priya Rautela,B.Tech,CSE,3
2029051,Meera Dimri,B.Tech,CSE,3
2029052,Rohit Aggarwal,B.Tech,CSE,3
2029053,Anshika Khanduri,B.Tech,CSE,3
2029054,Garima Gusain,B.Tech,CSE,3
2029055,Payal Bajaj,B.Tech,CSE,3
2029056,Uday Mittal,B.Tech,CSE,3
2029057,Nitin Tomar,B.Tech,CSE,3
2029058,Parth Tomar,B.Tech,CSE,3
2029059,Lavanya Khurana,B.Tech,CSE,3
2029060,Sneha Tandon,B.Tech,CSE,3
2029061,Riya Mehta,B.Tech,CSE,3
2029062,Aarav Aggarwal,B.Tech,CSE,3
2029063,Shubham Kashyap,B.Tech,CSE,3
2029064,Shruti Tripathi,B.Tech,CSE,3
2029065,Ankit Rawat,B.Tech,CSE,3
2029066,Jaya Saini,B.Tech,CSE,3
2029067,Riya Shukla,B.Tech,CSE,3
2029068,Sahil Rastogi,B.Tech,CSE,3
2029069,Soumya Aggarwal,B.Tech,CSE,3
2029070,Radhika Basu,B.Tech,CSE,3
2029071,Tarun Gupta,B.Tech,CSE,3
2029072,Zoya Mehta,B.Tech,CSE,3
2029073,Ravi Goswami,B.Tech,CSE,3
2029074,Naman Pundir,B.Tech,CSE,3
2029075,Mehak Kashyap,B.Tech,CSE,3
2029076,Mayank Bijalwan,B.Tech,CSE,3
2029077,Sakshi Bisht,B.Tech,CSE,3
2029078,Anushka Malhotra,B.Tech,CSE,3
2029079,Sanket Dobhal,B.Tech,CSE,3
2029080,Srishti Pant,B.Tech,CSE,3
2029082,Diksha Dimri,B.Tech,CSE,3
2029083,Ishaan Nanda,B.Tech,CSE,3
2029084,Anuj Bijalwan,B.Tech,CSE,3
2029085,Mansi Pokhriyal,B.Tech,CSE,3
2029086,Sanket Raturi,B.Tech,CSE,3
2029087,Mansi Maithani,B.Tech,CSE,3
2029088,Tripti Bajaj,B.Tech,CSE,3
2029089,Bhumika Bahuguna,B.Tech,CSE,3
2029090,Deepak Yadav,B.Tech,CSE,3
2029091,Mayank Nautiyal,B.Tech,CSE,3
2029092,Divya Nanda,B.Tech,CSE,3
2029093,Priyanka Tandon,B.Tech,CSE,3
2029094,Saloni Lal,B.Tech,CSE,3
2029095,Amit Bijalwan,B.Tech,CSE,3
2029096,Mehak Soni,B.Tech,CSE,3
2029097,Rohit Juyal,B.Tech,CSE,3
2029098,Rudra Bhatt,B.Tech,CSE,3
2029099,Deepika Tomar,B.Tech,CSE,3
2029111,Mridul Garg,B.Tech,ECE,3
2029112,Tanishq Bansal,B.Tech,ECE,3
2029113,Hardik Rawat,B.Tech,ECE,3
2029114,Preeti Mehta,B.Tech,ECE,3
2029115,Komal Kimothi,B.Tech,ECE,3
2029116,Ojas Saxena,B.Tech,ECE,3
2029117,Karan Thapliyal,B.Tech,ECE,3
2029118,Aishwarya Dubey,B.Tech,ECE,3
2029119,Himanshu Dabral,B.Tech,ECE,3
2029120,Srishti Chopra,B.Tech,ECE,2
2029121,Mahima Uniyal,B.Tech,ECE,3
2029122,Ajay Nanda,B.Tech,ECE,3
2029123,Mridul Panwar,B.Tech,ECE,3
2029124,Anuj Lal,B.Tech,ECE,3
2029125,Sonal Saxena,B.Tech,ECE,3
2029126,Eshaan Gupta,B.Tech,ECE,3
2029127,Lakshya Sati,B.Tech,ECE,2
2029128,Sanjana Gupta,B.Tech,ECE,3
2029129,Jaya Chamoli,B.Tech,ECE,3
2029130,Lavanya Pathak,B.Tech,ECE,3
2029131,Samarth Kimothi,B.Tech,ECE,3
2029132,Disha Soni,B.Tech,ECE,3
2029133,Gaurav Barthwal,B.Tech,ECE,3
2029134,Naman Kapoor,B.Tech,ECE,3
2029135,Omkar Rautela,B.Tech,ECE,3
2029136,Ramya Rajput,B.Tech,ECE,3
2029137,Devansh Dobhal,B.Tech,ECE,3
2029138,Rajat Sood,B.Tech,ECE,3
2029139,Hardik Bhatt,B.Tech,ECE,3
2029140,Nidhi Soni,B.Tech,ECE,3
2029141,Ravi Trivedi,B.Tech,ECE,3
2029142,Ananya Gaur,B.Tech,ECE,3
2029143,Shruti Basu,B.Tech,ECE,3
2029144,Rishabh Mishra,B.Tech,ECE,3
2029145,Uday Sethi,B.Tech,ECE,3
2029146,Suhani Rajput,B.Tech,ECE,3
2029147,Rahul Pundir,B.Tech,ECE,3
2029148,Srishti Patel,B.Tech,ECE,3
2029149,Diksha Soni,B.Tech,ECE,3
2029150,Tanvi Jain,B.Tech,ECE,3
2029151,Harshita Aggarwal,B.Tech,ECE,3
2029152,Saloni Maithani,B.Tech,ECE,3
2029153,Sanchi Panwar,B.Tech,ECE,3
2029154,Aditya Sharma,B.Tech,ECE,3
2029155,Aryan Saini,B.Tech,ECE,3
2029156,Lavanya Gaur,B.Tech,ECE,3
2029157,Vikram Nainwal,B.Tech,ECE,3
2029158,Kamal Bansal,B.Tech,ECE,3
2029159,Arjun Singh,B.Tech,ECE,3
2029160,Siddharth Rawal,B.Tech,ECE,3
2029161,Suhani Trivedi,B.Tech,ECE,3
2029162,Soumya Chamoli,B.Tech,ECE,3
2029163,Nitin Rawal,B.Tech,ECE,3
2029165,Nandini Garg,B.Tech,ECE,3
2029166,Sanjana Pokhriyal,B.Tech,ECE,3
2029167,Vipul Bhandula,B.Tech,ECE,3
2029168,Yamini Kumar,B.Tech,ECE,3
2029169,Tripti Parmar,B.Tech,CSE,3
2029170,Vinay Rastogi,B.Tech,CSE,2
2029171,Ira Khurana,B.Tech,ECE,3
2029172,Ansh Sood,B.Tech,ECE,3
2029173,Prateek Negi,B.Tech,ECE,3
2029181,Khushi Soni,B.Tech,ECE,3
2029182,Ankit Rawal,B.Tech,ECE,3
2029183,Vaibhav Yadav,B.Tech,ECE,3
2029184,Gunjan Khanduri,B.Tech,ECE,3
2029185,Ishaan Dubey,B.Tech,ECE,2
2029186,Raj Tripathi,B.Tech,ECE,3
2029187,Parth Mittal,B.Tech,ECE,3
2029188,Anshika Nainwal,B.Tech,ECE,2
2029201,Charvi Basu,B.Tech,EE,3
2029202,Rohan Thakur,B.Tech,EE,3
2029204,Ashutosh Dangwal,B.Tech,EE,3
2029205,Sonal Kothari,B.Tech,EE,2
2029206,Meera Tomar,B.Tech,EE,3
2029207,Ravi Dhiman,B.Tech,EE,3
2029208,Kriti Basu,B.Tech,EE,3
2029209,Saloni Agarwal,B.Tech,EE,2
2029210,Vipul Malhotra,B.Tech,ECE,2
2029211,Nisha Maurya,B.Tech,ECE,3
2029213,Sagar Uniyal,B.Tech,EE,3
2029214,Abhay Pokhriyal,B.Tech,EE,3
2029215,Vishal Bijalwan,B.Tech,EE,3
2029216,Laksh Sati,B.Tech,EE,3
2029217,Vandana Kukreti,B.Tech,ECE,3
2029220,Gunjan Srivastava,B.Tech,ECE,3
2029232,Yash Thakur,B.Tech,ME,3
2029233,Yash Panwar,B.Tech,ME,3
2029234,Arnav Bajaj,B.Tech,ME,3
2029235,Ankit Patel,B.Tech,ME,3
2029236,Saloni Yadav,B.Tech,ME,3
2029237,Shagun Dabral,B.Tech,ME,3
2029238,Nidhi Malhotra,B.Tech,ME,3
2029239,Preeti Nanda,B.Tech,ME,3
2029240,Shivam Pandey,B.Tech,ME,3
2029241,Vansh Rautela,B.Tech,ME,3
2029242,Akshay Khanduri,B.Tech,ME,3
2029243,Garima Kukreti,B.Tech,ME,3
2029244,Shubham Patel,B.Tech,ME,3
2029245,Abhinav Gaur,B.Tech,ME,3
2029246,Priyanka Yadav,B.Tech,ME,3
2029247,Kajal Kumar,B.Tech,ME,3
2029248,Shruti Bhatt,B.Tech,ME,3
2029249,Tanishq Anand,B.Tech,ME,3
2029250,Ansh Tiwari,B.Tech,ME,3
2029251,Gunjan Rajput,B.Tech,ME,3
2029252,Karan Singh,B.Tech,ECE,3
2029253,Omkar Basu,B.Tech,ME,3
2029254,Simran Rastogi,B.Tech,ME,3
2029255,Ira Rana,B.Tech,ME,3
2029257,Payal Dubey,B.Tech,ME,3
2029258,Khushi Garg,B.Tech,ME,3
2029259,Samarth Bhatt,B.Tech,ME,3
2029260,Anmol Dabral,B.Tech,ME,3
2029262,Vinay Saxena,B.Tech,ME,3
2029263,Sarthak Nanda,B.Tech,ME,3
2029265,Mohit Pant,B.Tech,ME,3
2029266,Manav Chopra,B.Tech,ME,3
2029267,Sneha Pokhriyal,B.Tech,ME,3
2029268,Tripti Maurya,B.Tech,ME,3
2029271,Neha Anand,B.Tech,AERO,3
2029273,Yamini Rathi,B.Tech,AERO,3
2029275,Vivek Goswami,B.Tech,AERO,3
2029276,Nitin Mehta,B.Tech,AERO,3
2029277,Ira Barthwal,B.Tech,AERO,3
2029278,Pooja Pandey,B.Tech,AERO,3
2029279,Yogesh Sinha,B.Tech,AERO,3
2029280,Charvi Patel,B.Tech,AERO,3
2029281,Mohit Kashyap,B.Tech,AERO,3
2029282,Yash Kimothi,B.Tech,AERO,3
2029283,Zoya Bisht,B.Tech,AERO,3
2029284,Alok Rajput,B.Tech,AERO,3
2029285,Aditi Rawal,B.Tech,AERO,3
2029286,Anmol Parmar,B.Tech,AERO,3
2029287,Aarav Anand,B.Tech,AERO,3
2029288,Sanya Rawal,B.Tech,AERO,3
2029289,Kajal Vats,B.Tech,AERO,3
2029290,Lavanya Gusain,B.Tech,AERO,3
2029291,Sanya Mehta,B.Tech,AERO,3
2029293,Arpit Chopra,B.Tech,AERO,3
2029294,Shalini Dangwal,B.Tech,AERO,3
2029295,Sarthak Khurana,B.Tech,AERO,3
2029296,Mansi Nanda,B.Tech,AERO,3
2029311,Chetan Thakur,B.Tech,CE,3
2029312,Manish Dubey,B.Tech,CE,3
2029313,Aditya Rawal,B.Tech,CE,3
2029314,Soumya Chaudhary,B.Tech,CE,3
2029315,Jaya Bhandari,B.Tech,CE,3
2029316,Omkar Singh,B.Tech,CE,3
2029317,Shalini Bhardwaj,B.Tech,CE,3
2029318,Arnav Pant,B.Tech,CE,3
2029319,Muskan Nagi,B.Tech,CE,3
2029320,Preeti Walia,B.Tech,CE,3
2029321,Yamini Anand,B.Tech,CE,3
2029322,Nitin Dobhal,B.Tech,CE,3
2029323,Suhani Bijalwan,B.Tech,CE,3
2029324,Rudra Goel,B.Tech,CE,3
2029325,Anmol Rawal,B.Tech,CE,3
2029326,Priya Mishra,B.Tech,CE,3
2029327,Harsh Dobhal,B.Tech,CE,3
2029328,Gunjan Yadav,B.Tech,CE,3
2029329,Dev Mahajan,B.Tech,CE,3
2029330,Anmol Garg,B.Tech,CE,3
2029331,Sakshi Pant,B.Tech,CE,3
2029332,Tanmay Bansal,B.Tech,CE,3
2029333,Vinay Nagi,B.Tech,CE,3
2029334,Varun Kukreti,B.Tech,CE,3
2029335,Kajal Nagi,B.Tech,CE,3
2029336,Chetan Patel,B.Tech,CE,3
2029337,Arpit Rastogi,B.Tech,CE,3
2029339,Rishabh Bijalwan,B.Tech,CE,3
2029340,Vaibhav Rawal,B.Tech,CE,3
2029341,Omkar Barthwal,B.Tech,CE,3
2029342,Ajay Agarwal,B.Tech,CE,3
2029361,Tanmay Bisht,B.Tech,BT,3
2029362,Chetan Maithani,B.Tech,BT,3
2029363,Jatin Thakur,B.Tech,BT,3
2029364,Shruti Bansal,B.Tech,BT,3
2029365,Prachi Chopra,B.Tech,BT,3
2029366,Kriti Rawat,B.Tech,BT,3
2029367,Vipul Goel,B.Tech,BT,3
2029368,Ashish Gupta,B.Tech,BT,3
2029369,Kabir Sati,B.Tech,BT,3
2029370,Raj Sinha,B.Tech,BT,3
2029371,Shruti Sood,B.Tech,BT,3
2029372,Naveen Mahajan,B.Tech,BT,3
2029373,Udit Dabral,B.Tech,BT,3
2029374,Chaitanya Bhandari,B.Tech,BT,3
2029375,Lakshya Kukreti,B.Tech,BT,3
2029376,Sanya Nautiyal,B.Tech,BT,3
2029378,Saloni Gusain,B.Tech,BT,3
2029379,Abhay Agarwal,B.Tech,BT,3
2029380,Deepika Kapoor,B.Tech,BT,3
2029381,Anuj Panwar,B.Tech,BT,3
2029382,Diksha Rathi,B.Tech,BT,3
2029383,Anuj Dobhal,B.Tech,BT,3
2029384,Gunjan Arora,B.Tech,BT,3
2029385,Ishaan Pathak,B.Tech,BT,3
2029386,Abhay Rautela,B.Tech,BT,3
2029387,Sanjana Bahuguna,B.Tech,BT,3
2029388,Divya Goswami,B.Tech,BT,3
2029389,Ira Anand,B.Tech,BT,3
2029391,Tushar Anand,B.Tech,BT,3
2029392,Harsh Thapliyal,B.Tech,BT,3
2029393,Naman Sati,B.Tech,BT,3
2029394,Sneha Oberoi,B.Tech,BT,3
2029395,Naman Dabral,B.Tech,BT,3
2029396,Ajay Dubey,B.Tech,BT,3
2029397,Priya Arora,B.Tech,BT,3
2029399,Rishabh Dangwal,B.Tech,BT,3
2029400,Akanksha Sethi,B.Tech,BT,3
2029401,Yash Soni,B.Tech,BT,3
2029402,Zoya Goswami,B.Tech,BT,3
2029403,Kabir Singh,B.Tech,BT,3
2029404,Tushar Uniyal,B.Tech,BT,3
2029405,Harsh Bahuguna,B.Tech,BT,3
2029406,Samarth Bansal,B.Tech,BT,3
2029407,Gayatri Kandpal,B.Tech,BT,3
2029408,Soumya Nagi,B.Tech,BT,3
2029409,Arjun Kukreti,B.Tech,CSE,3
2029410,Tripti Soni,B.Tech,BT,3
2029411,Sanchi Thakur,B.Tech,BT,3
2029412,Uday Pundir,B.Tech,BT,3
2029413,Shubham Oberoi,B.Tech,BT,3
2029414,Apoorva Pokhriyal,B.Tech,BT,3
2029415,Siddharth Tripathi,B.Tech,BT,3
2029416,Pooja Sethi,B.Tech,BT,3
2029417,Amisha Malhotra,B.Tech,BT,3
2029418,Shalini Kimothi,B.Tech,BT,3
2029419,Neha Khanduri,B.Tech,BT,3
2029420,Arnav Chauhan,B.Tech,BT,3
2029421,Radhika Nainwal,B.Tech,BT,3
2029422,Ananya Dobhal,B.Tech,BT,3
2029423,Deepak Trivedi,B.Tech,BT,3
2029424,Yuvraj Bhandula,B.Tech,BT,3
2029425,Neha Tiwari,B.Tech,BT,3
2029426,Sanjana Kukreti,B.Tech,BT,3
2029427,Yashika Rautela,B.Tech,BT,3
2029428,Ankit Kumar,B.Tech,BT,3
2029429,Himanshu Mishra,B.Tech,BT,3
2029430,Anchal Mahajan,B.Tech,BT,3
2029431,Ojas Goswami,B.Tech,BT,3
2029432,Vandana Kothari,B.Tech,BT,3
2029433,Gunjan Rawat,B.Tech,BT,3
2029434,Kavya Bhandari,B.Tech,BT,3
2029435,Manish Gupta,B.Tech,BT,3
2029436,Mahima Sood,B.Tech,BT,3
2029437,Parth Jain,B.Tech,BT,3
2029438,Nandini Singh,B.Tech,BT,3
2029439,Saloni Rawat,B.Tech,BT,3
2029440,Pranav Garg,B.Tech,BT,3
2029441,Anushka Mehta,B.Tech,BT,3
2029442,Mayank Malhotra,B.Tech,BT,3
2029443,Vikram Singh,B.Tech,BT,3
2029444,Ruchi Kapoor,B.Tech,BT,3
2029445,Vishal Maurya,B.Tech,BT,3
2029446,Kriti Nagi,B.Tech,BT,3
2029447,Nisha Aggarwal,B.Tech,BT,3
2029448,Nisha Mittal,B.Tech,BT,3
2029449,Hardik Bansal,B.Tech,BT,3
2029450,Anuj Pokhriyal,B.Tech,BT,3
2029451,Karan Mehta,B.Tech,BT,3
2029453,Ishita Malhotra,B.Tech,BT,3
2029454,Keshav Malhotra,B.Tech,BT,3
2029455,Prateek Yadav,B.Tech,BT,3
2029456,Sakshi Thapliyal,B.Tech,BT,3
2029457,Akshay Sethi,B.Tech,BT,3
2029458,Sandeep Basu,B.Tech,BT,3
2029459,Vedant Sharma,B.Tech,BT,3
2029460,Srishti Kimothi,B.Tech,BT,3
2029461,Omkar Kothari,B.Tech,BT,3
2029462,Pulkit Agarwal,B.Tech,BT,3
2029463,Arpit Chauhan,B.Tech,BT,3
2029464,Radhika Joshi,B.Tech,BT,3
2029465,Tanvi Kimothi,B.Tech,BT,3
2029466,Udit Mittal,B.Tech,BT,3
2029467,Pulkit Mehra,B.Tech,BT,3
2029468,Vandana Bahuguna,B.Tech,BT,3
2029469,Tanmay Rautela,B.Tech,BT,3
2029470,Shagun Walia,B.Tech,BT,3
2029471,Dev Kumar,B.Tech,BT,3
2029472,Rohan Mishra,B.Tech,BT,3
2029473,Anushka Rathi,B.Tech,CSE,3
2029474,Sakshi Sethi,B.Tech,BT,3
2029475,Kunal Dubey,B.Tech,BT,3
2029476,Shivam Mehta,B.Tech,BT,3
2029477,Hemant Kimothi,B.Tech,BT,3
2029478,Sumit Malhotra,B.Tech,BT,3
2029479,Pulkit Gusain,B.Tech,BT,3
2029480,Ojas Nanda,B.Tech,BT,3
2029481,Shalini Bisht,B.Tech,BT,3
2029482,Jatin Tandon,B.Tech,BT,3
2029483,Nidhi Chopra,B.Tech,BT,3
2029484,Rakesh Bhandula,B.Tech,BT,3
2029485,Ishaan Parmar,B.Tech,BT,3
2029486,Yamini Pandey,B.Tech,BT,3
2029487,Divya Bansal,B.Tech,BT,3
2029488,Yogesh Bahuguna,B.Tech,BT,3
2029489,Raj Srivastava,B.Tech,BT,3
2029490,Disha Goel,B.Tech,BT,3
2029898,Kriti Chopra,B.Tech,CSE,3
2030387,Sahil Gaur,B.Tech,CSE,3
2030388,Tushar Dabral,B.Tech,CSE,3
2030389,Vandana Khurana,B.Tech,CSE,3
2030390,Divya Tandon,B.Tech,CSE,3
2030391,Radhika Mehra,B.Tech,CSE,3
2030392,Jatin Gaur,B.Tech,CSE,3
2030393,Yogesh Arora,B.Tech,CSE,3
2030394,Yash Chauhan,B.Tech,CSE,3
2030395,Kunal Trivedi,B.Tech,CSE,3
2030396,Kunal Mahajan,B.Tech,CSE,3
2030397,Jaya Mishra,B.Tech,CSE,3
2030398,Rishabh Trivedi,B.Tech,CSE,3
2030876,Anmol Kukreti,B.Tech,Common (1st Year),3
2031501,Aditya Thakur,B.Tech,Common (1st Year),1
2031502,Abhinav Mahajan,B.Tech,Common (1st Year),1
2031503,Aryan Sharma,B.Tech,Common (1st Year),1
2031504,Priyanka Pundir,B.Tech,Common (1st Year),1
2031505,Anjali Nainwal,B.Tech,Common (1st Year),1
2031506,Nikhil Barthwal,B.Tech,Common (1st Year),1
2031507,Raghav Maurya,B.Tech,Common (1st Year),1
2031508,Abhinav Rastogi,B.Tech,Common (1st Year),1
2031509,Sara Rautela,B.Tech,Common (1st Year),1
2031510,Ashish Nagi,B.Tech,Common (1st Year),1
2031511,Sanya Rana,B.Tech,Common (1st Year),1
2031512,Kunal Nagi,B.Tech,Common (1st Year),1
2031513,Vishal Pundir,B.Tech,Common (1st Year),1
2031514,Himanshu Tripathi,B.Tech,Common (1st Year),1
2031515,Yuvraj Arora,B.Tech,Common (1st Year),1
2031516,Anchal Srivastava,B.Tech,Common (1st Year),1
2031517,Akanksha Sharma,B.Tech,Common (1st Year),1
2031518,Shubham Yadav,B.Tech,Common (1st Year),1
2031519,Ira Walia,B.Tech,Common (1st Year),1
2031520,Yogesh Kothari,B.Tech,Common (1st Year),1
2031521,Ajay Goswami,B.Tech,Common (1st Year),1
2031522,Harshita Gusain,B.Tech,Common (1st Year),1
2031523,Priya Dubey,B.Tech,Common (1st Year),1
2031524,Vidhi Dimri,B.Tech,Common (1st Year),1
2031525,Lakshya Basu,B.Tech,Common (1st Year),1
2031526,Shubham Gupta,B.Tech,Common (1st Year),1
2031527,Aishwarya Semwal,B.Tech,Common (1st Year),1
2031528,Sanya Arora,B.Tech,Common (1st Year),1
2031529,Vidhi Dubey,B.Tech,Common (1st Year),1
2031530,Sagar Bhandari,B.Tech,Common (1st Year),1
2031531,Apoorva Goel,B.Tech,Common (1st Year),1
2031532,Yashika Kandpal,B.Tech,Common (1st Year),1
2031533,Priya Kapoor,B.Tech,Common (1st Year),1
2031534,Vipul Maithani,B.Tech,Common (1st Year),1
2031535,Rajat Trivedi,B.Tech,Common (1st Year),1
2031536,Vaibhav Joshi,B.Tech,Common (1st Year),1
2031537,Vikram Bhardwaj,B.Tech,Common (1st Year),1
2031538,Kabir Semwal,B.Tech,Common (1st Year),1
2031539,Tanvi Sood,B.Tech,Common (1st Year),1
2031540,Ashutosh Thakur,B.Tech,Common (1st Year),1
2031541,Surbhi Kandpal,B.Tech,Common (1st Year),1
2031542,Aryan Tiwari,B.Tech,Common (1st Year),1
2031543,Lavanya Dhiman,B.Tech,Common (1st Year),1
2031544,Ananya Rautela,B.Tech,Common (1st Year),1
2031545,Rakesh Rastogi,B.Tech,Common (1st Year),1
2031546,Tanishq Rawal,B.Tech,Common (1st Year),1
2031547,Sanjana Bhatt,B.Tech,Common (1st Year),1
2031548,Siddharth Soni,B.Tech,Common (1st Year),1
2031549,Vishal Walia,B.Tech,Common (1st Year),1
2031550,Keshav Tiwari,B.Tech,Common (1st Year),1
2031551,Yamini Bhandari,B.Tech,Common (1st Year),1
2031552,Ankit Kothari,B.Tech,Common (1st Year),1
2031553,Surbhi Nagi,B.Tech,Common (1st Year),1
2031554,Divya Chopra,B.Tech,Common (1st Year),1
2031555,Sneha Nainwal,B.Tech,Common (1st Year),1
2031556,Pooja Vats,B.Tech,Common (1st Year),1
2031557,Ansh Chamoli,B.Tech,Common (1st Year),1
2031558,Akshay Arora,B.Tech,Common (1st Year),1
2031559,Arnav Tomar,B.Tech,Common (1st Year),1
2031560,Vandana Pandey,B.Tech,Common (1st Year),1
2031561,Vikas Tiwari,B.Tech,Common (1st Year),1
2031562,Soumya Patel,B.Tech,Common (1st Year),1
2031563,Harshita Sethi,B.Tech,Common (1st Year),1
2031564,Vivek Sinha,B.Tech,Common (1st Year),1
2031565,Eshaan Raturi,B.Tech,Common (1st Year),1
2031566,Abhay Lal,B.Tech,Common (1st Year),1
2031567,Pallavi Sethi,B.Tech,Common (1st Year),1
2031568,Vaibhav Rajput,B.Tech,Common (1st Year),1
2031569,Ishaan Joshi,B.Tech,Common (1st Year),1
2031570,Riya Pant,B.Tech,Common (1st Year),1
2031571,Sanket Pokhriyal,B.Tech,Common (1st Year),1
2031572,Anuj Chamoli,B.Tech,Common (1st Year),1
2031573,Muskan Aggarwal,B.Tech,Common (1st Year),1
2031574,Dev Sharma,B.Tech,Common (1st Year),1
2031575,Ramya Kapoor,B.Tech,Common (1st Year),1
2031576,Ankit Chopra,B.Tech,Common (1st Year),1
2031577,Manish Maithani,B.Tech,Common (1st Year),1
2031578,Nisha Sethi,B.Tech,Common (1st Year),1
2031579,Simran Saxena,B.Tech,Common (1st Year),1
2031580,Priyanka Chamoli,B.Tech,Common (1st Year),1
2031581,Tanvi Joshi,B.Tech,Common (1st Year),1
2031582,Ravi Kashyap,B.Tech,Common (1st Year),1
2031583,Bhumika Bhandula,B.Tech,Common (1st Year),1
2031584,Divya Joshi,B.Tech,Common (1st Year),1
2031585,Arnav Dobhal,B.Tech,Common (1st Year),1
2031586,Sachin Kothari,B.Tech,Common (1st Year),1
2031587,Vansh Saxena,B.Tech,Common (1st Year),1
2031588,Sagar Bansal,B.Tech,Common (1st Year),1
2031589,Tanmay Kandpal,B.Tech,Common (1st Year),1
2031590,Surbhi Walia,B.Tech,Common (1st Year),1
2031591,Ruchi Basu,B.Tech,Common (1st Year),1
2031592,Karan Sharma,B.Tech,Common (1st Year),1
2031593,Nikhil Dhiman,B.Tech,Common (1st Year),1
2031594,Meera Kukreti,B.Tech,Common (1st Year),1
2031595,Mohit Mishra,B.Tech,Common (1st Year),1
2031596,Kavya Rawat,B.Tech,Common (1st Year),1
2031597,Lakshya Pandey,B.Tech,Common (1st Year),1
2031598,Prateek Chopra,B.Tech,Common (1st Year),1
2031599,Aditi Tiwari,B.Tech,Common (1st Year),1
2031600,Kavya Saxena,B.Tech,Common (1st Year),1
2031601,Pulkit Rastogi,B.Tech,Common (1st Year),1
2031602,Rudra Sethi,B.Tech,Common (1st Year),1
2031603,Vinay Bahuguna,B.Tech,Common (1st Year),1
2031604,Abhay Pant,B.Tech,Common (1st Year),1
2031605,Anshika Dobhal,B.Tech,Common (1st Year),1
2031606,Sanya Pundir,B.Tech,Common (1st Year),1
2031607,Ayush Maithani,B.Tech,Common (1st Year),1
2031608,Garima Patel,B.Tech,Common (1st Year),1
2031609,Ayush Pathak,B.Tech,Common (1st Year),1
2031610,Sakshi Kimothi,B.Tech,Common (1st Year),1
2031611,Parth Badoni,B.Tech,Common (1st Year),1
2031612,Alok Khurana,B.Tech,Common (1st Year),1
2031613,Shivani Sood,B.Tech,Common (1st Year),1
2031614,Ojas Bansal,B.Tech,Common (1st Year),1
2031615,Yashika Bhandula,B.Tech,Common (1st Year),1
2031616,Rahul Tripathi,B.Tech,Common (1st Year),1
2031617,Sanya Soni,B.Tech,Common (1st Year),1
2031618,Sachin Sood,B.Tech,Common (1st Year),1
2031619,Mahima Semwal,B.Tech,Common (1st Year),1
2031620,Nandini Juyal,B.Tech,Common (1st Year),1
2031621,Diksha Shukla,B.Tech,Common (1st Year),1
2031622,Vivek Saini,B.Tech,Common (1st Year),1
2031623,Zoya Uniyal,B.Tech,Common (1st Year),1
2031624,Arnav Walia,B.Tech,Common (1st Year),1
2031625,Zoya Negi,B.Tech,Common (1st Year),1
2031626,Garima Mahajan,B.Tech,Common (1st Year),1
2031627,Vansh Mehta,B.Tech,Common (1st Year),1
2031628,Shreya Nanda,B.Tech,Common (1st Year),1
2031629,Manish Juyal,B.Tech,Common (1st Year),1
2031630,Rahul Gusain,B.Tech,Common (1st Year),1
2031631,Rudra Kandpal,B.Tech,Common (1st Year),1
2031632,Shivam Negi,B.Tech,Common (1st Year),1
2031633,Rahul Basu,B.Tech,Common (1st Year),1
2031634,Kabir Dobhal,B.Tech,Common (1st Year),1
2031635,Bhavya Chaudhary,B.Tech,Common (1st Year),1
2031636,Sandeep Kimothi,B.Tech,Common (1st Year),1
2031637,Vidhi Thakur,B.Tech,Common (1st Year),1
2031638,Deepak Pokhriyal,B.Tech,Common (1st Year),1
2031639,Ananya Bisht,B.Tech,Common (1st Year),1
2031640,Mridul Semwal,B.Tech,Common (1st Year),1
2031641,Rahul Tomar,B.Tech,Common (1st Year),1
2031642,Yuvraj Saini,B.Tech,Common (1st Year),1
2031643,Sarthak Soni,B.Tech,Common (1st Year),1
2031644,Naman Nanda,B.Tech,Common (1st Year),1
2031645,Sanjana Pundir,B.Tech,Common (1st Year),1
2031646,Shivani Rawal,B.Tech,Common (1st Year),1
2031647,Abhay Bajaj,B.Tech,Common (1st Year),1
2031648,Meera Soni,B.Tech,Common (1st Year),1
2031649,Apoorva Chopra,B.Tech,Common (1st Year),1
2031650,Jatin Juyal,B.Tech,Common (1st Year),1
2031651,Akshay Srivastava,B.Tech,Common (1st Year),1
2031652,Ravi Bahuguna,B.Tech,Common (1st Year),1
2031653,Ira Mishra,B.Tech,Common (1st Year),1
2031654,Sara Nainwal,B.Tech,Common (1st Year),1
2031656,Sanya Gupta,B.Tech,Common (1st Year),1
2031681,Anjali Kandpal,B.Tech,Common (1st Year),1
2031682,Nitin Kothari,B.Tech,Common (1st Year),1
2031683,Tanmay Rathi,B.Tech,Common (1st Year),1
2031684,Sakshi Pathak,B.Tech,Common (1st Year),1
2031685,Jiya Trivedi,B.Tech,Common (1st Year),1
2031686,Aryan Yadav,B.Tech,Common (1st Year),1
2031687,Akash Rathi,B.Tech,Common (1st Year),1
2031688,Keshav Bajaj,B.Tech,Common (1st Year),1
2031689,Sneha Tripathi,B.Tech,Common (1st Year),1
2031690,Keshav Kukreti,B.Tech,Common (1st Year),1
2031691,Sakshi Dangwal,B.Tech,Common (1st Year),1
2031692,Anshika Lal,B.Tech,Common (1st Year),1
2031693,Divya Nautiyal,B.Tech,Common (1st Year),1
2031694,Priyanka Dabral,B.Tech,Common (1st Year),1
2031695,Srishti Rajput,B.Tech,Common (1st Year),1
2031696,Aarav Shukla,B.Tech,Common (1st Year),1
2031697,Abhinav Garg,B.Tech,Common (1st Year),1
2031698,Samarth Raturi,B.Tech,Common (1st Year),1
2031699,Manav Malhotra,B.Tech,Common (1st Year),1
2031701,Aarav Rajput,B.Tech,Common (1st Year),1
2031702,Khushi Kapoor,B.Tech,Common (1st Year),1
2031703,Kajal Negi,B.Tech,Common (1st Year),1
2031704,Abhinav Chopra,B.Tech,Common (1st Year),1
2031705,Deepika Patel,B.Tech,Common (1st Year),1
2031706,Anushka Juyal,B.Tech,Common (1st Year),1
2031707,Samarth Nanda,B.Tech,Common (1st Year),1
2031708,Aditya Saini,B.Tech,Common (1st Year),1
2031709,Tanmay Maithani,B.Tech,Common (1st Year),1
2031710,Shivam Uniyal,B.Tech,Common (1st Year),1
2031711,Vansh Tandon,B.Tech,Common (1st Year),1
2031712,Shreya Jain,B.Tech,Common (1st Year),1
2031713,Diksha Parmar,B.Tech,Common (1st Year),1
2031714,Tanmay Singh,B.Tech,Common (1st Year),1
2031715,Anjali Sati,B.Tech,Common (1st Year),1
2031716,Sneha Khurana,B.Tech,Common (1st Year),1
2031741,Gaurav Kimothi,B.Tech,Common (1st Year),1
2031742,Dev Mishra,B.Tech,Common (1st Year),1
2031743,Aishwarya Goel,B.Tech,Common (1st Year),1
2031744,Raghav Goel,B.Tech,Common (1st Year),1
2031745,Kabir Malhotra,B.Tech,Common (1st Year),1
2031746,Saurabh Verma,B.Tech,Common (1st Year),1
2031747,Lavanya Sood,B.Tech,Common (1st Year),1
2031748,Vinay Pathak,B.Tech,Common (1st Year),1
2031749,Tanmay Trivedi,B.Tech,Common (1st Year),1
2031750,Vansh Nanda,B.Tech,Common (1st Year),1
2031751,Sanjana Shukla,B.Tech,Common (1st Year),1
2031752,Mridul Nautiyal,B.Tech,Common (1st Year),1
2031753,Mahima Raturi,B.Tech,Common (1st Year),1
2031754,Varun Basu,B.Tech,Common (1st Year),1
2031755,Tanvi Rautela,B.Tech,Common (1st Year),1
2031756,Ayush Rawal,B.Tech,Common (1st Year),1
2031757,Vinay Verma,B.Tech,Common (1st Year),1
2031758,Ishita Mittal,B.Tech,Common (1st Year),1
2031759,Pulkit Barthwal,B.Tech,Common (1st Year),1
2031760,Vikas Goel,B.Tech,Common (1st Year),1
2031761,Diksha Raturi,B.Tech,Common (1st Year),1
2031762,Pooja Dobhal,B.Tech,Common (1st Year),1
2031763,Shruti Tomar,B.Tech,Common (1st Year),1
2031764,Vidhi Mahajan,B.Tech,Common (1st Year),1
2031765,Tushar Mishra,B.Tech,Common (1st Year),1
2031766,Ashish Khurana,B.Tech,Common (1st Year),1
2031767,Tripti Chopra,B.Tech,Common (1st Year),1
2031768,Divya Verma,B.Tech,Common (1st Year),1
2031769,Tanvi Nautiyal,B.Tech,Common (1st Year),1
2031770,Naveen Chopra,B.Tech,Common (1st Year),1
2031771,Manav Chaudhary,B.Tech,Common (1st Year),1
2031772,Saloni Jain,B.Tech,Common (1st Year),1
2031773,Rajat Chamoli,BBA,General,1
2031774,Ravi Pandey,B.Tech,Common (1st Year),1
2031775,Laksh Dobhal,B.Tech,Common (1st Year),1
2031776,Ruchi Semwal,B.Tech,Common (1st Year),1
2031777,Sumit Bijalwan,B.Tech,Common (1st Year),1
2031778,Suhani Saxena,B.Tech,Common (1st Year),1
2031779,Mehak Tandon,B.Tech,Common (1st Year),1
2031780,Aryan Soni,B.Tech,Common (1st Year),1
2031781,Keshav Vats,B.Tech,Common (1st Year),1
2031782,Surbhi Saini,B.Tech,Common (1st Year),1
2031783,Arnav Uniyal,B.Tech,Common (1st Year),1
2031784,Sara Lal,B.Tech,Common (1st Year),1
2031785,Ruchi Negi,B.Tech,Common (1st Year),1
2031786,Manav Arora,B.Tech,Common (1st Year),1
2031787,Suhani Thapliyal,B.Tech,Common (1st Year),1
2031788,Soumya Badoni,B.Tech,Common (1st Year),1
2031789,Jiya Sethi,B.Tech,Common (1st Year),1
2031790,Pallavi Pant,B.Tech,Common (1st Year),1
2031791,Akanksha Raturi,B.Tech,Common (1st Year),1
2031792,Archit Pandey,B.Tech,Common (1st Year),1
2031793,Rajat Anand,B.Tech,Common (1st Year),1
2031794,Yashika Dabral,B.Tech,Common (1st Year),1
2031795,Shivani Bansal,B.Tech,Common (1st Year),1
2031796,Abhinav Dangwal,B.Tech,Common (1st Year),1
2031797,Sanjana Parmar,B.Tech,Common (1st Year),1
2031798,Sahil Joshi,B.Tech,Common (1st Year),1
2031799,Saurabh Maurya,B.Tech,Common (1st Year),1
2031800,Hemant Thakur,B.Tech,Common (1st Year),1
2031801,Rudra Tandon,B.Tech,Common (1st Year),1
2031802,Anjali Gusain,B.Tech,Common (1st Year),1
2031803,Sagar Tripathi,B.Tech,Common (1st Year),1
2031804,Aarav Rautela,B.Tech,Common (1st Year),1
2031805,Tanvi Gaur,B.Tech,Common (1st Year),1
2031806,Aarav Chamoli,B.Tech,Common (1st Year),1
2031807,Vishal Trivedi,B.Tech,Common (1st Year),1
2031808,Navya Malhotra,B.Tech,Common (1st Year),1
2031809,Sagar Sethi,B.Tech,Common (1st Year),1
2031810,Devansh Chamoli,B.Tech,Common (1st Year),1
2031811,Keshav Basu,B.Tech,Common (1st Year),1
2031812,Jatin Thapliyal,B.Tech,Common (1st Year),1
2031813,Zoya Thapliyal,B.Tech,Common (1st Year),1
2031814,Parth Saxena,B.Tech,Common (1st Year),1
2031815,Yamini Rana,B.Tech,Common (1st Year),1
2031816,Vaishnavi Chauhan,B.Tech,Common (1st Year),1
2031817,Akshay Barthwal,B.Tech,Common (1st Year),1
2031818,Sarthak Saxena,B.Tech,Common (1st Year),1
2031819,Pallavi Parmar,B.Tech,Common (1st Year),1
2031820,Arnav Aggarwal,B.Tech,Common (1st Year),1
2031821,Manav Pokhriyal,B.Tech,Common (1st Year),1
2031822,Zoya Walia,B.Tech,Common (1st Year),1
2031823,Payal Tomar,B.Tech,Common (1st Year),1
2031824,Akshay Kashyap,B.Tech,Common (1st Year),1
2031825,Vinay Nanda,B.Tech,Common (1st Year),1
2031826,Rahul Pathak,B.Tech,Common (1st Year),1
2031827,Navya Basu,B.Tech,Common (1st Year),1
2031828,Vinay Nautiyal,B.Tech,Common (1st Year),1
2031829,Anchal Khanduri,B.Tech,Common (1st Year),1
2031830,Tanmay Nautiyal,B.Tech,Common (1st Year),1
2031831,Alok Kumar,B.Tech,Common (1st Year),1
2031832,Vipul Garg,B.Tech,Common (1st Year),1
2031833,Diksha Kukreti,B.Tech,Common (1st Year),1
2031834,Gayatri Agarwal,B.Tech,Common (1st Year),1
2031835,Ayush Juyal,B.Tech,Common (1st Year),1
2031836,Tanishq Pathak,B.Tech,Common (1st Year),1
2031837,Pooja Nautiyal,B.Tech,Common (1st Year),1
2031838,Rishabh Anand,B.Tech,Common (1st Year),1
2031839,Ira Kashyap,B.Tech,Common (1st Year),1
2031840,Harsh Rawat,B.Tech,Common (1st Year),1
2031841,Nandini Bijalwan,B.Tech,Common (1st Year),1
2031842,Yash Bhatt,B.Tech,Common (1st Year),1
2031843,Tripti Bhardwaj,B.Tech,Common (1st Year),1
2031844,Ruchi Goswami,B.Tech,Common (1st Year),1
2031845,Mehak Mishra,B.Tech,Common (1st Year),1
2031846,Muskan Gaur,B.Tech,Common (1st Year),1
2031847,Arnav Nanda,B.Tech,Common (1st Year),1
2031848,Shivani Verma,B.Tech,Common (1st Year),1
2031849,Jiya Bajaj,B.Tech,Common (1st Year),1
2031850,Vedant Saini,B.Tech,Common (1st Year),1
2031851,Dev Anand,B.Tech,Common (1st Year),1
2031852,Sonal Goel,B.Tech,Common (1st Year),1
2031853,Alok Bijalwan,B.Tech,Common (1st Year),1
2031854,Ankita Dimri,B.Tech,Common (1st Year),1
2031855,Vipul Rautela,B.Tech,Common (1st Year),1
2031856,Vivek Chaudhary,B.Tech,Common (1st Year),1
2031857,Gautam Saini,B.Tech,Common (1st Year),1
2031858,Nikhil Mittal,B.Tech,Common (1st Year),1
2031859,Rohit Nautiyal,B.Tech,Common (1st Year),1
2031860,Sanya Kapoor,B.Tech,Common (1st Year),1
2031861,Mehak Dangwal,B.Tech,Common (1st Year),1
2031862,Akash Dabral,B.Tech,Common (1st Year),1
2031863,Udit Kumar,B.Tech,Common (1st Year),1
2031864,Simran Pundir,B.Tech,Common (1st Year),1
2031865,Disha Uniyal,B.Tech,Common (1st Year),1
2031866,Bhavya Agarwal,B.Tech,Common (1st Year),1
2031867,Ayush Semwal,B.Tech,Common (1st Year),1
2031868,Radhika Barthwal,B.Tech,Common (1st Year),1
2031869,Prateek Kimothi,B.Tech,Common (1st Year),1
2031870,Sachin Raturi,B.Tech,Common (1st Year),1
2031871,Suhani Garg,B.Tech,Common (1st Year),1
2031872,Simran Nainwal,B.Tech,Common (1st Year),1
2031873,Khushi Khanduri,B.Tech,Common (1st Year),1
2031874,Prachi Trivedi,B.Tech,Common (1st Year),1
2031875,Kamal Goel,B.Tech,Common (1st Year),1
2031876,Yuvraj Pundir,B.Tech,Common (1st Year),1
2031877,Sanya Rautela,B.Tech,Common (1st Year),1
2031878,Sara Khanduri,B.Tech,Common (1st Year),1
2031879,Aryan Tandon,B.Tech,Common (1st Year),1
2031880,Gaurav Negi,B.Tech,Common (1st Year),1
2031881,Sahil Rautela,B.Tech,Common (1st Year),1
2031882,Navya Goel,B.Tech,Common (1st Year),1
2031883,Uday Chopra,B.Tech,Common (1st Year),1
2031884,Sneha Bhardwaj,B.Tech,Common (1st Year),1
2031885,Soumya Arora,B.Tech,Common (1st Year),1
2031886,Anuj Raturi,B.Tech,Common (1st Year),1
2031887,Kamal Chamoli,B.Tech,Common (1st Year),1
2031888,Aditi Anand,B.Tech,Common (1st Year),1
2031889,Siddharth Maurya,B.Tech,Common (1st Year),1
2031890,Sanya Yadav,B.Tech,Common (1st Year),1
2031891,Kavya Yadav,B.Tech,Common (1st Year),1
2031892,Mehak Mahajan,B.Tech,Common (1st Year),1
2031893,Kajal Dimri,B.Tech,Common (1st Year),1
2031894,Lakshya Singh,B.Tech,Common (1st Year),1
2031895,Muskan Bhandari,B.Tech,Common (1st Year),1
2031896,Sneha Singh,B.Tech,Common (1st Year),1
2031897,Aditya Soni,B.Tech,Common (1st Year),1
2031898,Ramya Mehta,B.Tech,Common (1st Year),1
2031899,Radhika Parmar,B.Tech,Common (1st Year),1
2031900,Kabir Dhiman,B.Tech,Common (1st Year),1
2031901,Anshika Yadav,B.Tech,Common (1st Year),1
2031902,Simran Mehta,B.Tech,Common (1st Year),1
2031903,Vipul Thakur,B.Tech,Common (1st Year),1
2031904,Vipul Bijalwan,B.Tech,Common (1st Year),1
2031905,Shalini Tandon,B.Tech,Common (1st Year),1
2031906,Aman Yadav,B.Tech,Common (1st Year),1
2031907,Rahul Anand,B.Tech,Common (1st Year),1
2031908,Mehak Negi,B.Tech,Common (1st Year),1
2031909,Diksha Dhiman,B.Tech,Common (1st Year),1
2031910,Aarav Pandey,B.Tech,Common (1st Year),1
2031911,Pallavi Barthwal,B.Tech,Common (1st Year),1
2031912,Vaishnavi Yadav,B.Tech,Common (1st Year),1
2031913,Karan Saini,B.Tech,Common (1st Year),1
2031914,Ravi Soni,B.Tech,Common (1st Year),1
2031915,Disha Gaur,B.Tech,Common (1st Year),1
2031916,Udit Malhotra,B.Tech,Common (1st Year),1
2031917,Vansh Chauhan,B.Tech,Common (1st Year),1
2031918,Yogesh Kukreti,B.Tech,Common (1st Year),1
2031919,Apoorva Barthwal,B.Tech,Common (1st Year),1
2031920,Soumya Negi,B.Tech,Common (1st Year),1
2031921,Anshika Mishra,B.Tech,Common (1st Year),1
2031922,Aman Joshi,B.Tech,Common (1st Year),1
2031923,Sanket Parmar,B.Tech,Common (1st Year),1
2031924,Radhika Kukreti,B.Tech,Common (1st Year),1
2031925,Sanjana Pant,B.Tech,Common (1st Year),1
2031926,Arjun Verma,B.Tech,Common (1st Year),1
2031927,Priya Sharma,B.Tech,Common (1st Year),1
2031928,Ishaan Kapoor,B.Tech,Common (1st Year),1
2031929,Parth Bhatt,B.Tech,Common (1st Year),1
2031930,Alok Shukla,B.Tech,Common (1st Year),1
2031931,Mayank Tomar,B.Tech,Common (1st Year),1
2031932,Simran Kandpal,B.Tech,Common (1st Year),1
2031933,Kabir Thapliyal,B.Tech,Common (1st Year),1
2031934,Kriti Pokhriyal,B.Tech,Common (1st Year),1
2031935,Sarthak Verma,B.Tech,Common (1st Year),1
2031936,Simran Dhiman,B.Tech,Common (1st Year),1
2031937,Manish Kukreti,B.Tech,Common (1st Year),1
2031938,Vishal Vats,B.Tech,Common (1st Year),1
2031939,Mohit Dangwal,B.Tech,Common (1st Year),1
2031940,Ankita Kashyap,B.Tech,Common (1st Year),1
2031941,Gunjan Semwal,B.Tech,Common (1st Year),1
2031942,Sarthak Bajaj,B.Tech,Common (1st Year),1
2031943,Gaurav Kukreti,B.Tech,Common (1st Year),1
2031944,Vipul Semwal,B.Tech,Common (1st Year),1
2031945,Ayush Negi,B.Tech,Common (1st Year),1
2031946,Mohit Agarwal,B.Tech,Common (1st Year),1
2031947,Raj Thakur,B.Tech,Common (1st Year),1
2031948,Vikas Dabral,B.Tech,Common (1st Year),1
2031949,Riya Arora,B.Tech,Common (1st Year),1
2031950,Yogesh Kandpal,B.Tech,Common (1st Year),1
2031951,Naman Dimri,B.Tech,Common (1st Year),1
2031952,Anushka Gusain,B.Tech,Common (1st Year),1
2031953,Tanvi Sinha,B.Tech,Common (1st Year),1
2031954,Anuj Patel,B.Tech,Common (1st Year),1
2031955,Dev Semwal,B.Tech,Common (1st Year),1
2031956,Naman Bhandula,B.Tech,Common (1st Year),1
2031957,Ananya Rajput,B.Tech,Common (1st Year),1
2031958,Yashika Panwar,B.Tech,Common (1st Year),1
2031959,Varun Jain,B.Tech,Common (1st Year),1
2031960,Anushka Mehra,B.Tech,Common (1st Year),1
2031961,Tarun Mehta,B.Tech,Common (1st Year),1
2031962,Kabir Rajput,B.Tech,Common (1st Year),1
2031963,Siddharth Pant,B.Tech,Common (1st Year),1
2031964,Aditya Bijalwan,B.Tech,Common (1st Year),1
2031965,Shagun Tandon,B.Tech,Common (1st Year),1
2031966,Pranav Trivedi,BCA,AI & DS,1
2031967,Gaurav Parmar,B.Tech,Common (1st Year),1
2031968,Anchal Rastogi,B.Tech,Common (1st Year),1
2031969,Eshaan Nautiyal,B.Tech,Common (1st Year),1
2031970,Sanket Rawal,B.Tech,Common (1st Year),1
2031971,Ajay Tomar,B.Tech,Common (1st Year),1
2031972,Chaitanya Semwal,B.Tech,Common (1st Year),1
2031973,Yash Rawat,B.Tech,Common (1st Year),1
2031974,Nandini Jain,B.Tech,Common (1st Year),1
2031975,Kajal Patel,B.Tech,Common (1st Year),1
2031976,Uday Garg,B.Tech,Common (1st Year),1
2031977,Gaurav Goswami,B.Tech,Common (1st Year),1
2031978,Harsh Walia,B.Tech,Common (1st Year),1
2031979,Omkar Kukreti,B.Tech,Common (1st Year),1
2031980,Jaya Uniyal,B.Tech,Common (1st Year),1
2031981,Siddharth Sati,B.Tech,Common (1st Year),1
2031982,Rajat Mittal,B.Tech,Common (1st Year),1
2031983,Sachin Basu,B.Tech,Common (1st Year),1
2031984,Siddharth Aggarwal,B.Tech,Common (1st Year),1
2031985,Kriti Gaur,B.Tech,Common (1st Year),1
2031986,Riya Bhardwaj,B.Tech,Common (1st Year),1
2031987,Ayush Lal,B.Tech,Common (1st Year),1
2031988,Chetan Walia,B.Tech,Common (1st Year),1
2031989,Manav Mittal,B.Tech,Common (1st Year),1
2031990,Diksha Khanduri,B.Tech,Common (1st Year),1
2031991,Laksh Negi,B.Tech,Common (1st Year),1
2031992,Payal Mehta,B.Tech,Common (1st Year),1
2031993,Kriti Khanduri,B.Tech,Common (1st Year),1
2031994,Varun Parmar,B.Tech,Common (1st Year),1
2031995,Aditya Gaur,B.Tech,Common (1st Year),1
2031996,Sakshi Khurana,B.Tech,Common (1st Year),1
2031997,Bhavya Nautiyal,B.Tech,Common (1st Year),1
2031998,Vansh Juyal,B.Tech,Common (1st Year),1
2031999,Garima Kumar,B.Tech,Common (1st Year),1
2032000,Kabir Tomar,B.Tech,Common (1st Year),1
2032001,Archit Gusain,B.Tech,Common (1st Year),1
2032002,Payal Dobhal,B.Tech,Common (1st Year),1
2032003,Mridul Thakur,B.Tech,Common (1st Year),1
2032004,Sachin Nanda,B.Tech,Common (1st Year),1
2032006,Varun Nainwal,B.Tech,Common (1st Year),1
2032007,Amisha Sinha,B.Tech,Common (1st Year),1
2032008,Jiya Rawat,B.Sc,Computer Science,1
2032009,Priya Rana,B.Tech,Common (1st Year),1
2032010,Aishwarya Mahajan,B.Tech,Common (1st Year),1
2032011,Chaitanya Gaur,B.Tech,Common (1st Year),1
2032012,Suhani Rawat,B.Tech,Common (1st Year),1
2032013,Tushar Nagi,B.Tech,Common (1st Year),1
2032014,Pooja Goswami,B.Tech,Common (1st Year),1
2032015,Ashish Joshi,B.Tech,Common (1st Year),1
2032016,Prateek Mishra,B.Tech,Common (1st Year),1
2032017,Tripti Walia,B.Tech,Common (1st Year),1
2032018,Sonal Thakur,B.Tech,Common (1st Year),1
2032019,Muskan Basu,B.Tech,Common (1st Year),1
2032020,Pooja Saxena,B.Tech,Common (1st Year),1
2032021,Tripti Gupta,B.Tech,Common (1st Year),1
2032022,Sarthak Gaur,B.Tech,Common (1st Year),1
2032023,Tushar Saxena,B.Tech,Common (1st Year),1
2032024,Tanmay Kothari,B.Tech,Common (1st Year),1
2032025,Komal Rastogi,B.Tech,Common (1st Year),1
2032026,Disha Bajaj,B.Tech,Common (1st Year),1
2032027,Vishal Pathak,B.Tech,Common (1st Year),1
2032028,Parth Chauhan,B.Tech,Common (1st Year),1
2032029,Nitin Gaur,B.Tech,Common (1st Year),1
2032030,Vishal Rajput,B.Tech,Common (1st Year),1
2032031,Rishabh Semwal,B.Tech,Common (1st Year),1
2032032,Arpit Vats,B.Tech,Common (1st Year),1
2032033,Devansh Dhiman,B.Tech,Common (1st Year),1
2032034,Yamini Khurana,B.Tech,Common (1st Year),1
2032035,Shivani Singh,B.Tech,Common (1st Year),1
2032036,Aryan Khurana,B.Tech,Common (1st Year),1
2032037,Radhika Chamoli,B.Tech,Common (1st Year),1
2032038,Srishti Walia,B.Tech,Common (1st Year),1
2032039,Sanjana Rajput,B.Tech,Common (1st Year),1
2032040,Apoorva Tandon,B.Tech,Common (1st Year),1
2032041,Sandeep Rawat,B.Tech,Common (1st Year),1
2032042,Rakesh Rajput,B.Tech,Common (1st Year),1
2032043,Jaya Rawat,B.Tech,Common (1st Year),1
2032044,Harsh Saxena,B.Tech,Common (1st Year),1
2032045,Jiya Chauhan,B.Tech,Common (1st Year),1
2032046,Muskan Mehta,B.Tech,Common (1st Year),1
2032047,Sachin Gupta,B.Tech,Common (1st Year),1
2032048,Jaya Goswami,B.Tech,Common (1st Year),1
2032049,Pooja Mittal,B.Tech,Common (1st Year),1
2032050,Shubham Malhotra,B.Tech,Common (1st Year),1
2032051,Amisha Mittal,B.Tech,Common (1st Year),1
2032052,Anshika Rawal,B.Tech,Common (1st Year),1
2032053,Pallavi Oberoi,B.Tech,Common (1st Year),1
2032054,Anushka Saxena,B.Tech,Common (1st Year),1
2032055,Kriti Bansal,B.Tech,Common (1st Year),1
2032056,Laksh Vats,B.Tech,Common (1st Year),1
2032057,Rishabh Kimothi,B.Tech,Common (1st Year),1
2032058,Ishaan Thakur,B.Tech,Common (1st Year),1
2032059,Aditya Maurya,B.Tech,Common (1st Year),1
2032060,Abhinav Sharma,B.Tech,Common (1st Year),1
2032061,Aryan Rawat,B.Tech,Common (1st Year),1
2032062,Kavya Shukla,B.Tech,Common (1st Year),1
2032063,Udit Rautela,B.Tech,Common (1st Year),1
2032064,Harsh Rajput,B.Tech,Common (1st Year),1
2032065,Laksh Raturi,B.Tech,Common (1st Year),1
2032066,Bhumika Tandon,B.Tech,Common (1st Year),1
2032067,Kartik Shukla,B.Tech,Common (1st Year),1
2032068,Ravi Thapliyal,B.Tech,Common (1st Year),1
2032069,Nidhi Semwal,B.Tech,Common (1st Year),1
2032070,Gautam Maithani,B.Tech,Common (1st Year),1
2032071,Riya Mishra,B.Tech,Common (1st Year),1
2032072,Chaitanya Pundir,B.Tech,Common (1st Year),1
2032073,Suhani Dangwal,B.Tech,Common (1st Year),1
2032074,Neha Rajput,B.Tech,Common (1st Year),1
2032075,Vivek Srivastava,B.Tech,Common (1st Year),1
2032076,Ashish Saini,B.Tech,Common (1st Year),1
2032077,Khushi Negi,B.Tech,Common (1st Year),1
2032078,Vishal Arora,B.Tech,Common (1st Year),1
2032079,Anshika Raturi,B.Tech,Common (1st Year),1
2032080,Ashish Kukreti,B.Tech,Common (1st Year),1
2032081,Vaishnavi Rawat,B.Tech,Common (1st Year),1
2032082,Vishal Kothari,B.Tech,Common (1st Year),1
2032083,Ira Gusain,B.Tech,Common (1st Year),1
2032084,Harsh Gaur,B.Tech,Common (1st Year),1
2032085,Mahima Rastogi,B.Tech,Common (1st Year),1
2032086,Dev Khurana,B.Tech,Common (1st Year),1
2032087,Jiya Bhandari,B.Tech,Common (1st Year),1
2032088,Arnav Rautela,B.Tech,Common (1st Year),1
2032089,Mehak Maithani,B.Tech,Common (1st Year),1
2032090,Abhinav Lal,B.Tech,Common (1st Year),1
2032091,Tanishq Pokhriyal,B.Tech,Common (1st Year),1
2032092,Manav Bansal,B.Tech,Common (1st Year),1
2032093,Simran Oberoi,B.Tech,Common (1st Year),1
2032094,Ananya Saxena,B.Tech,Common (1st Year),1
2032095,Vikram Chauhan,B.Tech,Common (1st Year),1
2032096,Vishal Parmar,B.Tech,Common (1st Year),1
2032097,Gunjan Saxena,B.Tech,Common (1st Year),1
2032098,Lakshya Dangwal,B.Tech,Common (1st Year),1
2032099,Shalini Goel,B.Tech,Common (1st Year),1
2032100,Naveen Yadav,B.Tech,Common (1st Year),1
2032101,Saloni Kothari,B.Tech,Common (1st Year),1
2032102,Apoorva Rautela,B.Tech,Common (1st Year),1
2032103,Naman Nagi,B.Tech,Common (1st Year),1
2032104,Anushka Pandey,B.Tech,Common (1st Year),1
2032105,Kriti Tandon,B.Tech,Common (1st Year),1
2032106,Deepika Badoni,B.Tech,Common (1st Year),1
2032107,Dev Rastogi,B.Tech,Common (1st Year),1
2032108,Vivek Joshi,B.Tech,Common (1st Year),1
2032109,Rohan Vats,B.Tech,Common (1st Year),1
2032110,Karan Chauhan,B.Tech,Common (1st Year),1
2032111,Jatin Dobhal,B.Tech,Common (1st Year),1
2032112,Shruti Yadav,B.Tech,Common (1st Year),1
2032113,Raj Chamoli,B.Tech,Common (1st Year),1
2032114,Vikram Dabral,B.Tech,Common (1st Year),1
2032115,Aman Thapliyal,B.Tech,Common (1st Year),1
2032116,Mehak Gaur,B.Tech,Common (1st Year),1
2032117,Vidhi Jain,B.Tech,Common (1st Year),1
2032118,Tarun Garg,B.Tech,Common (1st Year),1
2032119,Saloni Mahajan,B.Tech,Common (1st Year),1
2032120,Pallavi Arora,B.Tech,Common (1st Year),1
2032121,Uday Saxena,B.Tech,Common (1st Year),1
2032122,Sachin Arora,B.Tech,Common (1st Year),1
2032123,Vishal Kukreti,B.Tech,Common (1st Year),1
2032124,Shagun Vats,B.Tech,Common (1st Year),1
2032125,Shruti Mehta,B.Tech,Common (1st Year),1
2032126,Chetan Tripathi,B.Tech,Common (1st Year),1
2032127,Parth Dhiman,B.Tech,Common (1st Year),1
2032128,Mehak Verma,B.Tech,Common (1st Year),1
2032129,Kunal Dimri,B.Tech,Common (1st Year),1
2032130,Lavanya Bhandari,B.Tech,Common (1st Year),1
2032131,Ankit Soni,B.Tech,Common (1st Year),1
2032132,Kavya Tripathi,B.Tech,Common (1st Year),1
2032133,Suhani Chopra,B.Tech,Common (1st Year),1
2032134,Prateek Mittal,B.Tech,Common (1st Year),1
2032135,Priya Chaudhary,B.Tech,Common (1st Year),1
2032136,Eshaan Saini,B.Tech,Common (1st Year),1
2032137,Disha Dimri,B.Tech,Common (1st Year),1
2032138,Amisha Kimothi,B.Tech,Common (1st Year),1
2032139,Amisha Dobhal,B.Tech,Common (1st Year),1
2032140,Omkar Tandon,B.Tech,Common (1st Year),1
2032141,Shagun Saxena,B.Tech,Common (1st Year),1
2032142,Vikas Kumar,B.Tech,Common (1st Year),1
2032143,Akash Mehra,B.Tech,Common (1st Year),1
2032144,Himanshu Bhatt,B.Tech,Common (1st Year),1
2032145,Shruti Rautela,B.Tech,Common (1st Year),1
2032146,Akash Nagi,B.Tech,Common (1st Year),1
2032147,Manav Kandpal,B.Tech,Common (1st Year),1
2032148,Tushar Bahuguna,B.Tech,Common (1st Year),1
2032149,Vivek Bansal,B.Tech,Common (1st Year),1
2032150,Parth Bansal,B.Tech,Common (1st Year),1
2032151,Shivani Tiwari,B.Tech,Common (1st Year),1
2032152,Ira Sinha,B.Tech,Common (1st Year),1
2032153,Sarthak Bansal,B.Tech,Common (1st Year),1
2032154,Naveen Dobhal,B.Tech,Common (1st Year),1
2032155,Chetan Anand,B.Tech,Common (1st Year),1
2032156,Sarthak Arora,B.Tech,Common (1st Year),1
2032157,Rudra Maithani,B.Tech,Common (1st Year),1
2032158,Dhruv Nagi,B.Tech,Common (1st Year),1
2032159,Ishaan Patel,B.Tech,Common (1st Year),1
2032160,Dhruv Sethi,B.Tech,Common (1st Year),1
2032161,Preeti Juyal,B.Tech,Common (1st Year),1
2032162,Khushi Sinha,B.Tech,Common (1st Year),1
2032163,Tripti Semwal,B.Tech,Common (1st Year),1
2032164,Hardik Mahajan,B.Tech,Common (1st Year),1
2032165,Aditya Rajput,B.Tech,Common (1st Year),1
2032166,Mehak Khurana,B.Tech,Common (1st Year),1
2032167,Anuj Dabral,B.Tech,Common (1st Year),1
2032168,Yamini Nagi,B.Tech,Common (1st Year),1
2032169,Tripti Dabral,B.Tech,Common (1st Year),1
2032170,Keshav Rawat,B.Tech,Common (1st Year),1
2032171,Sandeep Rajput,B.Tech,Common (1st Year),1
2032172,Prachi Kandpal,B.Tech,Common (1st Year),1
2032173,Ramya Agarwal,B.Tech,Common (1st Year),1
2032174,Vivek Parmar,B.Tech,Common (1st Year),1
2032175,Jiya Rastogi,B.Tech,Common (1st Year),1
2032176,Arjun Tomar,B.Tech,Common (1st Year),1
2032177,Ashutosh Rawal,B.Tech,Common (1st Year),1
2032178,Keshav Nautiyal,B.Tech,Common (1st Year),1
2032179,Rahul Pandey,B.Tech,Common (1st Year),1
2032180,Shreya Bhandula,B.Tech,Common (1st Year),1
2032181,Vaibhav Srivastava,B.Tech,Common (1st Year),1
2032182,Palak Pokhriyal,B.Tech,Common (1st Year),1
2032183,Mehak Jain,B.Tech,Common (1st Year),1
2032184,Mehak Juyal,B.Tech,Common (1st Year),1
2032185,Bhumika Sood,B.Tech,Common (1st Year),1
2032186,Meera Mehra,B.Tech,Common (1st Year),1
2032187,Kavya Kimothi,B.Tech,Common (1st Year),1
2032188,Parth Walia,B.Tech,Common (1st Year),1
2032189,Hemant Kandpal,B.Tech,Common (1st Year),1
2032190,Akash Dimri,B.Tech,Common (1st Year),1
2032191,Ankit Mittal,B.Tech,Common (1st Year),1
2032192,Anushka Arora,B.Tech,Common (1st Year),1
2032193,Raj Mehta,B.Tech,Common (1st Year),1
2032194,Pooja Bisht,B.Tech,Common (1st Year),1
2032195,Nidhi Dhiman,B.Tech,Common (1st Year),1
2032196,Radhika Saini,B.Tech,Common (1st Year),1
2032197,Bhavya Tripathi,B.Tech,Common (1st Year),1
2032198,Yuvraj Thapliyal,B.Tech,Common (1st Year),1
2032199,Hemant Vats,B.Tech,Common (1st Year),1
2032200,Mohit Bijalwan,B.Tech,Common (1st Year),1
2032201,Priyanka Bhardwaj,B.Tech,Common (1st Year),1
2032202,Arnav Pathak,B.Tech,Common (1st Year),1
2032203,Arpit Goel,B.Tech,Common (1st Year),1
2032204,Varun Sood,B.Tech,Common (1st Year),1
2032205,Riya Chamoli,B.Tech,Common (1st Year),1
2032206,Srishti Gupta,B.Tech,Common (1st Year),1
2032207,Yuvraj Sethi,B.Tech,Common (1st Year),1
2032208,Yamini Mehra,B.Tech,Common (1st Year),1
2032209,Divya Rajput,B.Tech,Common (1st Year),1
2032210,Apoorva Kukreti,B.Tech,Common (1st Year),1
2032211,Naman Anand,B.Tech,Common (1st Year),1
2032212,Nikhil Rastogi,B.Tech,Common (1st Year),1
2032213,Ashutosh Patel,B.Tech,Common (1st Year),1
2032214,Gautam Bijalwan,B.Tech,Common (1st Year),1
2032215,Diksha Mahajan,B.Tech,Common (1st Year),1
2032216,Ojas Srivastava,B.Tech,Common (1st Year),1
2032217,Mridul Sinha,B.Tech,Common (1st Year),1
2032218,Aishwarya Bhandula,B.Tech,Common (1st Year),1
2032219,Khushi Gupta,B.Tech,Common (1st Year),1
2032220,Sarthak Aggarwal,B.Tech,Common (1st Year),1
2032221,Sahil Bhandula,B.Tech,Common (1st Year),1
2032222,Gaurav Sinha,B.Tech,Common (1st Year),1
2032223,Harshita Bhardwaj,B.Tech,Common (1st Year),1
2032224,Saloni Bisht,B.Tech,Common (1st Year),1
2032225,Hemant Nainwal,B.Tech,Common (1st Year),1
2032226,Keshav Joshi,B.Tech,Common (1st Year),1
2032227,Parth Chaudhary,B.Tech,Common (1st Year),1
2032228,Payal Soni,B.Tech,Common (1st Year),1
2032229,Gautam Rawal,B.Tech,Common (1st Year),1
2032230,Ishita Pant,B.Tech,Common (1st Year),1
2032231,Simran Shukla,B.Tech,Common (1st Year),1
2032232,Tushar Kothari,B.Tech,Common (1st Year),1
2032233,Vipul Nautiyal,B.Tech,Common (1st Year),1
2032234,Gayatri Sethi,B.Tech,Common (1st Year),1
2032235,Madhav Oberoi,B.Tech,Common (1st Year),1
2032236,Sakshi Semwal,B.Tech,Common (1st Year),1
2032237,Shalini Sati,B.Tech,Common (1st Year),1
2032238,Lakshya Saini,B.Tech,Common (1st Year),1
2032239,Amit Saxena,B.Tech,Common (1st Year),1
2032240,Kavya Mehta,B.Tech,Common (1st Year),1
2032241,Muskan Arora,B.Tech,Common (1st Year),1
2032242,Karan Mittal,B.Tech,Common (1st Year),1
2032243,Parth Kukreti,B.Tech,Common (1st Year),1
2032244,Mohit Thakur,B.Tech,Common (1st Year),1
2032245,Nandini Sethi,B.Tech,Common (1st Year),1
2032246,Nikhil Jain,B.Tech,Common (1st Year),1
2032247,Kriti Chamoli,B.Tech,Common (1st Year),1
2032248,Rajat Dobhal,B.Tech,Common (1st Year),1
2032249,Shivani Vats,B.Tech,Common (1st Year),1
2032250,Garima Bhardwaj,B.Tech,Common (1st Year),1
2032251,Shivam Kapoor,B.Tech,Common (1st Year),1
2032252,Rohan Arora,B.Tech,Common (1st Year),1
2032253,Devansh Bhandula,B.Tech,Common (1st Year),1
2032254,Ananya Pokhriyal,B.Tech,Common (1st Year),1
2032255,Pallavi Dhiman,B.Tech,Common (1st Year),1
2032256,Harshita Gaur,B.Tech,Common (1st Year),1
2032257,Arjun Garg,B.Tech,Common (1st Year),1
2032258,Laksh Panwar,B.Tech,Common (1st Year),1
2032259,Priya Panwar,B.Tech,Common (1st Year),1
2032260,Mehak Dubey,B.Tech,Common (1st Year),1
2032261,Eshaan Anand,B.Tech,Common (1st Year),1
2032262,Mayank Lal,B.Tech,Common (1st Year),1
2032263,Chaitanya Mehta,B.Tech,Common (1st Year),1
2032264,Sumit Aggarwal,B.Tech,Common (1st Year),1
2032265,Sumit Kashyap,B.Tech,Common (1st Year),1
2032266,Shalini Thapliyal,B.Tech,Common (1st Year),1
2032267,Madhav Jain,B.Tech,Common (1st Year),1
2032268,Soumya Panwar,B.Tech,Common (1st Year),1
2032269,Aarav Goel,B.Tech,Common (1st Year),1
2032270,Sanchi Verma,B.Tech,Common (1st Year),1
2032271,Apoorva Goswami,B.Tech,Common (1st Year),1
2032272,Yuvraj Tripathi,B.Tech,Common (1st Year),1
2032273,Aishwarya Tandon,B.Tech,Common (1st Year),1
2032274,Kunal Raturi,B.Tech,Common (1st Year),1
2032275,Shivani Nanda,B.Tech,Common (1st Year),1
2032276,Ansh Basu,B.Tech,Common (1st Year),1
2032277,Himanshu Mittal,B.Tech,Common (1st Year),1
2032278,Sanchi Kumar,B.Tech,Common (1st Year),1
2032279,Akshay Verma,B.Tech,Common (1st Year),1
2032280,Charvi Uniyal,B.Tech,Common (1st Year),1
2032281,Surbhi Thapliyal,B.Tech,Common (1st Year),1
2032282,Sandeep Khurana,B.Tech,Common (1st Year),1
2032283,Riya Singh,B.Tech,Common (1st Year),1
2032284,Ankit Dubey,B.Tech,Common (1st Year),1
2032285,Raghav Trivedi,B.Tech,Common (1st Year),1
2032286,Rakesh Gupta,B.Tech,Common (1st Year),1
2032287,Vikram Pandey,B.Tech,Common (1st Year),1
2032288,Pallavi Mehra,B.Tech,Common (1st Year),1
2032289,Deepak Rathi,B.Tech,Common (1st Year),1
2032290,Gayatri Thakur,B.Tech,Common (1st Year),1
2032291,Rahul Mittal,B.Tech,Common (1st Year),1
2032292,Vikas Trivedi,B.Tech,Common (1st Year),1
2032293,Varun Rana,B.Tech,Common (1st Year),1
2032294,Saurabh Dimri,B.Tech,Common (1st Year),1
2032295,Abhinav Bhandari,B.Tech,Common (1st Year),1
2032296,Rudra Pundir,B.Tech,Common (1st Year),1
2032297,Karan Tripathi,B.Tech,Common (1st Year),1
2032298,Kajal Bhatt,B.Tech,Common (1st Year),1
2032299,Pallavi Mittal,B.Tech,Common (1st Year),1
2032300,Aishwarya Oberoi,B.Sc,IT,1
2032301,Hardik Mishra,B.Tech,Common (1st Year),1
2032302,Kunal Rana,B.Tech,Common (1st Year),1
2032303,Siddharth Gaur,B.Tech,Common (1st Year),1
2032304,Tushar Gupta,B.Tech,Common (1st Year),1
2032305,Deepika Dimri,B.Tech,Common (1st Year),1
2032306,Sneha Bhatt,B.Tech,Common (1st Year),1
2032307,Ankita Pokhriyal,B.Tech,Common (1st Year),1
2032308,Simran Sethi,B.Tech,Common (1st Year),1
2032309,Varun Dimri,B.Tech,Common (1st Year),1
2032310,Garima Maurya,B.Tech,Common (1st Year),1
2032311,Vedant Rautela,B.Tech,Common (1st Year),1
2032312,Shagun Gusain,B.Tech,Common (1st Year),1
2032313,Priyanka Rautela,B.Tech,Common (1st Year),1
2032314,Sarthak Sharma,B.Tech,Common (1st Year),1
2032315,Aman Thakur,B.Tech,Common (1st Year),1
2032316,Jatin Srivastava,B.Tech,Common (1st Year),1
2032317,Arjun Dobhal,B.Tech,Common (1st Year),1
2032318,Yash Dobhal,B.Tech,Common (1st Year),1
2032319,Sanket Yadav,B.Tech,Common (1st Year),1
2032320,Deepak Bhardwaj,B.Tech,Common (1st Year),1
2032321,Ishaan Khurana,B.Tech,Common (1st Year),1
2032322,Jaya Goel,B.Tech,Common (1st Year),1
2032323,Sonal Chaudhary,B.Tech,Common (1st Year),1
2032324,Manish Barthwal,B.Tech,Common (1st Year),1
2032325,Radhika Mishra,B.Tech,Common (1st Year),1
2032326,Sneha Nautiyal,B.Tech,Common (1st Year),1
2032327,Nikhil Sood,B.Tech,Common (1st Year),1
2032328,Udit Pathak,B.Tech,Common (1st Year),1
2032329,Gunjan Thakur,B.Tech,Common (1st Year),1
2032330,Sanya Nainwal,B.Tech,Common (1st Year),1
2032331,Dhruv Oberoi,B.Tech,Common (1st Year),1
2032332,Abhinav Goel,B.Tech,Common (1st Year),1
2032333,Simran Uniyal,B.Tech,Common (1st Year),1
2032334,Mohit Gaur,B.Tech,Common (1st Year),1
2032335,Jaya Rautela,B.Tech,Common (1st Year),1
2032336,Nitin Maurya,B.Tech,Common (1st Year),1
2032337,Ankita Vats,B.Tech,Common (1st Year),1
2032338,Charvi Rawal,B.Tech,Common (1st Year),1
2032339,Rahul Tiwari,B.Tech,Common (1st Year),1
2032340,Abhay Raturi,B.Tech,Common (1st Year),1
2032341,Charvi Dubey,B.Tech,Common (1st Year),1
2032342,Chetan Dabral,B.Tech,Common (1st Year),1
2032343,Neha Singh,B.Tech,Common (1st Year),1
2032344,Pulkit Raturi,B.Tech,Common (1st Year),1
2032345,Varun Thapliyal,B.Tech,Common (1st Year),1
2032346,Sara Kukreti,B.Tech,Common (1st Year),1
2032347,Srishti Kothari,B.Tech,Common (1st Year),1
2032348,Payal Rautela,B.Tech,Common (1st Year),1
2032349,Chetan Kumar,B.Tech,Common (1st Year),1
2032350,Suhani Agarwal,B.Tech,Common (1st Year),1
2032351,Arnav Joshi,B.Tech,Common (1st Year),1
2032352,Rohan Sati,B.Tech,Common (1st Year),1
2032353,Vansh Goswami,B.Tech,Common (1st Year),1
2032354,Ravi Bhatt,B.Tech,Common (1st Year),1
2032355,Khushi Rautela,B.Tech,Common (1st Year),1
2032356,Vivek Badoni,B.Tech,Common (1st Year),1
2032357,Mahima Shukla,B.Tech,Common (1st Year),1
2032358,Aditi Sharma,B.Tech,Common (1st Year),1
2032359,Lakshya Chaudhary,B.Tech,Common (1st Year),1
2032360,Sarthak Tripathi,B.Tech,Common (1st Year),1
2032361,Manav Bhardwaj,B.Tech,Common (1st Year),1
2032362,Madhav Tripathi,B.Tech,Common (1st Year),1
2032363,Lavanya Semwal,B.Tech,Common (1st Year),1
2032364,Aryan Nanda,B.Tech,Common (1st Year),1
2032365,Udit Raturi,B.Tech,Common (1st Year),1
2032366,Raghav Bajaj,B.Tech,Common (1st Year),1
2032367,Khushi Tomar,B.Tech,Common (1st Year),1
2032368,Saloni Mehta,B.Tech,Common (1st Year),1
2032369,Madhav Bhatt,B.Tech,Common (1st Year),1
2032370,Pallavi Thakur,B.Tech,Common (1st Year),1
2032371,Kavya Malhotra,B.Tech,Common (1st Year),1
2032372,Rahul Verma,B.Tech,Common (1st Year),1
2032373,Radhika Trivedi,B.Tech,Common (1st Year),1
2032374,Nikhil Chauhan,B.Tech,Common (1st Year),1
2032375,Sumit Saxena,B.Tech,Common (1st Year),1
2032376,Ayush Rana,B.Tech,Common (1st Year),1
2032377,Rakesh Gusain,B.Tech,Common (1st Year),1
2032378,Akash Bansal,B.Tech,Common (1st Year),1
2032379,Arpit Bansal,B.Tech,Common (1st Year),1
2032380,Dev Bahuguna,B.Tech,Common (1st Year),1
2032381,Raghav Maithani,B.Tech,Common (1st Year),1
2032382,Garima Nautiyal,B.Tech,Common (1st Year),1
2032383,Tanvi Pathak,B.Tech,Common (1st Year),1
2032384,Simran Tripathi,B.Tech,Common (1st Year),1
2032385,Nandini Bajaj,B.Tech,Common (1st Year),1
2032386,Sanjana Kashyap,B.Tech,Common (1st Year),1
2032387,Manish Anand,B.Tech,Common (1st Year),1
2032388,Varun Dhiman,B.Tech,Common (1st Year),1
2032389,Ishita Gusain,B.Tech,Common (1st Year),1
2032390,Vivek Mahajan,B.Tech,Common (1st Year),1
2032391,Soumya Gupta,B.Tech,Common (1st Year),1
2032392,Sarthak Bisht,B.Tech,Common (1st Year),1
2032393,Kavya Khurana,B.Tech,Common (1st Year),1
2032394,Srishti Gaur,B.Tech,Common (1st Year),1
2032395,Divya Kandpal,B.Tech,Common (1st Year),1
2032396,Vandana Negi,B.Tech,Common (1st Year),1
2032397,Parth Raturi,B.Tech,Common (1st Year),1
2032398,Akash Raturi,B.Tech,Common (1st Year),1
2032399,Kartik Tiwari,B.Tech,Common (1st Year),1
2032400,Udit Semwal,B.Tech,Common (1st Year),1
2032401,Gautam Shukla,B.Tech,Common (1st Year),1
2032402,Siddharth Kapoor,B.Tech,Common (1st Year),1
2032403,Gunjan Bisht,B.Tech,Common (1st Year),1
2032404,Jaya Rastogi,B.Tech,Common (1st Year),1
2032405,Shreya Chamoli,B.Tech,Common (1st Year),1
2032406,Prachi Khanduri,B.Tech,Common (1st Year),1
2032407,Sahil Kukreti,B.Tech,Common (1st Year),1
2032408,Prachi Basu,B.Tech,Common (1st Year),1
2032409,Amit Thakur,B.Tech,Common (1st Year),1
2032410,Sagar Rawal,B.Tech,Common (1st Year),1
2032411,Gaurav Panwar,B.Tech,Common (1st Year),1
2032412,Shubham Saini,B.Tech,Common (1st Year),1
2032413,Mahima Dimri,B.Tech,Common (1st Year),1
2032414,Amit Saini,B.Tech,Common (1st Year),1
2032415,Ashutosh Negi,B.Tech,Common (1st Year),1
2032416,Sneha Dobhal,B.Tech,Common (1st Year),1
2032417,Sandeep Tripathi,B.Tech,Common (1st Year),1
2032418,Sagar Pokhriyal,B.Tech,Common (1st Year),1
2032419,Naveen Malhotra,B.Tech,Common (1st Year),1
2032420,Chetan Rathi,B.Tech,Common (1st Year),1
2032421,Tushar Pathak,B.Tech,Common (1st Year),1
2032422,Rudra Barthwal,B.Tech,Common (1st Year),1
2032423,Rohan Bisht,B.Tech,Common (1st Year),1
2032424,Pranav Tiwari,B.Tech,Common (1st Year),1
2032425,Abhinav Bhardwaj,B.Tech,Common (1st Year),1
2032426,Kriti Pandey,B.Tech,Common (1st Year),1
2032427,Rishabh Sethi,B.Tech,Common (1st Year),1
2032428,Ansh Negi,B.Tech,Common (1st Year),1
2032429,Muskan Tiwari,B.Tech,Common (1st Year),1
2032430,Yuvraj Juyal,B.Tech,Common (1st Year),1
2032431,Yash Anand,B.Tech,Common (1st Year),1
2032432,Divya Tomar,B.Tech,Common (1st Year),1
2032433,Harshita Pundir,B.Tech,Common (1st Year),1
2032434,Surbhi Bahuguna,B.Tech,Common (1st Year),1
2032435,Vedant Srivastava,B.Tech,Common (1st Year),1
2032436,Ashutosh Thapliyal,B.Tech,Common (1st Year),1
2032437,Lavanya Mishra,B.Tech,Common (1st Year),1
2032438,Divya Rautela,B.Tech,Common (1st Year),1
2032439,Garima Negi,B.Tech,Common (1st Year),1
2032440,Ankit Gusain,B.Tech,Common (1st Year),1
2032441,Ankita Kumar,B.Tech,Common (1st Year),1
2032442,Priya Pokhriyal,B.Tech,Common (1st Year),1
2032443,Ramya Yadav,B.Tech,Common (1st Year),1
2032444,Naman Panwar,B.Tech,Common (1st Year),1
2032445,Himanshu Khurana,B.Tech,Common (1st Year),1
2032446,Varun Goel,B.Tech,Common (1st Year),1
2032447,Ashutosh Goswami,B.Tech,Common (1st Year),1
2032448,Samarth Rawal,B.Tech,Common (1st Year),1
2032449,Sanya Kothari,B.Tech,Common (1st Year),1
2032450,Riya Saini,B.Tech,Common (1st Year),1
2032451,Sachin Oberoi,B.Tech,Common (1st Year),1
2032452,Sahil Pathak,B.Tech,Common (1st Year),1
2032453,Nidhi Anand,B.Tech,Common (1st Year),1
2032454,Sara Srivastava,B.Tech,Common (1st Year),1
2032455,Mohit Bansal,B.Tech,Common (1st Year),1
2032456,Rohan Rajput,B.Tech,Common (1st Year),1
2032457,Akanksha Jain,B.Tech,Common (1st Year),1
2032458,Vaibhav Mehra,B.Tech,Common (1st Year),1
2032459,Aarav Tomar,B.Tech,Common (1st Year),1
2032460,Yogesh Pandey,B.Tech,Common (1st Year),1
2032461,Nikhil Bhatt,B.Tech,Common (1st Year),1
2032462,Prachi Dangwal,B.Tech,Common (1st Year),1
2032463,Aryan Panwar,B.Tech,Common (1st Year),1
2032464,Ansh Sinha,B.Tech,Common (1st Year),1
2032465,Sandeep Soni,B.Tech,Common (1st Year),1
2032466,Komal Thapliyal,B.Tech,Common (1st Year),1
2032467,Eshaan Barthwal,B.Tech,Common (1st Year),1
2032468,Srishti Negi,B.Tech,Common (1st Year),1
2032469,Raghav Dhiman,B.Tech,Common (1st Year),1
2032470,Ira Nanda,B.Tech,Common (1st Year),1
2032471,Ashish Bansal,B.Tech,Common (1st Year),1
2032472,Ira Rastogi,B.Tech,Common (1st Year),1
2032473,Sachin Saini,B.Tech,Common (1st Year),1
2032474,Anushka Panwar,B.Tech,Common (1st Year),1
2032475,Kartik Rawat,B.Tech,Common (1st Year),1
2032476,Jiya Maithani,B.Tech,Common (1st Year),1
2032477,Zoya Bhandari,B.Tech,Common (1st Year),1
2032478,Naman Mishra,B.Tech,Common (1st Year),1
2032479,Gautam Srivastava,B.Tech,Common (1st Year),1
2032480,Kartik Sinha,B.Tech,Common (1st Year),1
2032481,Anjali Bhandari,B.Tech,Common (1st Year),1
2032482,Ashish Bisht,B.Tech,Common (1st Year),1
2032483,Apoorva Gupta,B.Tech,Common (1st Year),1
2032484,Lavanya Goel,B.Tech,Common (1st Year),1
2032485,Mridul Barthwal,B.Tech,Common (1st Year),1
2032486,Ayush Tiwari,B.Tech,Common (1st Year),1
2032487,Anuj Dimri,B.Tech,Common (1st Year),1
2032488,Shruti Pathak,B.Tech,Common (1st Year),1
2032489,Yamini Kashyap,B.Tech,Common (1st Year),1
2032490,Rishabh Walia,B.Tech,Common (1st Year),1
2032571,Archit Dubey,B.Tech,Common (1st Year),1
2032572,Rohan Kapoor,B.Tech,Common (1st Year),1
2032573,Diksha Kashyap,B.Tech,Common (1st Year),1
2032574,Ojas Sharma,B.Tech,Common (1st Year),1
2032575,Kavya Gupta,B.Tech,Common (1st Year),1
2032576,Gayatri Saxena,B.Tech,Common (1st Year),1
2032577,Aditya Gupta,B.Tech,Common (1st Year),1
2032578,Bhavya Mehra,B.Tech,Common (1st Year),1
2032579,Ayush Bhardwaj,B.Tech,Common (1st Year),1
2032580,Arjun Bisht,B.Tech,Common (1st Year),1
2032581,Shivam Mishra,B.Tech,Common (1st Year),1
2032582,Sonal Mishra,B.Tech,Common (1st Year),1
2032583,Ankita Saini,B.Tech,Common (1st Year),1
2032584,Ishaan Goswami,B.Tech,Common (1st Year),1
2032585,Surbhi Badoni,B.Tech,Common (1st Year),1
2032586,Arnav Trivedi,B.Tech,Common (1st Year),1
2032587,Abhay Aggarwal,B.Tech,Common (1st Year),1
2032588,Soumya Bhatt,B.Tech,Common (1st Year),1
2032589,Ira Khanduri,B.Tech,Common (1st Year),1
2032590,Samarth Gusain,B.Tech,Common (1st Year),1
2032591,Gaurav Chaudhary,B.Tech,Common (1st Year),1
2032592,Ramya Basu,B.Tech,Common (1st Year),1
2032593,Kriti Joshi,B.Tech,Common (1st Year),1
2032594,Sanket Saxena,B.Tech,Common (1st Year),1
2032595,Arjun Rathi,B.Tech,Common (1st Year),1
2032596,Sumit Thakur,B.Tech,Common (1st Year),1
2032597,Kunal Kandpal,B.Tech,Common (1st Year),1
2032598,Vikram Tiwari,B.Tech,Common (1st Year),1
2032599,Mansi Soni,B.Tech,Common (1st Year),1
2032600,Nisha Pundir,B.Tech,Common (1st Year),1
2032601,Vidhi Panwar,B.Tech,Common (1st Year),1
2032602,Sara Thakur,B.Tech,Common (1st Year),1
2032603,Harsh Bhandari,B.Tech,Common (1st Year),1
2032604,Vansh Malhotra,B.Tech,Common (1st Year),1
2032605,Sanket Saini,B.Tech,Common (1st Year),1
2032606,Disha Malhotra,B.Tech,Common (1st Year),1
2032607,Omkar Badoni,B.Tech,Common (1st Year),1
2032608,Sanket Rastogi,B.Tech,Common (1st Year),1
2032609,Ishita Saxena,B.Tech,Common (1st Year),1
2032610,Srishti Nanda,B.Tech,Common (1st Year),1
2032611,Yogesh Kashyap,B.Tech,Common (1st Year),1
2032612,Aishwarya Saini,B.Tech,Common (1st Year),1
2032613,Rudra Nainwal,B.Tech,Common (1st Year),1
2032614,Komal Juyal,B.Tech,Common (1st Year),1
2032615,Ravi Sinha,B.Tech,Common (1st Year),1
2032616,Naveen Kimothi,B.Tech,Common (1st Year),1
2032617,Anuj Mittal,B.Tech,Common (1st Year),1
2032618,Aishwarya Raturi,B.Tech,Common (1st Year),1
2032619,Tushar Lal,B.Tech,Common (1st Year),1
2032620,Abhinav Raturi,B.Tech,Common (1st Year),1
2032621,Rudra Dabral,B.Tech,Common (1st Year),1
2032622,Omkar Raturi,B.Tech,Common (1st Year),1
2032623,Preeti Basu,B.Tech,Common (1st Year),1
2032624,Yogesh Tiwari,B.Tech,Common (1st Year),1
2032625,Shivani Bhatt,B.Tech,Common (1st Year),1
2032626,Soumya Dangwal,B.Tech,Common (1st Year),1
2032627,Disha Panwar,B.Tech,Common (1st Year),1
2032628,Akanksha Srivastava,B.Tech,Common (1st Year),1
2032629,Simran Kimothi,B.Tech,Common (1st Year),1
2032630,Komal Singh,B.Tech,Common (1st Year),1
2032631,Dev Rana,B.Tech,Common (1st Year),1
2032632,Ravi Oberoi,B.Tech,Common (1st Year),1
2032633,Arpit Bhandula,B.Tech,Common (1st Year),1
2032634,Charvi Bisht,B.Tech,Common (1st Year),1
2032635,Shruti Sethi,B.Tech,Common (1st Year),1
2032636,Ishaan Sharma,B.Tech,Common (1st Year),1
2032637,Ruchi Sood,B.Tech,Common (1st Year),1
2032638,Kriti Trivedi,B.Tech,Common (1st Year),1
2032639,Sara Basu,B.Tech,Common (1st Year),1
2032640,Sagar Badoni,B.Tech,Common (1st Year),1
2032641,Tanvi Goswami,B.Tech,Common (1st Year),1
2032642,Hardik Singh,B.Tech,Common (1st Year),1
2032643,Harsh Bajaj,B.Tech,Common (1st Year),1
2032644,Deepika Oberoi,B.Tech,Common (1st Year),1
2032645,Anshika Pant,B.Tech,Common (1st Year),1
2032646,Priyanka Bisht,B.Tech,Common (1st Year),1
2032647,Mridul Oberoi,B.Tech,Common (1st Year),1
2032648,Pulkit Khanduri,B.Tech,Common (1st Year),1
2032649,Vikas Pokhriyal,B.Tech,Common (1st Year),1
2032650,Pooja Uniyal,B.Tech,Common (1st Year),1
2032651,Abhay Pandey,B.Tech,Common (1st Year),1
2032652,Apoorva Chauhan,B.Tech,Common (1st Year),1
2032653,Tushar Panwar,B.Tech,Common (1st Year),1
2032654,Disha Khanduri,B.Tech,Common (1st Year),1
2032655,Sahil Mehta,B.Tech,Common (1st Year),1
2032656,Yamini Badoni,B.Tech,Common (1st Year),1
2032657,Manish Bhandula,B.Tech,Common (1st Year),1
2032658,Charvi Mittal,B.Tech,Common (1st Year),1
2032659,Chaitanya Nanda,B.Tech,Common (1st Year),1
2032660,Ankit Pundir,B.Tech,Common (1st Year),1
2032661,Nandini Parmar,B.Tech,Common (1st Year),1
2032662,Sachin Dabral,B.Tech,Common (1st Year),1
2032663,Komal Trivedi,B.Tech,Common (1st Year),1
2032664,Ruchi Oberoi,B.Tech,Common (1st Year),1
2032665,Vaishnavi Uniyal,B.Tech,Common (1st Year),1
2032666,Radhika Chaudhary,B.Tech,Common (1st Year),1
2032667,Muskan Malhotra,B.Tech,Common (1st Year),1
2032668,Archit Saxena,B.Tech,Common (1st Year),1
2032669,Mayank Uniyal,B.Tech,Common (1st Year),1
2032670,Samarth Mehra,B.Tech,Common (1st Year),1
2032671,Anmol Barthwal,B.Tech,Common (1st Year),1
2032672,Amit Nautiyal,B.Tech,Common (1st Year),1
2032673,Uday Sinha,B.Tech,Common (1st Year),1
2032674,Gayatri Srivastava,B.Tech,Common (1st Year),1
2032675,Prateek Dubey,B.Tech,Common (1st Year),1
2032676,Bhavya Saini,B.Tech,Common (1st Year),1
2032677,Devansh Kumar,B.Tech,Common (1st Year),1
2032678,Samarth Bijalwan,B.Tech,Common (1st Year),1
2032679,Akanksha Dimri,B.Tech,Common (1st Year),1
2032680,Deepak Tripathi,B.Tech,Common (1st Year),1
2032681,Vaishnavi Bhardwaj,B.Tech,Common (1st Year),1
2032682,Saloni Semwal,B.Tech,Common (1st Year),1
2032683,Nandini Tandon,B.Tech,Common (1st Year),1
2032684,Siddharth Rajput,B.Tech,Common (1st Year),1
2032685,Ruchi Mittal,B.Tech,Common (1st Year),1
2032686,Ashish Dimri,B.Tech,Common (1st Year),1
2032687,Vaishnavi Lal,B.Tech,Common (1st Year),1
2032688,Bhumika Panwar,B.Tech,Common (1st Year),1
2032689,Pallavi Chopra,B.Tech,Common (1st Year),1
2032690,Pranav Rawal,B.Tech,Common (1st Year),1
2032691,Tarun Bhandula,B.Tech,Common (1st Year),1
2032692,Pranav Bhatt,B.Tech,Common (1st Year),1
2032693,Chaitanya Mehra,B.Tech,Common (1st Year),1
2032694,Madhav Kashyap,B.Tech,Common (1st Year),1
2032695,Muskan Rawat,B.Tech,Common (1st Year),1
2032696,Sanket Khanduri,B.Tech,Common (1st Year),1
2032697,Aman Basu,B.Tech,Common (1st Year),1
2032698,Dhruv Bhandari,B.Tech,Common (1st Year),1
2032699,Vishal Saxena,B.Tech,Common (1st Year),1
2032700,Siddharth Tandon,B.Tech,Common (1st Year),1
2032701,Garima Thapliyal,B.Tech,Common (1st Year),1
2032702,Amit Khurana,B.Tech,Common (1st Year),1
2032703,Yamini Tandon,B.Tech,Common (1st Year),1
2032704,Omkar Rastogi,B.Tech,Common (1st Year),1
2032705,Akash Rajput,B.Tech,Common (1st Year),1
2032706,Himanshu Chauhan,B.Tech,Common (1st Year),1
2032707,Dev Tomar,B.Tech,Common (1st Year),1
2032708,Anjali Bajaj,B.Tech,Common (1st Year),1
2032709,Simran Patel,B.Tech,Common (1st Year),1
2032710,Shruti Rana,B.Tech,Common (1st Year),1
2032711,Rohan Dabral,B.Tech,Common (1st Year),1
2032712,Shreya Saini,B.Tech,Common (1st Year),1
2032713,Surbhi Rautela,B.Tech,Common (1st Year),1
2032714,Akash Pundir,B.Tech,Common (1st Year),1
2032715,Nandini Mittal,B.Tech,Common (1st Year),1
2032716,Amisha Bhatt,B.Tech,Common (1st Year),1
2032717,Sanya Rawat,B.Tech,Common (1st Year),1
2032718,Laksh Nagi,B.Tech,Common (1st Year),1
2032719,Abhay Semwal,B.Tech,Common (1st Year),1
2032720,Sandeep Rautela,B.Tech,Common (1st Year),1
2032721,Prachi Jain,B.Tech,Common (1st Year),1
2032722,Raghav Khanduri,B.Tech,Common (1st Year),1
2032723,Rudra Negi,B.Tech,Common (1st Year),1
2032724,Amit Mehta,B.Tech,Common (1st Year),1
2032725,Soumya Bajaj,B.Tech,Common (1st Year),1
2032726,Mayank Gaur,B.Tech,Common (1st Year),1
2032727,Aishwarya Gusain,B.Tech,Common (1st Year),1
2032741,Vaibhav Uniyal,B.Tech,Common (1st Year),1
2032742,Rajat Jain,B.Tech,Common (1st Year),1
2032743,Harsh Nainwal,B.Tech,Common (1st Year),1
2032744,Sumit Goel,B.Tech,Common (1st Year),1
2032745,Tushar Verma,B.Tech,Common (1st Year),1
2032746,Madhav Barthwal,B.Tech,Common (1st Year),1
2032747,Tanishq Rana,B.Tech,Common (1st Year),1
2032748,Ananya Mehta,B.Tech,Common (1st Year),1
2032749,Yogesh Rawal,B.Tech,Common (1st Year),1
2032750,Deepak Mahajan,B.Tech,Common (1st Year),1
2032751,Kamal Trivedi,B.Tech,Common (1st Year),1
2032752,Rudra Srivastava,B.Tech,Common (1st Year),1
2032753,Gayatri Rajput,B.Tech,Common (1st Year),1
2032754,Shivani Chopra,B.Tech,Common (1st Year),1
2032755,Ishaan Chamoli,B.Tech,Common (1st Year),1
2032756,Anjali Pathak,B.Tech,Common (1st Year),1
2032757,Anjali Rawal,B.Tech,Common (1st Year),1
2032758,Ankita Dangwal,B.Tech,Common (1st Year),1
2032759,Siddharth Gusain,B.Tech,Common (1st Year),1
2032760,Saurabh Maithani,B.Tech,Common (1st Year),1
2032761,Arnav Chamoli,B.Tech,Common (1st Year),1
2032762,Pallavi Bijalwan,B.Tech,Common (1st Year),1
2032763,Nitin Gupta,B.Tech,Common (1st Year),1
2032764,Riya Basu,B.Tech,Common (1st Year),1
2032765,Aditi Rathi,B.Tech,Common (1st Year),1
2032766,Parth Dimri,B.Tech,Common (1st Year),1
2032767,Rudra Panwar,B.Tech,Common (1st Year),1
2032768,Tripti Panwar,B.Tech,Common (1st Year),1
2032769,Chaitanya Soni,B.Tech,Common (1st Year),1
2032770,Navya Kimothi,B.Tech,Common (1st Year),1
2032771,Sanchi Dhiman,B.Tech,Common (1st Year),1
2032772,Jiya Parmar,B.Tech,Common (1st Year),1
2032773,Ojas Kimothi,B.Tech,Common (1st Year),1
2032774,Varun Pandey,B.Tech,Common (1st Year),1
2032775,Uday Bahuguna,B.Tech,Common (1st Year),1
2032776,Anchal Trivedi,B.Tech,Common (1st Year),1
2032777,Nisha Mehra,B.Tech,Common (1st Year),1
2032778,Rakesh Dimri,B.Tech,Common (1st Year),1
2032779,Nidhi Bhatt,B.Tech,Common (1st Year),1
2032780,Yuvraj Chopra,B.Tech,Common (1st Year),1
2032781,Rahul Bhatt,B.Tech,Common (1st Year),1
2032782,Vaishnavi Khanduri,B.Tech,Common (1st Year),1
2032783,Khushi Bajaj,B.Tech,Common (1st Year),1
2032784,Riya Malhotra,B.Tech,Common (1st Year),1
2032785,Vivek Raturi,B.Tech,Common (1st Year),1
2032786,Yogesh Oberoi,B.Tech,Common (1st Year),1
2032787,Gautam Aggarwal,B.Tech,Common (1st Year),1
2032788,Siddharth Negi,B.Tech,Common (1st Year),1
2032789,Vishal Bajaj,B.Tech,Common (1st Year),1
2032790,Mayank Mehra,B.Tech,Common (1st Year),1
2032791,Surbhi Chamoli,B.Tech,Common (1st Year),1
2032792,Deepika Parmar,B.Tech,Common (1st Year),1
2032793,Vivek Chamoli,B.Tech,Common (1st Year),1
2032794,Ojas Pandey,B.Tech,Common (1st Year),1
2032795,Kajal Bhandula,B.Tech,Common (1st Year),1
2032796,Manish Sethi,B.Tech,Common (1st Year),1
2032797,Yamini Mahajan,B.Tech,Common (1st Year),1
2032798,Nitin Nautiyal,B.Tech,Common (1st Year),1
2032799,Nisha Bhandula,B.Tech,Common (1st Year),1
2032800,Abhay Malhotra,B.Tech,Common (1st Year),1
2032801,Priya Agarwal,B.Tech,Common (1st Year),1
2032802,Muskan Thapliyal,B.Tech,Common (1st Year),1
2032803,Vandana Yadav,B.Tech,Common (1st Year),1
2032804,Simran Soni,B.Tech,Common (1st Year),1
2032805,Navya Dhiman,B.Tech,Common (1st Year),1
2032806,Nikhil Pokhriyal,B.Tech,Common (1st Year),1
2032807,Manav Semwal,B.Tech,Common (1st Year),1
2032808,Harshita Anand,B.Tech,Common (1st Year),1
2032809,Aryan Barthwal,B.Tech,Common (1st Year),1
2032810,Jaya Dimri,B.Tech,Common (1st Year),1
2032811,Vinay Rajput,B.Tech,Common (1st Year),1
2032812,Abhay Juyal,B.Tech,Common (1st Year),1
2032813,Mehak Sharma,B.Tech,Common (1st Year),1
2032814,Vandana Pathak,B.Tech,Common (1st Year),1
2032815,Payal Walia,B.Tech,Common (1st Year),1
2032816,Vivek Tandon,B.Tech,Common (1st Year),1
2032817,Sneha Sinha,B.Tech,Common (1st Year),1
2032818,Akash Lal,B.Tech,Common (1st Year),1
2032819,Kunal Nautiyal,B.Tech,Common (1st Year),1
2032820,Mahima Kimothi,B.Tech,Common (1st Year),1
2032821,Arpit Kukreti,B.Tech,Common (1st Year),1
2032822,Yashika Goswami,B.Tech,Common (1st Year),1
2032823,Jiya Nanda,B.Tech,Common (1st Year),1
2032824,Ankit Gupta,B.Tech,Common (1st Year),1
2032825,Naman Bhardwaj,B.Tech,Common (1st Year),1
2032826,Aryan Singh,B.Tech,Common (1st Year),1
2032827,Hardik Vats,B.Tech,Common (1st Year),1
2032828,Aditya Gusain,B.Tech,Common (1st Year),1
2032829,Shagun Chaudhary,B.Tech,Common (1st Year),1
2032830,Simran Thapliyal,B.Tech,Common (1st Year),1
2032831,Rahul Sati,B.Tech,Common (1st Year),1
2032832,Shivam Raturi,B.Tech,Common (1st Year),1
2032833,Saurabh Bijalwan,B.Tech,Common (1st Year),1
2032834,Vipul Kukreti,B.Tech,Common (1st Year),1
2032835,Ojas Kothari,B.Tech,Common (1st Year),1
2032836,Gaurav Sethi,B.Tech,Common (1st Year),1
2032837,Riya Bansal,B.Tech,Common (1st Year),1
2032838,Radhika Bhandula,B.Tech,Common (1st Year),1
2032839,Kavya Maurya,B.Tech,Common (1st Year),1
2032840,Mridul Rawal,B.Tech,Common (1st Year),1
2032841,Zoya Kapoor,B.Tech,Common (1st Year),1
2032842,Pulkit Anand,B.Tech,Common (1st Year),1
2032843,Garima Shukla,B.Tech,Common (1st Year),1
2032844,Aishwarya Lal,B.Tech,Common (1st Year),1
2032845,Kunal Kumar,B.Tech,Common (1st Year),1
2032846,Ankita Chopra,B.Tech,Common (1st Year),1
2032847,Gayatri Pundir,B.Tech,Common (1st Year),1
2032848,Preeti Malhotra,B.Tech,Common (1st Year),1
2032849,Priya Saxena,B.Tech,Common (1st Year),1
2032850,Gunjan Kandpal,B.Tech,Common (1st Year),1
2032851,Vaibhav Maithani,B.Tech,Common (1st Year),1
2032852,Nidhi Nainwal,B.Tech,Common (1st Year),1
2032853,Anushka Sharma,B.Tech,Common (1st Year),1
2032854,Priyanka Bhandula,B.Tech,Common (1st Year),1
2032855,Surbhi Anand,B.Tech,Common (1st Year),1
2032856,Ishaan Bahuguna,B.Tech,Common (1st Year),1
2032857,Ravi Rajput,B.Tech,Common (1st Year),1
2032858,Lakshya Bhandari,B.Tech,Common (1st Year),1
2032859,Omkar Anand,B.Tech,Common (1st Year),1
2032860,Ishita Vats,B.Tech,Common (1st Year),1
2032861,Deepika Bhandula,B.Tech,Common (1st Year),1
2032862,Rohan Garg,B.Tech,Common (1st Year),1
2032863,Rudra Vats,B.Tech,Common (1st Year),1
2032864,Ravi Shukla,B.Tech,Common (1st Year),1
2032865,Kartik Bahuguna,B.Tech,Common (1st Year),1
2032866,Akanksha Tandon,B.Tech,Common (1st Year),1
2032867,Muskan Walia,B.Tech,Common (1st Year),1
2032868,Gayatri Dimri,B.Tech,Common (1st Year),1
2032869,Preeti Thapliyal,B.Tech,Common (1st Year),1
2032870,Siddharth Rathi,B.Tech,Common (1st Year),1
2032871,Sarthak Nautiyal,B.Tech,Common (1st Year),1
2032872,Ira Dubey,B.Tech,Common (1st Year),1
2032873,Ira Gupta,B.Tech,Common (1st Year),1
2032874,Ravi Uniyal,B.Tech,Common (1st Year),1
2032875,Sanket Thapliyal,B.Tech,Common (1st Year),1
2032876,Diksha Pant,B.Tech,Common (1st Year),1
2032877,Mansi Chaudhary,B.Tech,Common (1st Year),1
2032878,Ishaan Mishra,B.Tech,Common (1st Year),1
2032879,Sakshi Khanduri,B.Tech,Common (1st Year),1
2032880,Kabir Bansal,B.Tech,Common (1st Year),1
2032881,Varun Sharma,B.Tech,Common (1st Year),1
2032882,Muskan Mittal,B.Tech,Common (1st Year),1
2032883,Vaibhav Panwar,B.Tech,Common (1st Year),1
2032884,Kabir Thakur,B.Tech,Common (1st Year),1
2032885,Payal Bhandula,B.Tech,Common (1st Year),1
2032886,Alok Sharma,B.Tech,Common (1st Year),1
2032887,Vikas Rathi,B.Tech,Common (1st Year),1
2032888,Tripti Gaur,B.Tech,CSE,1
2032889,Gaurav Mittal,B.Tech,CSE,1
2032890,Khushi Bhandula,B.Tech,CSE,1
2032891,Ishita Joshi,B.Tech,CSE,1
2032892,Lavanya Walia,B.Tech,CSE,1
2032893,Nandini Rajput,B.Tech,CSE,1
2032894,Kartik Aggarwal,B.Tech,CSE,1
2032895,Muskan Bahuguna,B.Tech,CSE,1
2032896,Rishabh Sati,B.Tech,CSE,1
2032897,Anmol Bijalwan,B.Tech,CSE,1
2032898,Simran Rawat,B.Tech,CSE,1
2032899,Amisha Panwar,B.Tech,CSE,1
2032900,Vansh Sinha,B.Tech,CSE,1
2032901,Gautam Kimothi,B.Tech,CSE,1
2032902,Tanmay Kukreti,B.Tech,CSE,1
2032903,Tanmay Rawal,B.Tech,CSE,1
2032904,Sarthak Juyal,B.Tech,CSE,1
2032905,Sagar Parmar,B.Tech,CSE,1
2032906,Saloni Sharma,B.Tech,CSE,1
2032907,Srishti Goel,B.Tech,CSE,1
2032908,Nandini Gaur,B.Tech,CSE,1
2032909,Samarth Tomar,B.Tech,CSE,1
2032910,Manav Bijalwan,B.Tech,CSE,1
2032911,Vidhi Anand,B.Tech,CSE,1
2032912,Arjun Maurya,B.Tech,CSE,1
2032913,Kabir Rathi,B.Tech,CSE,5
2032914,Vishal Gusain,B.Tech,CSE,1
2032915,Suhani Dhiman,B.Tech,CSE,1
2032916,Ira Chaudhary,B.Tech,CSE,1
2032917,Sneha Dangwal,B.Tech,CSE,1
2032918,Bhavya Rastogi,B.Tech,CSE,1
2032919,Riya Pundir,B.Tech,CSE,1
2032920,Varun Rajput,B.Tech,CSE,1
2032941,Mridul Bijalwan,B.Tech,Common (1st Year),1
2032942,Himanshu Gupta,B.Tech,Common (1st Year),1
2032943,Sanchi Kapoor,B.Tech,Common (1st Year),1
2032944,Jatin Dubey,B.Tech,Common (1st Year),1
2032945,Shruti Agarwal,B.Tech,Common (1st Year),1
2032946,Srishti Pandey,B.Tech,Common (1st Year),1
2032947,Tanvi Bhatt,B.Tech,Common (1st Year),1
2032948,Nisha Walia,B.Tech,Common (1st Year),1
2032949,Vikram Dhiman,B.Tech,Common (1st Year),1
2032950,Amit Nanda,B.Tech,Common (1st Year),1
2032951,Sara Mishra,B.Tech,Common (1st Year),1
2032952,Raghav Yadav,B.Tech,Common (1st Year),1
2032953,Naveen Sinha,B.Tech,Common (1st Year),1
2032954,Anmol Pant,B.Tech,Common (1st Year),1
2032955,Uday Dimri,B.Tech,Common (1st Year),1
2032956,Shreya Raturi,B.Tech,Common (1st Year),1
2032957,Nikhil Kapoor,B.Tech,Common (1st Year),1
2032958,Rohit Sood,B.Tech,Common (1st Year),1
2032959,Disha Gusain,B.Tech,Common (1st Year),1
2032960,Sumit Patel,B.Tech,Common (1st Year),1
2032961,Gautam Uniyal,B.Tech,Common (1st Year),1
2032962,Harshita Mittal,B.Tech,Common (1st Year),1
2032963,Nidhi Gusain,B.Tech,Common (1st Year),1
2032964,Keshav Soni,B.Tech,Common (1st Year),1
2032965,Priya Maithani,B.Tech,Common (1st Year),1
2032966,Devansh Rawat,B.Tech,Common (1st Year),1
2032967,Sumit Shukla,B.Tech,Common (1st Year),1
2032968,Shruti Juyal,B.Tech,Common (1st Year),1
2032969,Ravi Tripathi,B.Tech,Common (1st Year),1
2032970,Komal Maithani,B.Tech,Common (1st Year),1
2032971,Ajay Jain,B.Tech,Common (1st Year),1
2032972,Pooja Bhandula,B.Tech,Common (1st Year),1
2032973,Anushka Bhardwaj,B.Tech,Common (1st Year),1
2032974,Deepika Verma,B.Tech,Common (1st Year),1
2032975,Kamal Kothari,B.Tech,Common (1st Year),1
2032976,Tripti Rastogi,B.Tech,Common (1st Year),1
2032977,Sahil Sati,B.Tech,Common (1st Year),1
2032978,Jatin Rajput,B.Tech,Common (1st Year),1
2032979,Surbhi Gusain,B.Tech,Common (1st Year),1
2032980,Dhruv Goswami,B.Tech,Common (1st Year),1
2032981,Garima Pant,B.Tech,Common (1st Year),1
2032982,Manav Rana,B.Tech,Common (1st Year),1
2032983,Kajal Maurya,B.Tech,Common (1st Year),1
2032984,Nitin Goel,B.Tech,Common (1st Year),1
2032985,Bhumika Oberoi,B.Tech,Common (1st Year),1
2032986,Ramya Bijalwan,B.Tech,Common (1st Year),1
2032987,Anshika Shukla,B.Tech,Common (1st Year),1
2032988,Disha Joshi,B.Tech,Common (1st Year),1
2032989,Nidhi Uniyal,B.Tech,Common (1st Year),1
2032990,Garima Nainwal,B.Tech,Common (1st Year),1
2032991,Archit Mehta,B.Tech,Common (1st Year),1
2032992,Vaishnavi Badoni,B.Tech,Common (1st Year),1
2032993,Tarun Parmar,B.Tech,Common (1st Year),1
2032994,Rajat Bajaj,B.Tech,Common (1st Year),1
2032995,Deepak Rautela,B.Tech,Common (1st Year),1
2032996,Divya Parmar,B.Tech,Common (1st Year),1
2032997,Ishaan Bhatt,B.Tech,Common (1st Year),1
2032998,Shagun Goel,B.Tech,Common (1st Year),1
2032999,Ankita Mishra,B.Tech,Common (1st Year),1
2033000,Sanya Kimothi,B.Tech,Common (1st Year),1
2033001,Mohit Gusain,B.Tech,Common (1st Year),1
2033002,Shalini Pokhriyal,B.Tech,Common (1st Year),1
2033003,Kavya Dabral,B.Tech,Common (1st Year),1
2033004,Nikhil Dubey,B.Tech,Common (1st Year),1
2033005,Yash Gusain,B.Tech,Common (1st Year),1
2033006,Ankit Mehta,B.Tech,Common (1st Year),1
2033007,Kriti Parmar,B.Tech,Common (1st Year),1
2033008,Shalini Srivastava,B.Tech,Common (1st Year),1
2033009,Muskan Raturi,B.Tech,Common (1st Year),1
2033010,Sanya Shukla,B.Tech,Common (1st Year),1
2033011,Vedant Gaur,B.Tech,Common (1st Year),1
2033012,Tripti Tiwari,B.Tech,Common (1st Year),1
2033013,Ravi Basu,B.Tech,Common (1st Year),1
2033014,Tanmay Sethi,B.Tech,Common (1st Year),1
2033015,Amit Thapliyal,B.Tech,Common (1st Year),1
2033016,Yash Kukreti,B.Tech,Common (1st Year),1
2033017,Aman Mahajan,B.Tech,Common (1st Year),1
2033018,Kabir Bajaj,B.Tech,Common (1st Year),1
2033019,Priya Gupta,B.Tech,Common (1st Year),1
2033020,Yash Vats,B.Tech,Common (1st Year),1
2033021,Arnav Badoni,B.Tech,Common (1st Year),1
2033022,Suhani Nautiyal,B.Tech,Common (1st Year),1
2033023,Rohan Chamoli,B.Tech,Common (1st Year),1
2033024,Shreya Barthwal,B.Tech,Common (1st Year),1
2033025,Sagar Dobhal,B.Tech,Common (1st Year),1
2033026,Diksha Sood,B.Tech,Common (1st Year),1
2033027,Mayank Shukla,B.Tech,Common (1st Year),1
2033028,Disha Tripathi,B.Tech,Common (1st Year),1
2033029,Ojas Bhardwaj,B.Tech,Common (1st Year),1
2033030,Tanishq Soni,B.Tech,Common (1st Year),1
2033031,Saloni Trivedi,B.Tech,Common (1st Year),1
2033032,Mehak Mehta,B.Tech,Common (1st Year),1
2033033,Jiya Thapliyal,B.Tech,Common (1st Year),1
2033034,Raghav Semwal,B.Tech,Common (1st Year),1
2033035,Harshita Bisht,B.Tech,Common (1st Year),1
2033036,Shubham Saxena,B.Tech,Common (1st Year),1
2033037,Saurabh Garg,B.Tech,Common (1st Year),1
2033038,Deepak Rawal,B.Tech,Common (1st Year),1
2033039,Yuvraj Rautela,B.Tech,Common (1st Year),1
2033040,Eshaan Joshi,B.Tech,Common (1st Year),1
2033041,Rakesh Trivedi,B.Tech,Common (1st Year),1
2033042,Bhumika Mehra,B.Tech,Common (1st Year),1
2033043,Chetan Nautiyal,B.Tech,Common (1st Year),1
2033044,Suhani Mehta,B.Tech,Common (1st Year),1
2033045,Pallavi Bahuguna,B.Tech,Common (1st Year),1
2033046,Riya Kumar,B.Tech,Common (1st Year),1
2033047,Khushi Pokhriyal,B.Tech,Common (1st Year),1
2033048,Ankita Semwal,B.Tech,Common (1st Year),1
2033049,Gautam Nainwal,B.Tech,Common (1st Year),1
2033050,Arnav Chopra,B.Tech,Common (1st Year),1
2033051,Archit Khanduri,B.Tech,Common (1st Year),1
2033052,Gautam Mishra,B.Tech,Common (1st Year),1
2033053,Yash Gaur,B.Tech,Common (1st Year),1
2033054,Shalini Goswami,B.Tech,Common (1st Year),1
2033055,Palak Thakur,B.Tech,Common (1st Year),1
2033056,Ira Dabral,B.Tech,Common (1st Year),1
2033057,Ojas Kumar,B.Tech,Common (1st Year),1
2033058,Sakshi Aggarwal,B.Tech,Common (1st Year),1
2033059,Ira Uniyal,B.Tech,Common (1st Year),1
2033060,Ashutosh Kukreti,B.Tech,Common (1st Year),1
2033061,Aishwarya Vats,B.Tech,Common (1st Year),1
2033062,Manish Chopra,B.Tech,Common (1st Year),1
2033063,Sarthak Mehra,B.Tech,Common (1st Year),1
2033064,Shreya Dubey,B.Tech,Common (1st Year),1
2033065,Ruchi Malhotra,B.Tech,Common (1st Year),1
2033066,Sanket Anand,B.Tech,Common (1st Year),1
2033067,Shruti Bhandari,B.Tech,Common (1st Year),1
2033068,Vidhi Pundir,B.Tech,Common (1st Year),1
2033069,Deepika Pundir,B.Tech,Common (1st Year),1
2033070,Abhinav Gupta,B.Tech,Common (1st Year),1
2033071,Naman Trivedi,B.Tech,Common (1st Year),1
2033072,Shreya Mehta,B.Tech,Common (1st Year),1
2033073,Radhika Sood,B.Tech,Common (1st Year),1
2033074,Laksh Khanduri,B.Tech,Common (1st Year),1
2033075,Harsh Kimothi,B.Tech,Common (1st Year),1
2033076,Archit Kukreti,B.Tech,Common (1st Year),1
2033077,Kartik Panwar,B.Tech,Common (1st Year),1
2033078,Parth Aggarwal,B.Tech,Common (1st Year),1
2033079,Preeti Bahuguna,B.Tech,Common (1st Year),1
2033080,Uday Badoni,B.Tech,Common (1st Year),1
2033081,Pranav Srivastava,B.Tech,Common (1st Year),1
2033082,Kamal Pathak,B.Tech,Common (1st Year),1
2033083,Neha Bhandari,B.Tech,Common (1st Year),1
2033084,Navya Kothari,B.Tech,Common (1st Year),1
2033085,Pranav Lal,B.Tech,Common (1st Year),1
2033086,Komal Pant,B.Tech,Common (1st Year),1
2033087,Mansi Dangwal,B.Tech,Common (1st Year),1
2033088,Sahil Khurana,B.Tech,Common (1st Year),1
2033089,Prateek Tandon,B.Tech,Common (1st Year),1
2033090,Pranav Sinha,B.Tech,Common (1st Year),1
2033091,Yuvraj Bijalwan,B.Tech,Common (1st Year),1
2033092,Pooja Malhotra,B.Tech,Common (1st Year),1
2033093,Shalini Pathak,B.Tech,Common (1st Year),1
2033094,Ashutosh Pant,B.Tech,Common (1st Year),1
2033095,Ansh Lal,B.Tech,Common (1st Year),1
2033096,Nikhil Chamoli,B.Tech,Common (1st Year),1
2033097,Surbhi Rastogi,B.Tech,Common (1st Year),1
2033098,Rakesh Singh,B.Tech,Common (1st Year),1
2033099,Shivani Srivastava,B.Tech,Common (1st Year),1
2033100,Pooja Tandon,B.Tech,Common (1st Year),1
2033101,Alok Rathi,B.Tech,Common (1st Year),1
2033102,Shreya Vats,B.Tech,Common (1st Year),1
2033103,Aditi Mittal,B.Tech,Common (1st Year),1
2033104,Ashutosh Srivastava,B.Tech,Common (1st Year),1
2033105,Prachi Bisht,B.Tech,Common (1st Year),1
2033106,Priyanka Thakur,B.Tech,Common (1st Year),1
2033107,Siddharth Chopra,B.Tech,Common (1st Year),1
2033108,Abhinav Nainwal,B.Tech,Common (1st Year),1
2033109,Muskan Yadav,B.Tech,Common (1st Year),1
2033110,Mehak Sinha,B.Tech,Common (1st Year),1
2033111,Vivek Rawat,B.Tech,Common (1st Year),1
2033112,Vinay Maithani,B.Tech,Common (1st Year),1
2033113,Ojas Chamoli,B.Tech,Common (1st Year),1
2033114,Jatin Chauhan,B.Tech,Common (1st Year),1
2033115,Ankita Tripathi,B.Tech,Common (1st Year),1
2033116,Simran Verma,B.Tech,Common (1st Year),1
2033117,Rohan Pundir,B.Tech,Common (1st Year),1
2033118,Tanvi Mittal,B.Tech,Common (1st Year),1
2033119,Riya Rana,B.Tech,Common (1st Year),1
2033120,Ruchi Chaudhary,B.Tech,Common (1st Year),1
2033121,Preeti Negi,B.Tech,Common (1st Year),1
2033122,Ruchi Barthwal,B.Tech,Common (1st Year),1
2033123,Amit Goswami,B.Tech,Common (1st Year),1
2033124,Kajal Parmar,B.Tech,Common (1st Year),1
2033125,Amit Rathi,B.Tech,Common (1st Year),1
2033126,Deepika Dangwal,B.Tech,Common (1st Year),1
2033127,Laksh Chopra,B.Tech,Common (1st Year),1
2033128,Pooja Thapliyal,B.Tech,Common (1st Year),1
2033129,Devansh Basu,B.Tech,Common (1st Year),1
2033130,Harshita Tiwari,B.Tech,Common (1st Year),1
2033131,Keshav Chamoli,B.Tech,Common (1st Year),1
2033132,Hemant Chauhan,B.Tech,Common (1st Year),1
2033133,Vaishnavi Nautiyal,B.Tech,Common (1st Year),1
2033134,Shubham Aggarwal,B.Tech,Common (1st Year),1
2033135,Ansh Soni,B.Tech,Common (1st Year),1
2033136,Sanket Kashyap,B.Tech,Common (1st Year),1
2033137,Sanya Saxena,B.Tech,Common (1st Year),1
2033138,Nandini Dangwal,B.Tech,Common (1st Year),1
2033139,Mahima Tripathi,B.Tech,Common (1st Year),1
2033140,Kajal Mishra,B.Tech,Common (1st Year),1
2033141,Saurabh Badoni,B.Tech,Common (1st Year),1
2033142,Naveen Agarwal,B.Tech,Common (1st Year),1
2033143,Tanvi Thapliyal,B.Tech,Common (1st Year),1
2033144,Nitin Barthwal,B.Tech,Common (1st Year),1
2033145,Rohit Jain,B.Tech,Common (1st Year),1
2033146,Ruchi Rautela,B.Tech,Common (1st Year),1
2033147,Rohan Nainwal,B.Tech,Common (1st Year),1
2033148,Vishal Jain,B.Tech,Common (1st Year),1
2033149,Nitin Walia,B.Tech,Common (1st Year),1
2033150,Soumya Kashyap,B.Tech,Common (1st Year),1
2033151,Aryan Thapliyal,B.Tech,Common (1st Year),1
2033152,Sakshi Dimri,B.Tech,Common (1st Year),1
2033153,Sakshi Lal,B.Tech,Common (1st Year),1
2033154,Vinay Kapoor,B.Tech,Common (1st Year),1
2033155,Ananya Pant,B.Tech,Common (1st Year),1
2033156,Deepika Kimothi,B.Tech,Common (1st Year),1
2033157,Manish Chamoli,B.Tech,Common (1st Year),1
2033158,Vikram Rajput,B.Tech,Common (1st Year),1
2033159,Ramya Maurya,B.Tech,Common (1st Year),1
2033160,Suhani Sharma,B.Tech,Common (1st Year),1
2033161,Ishita Rathi,B.Tech,Common (1st Year),1
2033162,Yashika Pathak,B.Tech,Common (1st Year),1
2033163,Karan Garg,B.Tech,Common (1st Year),1
2033164,Nitin Kimothi,B.Tech,Common (1st Year),1
2033165,Yamini Rawal,B.Tech,Common (1st Year),1
2033166,Shagun Panwar,B.Tech,Common (1st Year),1
2033167,Vivek Tiwari,B.Tech,Common (1st Year),1
2033168,Yuvraj Pant,B.Tech,Common (1st Year),1
2033169,Kartik Rastogi,B.Tech,Common (1st Year),1
2033170,Apoorva Dobhal,B.Tech,Common (1st Year),1
2033171,Riya Mahajan,B.Tech,Common (1st Year),1
2033172,Meera Barthwal,B.Tech,Common (1st Year),1
2033173,Saurabh Khurana,B.Tech,Common (1st Year),1
2033174,Ashutosh Chamoli,B.Tech,Common (1st Year),1
2033175,Aarav Agarwal,B.Tech,Common (1st Year),1
2033176,Sahil Anand,B.Tech,Common (1st Year),1
2033177,Neha Pathak,B.Tech,Common (1st Year),1
2033178,Prachi Pant,B.Tech,Common (1st Year),1
2033179,Tripti Bhandari,B.Tech,Common (1st Year),1
2033181,Sanchi Pundir,B.Tech,Common (1st Year),1
2033182,Hemant Gusain,B.Tech,Common (1st Year),1
2033183,Siddharth Bajaj,B.Tech,Common (1st Year),1
2033184,Dhruv Pundir,B.Tech,Common (1st Year),1
2033185,Riya Bajaj,B.Tech,Common (1st Year),1
2033186,Parth Nainwal,B.Tech,Common (1st Year),1
2033187,Prachi Agarwal,B.Tech,Common (1st Year),1
2033188,Aman Rana,B.Tech,Common (1st Year),1
2033189,Jaya Negi,B.Tech,Common (1st Year),1
2033190,Soumya Dimri,B.Tech,Common (1st Year),1
2033191,Nandini Bansal,B.Tech,Common (1st Year),1
2033192,Vaishnavi Negi,B.Tech,Common (1st Year),1
2033193,Yash Patel,B.Tech,Common (1st Year),1
2033194,Yash Jain,B.Tech,Common (1st Year),1
2033195,Tushar Pant,B.Tech,Common (1st Year),1
2033196,Rohan Saini,B.Tech,Common (1st Year),1
2033197,Sanket Maurya,B.Tech,Common (1st Year),1
2033198,Deepak Dimri,B.Tech,Common (1st Year),1
2033199,Saurabh Kukreti,B.Tech,Common (1st Year),1
2033200,Uday Patel,B.Tech,Common (1st Year),1
2033202,Nitin Semwal,B.Tech,Common (1st Year),1
2033203,Shagun Parmar,B.Tech,Common (1st Year),1
2033204,Ashutosh Bhatt,B.Tech,Common (1st Year),1
2033205,Samarth Joshi,B.Tech,Common (1st Year),1
2033206,Nandini Sinha,B.Tech,Common (1st Year),1
2033207,Sumit Garg,B.Tech,Common (1st Year),1
2033208,Ruchi Rana,B.Tech,Common (1st Year),1
2033209,Nitin Pant,B.Tech,Common (1st Year),1
2033210,Nisha Srivastava,B.Tech,Common (1st Year),1
2033211,Priya Rastogi,B.Tech,Common (1st Year),1
2033212,Samarth Tandon,B.Tech,Common (1st Year),1
2033213,Rakesh Mehta,B.Tech,Common (1st Year),1
2033214,Vivek Pokhriyal,B.Tech,Common (1st Year),1
2033215,Harshita Kimothi,B.Tech,Common (1st Year),1
2033216,Zoya Srivastava,B.Tech,Common (1st Year),1
2033217,Nisha Joshi,B.Tech,Common (1st Year),1
2033218,Ajay Dobhal,B.Tech,Common (1st Year),1
2033219,Yogesh Maithani,B.Tech,Common (1st Year),1
2033220,Kajal Arora,B.Tech,Common (1st Year),1
2033221,Alok Garg,B.Tech,Common (1st Year),1
2033222,Ishita Chaudhary,B.Tech,Common (1st Year),1
2033223,Anushka Chauhan,B.Tech,Common (1st Year),1
2033224,Sachin Maurya,B.Tech,Common (1st Year),1
2033241,Shagun Badoni,B.Tech,Common (1st Year),1
2033242,Charvi Maurya,B.Tech,Common (1st Year),1
2033243,Harshita Panwar,B.Tech,Common (1st Year),1
2033244,Rohit Bijalwan,B.Tech,Common (1st Year),1
2033245,Muskan Garg,B.Tech,Common (1st Year),1
2033246,Kunal Pandey,B.Tech,Common (1st Year),1
2033247,Disha Sood,B.Tech,Common (1st Year),1
2033248,Vikram Bhandula,B.Tech,Common (1st Year),1
2033249,Meera Negi,B.Tech,Common (1st Year),1
2033250,Deepika Pant,B.Tech,Common (1st Year),1
2033251,Alok Soni,B.Tech,Common (1st Year),1
2033252,Gayatri Pandey,B.Tech,Common (1st Year),1
2033253,Vansh Agarwal,B.Tech,Common (1st Year),1
2033254,Gaurav Rawat,B.Tech,Common (1st Year),1
2033255,Vaibhav Nagi,B.Tech,Common (1st Year),1
2033256,Yashika Gaur,B.Tech,Common (1st Year),1
2033257,Kunal Chauhan,B.Tech,Common (1st Year),1
2033259,Surbhi Sinha,B.Tech,Common (1st Year),1
2033260,Sanjana Rastogi,B.Tech,Common (1st Year),1
2033261,Aman Dabral,B.Tech,Common (1st Year),1
2033262,Keshav Sharma,B.Tech,Common (1st Year),1
2033263,Yuvraj Garg,B.Tech,Common (1st Year),1
2033264,Mayank Mittal,B.Tech,Common (1st Year),1
2033265,Arjun Parmar,B.Tech,Common (1st Year),1
2033266,Sachin Pandey,B.Tech,Common (1st Year),1
2033267,Ashutosh Gupta,B.Tech,Common (1st Year),1
2033268,Ananya Rastogi,B.Tech,Common (1st Year),1
2033269,Yash Gupta,B.Tech,Common (1st Year),1
2033270,Sanket Mittal,B.Tech,Common (1st Year),1
2033271,Anushka Goel,B.Tech,Common (1st Year),1
2033272,Rohit Srivastava,B.Tech,Common (1st Year),1
2033273,Ajay Kandpal,B.Tech,Common (1st Year),1
2033274,Dev Mehra,B.Tech,Common (1st Year),1
2033275,Manish Basu,B.Tech,Common (1st Year),1
2033276,Raj Bhandari,B.Tech,Common (1st Year),1
2033277,Prachi Sati,B.Tech,Common (1st Year),1
2033278,Prachi Oberoi,B.Tech,Common (1st Year),1
2033279,Aditi Rawat,B.Tech,Common (1st Year),1
2033280,Ashutosh Raturi,B.Tech,Common (1st Year),1
2033281,Rajat Kashyap,B.Tech,Common (1st Year),1
2033282,Ishaan Kandpal,B.Tech,Common (1st Year),1
2033283,Sagar Khurana,B.Tech,Common (1st Year),1
2033284,Meera Goel,B.Tech,Common (1st Year),1
2033285,Hemant Soni,B.Tech,Common (1st Year),1
2033286,Chaitanya Walia,B.Tech,Common (1st Year),1
2033287,Samarth Rathi,B.Tech,Common (1st Year),1
2033288,Yamini Khanduri,B.Tech,Common (1st Year),1
2033289,Bhumika Dangwal,B.Tech,Common (1st Year),1
2033291,Dhruv Patel,B.Tech,Common (1st Year),1
2033292,Kavya Rajput,B.Tech,Common (1st Year),1
2033293,Ravi Arora,B.Tech,Common (1st Year),1
2033294,Ananya Negi,B.Tech,Common (1st Year),1
2033311,Apoorva Dimri,B.Tech,Common (1st Year),1
2033312,Anushka Walia,B.Tech,Common (1st Year),1
2033313,Vinay Bisht,B.Tech,Common (1st Year),1
2033314,Yashika Sharma,B.Tech,Common (1st Year),1
2033315,Hemant Rawat,B.Tech,Common (1st Year),1
2033316,Vandana Pundir,B.Tech,Common (1st Year),1
2033317,Nitin Aggarwal,B.Tech,Common (1st Year),1
2033318,Harsh Kumar,B.Tech,Common (1st Year),1
2033319,Bhumika Chopra,B.Tech,Common (1st Year),1
2033320,Arpit Anand,B.Tech,Common (1st Year),1
2033321,Madhav Mahajan,B.Tech,Common (1st Year),1
2033322,Vansh Jain,B.Tech,Common (1st Year),1
2033323,Ashish Chauhan,B.Tech,Common (1st Year),1
2033324,Shubham Verma,B.Tech,Common (1st Year),1
2033325,Radhika Patel,B.Tech,Common (1st Year),1
2033326,Divya Badoni,B.Tech,Common (1st Year),1
2033327,Nitin Nanda,B.Tech,Common (1st Year),1
2033341,Aryan Jain,B.Tech,Common (1st Year),1
2033342,Rohit Kothari,B.Tech,Common (1st Year),1
2033343,Kamal Jain,B.Tech,Common (1st Year),1
2033344,Manav Raturi,B.Tech,Common (1st Year),1
2033345,Preeti Garg,B.Tech,Common (1st Year),1
2033347,Ishita Mahajan,B.Tech,Common (1st Year),1
2033348,Shubham Maithani,B.Tech,Common (1st Year),1
2033349,Dev Verma,B.Tech,Common (1st Year),1
2033350,Kartik Juyal,B.Tech,Common (1st Year),1
2033351,Vidhi Tandon,B.Tech,Common (1st Year),1
2033352,Alok Trivedi,B.Tech,Common (1st Year),1
2033353,Samarth Thapliyal,B.Tech,Common (1st Year),1
2033354,Bhumika Kothari,B.Tech,Common (1st Year),1
2033356,Priyanka Bahuguna,B.Tech,Common (1st Year),1
2033357,Sagar Kashyap,B.Tech,Common (1st Year),1
2033371,Ansh Mahajan,B.Tech,Common (1st Year),1
2033372,Rahul Vats,B.Tech,Common (1st Year),1
2033373,Uday Gusain,B.Tech,Common (1st Year),1
2033374,Rohan Mahajan,B.Tech,Common (1st Year),1
2033375,Laksh Pathak,B.Tech,Common (1st Year),1
2033376,Sagar Nainwal,B.Tech,Common (1st Year),1
2033377,Hemant Rajput,B.Tech,Common (1st Year),1
2033378,Anmol Goswami,B.Tech,Common (1st Year),1
2033379,Omkar Arora,B.Tech,Common (1st Year),1
2033380,Simran Mittal,B.Tech,Common (1st Year),1
2033381,Akanksha Arora,B.Tech,Common (1st Year),1
2033382,Neha Rawal,B.Tech,Common (1st Year),1
2033383,Vipul Mittal,B.Tech,Common (1st Year),1
2033384,Aishwarya Thapliyal,B.Tech,Common (1st Year),1
2033385,Pooja Kandpal,B.Tech,Common (1st Year),1
2033386,Ankit Nagi,B.Tech,Common (1st Year),1
2033387,Madhav Gusain,B.Tech,Common (1st Year),1
2033388,Akshay Rautela,B.Tech,Common (1st Year),1
2033389,Saloni Oberoi,B.Tech,Common (1st Year),1
2033390,Kriti Rathi,B.Tech,Common (1st Year),1
2033391,Manish Sati,B.Tech,Common (1st Year),1
2033392,Pranav Jain,B.Tech,Common (1st Year),1
2033393,Aryan Khanduri,B.Tech,Common (1st Year),1
2033394,Ankita Badoni,B.Tech,Common (1st Year),1
2033395,Preeti Rawat,B.Tech,Common (1st Year),1
2033396,Anjali Chamoli,B.Tech,Common (1st Year),1
2033397,Kartik Yadav,B.Tech,Common (1st Year),1
2033399,Saurabh Kapoor,B.Tech,Common (1st Year),1
2033400,Pooja Walia,B.Tech,Common (1st Year),1
2033401,Karan Nautiyal,B.Tech,Common (1st Year),1
2033402,Anushka Sethi,B.Tech,Common (1st Year),1
2033403,Samarth Thakur,B.Tech,Common (1st Year),1
2033404,Khushi Pathak,B.Tech,Common (1st Year),1
2033405,Sahil Barthwal,B.Tech,Common (1st Year),1
2033406,Kajal Panwar,B.Tech,Common (1st Year),1
2033407,Raghav Kumar,B.Tech,Common (1st Year),1
2033408,Sahil Parmar,B.Tech,Common (1st Year),1
2033409,Arnav Verma,B.Tech,Common (1st Year),1
2033410,Nandini Semwal,B.Tech,Common (1st Year),1
2033411,Garima Raturi,B.Tech,Common (1st Year),1
2033412,Manav Gusain,B.Tech,Common (1st Year),1
2033413,Rahul Goel,B.Tech,Common (1st Year),1
2033414,Charvi Badoni,B.Tech,Common (1st Year),1
2033415,Pooja Mahajan,B.Tech,Common (1st Year),1
2033416,Mahima Walia,B.Tech,Common (1st Year),1
2033417,Shalini Dhiman,B.Tech,Common (1st Year),1
2033418,Anushka Gaur,B.Tech,Common (1st Year),1
2033419,Vedant Maithani,B.Tech,Common (1st Year),1
2033420,Gautam Barthwal,B.Tech,Common (1st Year),1
2033421,Keshav Oberoi,B.Tech,Common (1st Year),1
2033422,Yuvraj Dabral,B.Tech,Common (1st Year),1
2033423,Sanchi Anand,B.Tech,Common (1st Year),1
2033424,Rahul Khurana,B.Tech,Common (1st Year),1
2033425,Naveen Sethi,B.Tech,Common (1st Year),1
2033441,Manish Kapoor,B.Tech,Common (1st Year),1
2033442,Gunjan Mishra,B.Tech,Common (1st Year),1
2033443,Parth Verma,B.Tech,Common (1st Year),1
2033444,Deepika Rautela,B.Tech,Common (1st Year),1
2033445,Mehak Raturi,B.Tech,Common (1st Year),1
2033446,Ayush Rajput,B.Tech,Common (1st Year),1
2033447,Arjun Jain,B.Tech,Common (1st Year),1
2033448,Anchal Lal,B.Tech,Common (1st Year),1
2033449,Bhumika Nagi,B.Tech,Common (1st Year),1
2033450,Meera Bhardwaj,B.Tech,Common (1st Year),1
2033451,Payal Joshi,B.Tech,Common (1st Year),1
2033452,Hemant Maithani,B.Tech,Common (1st Year),1
2033453,Ayush Yadav,B.Tech,Common (1st Year),1
2033454,Pulkit Parmar,B.Tech,Common (1st Year),1
2033455,Rahul Srivastava,B.Tech,Common (1st Year),1
2033456,Lavanya Dangwal,B.Tech,Common (1st Year),1
2033457,Sandeep Bahuguna,B.Tech,Common (1st Year),1
2033458,Ishaan Raturi,B.Tech,Common (1st Year),1
2033459,Karan Saxena,B.Tech,Common (1st Year),1
2033460,Shivani Chaudhary,B.Tech,Common (1st Year),1
2033461,Udit Maurya,B.Tech,Common (1st Year),1
2033462,Kabir Bhandula,B.Tech,Common (1st Year),1
2033463,Rudra Verma,B.Tech,Common (1st Year),1
2033464,Gaurav Pundir,B.Tech,Common (1st Year),1
2033465,Himanshu Goel,B.Tech,Common (1st Year),1
2033466,Harsh Bansal,B.Tech,Common (1st Year),1
2033467,Arnav Jain,B.Tech,Common (1st Year),1
2033468,Udit Dangwal,B.Tech,Common (1st Year),1
2033469,Siddharth Sethi,B.Tech,Common (1st Year),1
2033471,Vaishnavi Nagi,B.Tech,Common (1st Year),1
2033472,Divya Trivedi,B.Tech,Common (1st Year),1
2033473,Vikram Juyal,B.Tech,Common (1st Year),1
2033474,Mayank Bhandula,B.Tech,Common (1st Year),1
2033475,Kartik Bijalwan,B.Tech,Common (1st Year),1
2033476,Akshay Garg,B.Tech,Common (1st Year),1
2033477,Aditi Dobhal,B.Tech,Common (1st Year),1
2033478,Ira Bhandula,B.Tech,Common (1st Year),1
2033479,Rakesh Malhotra,B.Tech,Common (1st Year),1
2033481,Rohan Rawat,B.Tech,Common (1st Year),1
2033482,Nikhil Trivedi,B.Tech,Common (1st Year),1
2033483,Shagun Lal,B.Tech,Common (1st Year),1
2033484,Kartik Bhardwaj,B.Tech,Common (1st Year),1
2033485,Shagun Nagi,B.Tech,Common (1st Year),1
2033486,Ankit Badoni,B.Tech,Common (1st Year),1
2033487,Jatin Lal,B.Tech,Common (1st Year),1
2033488,Amisha Maurya,B.Tech,Common (1st Year),1
2033489,Shruti Vats,B.Tech,Common (1st Year),1
2033490,Sahil Tandon,B.Tech,Common (1st Year),1
2033491,Lakshya Khurana,B.Tech,Common (1st Year),1
2033492,Dhruv Rawat,B.Tech,Common (1st Year),1
2033493,Naveen Dangwal,B.Tech,Common (1st Year),1
2033494,Ruchi Bhardwaj,B.Tech,Common (1st Year),1
2033495,Anjali Chauhan,B.Tech,Common (1st Year),1
2033496,Keshav Tripathi,B.Tech,Common (1st Year),1
2033497,Saloni Juyal,B.Tech,Common (1st Year),1
2033498,Saloni Arora,B.Tech,Common (1st Year),1
2033499,Anmol Mishra,B.Tech,Common (1st Year),1
2033500,Ankit Shukla,B.Tech,Common (1st Year),1
2033501,Varun Sinha,B.Tech,Common (1st Year),1
2033502,Shreya Rana,B.Tech,Common (1st Year),1
2033503,Siddharth Pathak,B.Tech,Common (1st Year),1
2033504,Lavanya Saini,B.Tech,Common (1st Year),1
2033511,Omkar Lal,B.Tech,Common (1st Year),1
2033512,Arjun Dhiman,B.Tech,Common (1st Year),1
2033513,Nitin Sinha,B.Tech,Common (1st Year),1
2033514,Simran Pant,B.Tech,Common (1st Year),1
2033515,Ansh Thakur,B.Tech,Common (1st Year),1
2033516,Aditi Gusain,B.Tech,Common (1st Year),1
2033531,Mohit Negi,B.Tech,Common (1st Year),1
2033532,Anuj Pandey,B.Tech,Common (1st Year),1
2033533,Garima Jain,B.Tech,Common (1st Year),1
2033534,Nisha Bajaj,B.Tech,Common (1st Year),1
2033535,Rajat Thakur,B.Tech,Common (1st Year),1
2033536,Vinay Joshi,B.Tech,Common (1st Year),1
2033537,Siddharth Joshi,B.Tech,Common (1st Year),1
2033538,Sachin Uniyal,B.Tech,Common (1st Year),1
2033539,Aditi Kimothi,B.Tech,Common (1st Year),1
2033540,Sumit Chauhan,B.Tech,Common (1st Year),1
2033541,Deepak Uniyal,B.Tech,Common (1st Year),1
2033542,Sumit Trivedi,B.Tech,Common (1st Year),1
2033543,Anshika Pathak,B.Tech,Common (1st Year),1
2033544,Sara Aggarwal,B.Tech,Common (1st Year),1
2033545,Mansi Chopra,B.Tech,Common (1st Year),1
2033546,Aditya Parmar,B.Tech,Common (1st Year),1
2033547,Ajay Mehta,B.Tech,Common (1st Year),1
2033548,Aman Trivedi,B.Tech,Common (1st Year),1
2033549,Preeti Semwal,B.Tech,Common (1st Year),1
2033550,Harsh Soni,B.Tech,Common (1st Year),1
2033551,Jaya Tiwari,B.Tech,Common (1st Year),1
2033552,Anjali Rathi,B.Tech,Common (1st Year),1
2033553,Akanksha Chaudhary,B.Tech,Common (1st Year),1
2033554,Garima Dabral,B.Tech,Common (1st Year),1
2033555,Ishita Soni,B.Tech,Common (1st Year),1
2033556,Nitin Juyal,B.Tech,Common (1st Year),1
2033557,Yogesh Trivedi,B.Tech,Common (1st Year),1
2033558,Mohit Chauhan,B.Tech,Common (1st Year),1
2033559,Ajay Bahuguna,B.Tech,Common (1st Year),1
2033560,Nandini Tripathi,B.Tech,Common (1st Year),1
2033561,Eshaan Rawat,B.Tech,Common (1st Year),1
2033562,Surbhi Nainwal,B.Tech,Common (1st Year),1
2033601,Tripti Bhatt,B.Tech,Common (1st Year),1
2033602,Mayank Chaudhary,B.Tech,Common (1st Year),1
2033603,Gayatri Rana,B.Tech,Common (1st Year),1
2033604,Harshita Maithani,B.Tech,Common (1st Year),1
2033605,Meera Tripathi,B.Tech,Common (1st Year),1
2033606,Priya Garg,B.Tech,Common (1st Year),1
2033607,Shalini Nagi,B.Tech,Common (1st Year),1
2033608,Aditi Maithani,B.Tech,Common (1st Year),1
2033609,Sachin Pokhriyal,B.Tech,Common (1st Year),1
2033611,Saloni Sati,B.Tech,Common (1st Year),1
2033612,Laksh Tandon,B.Tech,Common (1st Year),1
2033613,Sanchi Sood,B.Tech,Common (1st Year),1
2033622,Yuvraj Goswami,B.Tech,Common (1st Year),1
2033623,Akshay Parmar,B.Tech,Common (1st Year),1
2033624,Mohit Rastogi,B.Tech,Common (1st Year),1
2033625,Vansh Tomar,B.Tech,Common (1st Year),1
2033626,Manish Kimothi,B.Tech,Common (1st Year),1
2033627,Ankita Bhatt,B.Tech,Common (1st Year),1
2033628,Akanksha Walia,B.Tech,Common (1st Year),1
2033629,Saloni Mittal,B.Tech,Common (1st Year),1
2033630,Arnav Dhiman,B.Tech,Common (1st Year),1
2033631,Akanksha Bisht,B.Tech,Common (1st Year),1
2033632,Vaibhav Basu,B.Tech,Common (1st Year),1
2033633,Mansi Bisht,B.Tech,Common (1st Year),1
2033634,Meera Kumar,B.Tech,Common (1st Year),1
2033635,Ankita Kothari,B.Tech,Common (1st Year),1
2033636,Sagar Mehra,B.Tech,Common (1st Year),1
2033637,Sonal Mehta,B.Tech,Common (1st Year),1
2033638,Gautam Goel,B.Tech,Common (1st Year),1
2033639,Mahima Sharma,B.Tech,Common (1st Year),1
2033640,Udit Uniyal,B.Tech,Common (1st Year),1
2033641,Hardik Bijalwan,B.Tech,Common (1st Year),1
2033642,Tanvi Nainwal,B.Tech,ECE,1
2033643,Gautam Nagi,B.Tech,ECE,1
2033644,Arjun Chopra,B.Tech,ECE,1
2033645,Sumit Anand,B.Tech,ECE,1
2033646,Navya Saxena,B.Tech,ECE,1
2033647,Ishita Dangwal,B.Tech,ECE,1
2033648,Ajay Bhatt,B.Tech,ECE,1
2033649,Deepak Dubey,B.Tech,ECE,1
2033650,Vaibhav Tiwari,B.Tech,ECE,1
2033651,Diksha Mehra,B.Tech,ECE,1
2033652,Alok Panwar,B.Tech,ECE,1
2033653,Omkar Semwal,B.Tech,ECE,1
2033654,Mohit Aggarwal,B.Tech,ECE,1
2033655,Rudra Chauhan,B.Tech,ECE,1
2033656,Tushar Yadav,B.Tech,ECE,1
2033657,Kabir Lal,B.Tech,ECE,1
2033658,Akanksha Shukla,B.Tech,ECE,1
2033659,Shivam Nagi,B.Tech,ECE,1
2033660,Sumit Pandey,B.Tech,ECE,1
2033661,Sanket Sinha,B.Tech,ECE,1
2033662,Sanjana Saxena,B.Tech,ECE,1
2033663,Vikram Khanduri,B.Tech,ECE,1
2033664,Soumya Juyal,B.Tech,ECE,1
2033665,Diksha Barthwal,B.Tech,ECE,1
2033666,Gaurav Bhandari,B.Tech,ECE,1
2033667,Gunjan Bhardwaj,B.Tech,ECE,3
2033668,Shreya Tripathi,B.Tech,ECE,1
2033669,Mehak Nanda,B.Tech,ECE,1
2033670,Arjun Nagi,B.Tech,ECE,1
2033671,Himanshu Mahajan,B.Tech,ECE,1
2033672,Harsh Rathi,B.Tech,ECE,1
2033673,Sachin Dubey,B.Tech,ECE,1
2033674,Shagun Bisht,B.Tech,ECE,1
2033675,Naman Bansal,B.Tech,ECE,1
2033676,Yuvraj Rawal,B.Tech,ECE,1
2033677,Sanya Tripathi,B.Tech,ECE,1
2033678,Mohit Rautela,B.Tech,ECE,1
2033679,Vedant Kothari,B.Tech,ECE,1
2033680,Manish Walia,B.Tech,ECE,1
2033681,Aman Dubey,B.Tech,ECE,1
2033691,Nisha Tripathi,B.Tech,ECE,1
2033692,Ira Kothari,B.Tech,ECE,1
2033694,Nitin Raturi,B.Tech,Common (1st Year),1
2033695,Ayush Rautela,B.Tech,Common (1st Year),1
2033696,Sanya Kukreti,B.Tech,Common (1st Year),1
2033697,Preeti Vats,B.Tech,Common (1st Year),1
2033698,Gunjan Kapoor,B.Tech,Common (1st Year),1
2033699,Vishal Bhardwaj,B.Tech,Common (1st Year),1
2033700,Ishaan Bhardwaj,B.Tech,Common (1st Year),1
2033701,Deepak Mishra,B.Tech,Common (1st Year),1
2033702,Shagun Dimri,B.Tech,Common (1st Year),1
2033703,Priyanka Khanduri,B.Tech,Common (1st Year),1
2033704,Shivam Nainwal,B.Tech,Common (1st Year),1
2033705,Meera Rana,B.Tech,Common (1st Year),1
2033707,Mahima Bajaj,B.Tech,Common (1st Year),1
2033721,Riya Tripathi,B.Tech,Common (1st Year),1
2033722,Devansh Pathak,B.Tech,Common (1st Year),1
2033723,Varun Mehta,B.Tech,Common (1st Year),1
2033724,Varun Rastogi,B.Tech,Common (1st Year),1
2033725,Sahil Khanduri,B.Tech,Common (1st Year),1
2033726,Dev Kandpal,B.Tech,Common (1st Year),1
2033727,Eshaan Sati,B.Tech,Common (1st Year),1
2033728,Riya Kashyap,B.Tech,Common (1st Year),1
2033729,Aarav Joshi,B.Tech,Common (1st Year),1
2033730,Tanvi Bisht,B.Tech,Common (1st Year),1
2033731,Vedant Dangwal,B.Tech,Common (1st Year),1
2033732,Shalini Bhandula,B.Tech,Common (1st Year),1
2033734,Udit Bhandari,B.Tech,Common (1st Year),1
2033736,Kartik Chaudhary,BBA,General,1
2033737,Srishti Barthwal,B.Tech,Common (1st Year),1
2033738,Akash Khanduri,B.Tech,Common (1st Year),1
2033739,Sanjana Malhotra,B.Tech,Common (1st Year),1
2033740,Ajay Pokhriyal,B.Tech,Common (1st Year),1
2033741,Soumya Rastogi,B.Tech,Common (1st Year),1
2033742,Nisha Mahajan,B.Tech,Common (1st Year),1
2033743,Ajay Thakur,B.Tech,Common (1st Year),1
2033744,Sneha Tomar,B.Tech,Common (1st Year),1
2033745,Sonal Shukla,B.Tech,Common (1st Year),1
2033746,Riya Kandpal,B.Tech,Common (1st Year),1
2033747,Anuj Anand,B.Tech,Common (1st Year),1
2033748,Sakshi Bahuguna,B.Tech,Common (1st Year),1
2033749,Dev Saini,B.Tech,Common (1st Year),1
2033750,Priyanka Mishra,B.Tech,Common (1st Year),1
2033751,Yamini Juyal,B.Tech,Common (1st Year),1
2033752,Anmol Lal,B.Tech,Common (1st Year),1
2033753,Rohit Chopra,B.Tech,Common (1st Year),1
2033754,Rakesh Khurana,B.Tech,Common (1st Year),1
2033755,Suhani Mehra,B.Tech,Common (1st Year),1
2033756,Priyanka Walia,B.Tech,Common (1st Year),1
2033757,Tripti Rathi,B.Tech,Common (1st Year),1
2033758,Pulkit Sharma,B.Tech,Common (1st Year),1
2033759,Diksha Srivastava,B.Tech,Common (1st Year),1
2033760,Sahil Walia,B.Tech,Common (1st Year),1
2033761,Prateek Srivastava,B.Tech,Common (1st Year),1
2033762,Navya Khurana,B.Tech,Common (1st Year),1
2033781,Shivam Tripathi,B.Tech,Common (1st Year),1
2033782,Ananya Kukreti,B.Tech,Common (1st Year),1
2033783,Yashika Khanduri,B.Tech,Common (1st Year),1
2033784,Khushi Srivastava,B.Tech,Common (1st Year),1
2033785,Sneha Goswami,B.Tech,Common (1st Year),1
2033786,Mahima Gaur,B.Tech,Common (1st Year),1
2033787,Chaitanya Rastogi,B.Tech,Common (1st Year),1
2033788,Anchal Sinha,B.Tech,Common (1st Year),1
2033789,Navya Panwar,B.Tech,Common (1st Year),1
2033790,Jaya Lal,B.Tech,Common (1st Year),1
2033791,Himanshu Kukreti,B.Tech,Common (1st Year),1
2033792,Vipul Parmar,B.Tech,Common (1st Year),1
2033793,Srishti Dhiman,B.Tech,Common (1st Year),1
2033794,Soumya Lal,B.Tech,Common (1st Year),1
2033795,Shagun Negi,B.Tech,Common (1st Year),1
2033796,Sakshi Chopra,B.Tech,Common (1st Year),1
2033797,Divya Gaur,B.Tech,Common (1st Year),1
2033798,Khushi Vats,B.Tech,Common (1st Year),1
2033799,Mehak Trivedi,B.Tech,Common (1st Year),1
2033800,Nidhi Saini,B.Tech,Common (1st Year),1
2033801,Mehak Tomar,B.Tech,Common (1st Year),1
2033802,Sara Uniyal,B.Tech,Common (1st Year),1
2033803,Rahul Arora,B.Tech,Common (1st Year),1
2033804,Pallavi Rawat,B.Tech,Common (1st Year),1
2033805,Yashika Joshi,B.Tech,Common (1st Year),1
2033806,Rajat Chopra,B.Tech,Common (1st Year),1
2033807,Pranav Gupta,B.Tech,Common (1st Year),1
2033808,Komal Mehta,B.Tech,Common (1st Year),1
2033809,Priya Walia,B.Tech,Common (1st Year),1
2033810,Hardik Bahuguna,B.Tech,Common (1st Year),1
2033811,Kabir Maithani,B.Tech,Common (1st Year),1
2033812,Kajal Bajaj,B.Tech,Common (1st Year),1
2033813,Akash Nautiyal,B.Tech,Common (1st Year),1
2033814,Anshika Bhatt,B.Tech,Common (1st Year),1
2033815,Rahul Lal,B.Tech,Common (1st Year),1
2033816,Vandana Bijalwan,B.Tech,Common (1st Year),1
2102672,Pallavi Nanda,BCA,General,6
2102876,Saurabh Bhardwaj,BCA,General,6
2103241,Sanket Thakur,BCA,General,6
2103302,Diksha Sinha,BCA,General,6
2103303,Surbhi Pant,BCA,General,6
2103304,Vishal Badoni,BCA,General,6
2103305,Harshita Singh,BCA,General,6
2103306,Manav Kashyap,BCA,General,6
2103309,Ashish Kashyap,BCA,General,6
2103310,Sandeep Barthwal,BCA,General,6
2103311,Jiya Chopra,BCA,General,6
2103312,Gunjan Saini,BCA,General,6
2103314,Vipul Bahuguna,BCA,General,6
2103315,Rudra Dhiman,BCA,General,6
2103316,Akanksha Rajput,BCA,General,6
2103318,Sanket Verma,BCA,General,6
2103319,Archit Maithani,BCA,General,6
2103320,Sanchi Goswami,BCA,General,6
2103321,Anushka Mahajan,BCA,General,6
2103323,Pulkit Sinha,BCA,General,6
2103324,Deepak Agarwal,BCA,General,6
2103328,Riya Nainwal,BCA,General,6
2103329,Nikhil Nainwal,BCA,General,6
2103331,Siddharth Sood,BCA,General,6
2103332,Chetan Goel,BCA,General,6
2103333,Shagun Bajaj,BCA,General,6
2103334,Deepak Tiwari,BCA,AI & DS,6
2103335,Raghav Lal,BCA,General,6
2103336,Anjali Sinha,BCA,General,6
2103337,Arnav Tripathi,BCA,General,6
2103338,Samarth Bahuguna,BCA,General,6
2103339,Kartik Singh,BCA,General,6
2103340,Karan Nainwal,BCA,General,6
2103341,Sandeep Sethi,BCA,General,6
2103342,Shivam Maurya,BCA,General,6
2103344,Mohit Dabral,BCA,AI & DS,6
2103345,Tushar Tomar,BCA,General,6
2103346,Eshaan Mishra,BCA,General,6
2103349,Sanchi Thapliyal,BCA,General,6
2103350,Shivani Bijalwan,BCA,General,6
2103351,Harshita Nanda,BCA,General,6
2103354,Ashish Rajput,BCA,General,6
2103355,Yogesh Walia,BCA,General,6
2103356,Kabir Raturi,BCA,General,6
2103357,Uday Mehra,BCA,General,6
2103359,Akanksha Rawat,BCA,General,6
2103361,Vikas Kashyap,BCA,General,6
2103363,Mehak Tiwari,BCA,General,6
2103364,Kamal Nainwal,BCA,General,5
2103365,Priyanka Gusain,BCA,AI & DS,6
2103366,Vipul Bhatt,BCA,General,6
2103369,Dhruv Pokhriyal,BCA,General,6
2103370,Vipul Jain,BCA,General,6
2103371,Sandeep Dabral,BCA,General,6
2103373,Anjali Verma,BCA,General,6
2103374,Rudra Pant,BCA,General,6
2103375,Vedant Dimri,BCA,General,6
2103376,Hemant Kumar,BCA,General,6
2103377,Kajal Rawal,BCA,General,6
2103378,Vansh Kimothi,BCA,General,6
2103379,Mahima Aggarwal,BCA,General,6
2103380,Akanksha Mishra,BCA,General,6
2103381,Charvi Malhotra,BCA,General,6
2103382,Preeti Gupta,BCA,General,6
2103383,Karan Pokhriyal,BCA,General,6
2103386,Priyanka Vats,BCA,General,6
2103387,Parth Khanduri,BCA,General,6
2103391,Mahima Nanda,BCA,General,6
2103392,Akanksha Rana,BCA,General,6
2103393,Sanya Trivedi,BCA,General,6
2103394,Anchal Kandpal,BCA,General,6
2103395,Radhika Badoni,BCA,General,6
2103396,Abhay Gupta,BCA,General,6
2103397,Devansh Agarwal,BCA,General,6
2103398,Samarth Sinha,BCA,General,6
2103399,Chetan Yadav,BCA,General,6
2103400,Anshika Kandpal,BCA,General,6
2103401,Akash Vats,BCA,General,6
2103402,Rohan Shukla,BCA,General,6
2103403,Kartik Pant,BCA,General,6
2103404,Tanvi Rana,BCA,General,6
2103405,Devansh Malhotra,BCA,General,6
2103407,Harsh Chamoli,BCA,General,6
2103409,Ojas Saini,BCA,General,6
2103410,Vipul Rastogi,BCA,General,6
2103411,Ravi Kandpal,BCA,General,6
2103412,Surbhi Rathi,BCA,General,6
2103413,Tanishq Khurana,BCA,General,6
2103414,Shubham Bansal,BCA,General,6
2103415,Samarth Rajput,BCA,General,6
2103416,Deepika Gupta,BCA,General,6
2103417,Chaitanya Barthwal,BCA,General,6
2103418,Pooja Kukreti,BCA,General,6
2103419,Kavya Goswami,BCA,General,6
2103420,Shagun Mahajan,BCA,General,6
2103421,Udit Basu,BCA,General,6
2103422,Mohit Bajaj,BCA,AI & DS,6
2103423,Vandana Gaur,BCA,General,6
2103424,Mohit Oberoi,BCA,General,6
2103425,Simran Khurana,BCA,General,6
2103426,Rajat Sharma,BCA,General,6
2103428,Riya Rastogi,BCA,General,6
2103429,Kajal Rajput,BCA,General,6
2103430,Tanvi Gupta,BCA,AI & DS,6
2103431,Amit Bhandula,BCA,General,6
2103432,Yash Pant,BCA,General,6
2103433,Gunjan Bhandula,BCA,General,6
2103434,Ayush Aggarwal,BCA,General,6
2103435,Akanksha Kashyap,BCA,General,6
2103436,Vandana Dhiman,BCA,AI & DS,5
2103437,Pallavi Bhatt,BCA,General,6
2103438,Suhani Raturi,BCA,General,6
2103439,Naman Pokhriyal,BCA,General,6
2103440,Preeti Mittal,BCA,General,6
2103441,Aarav Maithani,BCA,General,6
2103442,Nidhi Tomar,BCA,General,6
2103443,Meera Sati,BCA,General,6
2103446,Srishti Sati,BCA,General,6
2103447,Vipul Kimothi,BCA,General,6
2103448,Harshita Srivastava,BCA,General,6
2103449,Mayank Kapoor,BCA,General,6
2103450,Karan Gaur,BCA,General,6
2103451,Saloni Bhatt,BCA,General,6
2103452,Sanjana Tripathi,BCA,General,6
2103453,Abhinav Thapliyal,BCA,General,6
2103454,Nisha Rajput,BCA,General,6
2103455,Suhani Arora,BCA,General,6
2103456,Ira Mahajan,BCA,General,6
2103458,Navya Dimri,BCA,General,5
2103459,Ajay Bhandula,BCA,General,5
2103460,Ashutosh Pokhriyal,BCA,AI & DS,7
2103462,Ojas Khanduri,BCA,General,6
2103463,Ojas Badoni,BCA,General,6
2103465,Charvi Soni,BCA,General,6
2103466,Bhavya Chauhan,BCA,General,6
2103467,Anjali Badoni,BCA,General,6
2103469,Preeti Yadav,BCA,General,6
2103470,Kabir Mishra,BCA,General,6
2103471,Sarthak Kapoor,BCA,General,6
2103472,Anjali Jain,BCA,General,6
2103474,Deepika Pokhriyal,BCA,General,6
2103476,Sanya Bhatt,BCA,General,6
2103477,Dhruv Thapliyal,BCA,General,6
2103479,Rohan Pandey,BCA,General,6
2103480,Gaurav Pathak,BCA,General,6
2103481,Sneha Rautela,BCA,General,6
2103482,Ankita Mehra,BCA,General,6
2103483,Kartik Pathak,BCA,General,6
2103484,Anchal Chopra,BCA,General,6
2103485,Suhani Parmar,BCA,General,6
2103486,Naveen Rautela,BCA,General,6
2103487,Samarth Maithani,BCA,General,6
2103489,Vipul Saini,BCA,General,6
2103490,Naveen Khanduri,BCA,General,6
2103491,Rishabh Garg,BCA,General,6
2103492,Abhinav Bijalwan,BCA,General,6
2103493,Preeti Jain,BCA,General,6
2103494,Sanchi Semwal,BCA,General,6
2103495,Deepika Mehra,BCA,General,6
2103496,Vansh Garg,BCA,General,6
2103497,Siddharth Sharma,BCA,AI & DS,6
2103498,Khushi Rajput,BCA,General,6
2103500,Rohit Chamoli,BCA,General,6
2103501,Vishal Pokhriyal,BCA,General,6
2103503,Komal Kashyap,BCA,General,6
2103504,Aarav Dabral,BCA,AI & DS,6
2103505,Kamal Yadav,BCA,General,6
2103506,Sanket Sharma,BCA,General,6
2103507,Gaurav Pandey,BCA,General,6
2103509,Ashish Kothari,BCA,General,6
2103512,Aditya Jain,BCA,General,6
2103513,Apoorva Maithani,BCA,AI & DS,6
2103514,Divya Bhatt,BCA,General,6
2103515,Sanket Dubey,BCA,General,6
2103517,Vaibhav Pundir,BCA,General,6
2103518,Shivani Pathak,BCA,General,6
2103519,Akash Kapoor,BCA,General,6
2103521,Gaurav Srivastava,BCA,General,6
2103523,Eshaan Rana,BCA,General,6
2103524,Ojas Kukreti,BCA,General,6
2103525,Parth Anand,BCA,General,6
2103526,Sanket Aggarwal,BCA,General,6
2103527,Tanishq Tripathi,BCA,General,6
2103528,Mohit Dimri,BCA,General,6
2103529,Apoorva Vats,BCA,General,6
2103530,Yash Tiwari,BCA,General,6
2103531,Ankita Arora,BCA,General,6
2103532,Ishaan Lal,BCA,General,6
2103533,Dev Walia,BCA,General,6
2103534,Gaurav Sharma,BCA,General,6
2103535,Sarthak Bhardwaj,BCA,General,6
2103536,Lavanya Mehra,BCA,General,6
2103537,Sarthak Tandon,BCA,General,6
2103538,Vikas Panwar,BCA,General,6
2103539,Yash Khurana,BCA,General,6
2103540,Kamal Kandpal,BCA,General,6
2103541,Yashika Raturi,BCA,General,6
2103542,Dhruv Verma,BCA,General,6
2103543,Vansh Dabral,BCA,General,6
2103544,Disha Rathi,BCA,General,6
2103545,Sanjana Anand,BCA,General,6
2103546,Mahima Tiwari,BCA,General,6
2103547,Kajal Yadav,BCA,General,6
2103548,Kartik Kapoor,BCA,General,6
2103550,Anushka Nanda,BCA,General,6
2103551,Madhav Bhardwaj,BCA,General,6
2103552,Aditya Shukla,BCA,General,6
2103553,Jatin Barthwal,BCA,General,6
2103554,Komal Joshi,BCA,General,6
2103555,Akshay Bhandula,BCA,General,6
2103557,Anchal Goel,BCA,General,6
2103558,Vedant Pokhriyal,BCA,General,6
2103559,Himanshu Bhandula,BCA,General,6
2103560,Omkar Dobhal,BCA,General,6
2103561,Tarun Saini,BCA,General,6
2103562,Palak Saini,BCA,General,6
2103563,Hemant Agarwal,BCA,General,6
2103564,Manish Badoni,BCA,General,6
2103565,Simran Basu,BCA,General,6
2103566,Laksh Kapoor,BCA,General,6
2103567,Chaitanya Sharma,BCA,General,6
2103568,Tripti Joshi,BCA,General,6
2103569,Rajat Pathak,BCA,General,6
2103572,Nikhil Sinha,BCA,General,6
2103573,Bhavya Tandon,BCA,General,6
2103574,Bhumika Goel,BCA,General,6
2103575,Hemant Tripathi,BCA,General,6
2103576,Shruti Kukreti,BCA,General,6
2103577,Yashika Thakur,BCA,General,6
2103578,Alok Saxena,BCA,General,6
2103579,Shagun Malhotra,BCA,General,6
2103580,Yogesh Sood,BCA,General,6
2103581,Saurabh Sethi,BCA,General,6
2103582,Lakshya Soni,BCA,General,6
2103583,Alok Chamoli,BCA,General,6
2103584,Charvi Pandey,BCA,General,6
2103585,Muskan Mishra,BCA,General,6
2103586,Kamal Agarwal,BCA,General,6
2103587,Mayank Sinha,BCA,General,6
2103588,Tanvi Mehra,BCA,General,6
2103589,Aditya Pandey,BCA,General,6
2103590,Gautam Dangwal,BCA,General,4
2103591,Tripti Barthwal,BCA,General,6
2103592,Anjali Maithani,BCA,General,6
2103593,Pallavi Nagi,BCA,General,6
2103594,Arjun Thakur,BCA,General,6
2103595,Ayush Bijalwan,BCA,General,6
2103597,Vansh Tripathi,BCA,General,5
2103600,Harshita Jain,BCA,AI & DS,5
2103602,Tushar Nanda,BCA,General,6
2103603,Gayatri Gusain,BCA,General,6
2103604,Kartik Sethi,BCA,General,6
2103605,Ananya Kimothi,BCA,General,6
2103606,Rohan Mehta,BCA,General,6
2103607,Rohan Tripathi,BCA,General,6
2103609,Prachi Juyal,BCA,General,6
2103610,Chaitanya Kashyap,BCA,General,6
2103611,Soumya Barthwal,BCA,General,6
2103612,Kamal Malhotra,BCA,General,6
2103614,Sara Bisht,BCA,General,6
2103615,Yamini Verma,BCA,General,6
2103616,Palak Dabral,BCA,General,6
2103617,Priyanka Mahajan,BCA,General,6
2103618,Soumya Trivedi,BCA,General,6
2103619,Neha Gupta,BCA,AI & DS,5
2103620,Rishabh Rastogi,BCA,General,6
2103621,Gunjan Dubey,BCA,General,6
2103622,Sonal Bansal,BCA,General,6
2103623,Ansh Chopra,BCA,General,6
2103624,Palak Mishra,BCA,General,6
2103625,Kriti Bajaj,BCA,General,6
2103626,Yuvraj Anand,BCA,General,6
2103628,Vidhi Rawal,BCA,General,6
2103629,Yashika Thapliyal,BCA,General,6
2103630,Naveen Kumar,BCA,General,6
2103633,Nikhil Sethi,BCA,General,6
2103634,Naveen Bisht,BCA,General,6
2103635,Diksha Tiwari,BCA,General,6
2103639,Aishwarya Tripathi,BCA,General,6
2103641,Anushka Sood,BCA,General,6
2103642,Mayank Nagi,BCA,General,6
2103643,Diksha Thapliyal,BCA,General,6
2103644,Himanshu Dhiman,BCA,General,6
2103645,Saurabh Thapliyal,BCA,General,6
2103646,Riya Nautiyal,BCA,General,6
2103647,Palak Aggarwal,BCA,General,6
2103648,Komal Pundir,BCA,General,6
2103649,Shivani Aggarwal,BCA,General,6
2103650,Rishabh Verma,BCA,General,6
2103651,Sara Gusain,BCA,AI & DS,6
2103652,Sneha Mehra,BCA,General,6
2103653,Aarav Verma,BCA,General,6
2103655,Kartik Chauhan,BCA,General,6
2103656,Deepika Soni,BCA,General,6
2103657,Aarav Bansal,BCA,General,6
2103658,Ishita Bisht,BCA,General,6
2103659,Keshav Kumar,BCA,General,6
2103660,Dhruv Vats,BCA,General,6
2103661,Kamal Sinha,BCA,General,6
2103663,Saurabh Lal,BCA,General,6
2103664,Ankit Anand,BCA,General,6
2103665,Lavanya Pokhriyal,BCA,General,6
2103667,Mridul Walia,BCA,General,6
2103668,Payal Saini,BCA,General,6
2103669,Kunal Maurya,BCA,General,6
2103670,Chetan Saxena,BCA,General,6
2103671,Pranav Pandey,BCA,General,6
2103672,Bhavya Goel,BCA,General,6
2103673,Arpit Jain,BCA,General,6
2103674,Vishal Dabral,BCA,General,6
2103675,Deepika Uniyal,BCA,General,6
2103676,Ojas Joshi,BCA,General,6
2103677,Sahil Sharma,BCA,General,6
2103678,Manav Sati,BCA,General,6
2103679,Omkar Pokhriyal,BCA,General,6
2103682,Yuvraj Tiwari,BCA,General,6
2103684,Mahima Chauhan,BCA,General,6
2103685,Shalini Kashyap,BCA,General,6
2103686,Uday Basu,BCA,General,6
2103687,Devansh Bajaj,BCA,General,6
2103688,Rajat Kothari,BCA,General,6
2103691,Harshita Bhandari,BCA,General,6
2103692,Tanvi Bhandari,BCA,General,6
2103693,Suhani Chamoli,BCA,General,6
2103694,Sachin Chamoli,BCA,General,6
2103696,Sneha Agarwal,BCA,General,6
2103698,Vinay Rawat,BCA,General,6
2103699,Neha Mehra,BCA,General,6
2103700,Varun Srivastava,BCA,General,6
2103701,Shruti Uniyal,BCA,General,6
2103702,Nisha Goswami,BCA,General,6
2103704,Abhay Dabral,BCA,General,6
2103705,Aditi Bahuguna,BCA,General,6
2103706,Bhumika Rawal,BCA,General,6
2103707,Yash Tomar,BCA,AI & DS,6
2103708,Prachi Raturi,BCA,General,6
2103709,Ankit Oberoi,BCA,General,6
2103710,Manav Sethi,BCA,General,6
2103711,Nitin Vats,BCA,General,6
2103712,Uday Joshi,BCA,General,6
2103713,Shivani Sharma,BCA,General,6
2103714,Soumya Kumar,BCA,General,6
2103715,Gunjan Sethi,BCA,General,6
2103716,Prachi Sinha,BCA,General,6
2103717,Vinay Dobhal,BCA,General,5
2103718,Amisha Sethi,BCA,General,6
2103719,Vedant Sinha,BCA,General,6
2103720,Garima Pathak,BCA,General,6
2103722,Akanksha Chauhan,BCA,General,6
2103723,Pranav Badoni,BCA,General,6
2103724,Vaibhav Nainwal,BCA,General,6
2103726,Shalini Soni,BCA,AI & DS,7
2103727,Shivam Kothari,BCA,General,6
2103728,Pooja Pokhriyal,BCA,General,6
2103729,Vikram Goel,BCA,General,6
2103730,Anushka Kandpal,BCA,General,6
2103731,Anshika Basu,BCA,General,6
2103732,Kabir Pundir,BCA,General,6
2103733,Rajat Kukreti,BCA,General,6
2103734,Radhika Dangwal,BCA,General,6
2103735,Pranav Kandpal,BCA,AI & DS,6
2103736,Mahima Vats,BCA,General,6
2103737,Ansh Mishra,BCA,General,6
2103738,Garima Agarwal,BCA,General,6
2103739,Nisha Dubey,BCA,General,6
2103740,Abhay Tripathi,BCA,General,6
2103741,Sahil Dhiman,BCA,General,6
2103742,Yashika Lal,BCA,General,6
2103743,Ashish Rautela,BCA,General,6
2103744,Soumya Khurana,BCA,General,6
2103745,Suhani Barthwal,BCA,General,6
2103746,Himanshu Kandpal,BCA,General,6
2103747,Abhay Arora,BCA,General,6
2103748,Karan Tandon,BCA,General,6
2103749,Shivam Bhandari,BCA,General,6
2103750,Rudra Shukla,BCA,General,6
2103751,Khushi Shukla,BCA,General,6
2103752,Sara Chaudhary,BCA,General,6
2103754,Shruti Aggarwal,BCA,AI & DS,6
2103755,Laksh Bhandari,BCA,General,6
2103756,Raghav Kothari,BCA,General,6
2103757,Vandana Rana,BCA,General,6
2103759,Vandana Kapoor,BCA,General,6
2103760,Sakshi Bajaj,BCA,General,6
2103761,Vandana Lal,BCA,General,6
2103762,Riya Rathi,BCA,General,6
2103763,Tanvi Negi,BCA,General,6
2103764,Anchal Anand,BCA,General,6
2103765,Sandeep Aggarwal,BCA,General,6
2103766,Vishal Thapliyal,BCA,General,6
2103767,Deepika Rana,BCA,General,6
2103768,Arpit Nagi,BCA,General,6
2103769,Prachi Gusain,BCA,General,6
2103770,Simran Khanduri,BCA,General,6
2103771,Nandini Mehra,BCA,General,6
2103772,Vipul Srivastava,BCA,General,6
2103774,Madhav Rathi,BCA,General,6
2103775,Rohan Lal,BCA,General,6
2103776,Arjun Nainwal,BCA,General,6
2103777,Vansh Kashyap,BCA,General,6
2103778,Suhani Nanda,BCA,General,6
2103781,Lakshya Patel,BCA,General,6
2103782,Ananya Bajaj,BCA,General,6
2103783,Karan Dimri,BCA,General,6
2103784,Rajat Mehta,BCA,General,6
2103785,Ramya Pandey,BCA,General,6
2103787,Karan Juyal,BCA,General,6
2103788,Anjali Bisht,BCA,General,6
2103789,Muskan Sood,BCA,General,6
2103790,Ayush Tomar,BCA,General,6
2103791,Vikas Bansal,BCA,General,6
2103792,Rudra Agarwal,BCA,General,6
2103793,Madhav Pokhriyal,BCA,General,6
2103795,Bhumika Goswami,BCA,General,6
2103796,Sumit Gaur,BCA,General,6
2103797,Ishita Negi,BCA,General,6
2103798,Raj Gupta,BCA,General,6
2103799,Aarav Kukreti,BCA,General,6
2103801,Yogesh Gupta,BCA,General,6
2103802,Palak Negi,BCA,General,6
2103803,Alok Juyal,BCA,General,6
2103804,Arjun Pundir,BCA,General,6
2103805,Varun Saini,BCA,General,6
2103806,Radhika Shukla,BCA,AI & DS,6
2103807,Srishti Bansal,BCA,General,6
2103809,Yuvraj Vats,BCA,Cyber Security,6
2103810,Vikas Pandey,BCA,General,6
2103811,Ashish Raturi,BCA,General,6
2103812,Kavya Pant,BCA,General,6
2103813,Mohit Dubey,BCA,General,6
2103814,Mayank Rathi,BCA,General,6
2103815,Yuvraj Chamoli,BCA,General,6
2103816,Shivam Goswami,BCA,General,6
2103817,Charvi Bhatt,BCA,General,6
2103818,Charvi Bhardwaj,BCA,General,6
2103819,Navya Mehta,BCA,General,6
2103820,Simran Garg,BCA,General,6
2103821,Navya Bansal,BCA,General,6
2103822,Garima Tripathi,BCA,General,6
2103823,Deepika Nagi,BCA,General,6
2103824,Sanya Aggarwal,BCA,General,6
2103825,Gayatri Nainwal,BCA,General,6
2103826,Rahul Sethi,BCA,General,6
2103827,Karan Lal,BCA,General,6
2103828,Raghav Khurana,BCA,General,6
2103829,Nandini Panwar,BCA,General,6
2103830,Nidhi Aggarwal,BCA,General,6
2103831,Hemant Pokhriyal,BCA,General,6
2103832,Himanshu Rawal,BCA,General,6
2103833,Sakshi Pokhriyal,BCA,General,6
2103834,Yogesh Goel,BCA,General,6
2103835,Rishabh Badoni,BCA,General,6
2103836,Tarun Gaur,BCA,General,6
2103837,Nandini Rawal,BCA,General,6
2103838,Chetan Malhotra,BCA,General,6
2103839,Aarav Kothari,BCA,General,6
2103840,Rudra Kapoor,BCA,General,6
2103841,Anchal Joshi,BCA,General,6
2103842,Gunjan Rastogi,BCA,General,6
2103843,Surbhi Vats,BCA,General,6
2103844,Alok Mishra,BCA,General,6
2103845,Shagun Rawal,BCA,General,6
2103846,Rohan Rautela,BCA,General,6
2103847,Hardik Barthwal,BCA,General,6
2103848,Prachi Mahajan,BCA,General,6
2103849,Laksh Pandey,BCA,General,6
2103850,Tanvi Bansal,BCA,General,6
2103852,Uday Pathak,BCA,General,6
2103853,Yamini Chamoli,BCA,General,6
2103854,Shivam Gaur,BCA,General,6
2103855,Saurabh Negi,BCA,General,6
2103856,Sachin Nainwal,BCA,General,6
2103858,Zoya Malhotra,BCA,General,6
2103859,Deepak Kashyap,BCA,General,6
2103860,Laksh Mahajan,BCA,General,6
2103861,Soumya Mehta,BCA,General,6
2103862,Aarav Saxena,BCA,AI & DS,7
2103863,Shalini Sood,BCA,General,6
2103865,Ankit Negi,BCA,General,6
2103866,Vipul Agarwal,BCA,General,6
2103868,Manish Rajput,BCA,General,6
2103869,Prachi Maurya,BCA,General,6
2103870,Shivam Kumar,BCA,General,6
2103871,Garima Rathi,BCA,AI & DS,6
2103872,Sachin Rawat,BCA,General,6
2103873,Amisha Kapoor,BCA,AI & DS,6
2103874,Raj Garg,BCA,General,6
2103875,Neha Garg,BCA,General,6
2103876,Shivani Mehta,BCA,General,6
2103877,Archit Mittal,BCA,General,6
2103879,Tarun Kimothi,BCA,General,6
2103881,Parth Rawat,BCA,General,6
2103884,Prateek Malhotra,BCA,General,6
2103886,Shreya Dimri,BCA,General,6
2103887,Ramya Chauhan,BCA,General,6
2103888,Chaitanya Sati,BCA,General,6
2103891,Anshika Dhiman,BCA,General,6
2103892,Saurabh Chamoli,BCA,General,6
2103893,Aarav Trivedi,BCA,General,6
2103895,Yuvraj Aggarwal,BCA,General,6
2103896,Manav Walia,BCA,AI & DS,6
2103898,Ishaan Pandey,BCA,AI & DS,6
2103900,Payal Trivedi,BCA,General,6
2103901,Yash Badoni,BCA,AI & DS,6
2103903,Manish Bahuguna,BCA,AI & DS,6
2103904,Deepika Shukla,BCA,AI & DS,6
2103905,Uday Dubey,BCA,AI & DS,6
2103906,Mehak Oberoi,BCA,AI & DS,6
2103907,Vipul Sati,BCA,AI & DS,6
2103908,Bhumika Malhotra,BCA,AI & DS,6
2103909,Rishabh Lal,BCA,AI & DS,6
2103910,Sara Rathi,BCA,AI & DS,7
2103911,Naman Pant,BCA,AI & DS,6
2103912,Sanchi Pandey,BCA,AI & DS,6
2103914,Chaitanya Nainwal,BCA,AI & DS,6
2103915,Payal Bhandari,BCA,AI & DS,6
2103916,Ramya Thapliyal,BCA,AI & DS,6
2103917,Mehak Pokhriyal,BCA,AI & DS,7
2103919,Hardik Dubey,BCA,AI & DS,7
2103920,Chaitanya Bhardwaj,BCA,AI & DS,6
2103921,Aman Bhandari,BCA,AI & DS,6
2103922,Vikas Sati,BCA,AI & DS,7
2103923,Yamini Bajaj,BCA,AI & DS,6
2103924,Yamini Shukla,BCA,AI & DS,6
2103925,Rishabh Khurana,BCA,AI & DS,6
2103926,Varun Panwar,BCA,AI & DS,6
2103927,Navya Pokhriyal,BCA,AI & DS,6
2103928,Sumit Bhardwaj,BCA,AI & DS,6
2103929,Soumya Kothari,BCA,AI & DS,6
2103931,Akash Mittal,BCA,AI & DS,7
2103932,Jatin Sethi,BCA,AI & DS,6
2103933,Shubham Shukla,BCA,AI & DS,6
2103934,Sandeep Bhandula,BCA,AI & DS,6
2103935,Karan Bhatt,BCA,AI & DS,6
2103937,Dev Dubey,BCA,AI & DS,7
2103938,Shivam Yadav,BCA,AI & DS,6
2103939,Garima Kimothi,BCA,AI & DS,6
2103940,Sachin Bansal,BCA,AI & DS,6
2103941,Vivek Kandpal,BCA,AI & DS,7
2103942,Sandeep Khanduri,BCA,AI & DS,6
2103944,Vikram Panwar,BCA,AI & DS,6
2103945,Pooja Patel,BCA,AI & DS,6
2103946,Shagun Verma,BCA,AI & DS,6
2103947,Tarun Goswami,BCA,AI & DS,6
2103948,Ansh Nainwal,BCA,AI & DS,6
2103949,Chetan Kandpal,BCA,AI & DS,6
2103950,Vishal Tomar,BCA,AI & DS,7
2103951,Kriti Oberoi,BCA,AI & DS,6
2103953,Dev Aggarwal,BCA,AI & DS,7
2103954,Ashutosh Saxena,BCA,AI & DS,6
2103955,Vikas Rawat,BCA,AI & DS,7
2103956,Ashutosh Bhandula,BCA,AI & DS,6
2103957,Neha Pandey,BCA,AI & DS,6
2103958,Ayush Rathi,BCA,AI & DS,6
2103959,Naman Parmar,BCA,AI & DS,6
2103961,Sneha Mehta,BCA,AI & DS,6
2103962,Muskan Bhardwaj,BCA,AI & DS,6
2103965,Alok Barthwal,BCA,AI & DS,6
2103967,Vinay Kashyap,BCA,AI & DS,6
2103968,Sagar Pant,BCA,AI & DS,6
2103969,Shalini Kothari,BCA,AI & DS,6
2103970,Anchal Garg,BCA,AI & DS,6
2103971,Pallavi Dobhal,BCA,AI & DS,6
2103972,Jaya Sethi,BCA,AI & DS,7
2103973,Ashish Chamoli,BCA,AI & DS,6
2103974,Mahima Sati,BCA,AI & DS,6
2103975,Kriti Rautela,BCA,AI & DS,6
2103976,Jiya Thakur,BCA,AI & DS,5
2103977,Vipul Gupta,BCA,AI & DS,7
2103979,Yogesh Mahajan,BCA,AI & DS,6
2103981,Priya Nanda,BCA,AI & DS,6
2103982,Rohan Panwar,BCA,AI & DS,6
2103983,Samarth Sharma,BCA,AI & DS,6
2103984,Suhani Lal,BCA,AI & DS,7
2103985,Khushi Tandon,BCA,AI & DS,6
2103986,Abhay Saxena,BCA,AI & DS,6
2103987,Preeti Mishra,BCA,AI & DS,6
2103988,Akash Tiwari,BCA,AI & DS,5
2103991,Omkar Rawat,BCA,AI & DS,6
2103992,Mohit Sati,BCA,AI & DS,6
2103993,Manish Tomar,BCA,AI & DS,7
2103994,Anushka Oberoi,BCA,AI & DS,6
2103995,Yogesh Khurana,BCA,AI & DS,6
2103996,Amisha Dabral,BCA,AI & DS,7
2103997,Vinay Singh,BCA,AI & DS,6
2103998,Kavya Srivastava,BCA,AI & DS,6
2103999,Srishti Saxena,BCA,AI & DS,7
2104000,Pulkit Tripathi,BCA,AI & DS,6
2104001,Nikhil Joshi,BCA,AI & DS,6
2104002,Kartik Barthwal,BCA,AI & DS,6
2104003,Anuj Basu,BCA,AI & DS,6
2104004,Kavya Uniyal,BCA,AI & DS,6
2104005,Ashutosh Garg,BCA,AI & DS,6
2104006,Vivek Semwal,BCA,AI & DS,6
2104007,Ankit Kimothi,BCA,AI & DS,6
2104008,Vidhi Pokhriyal,BCA,AI & DS,6
2104009,Prateek Khanduri,BCA,AI & DS,6
2104010,Sachin Sinha,BCA,AI & DS,6
2104011,Aditya Pundir,BCA,AI & DS,6
2104013,Kamal Dobhal,BCA,AI & DS,6
2104015,Anushka Garg,BCA,AI & DS,6
2104016,Rishabh Dabral,BCA,AI & DS,6
2104017,Akshay Kapoor,BCA,AI & DS,6
2104018,Yuvraj Kukreti,BCA,AI & DS,6
2104019,Ayush Nautiyal,BCA,AI & DS,6
2104020,Vishal Pant,BCA,AI & DS,6
2104021,Naveen Goel,BCA,AI & DS,6
2104022,Vikas Aggarwal,BCA,AI & DS,6
2104023,Devansh Bhatt,BCA,AI & DS,6
2104024,Preeti Bhandari,BCA,AI & DS,7
2104025,Ojas Panwar,BCA,AI & DS,6
2104026,Ishita Badoni,BCA,AI & DS,6
2104027,Sanya Maithani,BCA,AI & DS,7
2104028,Muskan Uniyal,BCA,AI & DS,5
2104033,Varun Verma,BCA,AI & DS,6
2104034,Zoya Nanda,BCA,AI & DS,6
2104035,Rohit Anand,BCA,AI & DS,6
2104036,Tanishq Mahajan,BCA,AI & DS,6
2104037,Kartik Dhiman,BCA,AI & DS,6
2104039,Sara Semwal,BCA,AI & DS,7
2104041,Shagun Bijalwan,BCA,AI & DS,6
2104042,Yuvraj Sharma,BCA,AI & DS,6
2104043,Mansi Oberoi,BCA,AI & DS,6
2104044,Anshika Sharma,BCA,AI & DS,6
2104045,Yamini Basu,BCA,AI & DS,6
2104046,Preeti Sood,BCA,AI & DS,6
2104047,Shreya Kumar,BCA,AI & DS,6
2104048,Mohit Pokhriyal,BCA,AI & DS,6
2104049,Neha Chamoli,BCA,AI & DS,6
2104050,Preeti Barthwal,BCA,AI & DS,6
2104051,Vipul Pokhriyal,BCA,AI & DS,7
2104054,Tanishq Semwal,BCA,AI & DS,6
2104055,Meera Jain,BCA,AI & DS,6
2104056,Ishaan Singh,BCA,AI & DS,6
2104057,Sanket Dimri,BCA,AI & DS,6
2104058,Amit Badoni,BCA,AI & DS,6
2104059,Vansh Kapoor,BCA,AI & DS,6
2104060,Nisha Chauhan,BCA,AI & DS,6
2104061,Ojas Mahajan,BCA,AI & DS,6
2104062,Ramya Rana,BCA,AI & DS,6
2104063,Manav Rawal,BCA,AI & DS,7
2104064,Kartik Mishra,BCA,AI & DS,6
2104065,Yogesh Aggarwal,BCA,AI & DS,6
2104066,Navya Nagi,BCA,AI & DS,6
2104067,Anshika Negi,BCA,AI & DS,7
2104068,Akanksha Sood,BCA,AI & DS,6
2104069,Vinay Barthwal,BCA,AI & DS,6
2104070,Laksh Nautiyal,BCA,AI & DS,6
2104071,Chetan Maurya,BCA,AI & DS,6
2104072,Komal Khanduri,BCA,AI & DS,6
2104073,Tripti Thakur,BCA,AI & DS,6
2104074,Akshay Sati,BCA,AI & DS,6
2104075,Garima Panwar,BCA,AI & DS,6
2104076,Ishaan Tripathi,BCA,AI & DS,6
2104079,Vipul Raturi,BCA,AI & DS,6
2104080,Devansh Kukreti,BCA,AI & DS,7
2104081,Yash Rathi,BCA,AI & DS,5
2104082,Sanjana Chamoli,BCA,AI & DS,6
2104083,Radhika Pant,BCA,AI & DS,6
2104085,Deepika Mishra,BCA,AI & DS,6
2104086,Ananya Tiwari,BCA,AI & DS,6
2104089,Karan Pandey,BCA,AI & DS,6
2104091,Raj Pandey,BCA,AI & DS,6
2104092,Vivek Arora,BCA,AI & DS,6
2104093,Bhumika Rawat,BCA,AI & DS,6
2104094,Ansh Rautela,BCA,AI & DS,6
2104095,Anchal Pundir,BCA,AI & DS,6
2104096,Jatin Bhardwaj,BCA,AI & DS,6
2104097,Kartik Dubey,BCA,AI & DS,6
2104098,Neha Goswami,BCA,AI & DS,6
2104100,Mahima Dangwal,BCA,AI & DS,6
2104102,Charvi Sood,BCA,AI & DS,6
2104103,Keshav Garg,BCA,AI & DS,6
2104104,Himanshu Verma,BCA,AI & DS,6
2104105,Priya Tomar,BCA,AI & DS,6
2104106,Preeti Rautela,BCA,AI & DS,6
2104108,Disha Nanda,BCA,AI & DS,6
2104109,Pranav Semwal,BCA,AI & DS,7
2104110,Charvi Bajaj,BCA,AI & DS,6
2104111,Shreya Saxena,BCA,AI & DS,7
2104113,Tushar Saini,BCA,AI & DS,6
2104114,Lavanya Sethi,BCA,AI & DS,6
2104115,Vipul Oberoi,BCA,AI & DS,6
2104116,Chetan Chaudhary,BCA,AI & DS,7
2104117,Ravi Garg,BCA,AI & DS,6
2104119,Aman Sood,BCA,AI & DS,6
2104122,Mansi Arora,BCA,AI & DS,7
2104123,Akash Bijalwan,BCA,AI & DS,7
2104124,Vaibhav Raturi,BCA,AI & DS,6
2104125,Sanjana Dabral,BCA,AI & DS,7
2104128,Ankita Dhiman,BCA,AI & DS,6
2104129,Raj Bisht,BCA,AI & DS,6
2104130,Yashika Rawat,BCA,AI & DS,6
2104131,Rahul Mehra,BCA,AI & DS,7
2104132,Shubham Juyal,BCA,AI & DS,6
2104134,Hemant Garg,BCA,AI & DS,6
2104135,Diksha Semwal,BCA,AI & DS,6
2104136,Varun Kimothi,BCA,AI & DS,6
2104137,Mridul Pathak,BCA,AI & DS,6
2104138,Shreya Yadav,BCA,AI & DS,6
2104139,Simran Barthwal,BCA,AI & DS,7
2104140,Sanket Garg,BCA,AI & DS,6
2104141,Rakesh Raturi,BCA,AI & DS,6
2104142,Ayush Badoni,BCA,AI & DS,7
2104143,Vishal Shukla,BCA,AI & DS,6
2104144,Sahil Arora,BCA,AI & DS,7
2104145,Rohit Bansal,BCA,AI & DS,6
2104146,Bhumika Walia,BCA,AI & DS,6
2104147,Amisha Soni,BCA,AI & DS,6
2104148,Rakesh Dubey,BCA,AI & DS,6
2104149,Dev Tripathi,BCA,AI & DS,6
2104150,Archit Kashyap,BCA,AI & DS,6
2104151,Manav Nainwal,BCA,AI & DS,6
2104152,Vansh Bhatt,BCA,AI & DS,6
2104153,Karan Rawal,BCA,AI & DS,6
2104154,Sanjana Mehra,BCA,AI & DS,6
2104155,Ruchi Chopra,BCA,AI & DS,7
2104156,Dhruv Negi,BCA,AI & DS,6
2104158,Sahil Garg,BCA,AI & DS,7
2104160,Madhav Mehra,BCA,AI & DS,6
2104161,Nitin Bajaj,BCA,AI & DS,6
2104162,Sanjana Arora,BCA,AI & DS,6
2104163,Sumit Tandon,BCA,AI & DS,7
2104164,Uday Mahajan,BCA,AI & DS,6
2104165,Anmol Joshi,BCA,AI & DS,6
2104167,Gunjan Mittal,BCA,AI & DS,6
2104169,Ruchi Singh,BCA,AI & DS,7
2104171,Gaurav Sati,BCA,AI & DS,6
2104172,Gunjan Mehta,BCA,AI & DS,6
2104174,Khushi Joshi,BCA,AI & DS,6
2104175,Shalini Bahuguna,BCA,AI & DS,6
2104177,Madhav Rajput,BCA,AI & DS,6
2104178,Yash Rana,BCA,AI & DS,6
2104181,Ashutosh Kapoor,BCA,AI & DS,6
2104183,Himanshu Pokhriyal,BCA,AI & DS,6
2104188,Yogesh Rajput,BCA,AI & DS,5
2104191,Harsh Malhotra,BCA,AI & DS,6
2104193,Meera Mehta,BCA,AI & DS,7
2104195,Aman Rajput,BCA,AI & DS,7
2104196,Manav Tiwari,BCA,General,4
2104198,Srishti Bhandari,BCA,General,6
2104201,Chaitanya Negi,BCA,Cyber Security,6
2104204,Khushi Saini,BCA,AI & DS,6
2104205,Vishal Dhiman,BCA,Cyber Security,6
2104210,Chaitanya Juyal,BCA,AI & DS,6
2104211,Saloni Dobhal,BCA,General,6
2104212,Yashika Chauhan,BCA,AI & DS,7
2104213,Yamini Negi,BCA,General,6
2104214,Nandini Mahajan,BCA,AI & DS,5
2104216,Rohit Pathak,BCA,General,6
2104217,Pallavi Tomar,BCA,General,6
2104501,Preeti Tomar,BCA,General,5
2104502,Kunal Juyal,BCA,General,5
2104504,Ankita Sethi,BCA,General,5
2104505,Bhumika Arora,BCA,General,5
2104506,Vivek Dhiman,BCA,General,5
2104508,Preeti Srivastava,BCA,General,5
2104510,Lakshya Rautela,BCA,General,5
2104511,Tanmay Raturi,BCA,General,5
2104512,Nidhi Nanda,BCA,General,5
2104513,Yogesh Bhatt,BCA,General,5
2104514,Vishal Basu,BCA,General,5
2104515,Ruchi Kukreti,BCA,General,5
2104516,Riya Vats,BCA,General,4
2104517,Disha Kukreti,BCA,General,5
2104519,Devansh Maithani,BCA,General,5
2104520,Komal Bahuguna,BCA,General,5
2104521,Vaishnavi Mishra,BCA,General,5
2104522,Vedant Pandey,BCA,General,5
2104523,Abhinav Rautela,BCA,General,5
2104524,Aman Kothari,BCA,General,5
2104525,Shagun Arora,BCA,General,5
2104526,Aditi Bisht,BCA,General,5
2104527,Nidhi Rawal,BCA,General,5
2104528,Sahil Kashyap,BCA,AI & DS,5
2104529,Priyanka Shukla,BCA,General,5
2104530,Surbhi Gupta,BCA,General,5
2104531,Omkar Gaur,BCA,General,5
2104532,Deepika Raturi,BCA,General,4
2104533,Rajat Pandey,BCA,General,5
2104534,Harsh Maurya,BCA,General,5
2104535,Sara Shukla,BCA,General,4
2104536,Nandini Trivedi,BCA,General,5
2104537,Mridul Bansal,BCA,General,5
2104538,Raj Pokhriyal,BCA,General,4
2104539,Vansh Bijalwan,BCA,General,5
2104540,Vishal Singh,BCA,General,5
2104541,Sanjana Pandey,BCA,General,4
2104542,Omkar Sethi,BCA,General,5
2104543,Vaishnavi Sinha,BCA,General,5
2104544,Aditi Bajaj,BCA,General,5
2104546,Vandana Kimothi,BCA,AI & DS,5
2104547,Riya Bisht,BCA,General,5
2104548,Ravi Rastogi,BCA,General,5
2104549,Arpit Basu,BCA,General,5
2104550,Vishal Bhatt,BCA,General,5
2104551,Disha Khurana,BCA,General,5
2104552,Vivek Khurana,BCA,General,5
2104553,Tanmay Srivastava,BCA,General,5
2104554,Aryan Bisht,BCA,General,5
2104556,Gunjan Joshi,BCA,General,5
2104557,Gayatri Tomar,BCA,General,5
2104558,Ira Tandon,BCA,General,5
2104559,Kabir Trivedi,BCA,General,5
2104560,Zoya Bajaj,BCA,General,5
2104561,Yogesh Pokhriyal,BCA,General,5
2104562,Tripti Nainwal,BCA,General,5
2104563,Vidhi Maurya,BCA,General,5
2104564,Meera Anand,BCA,General,5
2104565,Jatin Nanda,BCA,Cyber Security,5
2104566,Jatin Nagi,BCA,General,5
2104567,Vidhi Saini,BCA,General,5
2104568,Harshita Garg,BCA,General,5
2104569,Aarav Kimothi,BCA,General,5
2104570,Suhani Rana,BCA,General,5
2104571,Shalini Kukreti,BCA,General,5
2104572,Vandana Srivastava,BCA,General,5
2104573,Raj Saini,BCA,General,5
2104574,Vikas Malhotra,BCA,General,5
2104575,Meera Tandon,BCA,General,6
2104576,Rudra Soni,BCA,General,5
2104577,Mehak Dobhal,BCA,General,5
2104578,Abhinav Joshi,BCA,General,5
2104579,Shubham Nanda,BCA,General,5
2104580,Harsh Uniyal,BCA,General,4
2104581,Anshika Bansal,BCA,General,5
2104582,Manav Gaur,BCA,General,5
2104583,Jaya Bahuguna,BCA,General,4
2104584,Gayatri Bahuguna,BCA,General,5
2104585,Akshay Goel,BCA,General,5
2104586,Tarun Vats,BCA,General,5
2104587,Priya Raturi,BCA,General,5
2104588,Karan Chaudhary,BCA,General,5
2104589,Rajat Basu,BCA,General,5
2104590,Riya Sinha,BCA,General,5
2104591,Disha Dobhal,BCA,General,5
2104592,Zoya Pant,BCA,General,5
2104593,Ananya Bijalwan,BCA,General,5
2104594,Ansh Bhardwaj,BCA,General,5
2104595,Nitin Arora,BCA,General,5
2104597,Prateek Rautela,BCA,General,5
2104598,Amisha Maithani,BCA,General,5
2104599,Bhumika Gupta,BCA,General,5
2104600,Ishaan Mehra,BCA,General,5
2104601,Sahil Tomar,BCA,General,5
2104602,Vaibhav Aggarwal,BCA,General,5
2104603,Devansh Maurya,BCA,General,4
2104604,Sahil Nautiyal,BCA,General,5
2104606,Sakshi Sati,BCA,General,5
2104608,Ashutosh Tiwari,BCA,General,5
2104609,Tushar Tiwari,BCA,General,5
2104611,Sanket Negi,BCA,General,5
2104612,Yamini Jain,BCA,General,5
2104613,Anchal Nainwal,BCA,General,5
2104614,Ruchi Badoni,BCA,AI & DS,5
2104615,Nandini Pant,BCA,General,5
2104616,Lavanya Tiwari,BCA,General,5
2104617,Uday Rawat,BCA,General,5
2104618,Disha Singh,BCA,General,4
2104620,Neha Sood,BCA,General,5
2104621,Akanksha Negi,BCA,General,5
2104622,Tanmay Anand,BCA,General,5
2104623,Apoorva Bisht,BCA,General,5
2104624,Anushka Pant,BCA,General,5
2104625,Rahul Goswami,BCA,General,4
2104626,Lavanya Pundir,BCA,General,5
2104627,Tanishq Arora,BCA,General,5
2104628,Saloni Bhandula,BCA,General,5
2104629,Sandeep Thakur,BCA,General,5
2104630,Pranav Nanda,BCA,General,4
2104631,Shivani Trivedi,BCA,General,5
2104632,Raghav Joshi,BCA,General,5
2104633,Chaitanya Dimri,BCA,General,5
2104634,Keshav Patel,BCA,General,5
2104635,Chetan Mehta,BCA,General,5
2104636,Anmol Negi,BCA,General,5
2104637,Jiya Rautela,BCA,General,5
2104638,Rahul Dubey,BCA,General,5
2104639,Suhani Anand,BCA,General,5
2104641,Anuj Bahuguna,BCA,General,5
2104642,Anuj Nainwal,BCA,General,5
2104643,Tushar Kandpal,BCA,General,5
2104645,Priya Kashyap,BCA,General,5
2104646,Vandana Soni,BCA,General,5
2104647,Vivek Barthwal,BCA,General,5
2104648,Ira Joshi,BCA,General,5
2104650,Varun Kothari,BCA,General,5
2104652,Rudra Joshi,BCA,General,4
2104653,Yuvraj Soni,BCA,General,5
2104654,Vinay Bijalwan,BCA,General,5
2104655,Vansh Oberoi,BCA,General,5
2104656,Nidhi Dobhal,BCA,General,4
2104658,Garima Kashyap,BCA,General,5
2104660,Shagun Kukreti,BCA,General,5
2104662,Abhinav Rawat,BCA,General,5
2104663,Palak Bisht,BCA,General,5
2104665,Naman Gusain,BCA,General,5
2104666,Garima Garg,BCA,General,5
2104667,Vikram Dangwal,BCA,General,5
2104668,Rahul Bajaj,BCA,General,5
2104669,Yashika Aggarwal,BCA,General,5
2104670,Tarun Pandey,BCA,General,5
2104672,Mayank Goswami,BCA,General,5
2104673,Deepak Sethi,BCA,General,5
2104674,Mahima Nainwal,BCA,General,5
2104675,Ashutosh Rawat,BCA,General,5
2104676,Chaitanya Vats,BCA,General,5
2104677,Neha Chopra,BCA,General,5
2104678,Kamal Oberoi,BCA,General,5
2104679,Chaitanya Mahajan,BCA,General,5
2104680,Dhruv Kashyap,BCA,General,5
2104681,Kamal Sati,BCA,General,5
2104682,Arnav Bahuguna,BCA,General,5
2104683,Udit Thapliyal,BCA,General,5
2104684,Vaibhav Juyal,BCA,General,5
2104685,Vivek Rastogi,BCA,General,5
2104686,Siddharth Mehta,BCA,General,5
2104687,Vedant Aggarwal,BCA,General,5
2104688,Arjun Bhatt,BCA,General,5
2104689,Vedant Khanduri,BCA,General,5
2104690,Anjali Dhiman,BCA,General,5
2104691,Payal Parmar,BCA,General,5
2104692,Pooja Garg,BCA,General,5
2104693,Charvi Pant,BCA,Cyber Security,5
2104694,Kabir Dimri,BCA,General,5
2104695,Anjali Nautiyal,BCA,General,5
2104696,Ruchi Bisht,BCA,General,5
2104697,Arpit Pokhriyal,BCA,General,5
2104698,Ramya Singh,BCA,General,5
2104699,Kamal Arora,BCA,General,5
2104700,Vedant Chamoli,BCA,General,5
2104701,Aishwarya Barthwal,BCA,General,5
2104702,Pulkit Dabral,BCA,General,5
2104703,Gautam Goswami,BCA,General,5
2104704,Naveen Pathak,BCA,General,5
2104705,Gayatri Bhandari,BCA,General,5
2104706,Jaya Khanduri,BCA,General,5
2104707,Harsh Kothari,BCA,General,5
2104708,Disha Pundir,BCA,General,5
2104709,Jiya Bhandula,BCA,General,5
2104710,Dev Rajput,BCA,General,5
2104711,Nitin Panwar,BCA,General,5
2104712,Jatin Maurya,BCA,General,5
2104713,Mridul Nanda,BCA,General,5
2104714,Charvi Rautela,BCA,General,5
2104715,Ruchi Bhandula,BCA,General,5
2104716,Anshika Soni,BCA,General,4
2104717,Dev Raturi,BCA,General,5
2104718,Abhinav Soni,BCA,General,5
2104719,Tanmay Thapliyal,BCA,General,5
2104720,Sneha Chaudhary,BCA,General,5
2104721,Nidhi Kandpal,BCA,Cyber Security,5
2104722,Akash Nanda,BCA,General,5
2104723,Sagar Chauhan,BCA,General,5
2104724,Deepak Aggarwal,BCA,General,5
2104725,Rohan Bajaj,BCA,General,5
2104726,Sumit Kumar,BCA,General,5
2104727,Shalini Kandpal,BCA,General,5
2104728,Shivani Dubey,BCA,General,5
2104729,Jiya Tripathi,BCA,General,5
2104730,Ashutosh Singh,BCA,Cyber Security,5
2104731,Anshika Pokhriyal,BCA,General,5
2104732,Komal Pokhriyal,BCA,General,5
2104734,Nitin Bhandari,BCA,General,5
2104735,Srishti Sinha,BCA,General,5
2104736,Ojas Semwal,BCA,General,5
2104737,Shagun Mehta,BCA,General,5
2104738,Yash Goel,BCA,General,5
2104739,Suhani Bhatt,BCA,General,5
2104740,Jatin Arora,BCA,General,6
2104741,Vikram Bhatt,BCA,General,5
2104742,Manish Raturi,BCA,General,4
2104743,Gaurav Rathi,BCA,General,5
2104744,Harsh Rana,BCA,General,5
2104745,Arnav Dubey,BCA,General,4
2104746,Anjali Saini,BCA,General,5
2104747,Tanishq Jain,BCA,General,5
2104750,Khushi Parmar,BCA,General,4
2104751,Mahima Khurana,BCA,General,5
2104752,Sanjana Basu,BCA,General,5
2104753,Varun Bhandari,BCA,General,5
2104754,Vansh Pathak,BCA,General,5
2104755,Tanvi Malhotra,BCA,General,5
2104756,Garima Dimri,BCA,General,5
2104757,Ajay Gaur,BCA,General,5
2104758,Varun Sati,BCA,General,5
2104759,Rajat Bhatt,BCA,General,5
2104760,Eshaan Kumar,BCA,General,5
2104761,Prateek Garg,BCA,General,5
2104762,Prateek Soni,BCA,General,5
2104763,Nikhil Agarwal,BCA,General,4
2104764,Laksh Uniyal,BCA,General,5
2104765,Gunjan Nanda,BCA,General,5
2104767,Srishti Maithani,BCA,General,5
2104769,Bhavya Bahuguna,BCA,General,5
2104770,Madhav Raturi,BCA,General,5
2104771,Tarun Chamoli,BCA,General,5
2104772,Yash Mittal,BCA,General,5
2104773,Jaya Pundir,BCA,General,5
2104774,Meera Trivedi,BCA,General,5
2104775,Shubham Barthwal,BCA,General,5
2104777,Alok Mehra,BCA,General,5
2104778,Mansi Barthwal,BCA,General,5
2104779,Nandini Malhotra,BCA,General,5
2104780,Diksha Jain,BCA,General,5
2104781,Arnav Goswami,BCA,General,5
2104782,Manav Saxena,BCA,General,5
2104783,Sagar Barthwal,BCA,General,5
2104784,Pooja Juyal,BCA,General,5
2104785,Arnav Rawal,BCA,General,5
2104786,Shivani Pandey,BCA,General,5
2104787,Surbhi Rawat,BCA,General,5
2104788,Mahima Chaudhary,BCA,General,5
2104789,Omkar Mishra,BCA,General,4
2104790,Harshita Walia,BCA,General,5
2104791,Kamal Parmar,BCA,General,5
2104792,Jatin Badoni,BCA,General,5
2104793,Deepak Tandon,BCA,General,5
2104794,Arnav Shukla,BCA,General,5
2104795,Payal Arora,BCA,General,5
2104796,Charvi Bhandula,BCA,General,5
2104797,Neha Nagi,BCA,General,5
2104798,Ishita Parmar,BCA,General,5
2104802,Vishal Nainwal,BCA,General,5
2104803,Chaitanya Basu,BCA,General,5
2104805,Kamal Chopra,BCA,General,5
2104806,Anmol Singh,BCA,General,5
2104808,Mohit Jain,BCA,General,5
2104809,Zoya Nainwal,BCA,General,5
2104810,Preeti Nautiyal,BCA,General,5
2104811,Priya Srivastava,BCA,General,5
2104812,Ankita Pandey,BCA,General,5
2104813,Anushka Raturi,BCA,General,5
2104814,Kunal Nainwal,BCA,General,5
2104815,Saloni Bhardwaj,BCA,General,5
2104816,Vivek Khanduri,BCA,General,5
2104818,Omkar Panwar,BCA,General,4
2104819,Arnav Maurya,BCA,General,4
2104820,Shivani Kapoor,BCA,General,5
2104821,Suhani Bisht,BCA,General,5
2104822,Ojas Kashyap,BCA,Cyber Security,5
2104823,Kunal Uniyal,BCA,General,5
2104824,Tripti Bahuguna,BCA,General,5
2104825,Vidhi Mehta,BCA,General,5
2104826,Navya Nanda,BCA,General,5
2104827,Prachi Singh,BCA,General,5
2104828,Kriti Rana,BCA,General,5
2104829,Kartik Dobhal,BCA,General,5
2104830,Tarun Raturi,BCA,General,5
2104831,Sarthak Rawat,BCA,General,5
2104832,Abhay Saini,BCA,General,4
2104833,Raghav Nanda,BCA,General,5
2104834,Kunal Soni,BCA,General,5
2104835,Mansi Nainwal,BCA,AI & DS,5
2104836,Sachin Pundir,BCA,General,5
2104838,Rakesh Sethi,BCA,General,5
2104839,Mayank Saini,BCA,General,5
2104840,Nikhil Chaudhary,BCA,General,5
2104841,Deepak Khurana,BCA,General,5
2104842,Archit Anand,BCA,General,5
2104843,Ishaan Gusain,BCA,General,5
2104844,Vandana Tandon,BCA,General,5
2104845,Anjali Bhandula,BCA,General,5
2104846,Sarthak Uniyal,BCA,General,4
2104847,Rakesh Thakur,BCA,General,5
2104848,Jatin Vats,BCA,General,5
2104850,Vishal Raturi,BCA,General,5
2104851,Arnav Bhatt,BCA,General,5
2104853,Nandini Mishra,BCA,General,4
2104854,Ananya Kandpal,BCA,General,5
2104855,Kriti Dabral,BCA,General,4
2104856,Pallavi Kukreti,BCA,General,5
2104857,Sanchi Sinha,BCA,General,5
2104858,Rohan Dhiman,BCA,General,5
2104859,Palak Sharma,BCA,General,5
2104860,Bhavya Rautela,BCA,General,5
2104862,Payal Dangwal,BCA,General,5
2104863,Gayatri Walia,BCA,General,5
2104864,Palak Nautiyal,BCA,General,5
2104865,Navya Rautela,BCA,General,5
2104866,Varun Nautiyal,BCA,General,5
2104867,Ravi Mishra,BCA,General,4
2104868,Archit Soni,BCA,General,5
2104869,Yamini Rautela,BCA,General,5
2104870,Sumit Bisht,BCA,General,5
2104871,Sahil Maurya,BCA,General,4
2104872,Sarthak Anand,BCA,General,5
2104873,Pranav Bahuguna,BCA,General,5
2104874,Kajal Kimothi,BCA,General,5
2104875,Archit Garg,BCA,General,5
2104876,Saurabh Sood,BCA,General,5
2104877,Tanishq Mehra,BCA,General,5
2104878,Yamini Singh,BCA,General,5
2104879,Srishti Kashyap,BCA,General,5
2104880,Sanjana Kimothi,BCA,General,5
2104881,Dev Sethi,BCA,General,5
2104883,Ankita Verma,BCA,General,4
2104884,Samarth Semwal,BCA,General,5
2104885,Rohan Maithani,BCA,General,5
2104886,Saurabh Gaur,BCA,General,5
2104887,Pulkit Garg,BCA,AI & DS,5
2104888,Sahil Chaudhary,BCA,General,5
2104889,Yash Sood,BCA,General,5
2104890,Samarth Rawat,BCA,General,5
2104891,Saurabh Uniyal,BCA,General,5
2104893,Rakesh Maithani,BCA,General,5
2104894,Aryan Vats,BCA,General,5
2104895,Neha Semwal,BCA,General,5
2104896,Sanjana Nautiyal,BCA,General,5
2104897,Divya Mishra,BCA,General,4
2104899,Yogesh Maurya,BCA,General,5
2104900,Sumit Mehta,BCA,General,5
2104901,Archit Maurya,BCA,General,5
2104902,Sarthak Badoni,BCA,General,4
2104903,Samarth Mishra,BCA,General,5
2104904,Naman Garg,BCA,General,5
2104905,Lakshya Pathak,BCA,General,5
2104907,Aditi Singh,BCA,General,4
2104908,Kavya Trivedi,BCA,General,5
2104909,Ajay Oberoi,BCA,General,4
2104910,Rishabh Tomar,BCA,General,5
2104912,Shivani Thapliyal,BCA,General,5
2104913,Komal Bhandula,BCA,General,5
2104914,Sumit Agarwal,BCA,General,5
2104915,Sneha Dhiman,BCA,General,5
2104916,Parth Rautela,BCA,General,5
2104917,Vedant Bansal,BCA,General,5
2104918,Ansh Khurana,BCA,General,5
2104919,Dhruv Rawal,BCA,General,5
2104920,Ruchi Dabral,BCA,General,5
2104921,Kartik Mehra,BCA,General,5
2104922,Ananya Walia,BCA,General,5
2104925,Khushi Rathi,BCA,General,5
2104926,Rudra Rawat,BCA,General,5
2104927,Prateek Bhatt,BCA,General,5
2104928,Anmol Bhandari,BCA,AI & DS,5
2104929,Ruchi Dhiman,BCA,General,5
2104930,Manish Pokhriyal,BCA,General,5
2104932,Apoorva Mittal,BCA,General,4
2104933,Vishal Rautela,BCA,General,5
2104935,Devansh Rawal,BCA,General,5
2104936,Tarun Bahuguna,BCA,General,5
2104937,Dhruv Chamoli,BCA,General,4
2104939,Hardik Goswami,BCA,General,5
2104941,Yashika Vats,BCA,General,5
2104942,Ayush Raturi,BCA,General,5
2104943,Gayatri Chaudhary,BCA,General,4
2104944,Gaurav Saini,BCA,General,5
2104945,Sagar Tiwari,BCA,General,5
2104946,Jiya Dhiman,BCA,General,5
2104947,Madhav Bisht,BCA,General,5
2104948,Ayush Barthwal,BCA,General,5
2104949,Gunjan Jain,BCA,General,5
2104950,Surbhi Tomar,BCA,General,5
2104951,Samarth Bhandari,BCA,General,5
2104952,Zoya Goel,BCA,General,5
2104953,Sanjana Kapoor,BCA,Cyber Security,5
2104954,Harshita Mishra,BCA,AI & DS,5
2104955,Nikhil Anand,BCA,General,5
2104956,Vandana Bhandula,BCA,General,5
2104957,Pallavi Rawal,BCA,General,5
2104958,Rohan Kothari,BCA,AI & DS,4
2104959,Dhruv Pathak,BCA,General,4
2104960,Sakshi Rathi,BCA,General,5
2104961,Udit Rastogi,BCA,General,5
2104962,Nisha Chamoli,BCA,General,5
2104963,Akash Barthwal,BCA,General,5
2104964,Akanksha Pandey,BCA,General,5
2104965,Shruti Khurana,BCA,General,4
2104966,Anchal Bisht,BCA,General,5
2104967,Mridul Rawat,BCA,General,5
2104968,Chetan Dangwal,BCA,General,5
2104971,Deepak Joshi,BCA,General,4
2104972,Chaitanya Goswami,BCA,General,5
2104974,Shagun Dangwal,BCA,General,5
2104975,Uday Gaur,BCA,General,5
2104976,Harsh Negi,BCA,General,5
2104977,Vidhi Saxena,BCA,General,5
2104978,Vaishnavi Dobhal,BCA,General,5
2104979,Ankita Bajaj,BCA,General,5
2104981,Chetan Sethi,BCA,General,4
2104983,Deepak Rajput,BCA,General,5
2104984,Shagun Singh,BCA,General,5
2104985,Aishwarya Rajput,BCA,General,5
2104986,Aishwarya Rautela,BCA,General,5
2104988,Gunjan Maithani,BCA,General,5
2104989,Karan Shukla,BCA,General,5
2104991,Palak Dubey,BCA,General,5
2104992,Nandini Negi,BCA,General,5
2104993,Pranav Chauhan,BCA,General,5
2104994,Gayatri Singh,BCA,General,5
2104995,Hardik Khanduri,BCA,General,5
2104996,Mayank Goel,BCA,General,5
2104997,Ansh Bahuguna,BCA,General,5
2104998,Divya Semwal,BCA,General,4
2105001,Anuj Oberoi,BCA,Cyber Security,5
2105002,Kriti Dobhal,BCA,Cyber Security,5
2105003,Pulkit Jain,BCA,General,5
2105004,Harsh Trivedi,BCA,General,5
2105005,Nikhil Dabral,BCA,General,4
2105007,Zoya Sati,BCA,General,5
2105009,Rakesh Barthwal,BCA,General,5
2105010,Shalini Lal,BCA,General,5
2105011,Disha Rastogi,BCA,General,5
2105014,Akanksha Bhardwaj,BCA,General,4
2105017,Kajal Nautiyal,BCA,General,5
2105018,Tarun Maurya,BCA,General,5
2105021,Abhay Tandon,BCA,General,5
2105022,Priyanka Juyal,BCA,General,5
2105023,Vedant Nainwal,BCA,General,4
2105024,Apoorva Parmar,BCA,General,5
2105025,Mridul Rastogi,BCA,General,5
2105111,Keshav Juyal,BCA,Cyber Security,5
2105112,Priyanka Nainwal,BCA,Cyber Security,5
2105113,Shivani Kothari,BCA,Cyber Security,5
2105114,Rohit Dimri,BCA,Cyber Security,5
2105115,Sahil Gusain,BCA,Cyber Security,5
2105116,Soumya Kimothi,BCA,Cyber Security,5
2105117,Riya Pandey,BCA,Cyber Security,5
2105118,Udit Badoni,BCA,Cyber Security,4
2105119,Sarthak Tomar,BCA,Cyber Security,5
2105120,Parth Chopra,BCA,Cyber Security,5
2105121,Bhavya Bajaj,BCA,Cyber Security,5
2105122,Divya Agarwal,BCA,Cyber Security,5
2105123,Anjali Rana,BCA,Cyber Security,5
2105124,Arjun Vats,BCA,Cyber Security,5
2105125,Sumit Raturi,BCA,Cyber Security,5
2105126,Anchal Badoni,BCA,General,5
2105127,Ankit Tandon,BCA,Cyber Security,5
2105128,Vipul Kashyap,BCA,Cyber Security,5
2105129,Keshav Mehra,BCA,Cyber Security,5
2105130,Anchal Sood,BCA,Cyber Security,5
2105131,Archit Nainwal,BCA,Cyber Security,5
2105132,Gautam Thapliyal,BCA,Cyber Security,5
2105133,Lavanya Kukreti,BCA,Cyber Security,5
2105134,Amit Basu,BCA,Cyber Security,5
2105135,Sonal Khurana,BCA,Cyber Security,5
2105136,Shivani Garg,BCA,AI & DS,5
2105138,Aishwarya Dimri,BCA,Cyber Security,5
2105151,Rakesh Yadav,BCA,AI & DS,5
2105152,Sumit Bhatt,BCA,AI & DS,5
2105153,Vishal Bhandula,BCA,AI & DS,4
2105154,Navya Tiwari,BCA,AI & DS,5
2105155,Mayank Saxena,BCA,AI & DS,5
2105156,Hemant Mehra,BCA,AI & DS,5
2105157,Vaibhav Verma,BCA,AI & DS,5
2105158,Riya Gusain,BCA,AI & DS,5
2105159,Tarun Rana,BCA,AI & DS,5
2105161,Yash Rautela,BCA,AI & DS,5
2105162,Bhumika Parmar,BCA,AI & DS,5
2105163,Pranav Dhiman,BCA,AI & DS,5
2105164,Hardik Juyal,BCA,AI & DS,5
2105165,Sneha Chauhan,BCA,AI & DS,5
2105167,Sanjana Goswami,BCA,AI & DS,5
2105168,Vipul Nagi,BCA,AI & DS,5
2105169,Lavanya Panwar,BCA,AI & DS,5
2105170,Aishwarya Garg,BCA,AI & DS,5
2105172,Sneha Saxena,BCA,AI & DS,5
2105173,Sahil Nainwal,BCA,AI & DS,5
2105174,Simran Pokhriyal,BCA,AI & DS,5
2105176,Aishwarya Bahuguna,BCA,AI & DS,5
2105177,Amit Gaur,BCA,AI & DS,5
2105178,Aarav Gaur,BCA,AI & DS,5
2105179,Keshav Dimri,BCA,AI & DS,5
2105180,Vikas Mittal,BCA,AI & DS,5
2105181,Nitin Dangwal,BCA,AI & DS,5
2105182,Pallavi Negi,BCA,AI & DS,5
2105183,Akanksha Dubey,BCA,AI & DS,4
2105184,Diksha Maurya,BCA,AI & DS,5
2105185,Tarun Badoni,BCA,AI & DS,5
2105186,Ansh Singh,BCA,AI & DS,5
2105187,Jaya Khurana,BCA,AI & DS,5
2105188,Naman Basu,BCA,AI & DS,5
2105189,Rajat Nagi,BCA,AI & DS,5
2105190,Shivani Arora,BCA,AI & DS,5
2105191,Anuj Nautiyal,BCA,AI & DS,4
2105192,Hemant Kapoor,BCA,AI & DS,5
2105193,Harsh Nautiyal,BCA,AI & DS,5
2105194,Akshay Bahuguna,BCA,AI & DS,5
2105195,Vansh Dobhal,BCA,AI & DS,5
2105196,Simran Aggarwal,BCA,AI & DS,5
2105197,Chetan Negi,BCA,AI & DS,5
2105198,Mridul Rana,BCA,AI & DS,5
2105199,Sneha Raturi,BCA,AI & DS,5
2105200,Priyanka Garg,BCA,AI & DS,5
2105201,Tushar Maithani,BCA,AI & DS,5
2105202,Mridul Chauhan,BCA,AI & DS,5
2105203,Vansh Rawat,BCA,AI & DS,5
2105204,Eshaan Nainwal,BCA,AI & DS,5
2105205,Nidhi Mehta,BCA,AI & DS,5
2105206,Jaya Pant,BCA,AI & DS,5
2105207,Ravi Dobhal,BCA,AI & DS,5
2105208,Himanshu Dimri,BCA,AI & DS,5
2105209,Shreya Rajput,BCA,AI & DS,5
2105210,Rajat Joshi,BCA,AI & DS,5
2105212,Ishita Aggarwal,BCA,AI & DS,5
2105213,Himanshu Rastogi,BCA,AI & DS,5
2105214,Kunal Negi,BCA,AI & DS,5
2105215,Vandana Tripathi,BCA,AI & DS,4
2105216,Bhumika Sati,BCA,AI & DS,5
2105217,Mehak Sethi,BCA,AI & DS,5
2105218,Srishti Chamoli,BCA,AI & DS,5
2105219,Anchal Kumar,BCA,AI & DS,5
2105220,Akash Trivedi,BCA,AI & DS,5
2105221,Soumya Bijalwan,BCA,AI & DS,5
2105222,Ankita Rathi,BCA,AI & DS,5
2105223,Yuvraj Gusain,BCA,AI & DS,5
2105224,Akshay Dobhal,BCA,AI & DS,5
2105225,Sakshi Mehta,BCA,AI & DS,5
2105226,Sahil Raturi,BCA,AI & DS,5
2105228,Parth Yadav,BCA,AI & DS,5
2105229,Sumit Rawal,BCA,AI & DS,5
2105230,Manish Joshi,BCA,AI & DS,5
2105231,Rakesh Rawal,BCA,AI & DS,5
2105232,Manav Tandon,BCA,AI & DS,5
2105233,Varun Singh,BCA,AI & DS,5
2105234,Bhavya Thakur,BCA,AI & DS,5
2105235,Jaya Chauhan,BCA,AI & DS,5
2105236,Chetan Khanduri,BCA,AI & DS,5
2105237,Akanksha Bansal,BCA,AI & DS,5
2105238,Vansh Gusain,BCA,AI & DS,5
2105239,Tanmay Rajput,BCA,AI & DS,5
2105240,Ankit Kapoor,BCA,AI & DS,5
2105241,Anjali Kashyap,BCA,AI & DS,5
2105242,Keshav Walia,BCA,AI & DS,5
2105243,Deepak Tomar,BCA,AI & DS,5
2105244,Gunjan Maurya,BCA,AI & DS,5
2105245,Karan Negi,BCA,AI & DS,5
2105246,Navya Semwal,BCA,AI & DS,5
2105247,Jiya Rawal,BCA,AI & DS,5
2105248,Abhay Vats,BCA,AI & DS,5
2105249,Shubham Kimothi,BCA,AI & DS,5
2105250,Rohit Yadav,BCA,AI & DS,5
2105251,Sahil Pant,BCA,AI & DS,5
2105252,Tanishq Badoni,BCA,AI & DS,5
2105253,Sonal Garg,BCA,AI & DS,5
2105255,Rakesh Garg,BCA,AI & DS,5
2105256,Anshika Gusain,BCA,AI & DS,5
2105257,Vivek Bisht,BCA,AI & DS,5
2105258,Ashish Goel,BCA,AI & DS,5
2105259,Manav Jain,BCA,AI & DS,5
2105260,Mahima Jain,BCA,AI & DS,5
2105261,Ayush Sood,BCA,AI & DS,5
2105262,Palak Bahuguna,BCA,AI & DS,5
2105263,Manish Pathak,BCA,AI & DS,5
2105264,Apoorva Aggarwal,BCA,AI & DS,5
2105265,Gautam Tripathi,BCA,AI & DS,5
2105266,Uday Verma,BCA,AI & DS,5
2105267,Pranav Malhotra,BCA,AI & DS,5
2105268,Mansi Bhandula,BCA,AI & DS,5
2105270,Sara Mehta,BCA,AI & DS,5
2105271,Preeti Saini,BCA,AI & DS,5
2105272,Akanksha Bajaj,BCA,AI & DS,5
2105273,Vipul Tomar,BCA,AI & DS,5
2105274,Vansh Arora,BCA,AI & DS,5
2105275,Bhavya Yadav,BCA,AI & DS,5
2105276,Ira Goswami,BCA,AI & DS,5
2105277,Kriti Goel,BCA,AI & DS,5
2105278,Harsh Arora,BCA,AI & DS,5
2105279,Raj Khurana,BCA,AI & DS,5
2105280,Arnav Rastogi,BCA,AI & DS,5
2105281,Tarun Bajaj,BCA,AI & DS,5
2105282,Nidhi Rajput,BCA,AI & DS,5
2105283,Manish Mittal,BCA,AI & DS,5
2105286,Garima Sati,BCA,AI & DS,5
2105287,Srishti Vats,BCA,AI & DS,5
2105288,Diksha Patel,BCA,AI & DS,5
2105290,Arpit Khurana,BCA,AI & DS,5
2105291,Nidhi Chaudhary,BCA,AI & DS,5
2105292,Vaibhav Goel,BCA,AI & DS,5
2105293,Samarth Yadav,BCA,AI & DS,5
2105294,Raj Maurya,BCA,AI & DS,5
2105295,Anushka Tandon,BCA,AI & DS,5
2105296,Muskan Chaudhary,BCA,AI & DS,5
2105297,Deepika Jain,BCA,AI & DS,5
2105298,Sara Gaur,BCA,AI & DS,5
2105299,Rakesh Anand,BCA,AI & DS,5
2105300,Ashish Sharma,BCA,AI & DS,4
2105301,Mahima Panwar,BCA,AI & DS,5
2105302,Gaurav Badoni,BCA,AI & DS,5
2105303,Anushka Pathak,BCA,AI & DS,5
2105304,Sandeep Pundir,BCA,AI & DS,5
2105305,Dev Dangwal,BCA,AI & DS,5
2105306,Mahima Goswami,BCA,AI & DS,5
2105307,Nandini Uniyal,BCA,AI & DS,5
2105308,Aditi Pant,BCA,AI & DS,5
2105309,Sara Mehra,BCA,AI & DS,5
2105310,Bhavya Nainwal,BCA,AI & DS,5
2105311,Neha Lal,BCA,AI & DS,5
2105312,Kriti Saxena,BCA,AI & DS,5
2105313,Ojas Nagi,BCA,AI & DS,5
2105314,Vivek Bahuguna,BCA,AI & DS,5
2105315,Vaishnavi Tomar,BCA,AI & DS,5
2105316,Samarth Mahajan,BCA,AI & DS,5
2105317,Vikram Rathi,BCA,AI & DS,5
2105318,Akshay Bhatt,BCA,AI & DS,5
2105319,Sanket Sethi,BCA,AI & DS,5
2105320,Riya Goswami,BCA,AI & DS,5
2105321,Rohit Vats,BCA,AI & DS,5
2105322,Anuj Rawat,BCA,AI & DS,5
2105323,Komal Bhandari,BCA,AI & DS,5
2105325,Yamini Vats,BCA,AI & DS,5
2105326,Parth Garg,BCA,AI & DS,5
2105327,Sanchi Parmar,BCA,AI & DS,5
2105329,Anshika Mehra,BCA,AI & DS,5
2105330,Amit Agarwal,BCA,AI & DS,4
2105331,Surbhi Sati,BCA,AI & DS,5
2105332,Jatin Bahuguna,BCA,AI & DS,5
2105333,Tripti Rawal,BCA,AI & DS,5
2105334,Priya Trivedi,BCA,AI & DS,5
2105335,Aarav Bisht,BCA,AI & DS,5
2105336,Sanya Uniyal,BCA,AI & DS,5
2105337,Chaitanya Chamoli,BCA,AI & DS,5
2105338,Surbhi Bansal,BCA,AI & DS,4
2105339,Akanksha Thakur,BCA,AI & DS,5
2105340,Gaurav Thakur,BCA,AI & DS,5
2105341,Meera Pant,BCA,AI & DS,5
2105342,Raghav Sethi,BCA,AI & DS,5
2105343,Ishaan Rathi,BCA,AI & DS,5
2105344,Navya Arora,BCA,AI & DS,5
2105346,Sara Tripathi,BCA,AI & DS,5
2105347,Meera Joshi,BCA,AI & DS,5
2105348,Komal Bansal,BCA,AI & DS,5
2105349,Arjun Pathak,BCA,AI & DS,5
2105350,Prachi Dabral,BCA,AI & DS,5
2105351,Ojas Vats,BCA,AI & DS,5
2105352,Lakshya Mishra,BCA,AI & DS,5
2105353,Dhruv Sinha,BCA,AI & DS,5
2105354,Palak Parmar,BCA,AI & DS,5
2105355,Aditya Verma,BCA,AI & DS,5
2105356,Gautam Soni,BCA,AI & DS,5
2105357,Ojas Thapliyal,BCA,AI & DS,4
2105358,Vandana Juyal,BCA,AI & DS,5
2105359,Ayush Dimri,BCA,AI & DS,5
2105360,Yuvraj Kothari,BCA,AI & DS,5
2105361,Sumit Rawat,BCA,AI & DS,5
2105362,Akshay Chauhan,BCA,AI & DS,5
2105363,Srishti Garg,BCA,AI & DS,5
2105364,Rakesh Dabral,BCA,AI & DS,5
2105365,Aditi Rajput,BCA,AI & DS,5
2105366,Ashish Gaur,BCA,AI & DS,5
2105367,Muskan Saxena,BCA,AI & DS,5
2105368,Gaurav Chauhan,BCA,AI & DS,5
2105369,Manish Rana,BCA,AI & DS,5
2105370,Kartik Arora,BCA,AI & DS,5
2105371,Ajay Semwal,BCA,AI & DS,5
2105372,Deepak Chauhan,BCA,AI & DS,5
2105374,Deepika Rajput,BCA,AI & DS,5
2105375,Devansh Mehra,BCA,AI & DS,5
2105376,Mayank Tiwari,BCA,AI & DS,5
2105377,Vipul Mehta,BCA,AI & DS,5
2105378,Payal Negi,BCA,AI & DS,5
2105379,Sara Kimothi,BCA,AI & DS,5
2105380,Arnav Kukreti,BCA,AI & DS,5
2105381,Sakshi Walia,BCA,AI & DS,5
2105382,Laksh Bhardwaj,BCA,AI & DS,5
2105383,Shagun Jain,BCA,AI & DS,5
2105384,Divya Patel,BCA,AI & DS,5
2105385,Rahul Patel,BCA,AI & DS,5
2105386,Yashika Kashyap,BCA,AI & DS,5
2105387,Devansh Saxena,BCA,AI & DS,5
2105388,Ayush Basu,BCA,AI & DS,5
2105389,Lakshya Rana,BCA,AI & DS,5
2105390,Arjun Lal,BCA,AI & DS,5
2105391,Gautam Dhiman,BCA,AI & DS,5
2105392,Tushar Pandey,BCA,AI & DS,5
2105393,Kavya Parmar,BCA,AI & DS,5
2105394,Lakshya Lal,BCA,AI & DS,5
2105395,Vikas Arora,BCA,AI & DS,5
2105396,Kabir Panwar,BCA,AI & DS,5
2105397,Raghav Rastogi,BCA,AI & DS,5
2105398,Madhav Anand,BCA,AI & DS,5
2105399,Ashutosh Sati,BCA,AI & DS,5
2105401,Mahima Mishra,BCA,AI & DS,5
2105402,Rahul Kumar,BCA,AI & DS,5
2105403,Divya Goel,BCA,AI & DS,5
2105404,Aditya Rawat,BCA,AI & DS,5
2105405,Omkar Patel,BCA,AI & DS,5
2105406,Eshaan Tiwari,BCA,AI & DS,5
2105407,Manav Basu,BCA,AI & DS,5
2105408,Kabir Chopra,BCA,AI & DS,5
2105409,Neha Tomar,BCA,AI & DS,5
2105410,Vidhi Barthwal,BCA,AI & DS,5
2105411,Vandana Kumar,BCA,AI & DS,5
2105412,Udit Sood,BCA,AI & DS,5
2105413,Manish Bisht,BCA,AI & DS,5
2105414,Rishabh Patel,BCA,AI & DS,5
2105415,Amisha Nanda,BCA,AI & DS,5
2105416,Sanjana Tandon,BCA,AI & DS,5
2105417,Kartik Sharma,BCA,AI & DS,5
2105418,Akshay Uniyal,BCA,AI & DS,5
2105419,Manish Uniyal,BCA,AI & DS,5
2105420,Kavya Bajaj,BCA,AI & DS,5
2105421,Ojas Khurana,BCA,AI & DS,5
2105422,Shalini Walia,BCA,AI & DS,5
2105423,Navya Patel,BCA,AI & DS,5
2105424,Suhani Pokhriyal,BCA,AI & DS,5
2105425,Ayush Walia,BCA,AI & DS,5
2105426,Neha Uniyal,BCA,AI & DS,5
2105427,Sarthak Mittal,BCA,AI & DS,5
2105429,Vidhi Oberoi,BCA,AI & DS,5
2105430,Sanjana Rathi,BCA,AI & DS,5
2105431,Vandana Chauhan,BCA,AI & DS,5
2105432,Prateek Khurana,BCA,AI & DS,5
2105433,Riya Mehra,BCA,AI & DS,5
2105434,Arjun Gupta,BCA,AI & DS,5
2105435,Mehak Dhiman,BCA,AI & DS,5
2105436,Ajay Barthwal,BCA,AI & DS,5
2105437,Mansi Srivastava,BCA,AI & DS,4
2105438,Gautam Raturi,BCA,AI & DS,5
2105439,Raghav Raturi,BCA,AI & DS,5
2105440,Srishti Thapliyal,BCA,AI & DS,5
2105441,Karan Bajaj,BCA,AI & DS,5
2105443,Prachi Bhandari,BCA,AI & DS,5
2105444,Yamini Sood,BCA,AI & DS,5
2105445,Kartik Raturi,BCA,AI & DS,5
2105447,Omkar Saini,BCA,AI & DS,5
2105448,Tanishq Panwar,BCA,AI & DS,5
2105449,Akshay Rathi,BCA,AI & DS,5
2105450,Ruchi Rastogi,BCA,AI & DS,4
2105451,Shalini Chauhan,BCA,AI & DS,5
2105452,Hardik Nautiyal,BCA,AI & DS,5
2105453,Sandeep Rawal,BCA,AI & DS,5
2105454,Disha Bhandari,BCA,AI & DS,5
2105455,Gayatri Tripathi,BCA,AI & DS,5
2105456,Nandini Anand,BCA,AI & DS,5
2105457,Yamini Maithani,BCA,AI & DS,5
2105458,Muskan Kothari,BCA,AI & DS,5
2105460,Riya Juyal,BCA,AI & DS,5
2105461,Sarthak Kimothi,BCA,AI & DS,5
2105462,Rohan Pokhriyal,BCA,AI & DS,5
2105463,Deepika Trivedi,BCA,AI & DS,5
2105464,Rajat Bansal,BCA,AI & DS,5
2105466,Raghav Rawal,BCA,AI & DS,5
2105467,Sneha Rawat,BCA,AI & DS,5
2105468,Akshay Gusain,BCA,AI & DS,5
2105469,Diksha Chauhan,BCA,AI & DS,5
2105470,Pranav Rajput,BCA,AI & DS,5
2105471,Yamini Lal,BCA,AI & DS,5
2105472,Deepika Pathak,BCA,AI & DS,5
2105473,Kavya Dobhal,BCA,AI & DS,5
2105475,Sagar Chamoli,BCA,AI & DS,5
2105476,Ankit Dangwal,BCA,AI & DS,5
2105477,Mayank Pant,BCA,AI & DS,5
2105478,Bhumika Mehta,BCA,AI & DS,5
2105479,Payal Mehra,BCA,AI & DS,5
2105480,Uday Bajaj,BCA,AI & DS,5
2105481,Shubham Bhardwaj,BCA,AI & DS,5
2105483,Payal Gupta,BCA,AI & DS,4
2105484,Gautam Gaur,BCA,AI & DS,5
2105485,Aryan Nautiyal,BCA,AI & DS,5
2105487,Bhumika Maurya,BCA,AI & DS,5
2105488,Jatin Pokhriyal,BCA,AI & DS,4
2105490,Lakshya Sood,BCA,AI & DS,5
2105492,Saurabh Chaudhary,BCA,AI & DS,4
2105601,Garima Bisht,BCA,General,3
2105602,Rahul Semwal,BCA,General,3
2105605,Sanjana Rautela,BCA,General,3
2105606,Sneha Soni,BCA,General,3
2105607,Palak Kukreti,BCA,General,3
2105608,Simran Rathi,BCA,General,3
2105609,Kamal Basu,BCA,General,3
2105610,Nisha Basu,BCA,General,3
2105611,Vinay Srivastava,BCA,General,3
2105613,Omkar Bhandari,BCA,General,3
2105614,Devansh Bisht,BCA,General,3
2105615,Saurabh Saini,BCA,General,3
2105616,Arjun Badoni,BCA,General,3
2105617,Nandini Srivastava,BCA,General,3
2105619,Akshay Patel,BCA,General,3
2105620,Madhav Walia,BCA,General,3
2105621,Yogesh Bansal,BCA,General,3
2105622,Soumya Oberoi,BCA,General,3
2105623,Shubham Mishra,BCA,General,3
2105624,Varun Bansal,BCA,General,3
2105625,Naveen Anand,BCA,General,3
2105626,Sagar Mishra,BCA,General,3
2105627,Vaibhav Parmar,BCA,General,3
2105628,Pranav Chaudhary,BCA,General,3
2105629,Ansh Barthwal,BCA,General,3
2105630,Sakshi Mehra,BCA,General,3
2105631,Ankita Tandon,BCA,General,3
2105632,Mayank Kukreti,BCA,General,3
2105633,Himanshu Vats,BCA,General,3
2105634,Chaitanya Dhiman,BCA,General,3
2105635,Pranav Tomar,BCA,General,3
2105636,Yamini Gaur,BCA,General,3
2105637,Dev Goel,BCA,General,3
2105638,Hardik Agarwal,BCA,General,3
2105639,Tarun Mehra,BCA,General,3
2105640,Yuvraj Joshi,BCA,General,3
2105641,Sanchi Badoni,BCA,General,3
2105642,Vikas Soni,BCA,General,3
2105643,Sanjana Juyal,BCA,General,3
2105644,Shivani Bahuguna,BCA,General,3
2105645,Udit Sharma,BCA,General,3
2105646,Navya Sati,BCA,General,3
2105647,Naman Rawat,BCA,General,3
2105648,Vipul Tripathi,BCA,General,3
2105649,Sneha Bisht,BCA,General,3
2105650,Kamal Aggarwal,BCA,General,3
2105651,Sakshi Chaudhary,BCA,General,2
2105652,Mansi Bijalwan,BCA,General,3
2105653,Charvi Sinha,BCA,General,3
2105654,Karan Verma,BCA,General,3
2105655,Ojas Parmar,BCA,General,3
2105658,Ayush Arora,BCA,General,3
2105659,Sneha Uniyal,BCA,General,3
2105660,Amit Bisht,BCA,General,3
2105661,Deepika Nanda,BCA,General,3
2105662,Tarun Mishra,BCA,General,3
2105663,Vikas Gupta,BCA,General,3
2105664,Tanishq Nagi,BCA,General,3
2105665,Komal Sharma,BCA,General,3
2105666,Saloni Srivastava,BCA,General,3
2105667,Prateek Raturi,BCA,General,3
2105668,Ajay Khanduri,BCA,General,3
2105669,Naman Saxena,BCA,General,3
2105670,Mahima Rautela,BCA,General,3
2105671,Kriti Malhotra,BCA,General,3
2105672,Palak Kandpal,BCA,General,3
2105673,Dev Maithani,BCA,General,3
2105674,Kajal Nainwal,BCA,General,3
2105676,Anchal Bhatt,BCA,General,3
2105677,Anmol Tomar,BCA,General,3
2105678,Apoorva Patel,BCA,General,3
2105679,Rohan Bhardwaj,BCA,General,3
2105680,Gayatri Gaur,BCA,General,3
2105682,Sakshi Mittal,BCA,General,3
2105683,Amit Dabral,BCA,General,3
2105684,Deepika Rastogi,BCA,General,3
2105685,Himanshu Trivedi,BCA,General,3
2105687,Keshav Gusain,BCA,General,3
2105688,Kunal Sethi,BCA,General,3
2105689,Sagar Mittal,BCA,General,3
2105690,Prateek Panwar,BCA,General,3
2105691,Yogesh Tomar,BCA,General,3
2105692,Priyanka Tripathi,BCA,General,3
2105693,Udit Srivastava,BCA,General,3
2105694,Akshay Tiwari,BCA,General,3
2105695,Siddharth Pokhriyal,BCA,General,3
2105696,Pallavi Rathi,BCA,General,3
2105697,Ojas Thakur,BCA,General,3
2105698,Navya Gaur,BCA,General,3
2105699,Pranav Nautiyal,BCA,General,3
2105700,Kunal Semwal,BCA,General,3
2105701,Raghav Sinha,BCA,General,3
2105702,Yuvraj Basu,BCA,General,3
2105703,Udit Gaur,BCA,General,3
2105704,Sachin Panwar,BCA,General,3
2105705,Yamini Rajput,BCA,General,3
2105706,Ishaan Nainwal,BCA,General,3
2105707,Pooja Rana,BCA,General,3
2105708,Neha Kandpal,BCA,General,3
2105709,Arjun Maithani,BCA,General,3
2105710,Aryan Arora,BCA,General,3
2105711,Hardik Dabral,BCA,General,3
2105712,Naveen Nanda,BCA,General,3
2105713,Vipul Sethi,BCA,General,3
2105714,Lakshya Kumar,BCA,General,3
2105715,Harshita Uniyal,BCA,General,3
2105717,Vikram Dobhal,BCA,General,3
2105718,Jatin Bhatt,BCA,General,3
2105719,Aditya Saxena,BCA,General,3
2105721,Kabir Basu,BCA,General,3
2105722,Abhinav Goswami,BCA,General,3
2105723,Rakesh Kumar,BCA,General,3
2105724,Gayatri Tiwari,BCA,General,2
2105725,Rajat Maithani,BCA,General,3
2105726,Neha Aggarwal,BCA,General,3
2105727,Rohit Nanda,BCA,General,3
2105728,Aman Pandey,BCA,General,3
2105729,Shivam Thakur,BCA,General,3
2105730,Muskan Tomar,BCA,General,3
2105731,Vidhi Semwal,BCA,General,3
2105732,Keshav Nanda,BCA,General,3
2105733,Tripti Sinha,BCA,General,3
2105734,Payal Singh,BCA,General,3
2105735,Abhay Thakur,BCA,General,3
2105736,Aishwarya Chopra,BCA,General,3
2105737,Aryan Nainwal,BCA,General,3
2105738,Ayush Kumar,BCA,General,3
2105739,Anjali Bhardwaj,BCA,General,3
2105740,Prateek Dhiman,BCA,General,3
2105741,Karan Chamoli,BCA,General,3
2105742,Gautam Juyal,BCA,General,3
2105743,Akash Sinha,BCA,General,2
2105744,Vansh Pokhriyal,BCA,General,3
2105745,Vaishnavi Kapoor,BCA,General,3
2105746,Sarthak Sati,BCA,General,3
2105747,Tarun Bijalwan,BCA,General,3
2105748,Divya Khanduri,BCA,General,3
2105749,Pallavi Malhotra,BCA,General,3
2105750,Shivam Singh,BCA,General,3
2105751,Kunal Sood,BCA,General,3
2105752,Ayush Patel,BCA,General,3
2105753,Arnav Srivastava,BCA,General,2
2105754,Vishal Gupta,BCA,General,3
2105755,Raghav Parmar,BCA,General,3
2105756,Ishaan Agarwal,BCA,General,3
2105757,Kartik Saxena,BCA,General,3
2105758,Raghav Anand,BCA,General,3
2105760,Aditya Maithani,BCA,General,3
2105761,Mehak Rajput,BCA,General,3
2105762,Ananya Juyal,BCA,General,3
2105763,Tanvi Rajput,BCA,General,3
2105764,Payal Kashyap,BCA,General,3
2105765,Tanmay Mehra,BCA,General,3
2105766,Shagun Dobhal,BCA,General,3
2105767,Ansh Kashyap,BCA,General,3
2105768,Alok Chaudhary,BCA,General,3
2105769,Arjun Kimothi,BCA,General,3
2105770,Gayatri Patel,BCA,General,3
2105771,Saurabh Kothari,BCA,General,3
2105772,Jiya Tomar,BCA,General,3
2105773,Gautam Bansal,BCA,General,3
2105774,Gayatri Oberoi,BCA,General,3
2105775,Saloni Mishra,BCA,General,3
2105776,Tripti Mishra,BCA,General,3
2105777,Raghav Oberoi,BCA,General,3
2105778,Vipul Nanda,BCA,General,3
2105779,Ananya Pandey,BCA,General,2
2105780,Hardik Nainwal,BCA,General,3
2105781,Anchal Bhandari,BCA,General,3
2105782,Vinay Juyal,BCA,General,3
2105783,Priya Negi,BCA,General,3
2105784,Aarav Pokhriyal,BCA,General,3
2105785,Kabir Badoni,BCA,General,3
2105786,Palak Gaur,BCA,General,3
2105787,Pulkit Maithani,BCA,General,3
2105788,Shruti Badoni,BCA,General,3
2105789,Mansi Kothari,BCA,General,3
2105790,Akanksha Singh,BCA,General,3
2105791,Rishabh Kumar,BCA,General,3
2105792,Manish Bijalwan,BCA,General,3
2105793,Kriti Nautiyal,BCA,General,3
2105794,Sumit Dhiman,BCA,General,3
2105795,Disha Rautela,BCA,General,3
2105796,Sahil Bhardwaj,BCA,General,3
2105797,Vikram Chopra,BCA,General,3
2105799,Ashutosh Jain,BCA,General,3
2105800,Gayatri Rawal,BCA,General,3
2105801,Sakshi Joshi,BCA,General,3
2105802,Akash Dangwal,BCA,General,3
2105803,Anushka Tripathi,BCA,General,3
2105804,Hemant Nautiyal,BCA,General,3
2105805,Alok Singh,BCA,General,3
2105806,Sahil Sinha,BCA,General,3
2105807,Kabir Tandon,BCA,General,3
2105808,Udit Goel,BCA,General,3
2105809,Gunjan Sati,BCA,General,3
2105810,Tushar Rathi,BCA,General,3
2105811,Garima Sinha,BCA,General,3
2105812,Akanksha Uniyal,BCA,General,3
2105813,Surbhi Dhiman,BCA,General,3
2105814,Navya Chaudhary,BCA,General,3
2105815,Aman Kandpal,BCA,General,3
2105816,Deepak Srivastava,BCA,General,3
2105817,Manish Panwar,BCA,General,3
2105818,Chaitanya Panwar,BCA,General,3
2105820,Nikhil Sharma,BCA,General,3
2105821,Laksh Agarwal,BCA,AI & DS,3
2105822,Gaurav Patel,BCA,General,3
2105824,Tanishq Barthwal,BCA,General,3
2105825,Navya Rastogi,BCA,General,3
2105826,Ruchi Thapliyal,BCA,General,3
2105827,Surbhi Negi,BCA,General,3
2105828,Pulkit Pundir,BCA,General,3
2105829,Bhavya Sati,BCA,General,3
2105830,Vipul Mishra,BCA,General,3
2105831,Lavanya Khanduri,BCA,General,3
2105832,Charvi Dangwal,BCA,General,3
2105833,Vedant Dubey,BCA,General,3
2105834,Nisha Dhiman,BCA,General,3
2105835,Divya Bhandari,BCA,General,2
2105836,Vidhi Khurana,BCA,General,3
2105837,Rakesh Bajaj,BCA,General,3
2105838,Akshay Rawat,BCA,General,3
2105839,Priya Pandey,BCA,General,3
2105840,Amisha Lal,BCA,General,3
2105841,Ishaan Kothari,BCA,General,3
2105842,Ananya Trivedi,BCA,General,3
2105843,Lavanya Mehta,BCA,General,3
2105844,Ashutosh Dabral,BCA,General,3
2105845,Chaitanya Pant,BCA,General,3
2105846,Shruti Bhardwaj,BCA,General,3
2105847,Gautam Negi,BCA,General,3
2105848,Rohit Dobhal,BCA,General,3
2105849,Sonal Aggarwal,BCA,General,3
2105850,Siddharth Bisht,BCA,General,3
2105851,Ayush Mahajan,BCA,General,3
2105852,Omkar Chamoli,BCA,General,3
2105853,Naman Lal,BCA,General,3
2105854,Tanvi Tandon,BCA,General,3
2105855,Rudra Uniyal,BCA,General,3
2105857,Rajat Negi,BCA,General,3
2105858,Tanmay Gupta,BCA,General,3
2105859,Vinay Dimri,BCA,General,3
2105860,Tanishq Pundir,BCA,General,3
2105861,Muskan Goel,BCA,General,3
2105862,Dev Chaudhary,BCA,General,3
2105863,Ashish Bahuguna,BCA,General,3
2105864,Sandeep Agarwal,BCA,General,3
2105865,Neha Nautiyal,BCA,General,3
2105866,Eshaan Sinha,BCA,General,3
2105867,Tanvi Dimri,BCA,General,3
2105868,Ansh Gupta,BCA,General,3
2105871,Ashutosh Bhandari,BCA,General,3
2105872,Riya Chaudhary,BCA,General,3
2105874,Manav Srivastava,BCA,General,3
2105875,Rohan Kukreti,BCA,General,3
2105876,Kabir Saini,BCA,General,5
2105877,Ankit Chauhan,BCA,General,3
2105878,Sumit Kimothi,BCA,General,3
2105880,Preeti Sinha,BCA,General,3
2105882,Dhruv Dobhal,BCA,General,3
2105883,Vikas Tomar,BCA,General,3
2105884,Vedant Chauhan,BCA,General,3
2105885,Aishwarya Rathi,BCA,General,3
2105886,Vivek Gusain,BCA,General,3
2105911,Nidhi Panwar,BCA,Cyber Security,3
2105912,Aarav Bijalwan,BCA,Cyber Security,3
2105913,Hemant Chamoli,BCA,Cyber Security,3
2105914,Kriti Verma,BCA,Cyber Security,3
2105915,Meera Chaudhary,BCA,Cyber Security,3
2105916,Saurabh Bhandula,BCA,Cyber Security,3
2105917,Anmol Trivedi,BCA,Cyber Security,3
2105918,Aryan Bajaj,BCA,Cyber Security,3
2105919,Kunal Gupta,BCA,Cyber Security,3
2105920,Archit Bhatt,BCA,Cyber Security,3
2105921,Rakesh Rautela,BCA,Cyber Security,3
2105922,Mridul Sood,BCA,Cyber Security,3
2105923,Ajay Aggarwal,BCA,Cyber Security,3
2105924,Mayank Kumar,BCA,Cyber Security,3
2105925,Parth Arora,BCA,Cyber Security,3
2105926,Nidhi Verma,BCA,Cyber Security,3
2105927,Pooja Pant,BCA,Cyber Security,3
2105928,Shagun Shukla,BCA,Cyber Security,3
2105929,Yamini Pant,BCA,Cyber Security,3
2105930,Eshaan Vats,BCA,Cyber Security,3
2105931,Vikas Bisht,BCA,Cyber Security,3
2105933,Suhani Soni,BCA,Cyber Security,3
2105934,Ramya Raturi,BCA,Cyber Security,3
2105935,Disha Pokhriyal,BCA,Cyber Security,3
2105936,Himanshu Semwal,BCA,Cyber Security,3
2105937,Gautam Bahuguna,BCA,Cyber Security,3
2105938,Siddharth Pandey,BCA,Cyber Security,3
2105939,Sumit Goswami,BCA,Cyber Security,3
2105940,Saloni Pandey,BCA,Cyber Security,3
2105941,Mayank Pandey,BCA,Cyber Security,3
2105942,Jiya Mishra,BCA,Cyber Security,3
2105943,Vivek Dangwal,BCA,Cyber Security,3
2105944,Gautam Pathak,BCA,Cyber Security,3
2105945,Mayank Sood,BCA,Cyber Security,3
2105946,Ashish Parmar,BCA,Cyber Security,3
2105947,Sandeep Panwar,BCA,Cyber Security,3
2105948,Gaurav Chopra,BCA,Cyber Security,3
2105949,Vansh Joshi,BCA,Cyber Security,3
2105950,Aman Chamoli,BCA,Cyber Security,3
2105951,Nisha Bhardwaj,BCA,Cyber Security,3
2105952,Ira Chamoli,BCA,Cyber Security,3
2105953,Harsh Patel,BCA,Cyber Security,3
2105954,Hardik Goel,BCA,Cyber Security,3
2105955,Pooja Soni,BCA,Cyber Security,3
2105956,Akshay Gupta,BCA,Cyber Security,3
2105957,Kavya Saini,BCA,Cyber Security,3
2105958,Alok Kimothi,BCA,Cyber Security,3
2105959,Gautam Chamoli,BCA,Cyber Security,3
2105960,Sarthak Dhiman,BCA,Cyber Security,3
2105963,Sagar Kandpal,BCA,Cyber Security,3
2105964,Suhani Oberoi,BCA,Cyber Security,3
2105981,Ajay Saxena,BCA,AI & DS,3
2105982,Gayatri Raturi,BCA,AI & DS,3
2105983,Arpit Dangwal,BCA,AI & DS,3
2105984,Aarav Bajaj,BCA,AI & DS,3
2105985,Vivek Bhatt,BCA,AI & DS,3
2105986,Disha Pathak,BCA,AI & DS,3
2105987,Shreya Verma,BCA,AI & DS,3
2105988,Rudra Oberoi,BCA,AI & DS,3
2105989,Anchal Singh,BCA,AI & DS,3
2105990,Anmol Juyal,BCA,AI & DS,3
2105991,Arnav Khurana,BCA,AI & DS,3
2105992,Ojas Singh,BCA,AI & DS,3
2105993,Mehak Kandpal,BCA,AI & DS,3
2105994,Anmol Nainwal,BCA,AI & DS,3
2105995,Pallavi Kothari,BCA,AI & DS,3
2105996,Omkar Maurya,BCA,AI & DS,3
2105997,Pulkit Bhardwaj,BCA,AI & DS,3
2105998,Devansh Rautela,BCA,AI & DS,3
2105999,Kunal Khanduri,BCA,AI & DS,3
2106000,Tripti Dimri,BCA,AI & DS,3
2106001,Sandeep Oberoi,BCA,AI & DS,3
2106002,Saurabh Mehra,BCA,AI & DS,3
2106003,Bhumika Chauhan,BCA,AI & DS,3
2106004,Rakesh Bijalwan,BCA,AI & DS,3
2106005,Surbhi Jain,BCA,AI & DS,3
2106006,Madhav Rautela,BCA,AI & DS,3
2106008,Palak Goswami,BCA,AI & DS,3
2106009,Lavanya Bhandula,BCA,AI & DS,3
2106010,Devansh Garg,BCA,AI & DS,3
2106011,Ajay Kothari,BCA,AI & DS,3
2106012,Ankit Sati,BCA,AI & DS,3
2106013,Aman Kimothi,BCA,AI & DS,3
2106014,Gautam Singh,BCA,AI & DS,3
2106015,Rohan Agarwal,BCA,AI & DS,3
2106016,Neha Walia,BCA,AI & DS,3
2106017,Varun Dubey,BCA,AI & DS,2
2106018,Vikas Dimri,BCA,AI & DS,3
2106019,Bhavya Kashyap,BCA,AI & DS,3
2106020,Kajal Verma,BCA,AI & DS,3
2106021,Harshita Chamoli,BCA,AI & DS,3
2106022,Archit Chauhan,BCA,AI & DS,3
2106023,Aman Barthwal,BCA,AI & DS,3
2106024,Simran Kothari,BCA,AI & DS,3
2106025,Archit Sati,BCA,AI & DS,3
2106027,Rahul Agarwal,BCA,AI & DS,3
2106028,Ajay Nagi,BCA,AI & DS,3
2106030,Aditya Dobhal,BCA,AI & DS,3
2106031,Chaitanya Oberoi,BCA,AI & DS,3
2106032,Ajay Nautiyal,BCA,AI & DS,3
2106033,Ravi Raturi,BCA,AI & DS,3
2106034,Kamal Kimothi,BCA,AI & DS,3
2106035,Shagun Kumar,BCA,AI & DS,3
2106036,Simran Bhardwaj,BCA,AI & DS,3
2106037,Kamal Rana,BCA,AI & DS,3
2106038,Vaibhav Dabral,BCA,AI & DS,3
2106039,Yashika Mehta,BCA,AI & DS,3
2106040,Anchal Kimothi,BCA,AI & DS,3
2106042,Sanchi Pokhriyal,BCA,AI & DS,3
2106043,Aditya Dubey,BCA,AI & DS,3
2106044,Vipul Bhandari,BCA,AI & DS,3
2106045,Hemant Sharma,BCA,AI & DS,3
2106046,Sonal Rautela,BCA,AI & DS,3
2106047,Aditi Bhatt,BCA,AI & DS,3
2106048,Kabir Dangwal,BCA,AI & DS,3
2106049,Tushar Mittal,BCA,AI & DS,3
2106050,Tanvi Pundir,BCA,AI & DS,3
2106051,Tarun Lal,BCA,AI & DS,3
2106052,Pulkit Gupta,BCA,AI & DS,3
2106053,Khushi Saxena,BCA,AI & DS,3
2106054,Raj Dangwal,BCA,AI & DS,3
2106055,Arjun Yadav,BCA,AI & DS,3
2106056,Dev Uniyal,BCA,AI & DS,3
2106057,Shivam Agarwal,BCA,AI & DS,3
2106058,Yamini Sethi,BCA,AI & DS,3
2106059,Priya Tiwari,BCA,AI & DS,3
2106060,Mohit Tandon,BCA,AI & DS,3
2106061,Vedant Pathak,BCA,AI & DS,3
2106062,Arjun Rawat,BCA,AI & DS,3
2106063,Devansh Lal,BCA,AI & DS,3
2106064,Chetan Mishra,BCA,AI & DS,3
2106065,Uday Rana,BCA,AI & DS,3
2106066,Raj Sethi,BCA,AI & DS,3
2106067,Anmol Sharma,BCA,AI & DS,3
2106069,Ashutosh Mehra,BCA,AI & DS,3
2106070,Komal Dobhal,BCA,AI & DS,3
2106071,Parth Nautiyal,BCA,AI & DS,3
2106072,Vandana Rawal,BCA,AI & DS,3
2106073,Siddharth Kumar,BCA,AI & DS,3
2106074,Aditya Khurana,BCA,AI & DS,3
2106075,Aditya Rautela,BCA,AI & DS,3
2106076,Riya Maithani,BCA,AI & DS,3
2106077,Anmol Rajput,BCA,AI & DS,3
2106078,Preeti Nagi,BCA,AI & DS,3
2106079,Naveen Dimri,BCA,AI & DS,3
2106080,Radhika Pundir,BCA,AI & DS,3
2106081,Bhumika Mittal,BCA,AI & DS,3
2106082,Anushka Goswami,BCA,AI & DS,3
2106083,Vansh Vats,BCA,AI & DS,3
2106084,Shruti Gaur,BCA,AI & DS,3
2106085,Deepak Goswami,BCA,AI & DS,3
2106086,Nikhil Panwar,BCA,AI & DS,3
2106087,Jaya Rawal,BCA,AI & DS,3
2106088,Harshita Kandpal,BCA,AI & DS,3
2106089,Archit Panwar,BCA,AI & DS,3
2106090,Yash Oberoi,BCA,AI & DS,3
2106092,Priyanka Rajput,BCA,AI & DS,3
2106093,Laksh Trivedi,BCA,AI & DS,3
2106094,Yashika Khurana,BCA,AI & DS,3
2106095,Amit Kukreti,BCA,AI & DS,3
2106097,Sanya Bansal,BCA,AI & DS,3
2106098,Udit Yadav,BCA,AI & DS,3
2106099,Priya Pathak,BCA,AI & DS,3
2106100,Arpit Verma,BCA,AI & DS,3
2106101,Nandini Khanduri,BCA,AI & DS,3
2106102,Diksha Bansal,BCA,AI & DS,3
2106103,Simran Walia,BCA,AI & DS,3
2106104,Aarav Dubey,BCA,AI & DS,3
2106105,Vansh Bhardwaj,BCA,AI & DS,3
2106106,Chaitanya Dobhal,BCA,AI & DS,3
2106107,Vidhi Rawat,BCA,AI & DS,3
2106108,Archit Bansal,BCA,AI & DS,3
2106109,Harshita Mahajan,BCA,AI & DS,3
2106110,Vaishnavi Trivedi,BCA,AI & DS,3
2106111,Pulkit Bhandula,BCA,AI & DS,3
2106112,Samarth Pant,BCA,AI & DS,3
2106113,Devansh Chauhan,BCA,AI & DS,3
2106114,Aishwarya Rana,BCA,AI & DS,3
2106115,Vansh Khanduri,BCA,AI & DS,3
2106116,Ojas Rajput,BCA,AI & DS,3
2106117,Siddharth Saxena,BCA,AI & DS,3
2106118,Sanchi Rawal,BCA,AI & DS,3
2106119,Ira Trivedi,BCA,AI & DS,3
2106120,Diksha Saxena,BCA,AI & DS,3
2106121,Surbhi Chauhan,BCA,AI & DS,3
2106122,Anchal Juyal,BCA,AI & DS,3
2106123,Rajat Bhardwaj,BCA,AI & DS,3
2106124,Sachin Bajaj,BCA,AI & DS,3
2106125,Parth Dabral,BCA,AI & DS,3
2106126,Yogesh Dubey,BCA,AI & DS,3
2106127,Manish Nainwal,BCA,AI & DS,3
2106128,Ananya Sati,BCA,AI & DS,3
2106129,Siddharth Agarwal,BCA,AI & DS,3
2106130,Anjali Tomar,BCA,AI & DS,3
2106131,Vivek Rana,BCA,AI & DS,3
2106132,Vikram Pundir,BCA,AI & DS,3
2106133,Sarthak Agarwal,BCA,AI & DS,3
2106134,Jatin Maithani,BCA,AI & DS,3
2106135,Sakshi Tiwari,BCA,AI & DS,3
2106136,Saloni Pant,BCA,AI & DS,3
2106137,Kunal Vats,BCA,AI & DS,3
2106138,Ruchi Aggarwal,BCA,AI & DS,3
2106139,Vaishnavi Vats,BCA,AI & DS,3
2106140,Abhinav Verma,BCA,AI & DS,3
2106141,Riya Semwal,BCA,AI & DS,3
2106142,Aditi Dhiman,BCA,AI & DS,3
2106143,Anchal Saxena,BCA,AI & DS,3
2106144,Palak Jain,BCA,AI & DS,3
2106145,Arnav Bhandari,BCA,AI & DS,3
2106146,Suhani Sati,BCA,AI & DS,3
2106147,Ishaan Soni,BCA,AI & DS,3
2106148,Manav Bhandari,BCA,AI & DS,2
2106149,Jiya Tiwari,BCA,AI & DS,3
2106150,Nikhil Pandey,BCA,AI & DS,3
2106151,Tanvi Pokhriyal,BCA,AI & DS,3
2106152,Tripti Nanda,BCA,AI & DS,3
2106153,Shivam Rautela,BCA,AI & DS,3
2106154,Arpit Rautela,BCA,AI & DS,3
2106155,Manish Tandon,BCA,AI & DS,3
2106156,Arnav Barthwal,BCA,AI & DS,3
2106157,Deepika Nainwal,BCA,AI & DS,3
2106159,Madhav Agarwal,BCA,AI & DS,3
2106160,Himanshu Sethi,BCA,AI & DS,3
2106161,Rakesh Tandon,BCA,AI & DS,3
2106162,Aditya Patel,BCA,AI & DS,3
2106163,Shruti Mahajan,BCA,AI & DS,3
2106164,Saloni Mehra,BCA,AI & DS,3
2106165,Srishti Anand,BCA,AI & DS,3
2106166,Sahil Kapoor,BCA,AI & DS,3
2106167,Kavya Maithani,BCA,AI & DS,3
2106168,Anushka Patel,BCA,AI & DS,3
2106169,Rajat Chaudhary,BCA,AI & DS,3
2106170,Yashika Jain,BCA,AI & DS,3
2106171,Vipul Patel,BCA,AI & DS,3
2106172,Tanishq Chauhan,BCA,AI & DS,3
2106173,Ojas Uniyal,BCA,AI & DS,3
2106174,Amit Rastogi,BCA,AI & DS,3
2106175,Neha Maithani,BCA,AI & DS,3
2106176,Rahul Panwar,BCA,AI & DS,2
2106177,Vidhi Bisht,BCA,AI & DS,3
2106178,Shivam Bisht,BCA,AI & DS,3
2106179,Sachin Kumar,BCA,AI & DS,3
2106180,Manish Bansal,BCA,AI & DS,3
2106181,Omkar Dhiman,BCA,AI & DS,3
2106182,Vedant Sethi,BCA,AI & DS,3
2106183,Ramya Trivedi,BCA,AI & DS,3
2106184,Sonal Barthwal,BCA,AI & DS,3
2106185,Dev Lal,BCA,AI & DS,3
2106186,Tanishq Chamoli,BCA,AI & DS,3
2106187,Yuvraj Kapoor,BCA,AI & DS,3
2106188,Abhay Chamoli,BCA,AI & DS,3
2106189,Ojas Pathak,BCA,AI & DS,3
2106190,Arnav Saini,BCA,AI & DS,3
2106191,Riya Rajput,BCA,AI & DS,3
2106192,Yash Semwal,BCA,AI & DS,3
2106193,Aditya Uniyal,BCA,AI & DS,3
2106194,Pranav Maurya,BCA,AI & DS,3
2106195,Prachi Bijalwan,BCA,AI & DS,3
2106196,Bhavya Nanda,BCA,AI & DS,3
2106197,Naveen Pokhriyal,BCA,AI & DS,3
2106198,Diksha Lal,BCA,AI & DS,3
2106199,Sakshi Patel,BCA,AI & DS,3
2106200,Sahil Maithani,BCA,AI & DS,3
2106202,Aarav Panwar,BCA,AI & DS,3
2106203,Divya Malhotra,BCA,AI & DS,3
2106204,Shivam Mahajan,BCA,AI & DS,3
2106205,Anushka Tomar,BCA,AI & DS,3
2106206,Mohit Raturi,BCA,AI & DS,3
2106207,Tanishq Gaur,BCA,AI & DS,3
2106208,Udit Juyal,BCA,AI & DS,3
2106209,Ishita Srivastava,BCA,AI & DS,3
2106210,Vishal Bhandari,BCA,AI & DS,3
2106211,Saloni Maurya,BCA,AI & DS,3
2106212,Sandeep Bisht,BCA,AI & DS,3
2106213,Dev Pathak,BCA,AI & DS,3
2106214,Mansi Bajaj,BCA,AI & DS,3
2106215,Sneha Sati,BCA,AI & DS,3
2106216,Dhruv Garg,BCA,AI & DS,3
2106217,Vikas Bajaj,BCA,AI & DS,3
2106218,Sanchi Bisht,BCA,AI & DS,3
2106219,Nidhi Barthwal,BCA,AI & DS,3
2106220,Sneha Negi,BCA,AI & DS,3
2106221,Manish Chaudhary,BCA,AI & DS,3
2106222,Nisha Nagi,BCA,AI & DS,3
2106224,Gaurav Malhotra,BCA,AI & DS,3
2106225,Saurabh Tomar,BCA,AI & DS,3
2106226,Riya Saxena,BCA,AI & DS,3
2106227,Yash Saxena,BCA,AI & DS,3
2106228,Gunjan Barthwal,BCA,AI & DS,3
2106229,Sonal Mehra,BCA,AI & DS,3
2106230,Ishita Kashyap,BCA,AI & DS,3
2106231,Shagun Thapliyal,BCA,AI & DS,3
2106232,Omkar Jain,BCA,AI & DS,3
2106233,Sumit Vats,BCA,AI & DS,3
2106234,Manav Aggarwal,BCA,AI & DS,3
2106235,Nandini Verma,BCA,AI & DS,3
2106236,Vikas Joshi,BCA,AI & DS,3
2106237,Ashutosh Mittal,BCA,AI & DS,3
2106238,Tanvi Soni,BCA,AI & DS,3
2106239,Abhinav Sati,BCA,AI & DS,3
2106240,Shruti Bijalwan,BCA,AI & DS,3
2106241,Raj Kapoor,BCA,AI & DS,3
2106242,Anshika Saini,BCA,AI & DS,3
2106243,Laksh Walia,BCA,AI & DS,3
2106244,Ankita Mahajan,BCA,AI & DS,3
2106245,Raj Kimothi,BCA,AI & DS,3
2106246,Aman Kumar,BCA,AI & DS,3
2106247,Anchal Kashyap,BCA,AI & DS,3
2106248,Mohit Garg,BCA,AI & DS,3
2106249,Tanishq Nanda,BCA,AI & DS,3
2106250,Tarun Singh,BCA,AI & DS,3
2106251,Siddharth Tiwari,BCA,AI & DS,3
2106252,Uday Uniyal,BCA,AI & DS,3
2106253,Archit Bijalwan,BCA,AI & DS,3
2106254,Soumya Maithani,BCA,AI & DS,3
2106255,Sandeep Semwal,BCA,AI & DS,3
2106256,Sagar Tomar,BCA,AI & DS,3
2106257,Navya Khanduri,BCA,AI & DS,3
2106258,Ananya Bhatt,BCA,AI & DS,3
2106259,Arpit Rathi,BCA,AI & DS,3
2106260,Nitin Uniyal,BCA,AI & DS,3
2106262,Omkar Rajput,BCA,AI & DS,3
2106263,Sara Malhotra,BCA,AI & DS,3
2106264,Nikhil Kashyap,BCA,AI & DS,3
2106265,Ramya Nanda,BCA,AI & DS,3
2106266,Ankit Dabral,BCA,AI & DS,3
2106267,Abhinav Thakur,BCA,AI & DS,3
2106268,Uday Gupta,BCA,AI & DS,3
2106269,Jiya Khanduri,BCA,AI & DS,3
2106270,Akash Bajaj,BCA,AI & DS,3
2106271,Jaya Sinha,BCA,AI & DS,3
2106272,Vishal Mishra,BCA,AI & DS,3
2106273,Vishal Kapoor,BCA,AI & DS,3
2106274,Harsh Bhatt,BCA,AI & DS,3
2106275,Srishti Thakur,BCA,AI & DS,3
2106276,Chetan Oberoi,BCA,AI & DS,3
2106277,Jatin Kimothi,BCA,AI & DS,3
2106278,Mehak Kumar,BCA,AI & DS,3
2106279,Riya Tomar,BCA,AI & DS,3
2106280,Divya Oberoi,BCA,AI & DS,3
2106281,Tanvi Kapoor,BCA,AI & DS,3
2106282,Deepak Pundir,BCA,AI & DS,3
2106283,Gayatri Lal,BCA,AI & DS,3
2106284,Ojas Bhandari,BCA,AI & DS,3
2106285,Sanchi Singh,BCA,AI & DS,3
2106286,Sonal Rastogi,BCA,AI & DS,3
2106287,Harshita Kapoor,BCA,AI & DS,3
2106288,Yuvraj Khurana,BCA,AI & DS,3
2106289,Ajay Joshi,BCA,AI & DS,3
2106290,Sanjana Walia,BCA,AI & DS,3
2106291,Ankit Chamoli,BCA,AI & DS,3
2106292,Ansh Bhandari,BCA,AI & DS,3
2106293,Vaishnavi Sati,BCA,AI & DS,3
2106294,Apoorva Malhotra,BCA,AI & DS,3
2106295,Aditi Maurya,BCA,AI & DS,3
2106296,Mayank Srivastava,BCA,AI & DS,3
2106297,Aryan Garg,BCA,AI & DS,3
2106298,Prachi Pathak,BCA,AI & DS,3
2106299,Akshay Rajput,BCA,AI & DS,3
2106300,Yogesh Dabral,BCA,AI & DS,3
2106301,Anushka Badoni,BCA,AI & DS,3
2106302,Vaishnavi Gupta,BCA,AI & DS,3
2106303,Pranav Saxena,BCA,AI & DS,3
2106304,Vedant Badoni,BCA,AI & DS,3
2106305,Gaurav Walia,BCA,AI & DS,3
2106306,Aarav Bhatt,BCA,AI & DS,3
2106307,Ajay Badoni,BCA,AI & DS,3
2106308,Yogesh Chauhan,BCA,AI & DS,3
2106309,Abhinav Saxena,BCA,AI & DS,3
2106310,Komal Badoni,BCA,AI & DS,3
2106311,Himanshu Gusain,BCA,AI & DS,3
2106312,Suhani Malhotra,BCA,AI & DS,3
2106313,Manav Barthwal,BCA,AI & DS,3
2106314,Uday Pokhriyal,BCA,AI & DS,3
2106315,Rahul Bisht,BCA,AI & DS,2
2106316,Ruchi Pokhriyal,BCA,AI & DS,3
2106317,Sanchi Rautela,BCA,AI & DS,3
2106318,Palak Lal,BCA,AI & DS,3
2106319,Rohan Kumar,BCA,AI & DS,3
2106320,Rishabh Bahuguna,BCA,AI & DS,3
2106321,Eshaan Bhandula,BCA,AI & DS,3
2106322,Sanya Kandpal,BCA,AI & DS,3
2106323,Tanmay Malhotra,BCA,AI & DS,3
2106324,Ananya Kothari,BCA,AI & DS,3
2106325,Anushka Rana,BCA,AI & DS,3
2106326,Shalini Pundir,BCA,AI & DS,3
2106327,Chaitanya Joshi,BCA,AI & DS,3
2106328,Mehak Aggarwal,BCA,AI & DS,3
2106329,Deepak Dabral,BCA,AI & DS,3
2106330,Anjali Singh,BCA,AI & DS,3
2106331,Shreya Badoni,BCA,AI & DS,2
2106332,Gunjan Basu,BCA,AI & DS,3
2106333,Rakesh Rawat,BCA,AI & DS,3
2106334,Preeti Badoni,BCA,AI & DS,3
2106335,Ashutosh Aggarwal,BCA,AI & DS,3
2106336,Charvi Rajput,BCA,AI & DS,3
2106337,Sanket Kumar,BCA,AI & DS,3
2106338,Sachin Mehra,BCA,AI & DS,3
2106339,Radhika Bhandari,BCA,AI & DS,3
2106340,Siddharth Mehra,BCA,AI & DS,3
2106341,Gaurav Gaur,BCA,AI & DS,3
2106342,Akanksha Kapoor,BCA,AI & DS,3
2106343,Bhavya Semwal,BCA,General,3
2106344,Garima Bansal,BCA,AI & DS,3
2106345,Hemant Srivastava,BCA,AI & DS,3
2106346,Tanishq Dobhal,BCA,AI & DS,3
2106347,Alok Bisht,BCA,AI & DS,3
2106348,Kabir Nautiyal,BCA,AI & DS,3
2106349,Lakshya Uniyal,BCA,AI & DS,3
2106350,Jatin Goel,BCA,AI & DS,3
2106351,Aishwarya Bhardwaj,BCA,AI & DS,3
2106352,Sanjana Maithani,BCA,AI & DS,3
2106353,Ankit Maithani,BCA,AI & DS,3
2106355,Kamal Rastogi,BCA,AI & DS,3
2106356,Saurabh Basu,BCA,AI & DS,3
2106357,Kartik Rautela,BCA,AI & DS,3
2106358,Charvi Anand,BCA,AI & DS,3
2106359,Pranav Mehra,BCA,AI & DS,3
2106360,Gautam Agarwal,BCA,AI & DS,3
2106361,Shalini Garg,BCA,AI & DS,3
2106362,Karan Uniyal,BCA,AI & DS,3
2106363,Vikram Sinha,BCA,AI & DS,3
2106364,Ananya Bhandula,BCA,AI & DS,3
2106365,Amit Pathak,BCA,AI & DS,3
2106366,Ramya Mittal,BCA,AI & DS,3
2106367,Ashutosh Kandpal,BCA,AI & DS,3
2106368,Shruti Verma,BCA,AI & DS,3
2106369,Aditi Malhotra,BCA,AI & DS,3
2106370,Muskan Chopra,BCA,AI & DS,3
2106371,Raghav Goswami,BCA,AI & DS,3
2106372,Nidhi Joshi,BCA,AI & DS,3
2106373,Aryan Mehta,BCA,AI & DS,3
2106374,Mahima Bijalwan,BCA,AI & DS,3
2106375,Nikhil Thakur,BCA,AI & DS,3
2106376,Arjun Saini,BCA,AI & DS,3
2106377,Hemant Negi,BCA,AI & DS,3
2106378,Yash Sethi,BCA,AI & DS,3
2106380,Vandana Dubey,BCA,AI & DS,3
2106381,Simran Saini,BCA,AI & DS,3
2106382,Harsh Mishra,BCA,AI & DS,3
2106383,Sakshi Sood,BCA,AI & DS,3
2106384,Ansh Raturi,BCA,AI & DS,3
2106385,Alok Bansal,BCA,AI & DS,3
2106386,Meera Kapoor,BCA,AI & DS,3
2106387,Omkar Mittal,BCA,AI & DS,3
2106388,Pranav Sati,BCA,AI & DS,3
2106389,Mahima Bahuguna,BCA,AI & DS,3
2106390,Vandana Gusain,BCA,AI & DS,3
2106391,Vansh Patel,BCA,AI & DS,3
2106392,Anuj Trivedi,BCA,AI & DS,3
2106393,Palak Chamoli,BCA,AI & DS,3
2106394,Tarun Anand,BCA,AI & DS,3
2106395,Jatin Goswami,BCA,AI & DS,3
2106396,Tarun Thakur,BCA,AI & DS,3
2106397,Garima Dhiman,BCA,AI & DS,3
2106398,Jatin Jain,BCA,AI & DS,3
2106399,Sarthak Pundir,BCA,AI & DS,3
2106400,Payal Thakur,BCA,AI & DS,3
2106401,Apoorva Pathak,BCA,AI & DS,3
2106402,Eshaan Khurana,BCA,AI & DS,3
2106403,Vikas Kimothi,BCA,AI & DS,3
2106404,Manav Kumar,BCA,AI & DS,3
2106405,Simran Rana,BCA,AI & DS,3
2106406,Sagar Maithani,BCA,AI & DS,3
2106407,Anmol Chauhan,BCA,AI & DS,3
2106408,Abhinav Bhandula,BCA,AI & DS,3
2106409,Yashika Rathi,BCA,AI & DS,3
2106410,Ishita Rastogi,BCA,AI & DS,3
2106411,Ananya Rathi,BCA,AI & DS,3
2106412,Anshika Rajput,BCA,AI & DS,3
2106413,Abhay Pathak,BCA,AI & DS,3
2106414,Muskan Kashyap,BCA,AI & DS,3
2106415,Mahima Mittal,BCA,AI & DS,3
2106416,Aryan Tripathi,BCA,AI & DS,3
2106417,Navya Badoni,BCA,AI & DS,3
2106418,Tanvi Oberoi,BCA,AI & DS,3
2106419,Deepak Pant,BCA,AI & DS,3
2106420,Ishita Semwal,BCA,AI & DS,3
2106421,Amisha Nagi,BCA,AI & DS,3
2106422,Kunal Rastogi,BCA,AI & DS,3
2106423,Kriti Badoni,BCA,AI & DS,3
2106424,Mahima Sinha,BCA,AI & DS,3
2106425,Akshay Sinha,BCA,AI & DS,3
2106426,Sanya Chaudhary,BCA,AI & DS,3
2106427,Gunjan Anand,BCA,AI & DS,3
2106428,Kunal Singh,BCA,AI & DS,3
2106429,Gaurav Dobhal,BCA,AI & DS,3
2106430,Shreya Rathi,BCA,AI & DS,3
2106431,Ramya Juyal,BCA,AI & DS,3
2106432,Raj Bahuguna,BCA,AI & DS,3
2106433,Manav Singh,BCA,AI & DS,3
2106434,Varun Saxena,BCA,AI & DS,3
2106435,Harshita Yadav,BCA,AI & DS,3
2106437,Hardik Pathak,BCA,AI & DS,3
2106438,Nidhi Khurana,BCA,AI & DS,3
2106439,Shreya Rawat,BCA,AI & DS,3
2106440,Pooja Dimri,BCA,AI & DS,3
2106441,Jatin Dhiman,BCA,AI & DS,3
2106442,Kriti Srivastava,BCA,AI & DS,3
2106443,Kunal Mittal,BCA,AI & DS,2
2106444,Sakshi Pundir,BCA,AI & DS,3
2106445,Alok Vats,BCA,AI & DS,3
2106446,Vikas Garg,BCA,AI & DS,3
2106447,Pallavi Joshi,BCA,AI & DS,3
2106448,Sarthak Rana,BCA,AI & DS,3
2106449,Omkar Bahuguna,BCA,AI & DS,3
2106450,Kriti Kashyap,BCA,AI & DS,3
2106451,Aryan Pundir,BCA,AI & DS,3
2106452,Rohan Dobhal,BCA,AI & DS,3
2106453,Kunal Sharma,BCA,AI & DS,3
2106455,Ayush Rawat,BCA,AI & DS,3
2106456,Abhay Bhatt,BCA,AI & DS,2
2106457,Mayank Oberoi,BCA,AI & DS,3
2106458,Sanchi Saxena,BCA,AI & DS,3
2106459,Jiya Sood,BCA,AI & DS,3
2106460,Kabir Khurana,BCA,AI & DS,3
2106461,Lakshya Kimothi,BCA,AI & DS,3
2106462,Harshita Barthwal,BCA,AI & DS,3
2106463,Abhay Dobhal,BCA,AI & DS,3
2106464,Riya Badoni,BCA,AI & DS,3
2106465,Mahima Negi,BCA,AI & DS,3
2106466,Vipul Verma,BCA,AI & DS,3
2106467,Vaishnavi Srivastava,BCA,AI & DS,3
2106468,Vaibhav Oberoi,BCA,AI & DS,3
2106481,Anmol Bajaj,BCA,AI & DS,3
2106483,Ananya Dangwal,BCA,General,3
2106484,Mansi Tripathi,BCA,AI & DS,3
2106485,Aditya Panwar,BCA,General,3
2106486,Karan Goswami,BCA,AI & DS,3
2106487,Sanket Panwar,BCA,General,3
2106488,Neha Tripathi,BCA,General,3
2106489,Anshika Nautiyal,BCA,General,3
2106490,Alok Parmar,BCA,General,3
2106491,Kamal Nagi,BCA,AI & DS,3
2106492,Jiya Soni,BCA,General,3
2106493,Arjun Walia,BCA,General,3
2106494,Jaya Jain,BCA,AI & DS,3
2106495,Ira Saxena,BCA,General,3
2106496,Rohan Khurana,BCA,General,3
2106497,Vikas Khurana,BCA,AI & DS,3
2106502,Udit Rawal,BCA,AI & DS,3
2106551,Vaishnavi Bisht,BCA,General,1
2106552,Anuj Gusain,BCA,General,1
2106553,Shreya Dabral,BCA,General,1
2106554,Raghav Tandon,BCA,General,1
2106555,Riya Raturi,BCA,General,1
2106556,Navya Garg,BCA,General,1
2106557,Sanya Dabral,BCA,General,1
2106558,Nidhi Lal,BCA,General,1
2106559,Riya Sharma,BCA,General,1
2106560,Mansi Kumar,BCA,General,1
2106561,Arnav Dangwal,BCA,General,1
2106562,Komal Nainwal,BCA,General,1
2106563,Arpit Lal,BCA,General,1
2106564,Aishwarya Dhiman,BCA,General,1
2106565,Sanjana Bajaj,BCA,General,1
2106566,Garima Bahuguna,BCA,General,1
2106567,Ankita Goswami,BCA,General,1
2106568,Yamini Dobhal,BCA,General,1
2106569,Bhavya Chopra,BCA,General,1
2106570,Ankita Bhandari,BCA,General,1
2106571,Nisha Sinha,BCA,General,1
2106572,Navya Sood,BCA,General,1
2106573,Rohit Badoni,BCA,General,1
2106574,Sahil Goswami,BCA,General,1
2106575,Sachin Kapoor,BCA,General,1
2106576,Raj Nainwal,BCA,General,1
2106577,Alok Nautiyal,BCA,General,1
2106578,Gayatri Rathi,BCA,General,1
2106579,Yogesh Garg,BCA,General,1
2106580,Harshita Joshi,BCA,General,1
2106581,Arpit Bhandari,BCA,General,1
2106582,Madhav Rana,BCA,General,1
2106583,Tanishq Bhatt,BCA,General,1
2106584,Ishita Mehra,BCA,General,1
2106585,Apoorva Juyal,BCA,General,1
2106586,Chetan Kapoor,BCA,General,1
2106587,Harsh Semwal,BCA,General,1
2106588,Preeti Tripathi,BCA,General,1
2106589,Manish Pant,BCA,General,1
2106591,Karan Chopra,BCA,General,1
2106592,Ayush Goswami,BCA,General,1
2106593,Mansi Jain,BCA,General,1
2106594,Vishal Agarwal,BCA,General,1
2106595,Rohan Chopra,BCA,General,1
2106596,Rishabh Bisht,BCA,General,1
2106597,Pulkit Kukreti,BCA,General,1
2106598,Kajal Dhiman,BCA,General,1
2106599,Kriti Maurya,BCA,General,1
2106600,Lakshya Negi,BCA,General,1
2106601,Tarun Pundir,BCA,General,1
2106602,Amit Dimri,BCA,General,1
2106603,Sarthak Kukreti,BCA,General,1
2106604,Udit Dobhal,BCA,General,1
2106605,Udit Patel,BCA,General,1
2106606,Hardik Rana,BCA,General,1
2106607,Ravi Bhardwaj,BCA,General,1
2106608,Sneha Patel,BCA,General,1
2106609,Mohit Sinha,BCA,General,1
2106610,Mayank Kandpal,BCA,General,1
2106611,Sumit Parmar,BCA,General,1
2106612,Arpit Bajaj,BCA,General,1
2106613,Harsh Goel,BCA,General,1
2106614,Sanya Joshi,BCA,General,1
2106615,Siddharth Bahuguna,BCA,General,1
2106616,Mridul Saxena,BCA,General,1
2106617,Kabir Chauhan,BCA,General,1
2106618,Tripti Kumar,BCA,General,1
2106619,Vivek Juyal,BCA,General,1
2106620,Priya Kothari,BCA,General,1
2106621,Rohan Srivastava,BCA,General,1
2106622,Anjali Dangwal,BCA,General,1
2106623,Siddharth Jain,BCA,General,1
2106624,Devansh Chopra,BCA,General,1
2106625,Akshay Dimri,BCA,General,1
2106626,Udit Bisht,BCA,General,1
2106627,Bhumika Juyal,BCA,General,1
2106628,Dev Dimri,BCA,General,1
2106629,Sarthak Barthwal,BCA,General,1
2106630,Manav Rawat,BCA,General,1
2106631,Rudra Rana,BCA,General,1
2106632,Pallavi Soni,BCA,General,1
2106633,Chaitanya Maurya,BCA,General,1
2106634,Yash Kashyap,BCA,General,1
2106635,Vinay Arora,BCA,General,1
2106636,Pulkit Mehta,BCA,General,1
2106637,Aditi Tomar,BCA,General,1
2106638,Shagun Sinha,BCA,General,1
2106639,Shalini Bijalwan,BCA,General,1
2106640,Anchal Tandon,BCA,General,1
2106641,Kunal Gaur,BCA,General,1
2106642,Radhika Kashyap,BCA,General,1
2106643,Ramya Bahuguna,BCA,General,1
2106644,Kartik Kashyap,BCA,General,1
2106645,Himanshu Bhardwaj,BCA,General,1
2106646,Rakesh Khanduri,BCA,General,1
2106647,Gunjan Malhotra,BCA,General,1
2106648,Keshav Nainwal,BCA,General,1
2106649,Anmol Bansal,BCA,General,1
2106650,Akshay Saxena,BCA,General,1
2106651,Amit Singh,BCA,General,1
2106652,Sanchi Mishra,BCA,General,1
2106653,Ansh Saini,BCA,General,1
2106654,Harsh Khurana,BCA,General,1
2106655,Sara Sharma,BCA,General,1
2106656,Anjali Uniyal,BCA,General,1
2106657,Arpit Badoni,BCA,General,3
2106658,Manish Kandpal,BCA,General,1
2106659,Deepika Sood,BCA,General,1
2106660,Apoorva Raturi,BCA,General,1
2106661,Sara Dabral,BCA,General,1
2106662,Jiya Dobhal,BCA,General,1
2106663,Omkar Kashyap,BCA,General,1
2106664,Ruchi Bijalwan,BCA,General,1
2106665,Sara Bhandari,BCA,General,1
2106666,Varun Soni,BCA,General,1
2106667,Amit Kimothi,BCA,General,1
2106668,Kamal Mahajan,BCA,General,1
2106669,Mansi Dimri,BCA,General,1
2106671,Nidhi Kimothi,BCA,General,1
2106672,Ruchi Goel,BCA,General,1
2106673,Ira Sood,BCA,General,1
2106674,Kamal Bahuguna,BCA,General,1
2106675,Arjun Khurana,BCA,General,1
2106676,Ansh Shukla,BCA,General,1
2106677,Ojas Dabral,BCA,General,1
2106678,Anushka Rawal,BCA,General,1
2106679,Abhay Kandpal,BCA,General,1
2106680,Priyanka Mittal,BCA,General,1
2106681,Aman Semwal,BCA,General,1
2106682,Mayank Bajaj,BCA,General,1
2106683,Vandana Mishra,BCA,General,1
2106684,Naveen Rathi,BCA,General,1
2106686,Siddharth Kukreti,BCA,General,1
2106687,Sandeep Rastogi,BCA,General,1
2106688,Gautam Bhandari,BCA,General,1
2106689,Karan Thakur,BCA,General,1
2106690,Shagun Mishra,BCA,General,1
2106691,Radhika Nagi,BCA,General,1
2106692,Anshika Chopra,BCA,General,1
2106693,Chaitanya Patel,BCA,General,1
2106694,Payal Sati,BCA,General,1
2106695,Sahil Gupta,BCA,General,1
2106696,Chetan Arora,BCA,General,1
2106697,Nandini Pandey,BCA,General,1
2106698,Ishita Dhiman,BCA,General,1
2106699,Ruchi Trivedi,BCA,General,1
2106700,Shubham Raturi,BCA,General,1
2106701,Anchal Bajaj,BCA,General,1
2106702,Sakshi Panwar,BCA,General,1
2106703,Keshav Rathi,BCA,General,1
2106704,Priyanka Dimri,BCA,General,1
2106705,Prateek Nanda,BCA,General,1
2106706,Kriti Rawal,BCA,General,1
2106707,Kavya Gaur,BCA,General,1
2106708,Jaya Kumar,BCA,General,1
2106709,Prachi Kimothi,BCA,General,1
2106710,Kajal Thakur,BCA,General,1
2106711,Rohit Bhatt,BCA,General,1
2106712,Soumya Agarwal,BCA,General,1
2106713,Bhavya Khanduri,BCA,General,1
2106714,Udit Pandey,BCA,General,1
2106715,Yogesh Patel,BCA,General,1
2106716,Dhruv Arora,BCA,General,1
2106718,Vipul Uniyal,BCA,General,1
2106719,Madhav Chopra,BCA,General,1
2106720,Ankita Soni,BCA,General,1
2106721,Shivani Goel,BCA,General,1
2106722,Parth Mishra,BCA,General,1
2106723,Yogesh Tandon,BCA,General,1
2106724,Kavya Verma,BCA,General,3
2106725,Laksh Joshi,BCA,General,1
2106726,Yuvraj Tomar,BCA,General,1
2106727,Sara Kapoor,BCA,General,1
2106729,Arnav Kashyap,BCA,General,1
2106730,Nikhil Juyal,BCA,General,1
2106731,Pallavi Walia,BCA,General,1
2106732,Shruti Nanda,BCA,General,1
2106733,Zoya Trivedi,BCA,General,1
2106734,Himanshu Anand,BCA,General,1
2106735,Ashish Khanduri,BCA,General,1
2106736,Shagun Dubey,BCA,General,1
2106737,Kavya Lal,BCA,AI & DS,1
2106738,Sneha Pundir,BCA,General,1
2106739,Amisha Oberoi,BCA,General,1
2106740,Shivam Panwar,BCA,General,1
2106741,Kajal Gusain,BCA,General,1
2106742,Vivek Bhardwaj,BCA,General,1
2106744,Arnav Pokhriyal,BCA,General,1
2106745,Harshita Chaudhary,BCA,General,1
2106746,Jiya Gusain,BCA,General,1
2106747,Ananya Verma,BCA,General,1
2106748,Vaishnavi Bhatt,BCA,General,1
2106749,Apoorva Badoni,BCA,General,1
2106750,Anmol Uniyal,BCA,General,1
2106751,Alok Rawal,BCA,General,1
2106752,Pulkit Dangwal,BCA,General,1
2106753,Hemant Mahajan,BCA,General,1
2106755,Pooja Bansal,BCA,General,1
2106756,Vishal Nanda,BCA,General,1
2106757,Kajal Kukreti,BCA,General,1
2106758,Yogesh Parmar,BCA,General,1
2106759,Ira Maurya,BCA,General,1
2106760,Jaya Mehta,BCA,General,1
2106761,Arnav Tandon,BCA,General,1
2106762,Deepak Barthwal,BCA,General,1
2106763,Rakesh Uniyal,BCA,General,1
2106764,Simran Bansal,BCA,General,1
2106765,Navya Rajput,BCA,General,1
2106766,Zoya Chopra,BCA,General,1
2106767,Prateek Pokhriyal,BCA,General,1
2106768,Gaurav Bansal,BCA,General,1
2106769,Sanchi Bhardwaj,BCA,General,1
2106770,Ramya Gusain,BCA,General,1
2106771,Kriti Yadav,BCA,General,1
2106772,Ankit Bansal,BCA,General,1
2106773,Saloni Khurana,BCA,General,1
2106774,Muskan Kimothi,BCA,General,1
2106775,Hemant Bhatt,BCA,General,1
2106776,Sanya Mishra,BCA,General,1
2106777,Lakshya Pant,BCA,General,1
2106778,Anushka Parmar,BCA,General,1
2106779,Rohan Bhandari,BCA,General,1
2106780,Tarun Sharma,BCA,General,1
2106781,Sumit Soni,BCA,General,1
2106782,Sanket Patel,BCA,General,1
2106783,Kavya Singh,BCA,General,1
2106784,Ishita Bansal,BCA,General,1
2106785,Keshav Arora,BCA,General,1
2106786,Mohit Chopra,BCA,General,1
2106787,Manav Soni,BCA,General,1
2106788,Nitin Khanduri,BCA,General,1
2106789,Sonal Pant,BCA,General,1
2106790,Tanishq Gupta,BCA,General,1
2106791,Suhani Kashyap,BCA,General,1
2106792,Bhavya Bansal,BCA,General,1
2106793,Manish Mehta,BCA,General,1
2106794,Udit Sati,BCA,General,1
2106795,Ashish Yadav,BCA,General,1
2106796,Arjun Pandey,BCA,General,1
2106797,Uday Thapliyal,BCA,General,1
2106798,Mehak Sati,BCA,General,1
2106800,Simran Bijalwan,BCA,General,1
2106801,Tanvi Rawal,BCA,General,1
2106802,Harshita Khurana,BCA,General,1
2106803,Yashika Dimri,BCA,General,1
2106804,Priya Khurana,BCA,General,1
2106805,Sagar Rastogi,BCA,General,1
2106806,Uday Negi,BCA,General,1
2106807,Bhumika Saxena,BCA,General,1
2106808,Palak Gupta,BCA,General,1
2106809,Samarth Rastogi,BCA,General,1
2106810,Shubham Mehta,BCA,General,1
2106812,Naman Oberoi,BCA,General,1
2106813,Vikas Semwal,BCA,General,1
2106814,Nitin Kukreti,BCA,General,1
2106815,Deepika Juyal,BCA,General,1
2106816,Garima Mittal,BCA,General,1
2106817,Zoya Mittal,BCA,General,1
2106818,Bhavya Barthwal,BCA,General,1
2106819,Vidhi Sharma,BCA,General,1
2106820,Diksha Kumar,BCA,General,3
2106821,Sanjana Singh,BCA,General,1
2106822,Mehak Pundir,BCA,General,1
2106824,Dhruv Trivedi,BCA,General,1
2106825,Tanmay Saxena,BCA,General,1
2106826,Ananya Agarwal,BCA,General,1
2106827,Gaurav Dubey,BCA,General,1
2106828,Vivek Kothari,BCA,General,1
2106829,Ishita Kapoor,BCA,General,1
2106830,Lavanya Jain,BCA,General,1
2106831,Tanvi Gusain,BCA,General,1
2106833,Manav Saini,BCA,General,1
2106834,Tanishq Thakur,BCA,General,1
2106835,Komal Saini,BCA,General,1
2106836,Kartik Tripathi,BCA,General,1
2106843,Apoorva Rathi,BCA,General,1
2106844,Kavya Kandpal,BCA,General,1
2106901,Simran Mishra,BCA,AI & DS,1
2106902,Saloni Chauhan,BCA,AI & DS,1
2106903,Jiya Chamoli,BCA,AI & DS,1
2106904,Archit Tomar,BCA,AI & DS,1
2106905,Saurabh Malhotra,BCA,AI & DS,1
2106906,Siddharth Verma,BCA,AI & DS,1
2106907,Shivam Srivastava,BCA,AI & DS,1
2106908,Naveen Sharma,BCA,AI & DS,1
2106909,Bhavya Negi,BCA,AI & DS,1
2106910,Vivek Pathak,BCA,AI & DS,1
2106911,Ishita Sethi,BCA,AI & DS,1
2106912,Aman Dhiman,BCA,AI & DS,1
2106913,Sanjana Srivastava,BCA,AI & DS,1
2106914,Pooja Kumar,BCA,AI & DS,1
2106915,Ashish Pokhriyal,BCA,AI & DS,1
2106916,Vedant Vats,BCA,AI & DS,1
2106917,Ayush Chopra,BCA,AI & DS,1
2106918,Vaishnavi Dubey,BCA,AI & DS,1
2106919,Manish Rawat,BCA,AI & DS,1
2106920,Aman Chaudhary,BCA,AI & DS,1
2106921,Naveen Dubey,BCA,AI & DS,1
2106922,Mansi Parmar,BBA,General,1
2106923,Rahul Singh,BCA,AI & DS,1
2106924,Lakshya Chopra,BCA,AI & DS,1
2106925,Anushka Bisht,BCA,AI & DS,1
2106926,Hemant Arora,BCA,AI & DS,1
2106927,Mehak Pandey,BCA,AI & DS,1
2106928,Tushar Sinha,BCA,AI & DS,1
2106929,Yashika Bhatt,BCA,AI & DS,1
2106930,Shivam Aggarwal,BCA,AI & DS,1
2106931,Kriti Garg,BCA,AI & DS,1
2106932,Ruchi Anand,BCA,AI & DS,1
2106933,Ansh Maurya,BCA,AI & DS,1
2106934,Sanjana Sharma,BCA,AI & DS,1
2106935,Akash Gaur,BCA,AI & DS,1
2106936,Anushka Negi,BCA,AI & DS,1
2106937,Shagun Sethi,BCA,AI & DS,1
2106938,Shivam Rastogi,BCA,AI & DS,1
2106939,Surbhi Maithani,BCA,AI & DS,1
2106940,Nandini Maurya,BCA,AI & DS,1
2106941,Anchal Rathi,BCA,AI & DS,1
2106942,Vikram Rawal,BCA,AI & DS,1
2106943,Mahima Agarwal,BCA,AI & DS,1
2106944,Garima Uniyal,BCA,AI & DS,1
2106945,Saurabh Bhandari,BCA,AI & DS,1
2106946,Ira Srivastava,BCA,AI & DS,1
2106947,Madhav Lal,BCA,AI & DS,1
2106948,Shalini Mehta,BCA,AI & DS,1
2106949,Gaurav Khanduri,BCA,AI & DS,1
2106950,Mehak Dimri,BCA,AI & DS,1
2106951,Mayank Patel,BCA,AI & DS,1
2106952,Rohan Gusain,BCA,AI & DS,1
2106953,Mohit Kumar,BCA,AI & DS,1
2106954,Nitin Yadav,BCA,AI & DS,1
2106955,Yuvraj Bansal,BCA,AI & DS,1
2106956,Mohit Bahuguna,BCA,AI & DS,1
2106957,Sarthak Kothari,BCA,AI & DS,1
2106958,Vikas Nagi,BCA,AI & DS,1
2106959,Ashutosh Yadav,BCA,AI & DS,1
2106960,Karan Trivedi,BCA,AI & DS,1
2106961,Sanchi Srivastava,BCA,AI & DS,1
2106962,Harsh Anand,BCA,AI & DS,1
2106963,Radhika Rana,BCA,AI & DS,1
2106964,Mridul Verma,BCA,AI & DS,1
2106965,Sneha Bahuguna,BCA,AI & DS,1
2106966,Anmol Badoni,BCA,AI & DS,1
2106967,Radhika Khurana,BCA,AI & DS,1
2106968,Vaishnavi Mahajan,BCA,AI & DS,1
2106969,Priya Joshi,BCA,AI & DS,1
2106970,Rudra Rautela,BCA,AI & DS,1
2106971,Raghav Tiwari,BCA,AI & DS,1
2106972,Kriti Semwal,BCA,AI & DS,1
2106973,Vikas Kapoor,BCA,AI & DS,1
2106974,Arpit Nanda,BCA,AI & DS,1
2106975,Arpit Joshi,BCA,AI & DS,1
2106976,Eshaan Pundir,BCA,AI & DS,1
2106977,Anchal Bhardwaj,BCA,AI & DS,1
2106978,Sanya Panwar,BCA,AI & DS,1
2106979,Sanket Bhandula,BCA,AI & DS,1
2106980,Ishaan Bansal,BCA,AI & DS,1
2106981,Hardik Maurya,BCA,AI & DS,1
2106982,Keshav Negi,BCA,AI & DS,1
2106983,Aditya Oberoi,BCA,AI & DS,1
2106984,Laksh Dhiman,BCA,AI & DS,1
2106985,Dev Jain,BCA,AI & DS,1
2106986,Kamal Dimri,BCA,AI & DS,1
2106987,Sahil Panwar,BCA,AI & DS,1
2106988,Mridul Patel,BCA,AI & DS,1
2106989,Akash Tandon,BCA,AI & DS,1
2106990,Nisha Kashyap,BCA,AI & DS,1
2106991,Zoya Thakur,BCA,AI & DS,1
2106992,Deepika Bahuguna,BCA,AI & DS,1
2106993,Payal Nautiyal,BCA,AI & DS,1
2106994,Jatin Gupta,BCA,AI & DS,1
2106995,Vikas Kothari,BCA,AI & DS,1
2106996,Ishaan Oberoi,BCA,AI & DS,1
2106997,Muskan Dobhal,BCA,AI & DS,1
2106998,Nisha Saini,BCA,AI & DS,1
2106999,Anuj Pundir,BCA,AI & DS,1
2107000,Pallavi Khurana,BCA,AI & DS,1
2107001,Priya Rathi,BCA,AI & DS,1
2107002,Akash Chaudhary,BCA,AI & DS,1
2107003,Devansh Nautiyal,BCA,AI & DS,1
2107004,Abhay Rawat,BCA,AI & DS,1
2107005,Saloni Nanda,BCA,AI & DS,1
2107006,Yamini Goel,BCA,AI & DS,1
2107007,Deepika Gusain,BCA,AI & DS,1
2107008,Akshay Tandon,BCA,AI & DS,1
2107009,Ankita Parmar,BCA,AI & DS,1
2107010,Abhay Chopra,BCA,AI & DS,1
2107011,Keshav Pathak,BCA,AI & DS,1
2107012,Sarthak Sood,BCA,AI & DS,1
2107013,Rakesh Saxena,BCA,AI & DS,1
2107014,Anjali Chaudhary,BCA,AI & DS,1
2107015,Jatin Parmar,BCA,AI & DS,1
2107016,Parth Gaur,BCA,AI & DS,1
2107017,Sara Dhiman,BCA,AI & DS,1
2107018,Garima Bhandula,BCA,AI & DS,1
2107019,Lavanya Bhatt,BCA,AI & DS,1
2107020,Shubham Parmar,BCA,AI & DS,1
2107021,Shubham Chamoli,BCA,AI & DS,1
2107022,Arjun Raturi,BCA,AI & DS,1
2107023,Ira Sharma,BCA,AI & DS,1
2107024,Srishti Nainwal,BCA,AI & DS,1
2107025,Sachin Soni,BCA,AI & DS,1
2107026,Laksh Patel,BCA,AI & DS,1
2107027,Sumit Nagi,BCA,AI & DS,1
2107028,Priya Badoni,BCA,AI & DS,1
2107029,Aditya Anand,BCA,AI & DS,1
2107030,Palak Uniyal,BCA,AI & DS,1
2107031,Madhav Kandpal,BCA,AI & DS,1
2107032,Abhinav Bisht,BCA,AI & DS,1
2107033,Kunal Tripathi,BCA,AI & DS,1
2107034,Navya Thapliyal,BCA,AI & DS,1
2107035,Saloni Rana,BCA,AI & DS,1
2107036,Manish Mehra,BCA,AI & DS,1
2107037,Ira Saini,BCA,AI & DS,1
2107038,Amisha Sati,BCA,AI & DS,1
2107039,Sanchi Sethi,BCA,AI & DS,1
2107040,Pooja Chamoli,BCA,AI & DS,1
2107041,Radhika Singh,BCA,AI & DS,1
2107042,Arnav Nagi,BCA,AI & DS,1
2107043,Yash Mehta,BCA,AI & DS,1
2107044,Saurabh Yadav,BCA,AI & DS,1
2107045,Payal Tandon,BCA,AI & DS,1
2107046,Rakesh Tiwari,BCA,AI & DS,1
2107047,Vedant Walia,BCA,AI & DS,1
2107048,Muskan Tandon,BCA,AI & DS,1
2107049,Anjali Pokhriyal,BCA,AI & DS,1
2107050,Akash Verma,BCA,AI & DS,1
2107051,Rudra Kashyap,BCA,AI & DS,1
2107052,Vishal Pandey,BCA,AI & DS,1
2107053,Kamal Sethi,BCA,AI & DS,1
2107054,Harsh Agarwal,BCA,AI & DS,1
2107055,Omkar Mehra,BCA,AI & DS,1
2107056,Parth Gusain,BCA,AI & DS,1
2107057,Nisha Tandon,BCA,AI & DS,1
2107058,Arpit Pandey,BCA,AI & DS,1
2107059,Hardik Kimothi,BCA,AI & DS,1
2107060,Saloni Dubey,BCA,AI & DS,1
2107061,Sandeep Juyal,BCA,AI & DS,1
2107062,Rakesh Sati,BCA,AI & DS,1
2107063,Tanmay Bajaj,BCA,AI & DS,1
2107064,Shubham Gaur,BCA,AI & DS,1
2107065,Arpit Trivedi,BCA,AI & DS,1
2107066,Ruchi Shukla,BCA,AI & DS,1
2107067,Kamal Mehra,BCA,AI & DS,1
2107068,Sanchi Raturi,BCA,AI & DS,1
2107069,Rudra Parmar,BCA,AI & DS,1
2107070,Ajay Verma,BCA,AI & DS,1
2107071,Udit Nagi,BCA,AI & DS,1
2107072,Kabir Rastogi,BCA,AI & DS,1
2107073,Saurabh Pokhriyal,BCA,AI & DS,1
2107074,Akanksha Kothari,BCA,AI & DS,1
2107075,Shruti Sharma,BCA,AI & DS,1
2107076,Chetan Sharma,BCA,AI & DS,1
2107077,Ajay Chopra,BCA,AI & DS,1
2107078,Vansh Sethi,BCA,AI & DS,1
2107079,Sachin Kandpal,BCA,AI & DS,1
2107080,Vaibhav Lal,BCA,AI & DS,1
2107081,Rajat Lal,BCA,AI & DS,1
2107082,Jiya Rana,BCA,AI & DS,1
2107083,Rajat Saini,BCA,AI & DS,1
2107084,Yuvraj Oberoi,BCA,AI & DS,1
2107085,Aman Dangwal,BCA,AI & DS,1
2107086,Jatin Soni,BCA,AI & DS,1
2107087,Kabir Kimothi,BCA,AI & DS,1
2107088,Eshaan Negi,BCA,AI & DS,1
2107089,Pooja Oberoi,BCA,AI & DS,1
2107090,Alok Agarwal,BCA,AI & DS,1
2107091,Prachi Maithani,BCA,AI & DS,1
2107092,Vinay Negi,BCA,AI & DS,1
2107093,Sandeep Pandey,BCA,AI & DS,1
2107094,Anchal Pandey,BCA,AI & DS,1
2107095,Harsh Shukla,BCA,AI & DS,1
2107096,Aryan Maurya,BCA,AI & DS,1
2107097,Yashika Nautiyal,BCA,AI & DS,1
2107098,Garima Sharma,BCA,AI & DS,1
2107099,Divya Nagi,BCA,AI & DS,1
2107100,Ramya Mahajan,BCA,AI & DS,1
2107101,Hardik Mehra,BCA,AI & DS,1
2107102,Aman Tripathi,BCA,AI & DS,1
2107103,Rahul Aggarwal,BCA,AI & DS,1
2107104,Aditi Panwar,BCA,AI & DS,1
2107105,Vaibhav Rathi,BCA,AI & DS,1
2107106,Anmol Saxena,BCA,AI & DS,1
2107107,Devansh Barthwal,BCA,AI & DS,1
2107108,Mridul Rathi,BCA,AI & DS,1
2107109,Mahima Pathak,BCA,AI & DS,1
2107110,Divya Kumar,BCA,AI & DS,1
2107111,Shreya Negi,BCA,AI & DS,1
2107112,Suhani Kapoor,BCA,AI & DS,1
2107113,Aditi Kukreti,BCA,AI & DS,1
2107114,Meera Gaur,BCA,AI & DS,1
2107115,Harshita Verma,BCA,AI & DS,1
2107116,Sakshi Sharma,BCA,AI & DS,1
2107117,Manav Sharma,BCA,AI & DS,1
2107118,Arpit Aggarwal,BCA,AI & DS,1
2107119,Rishabh Mehta,BCA,AI & DS,1
2107120,Sanket Rajput,BCA,AI & DS,1
2107121,Ira Badoni,BCA,AI & DS,1
2107122,Sakshi Yadav,BCA,AI & DS,1
2107123,Shivam Bijalwan,BCA,AI & DS,1
2107124,Pallavi Verma,BCA,AI & DS,1
2107125,Parth Bisht,BCA,AI & DS,1
2107126,Rishabh Shukla,BCA,AI & DS,1
2107127,Vikram Sati,BCA,AI & DS,1
2107128,Ishaan Jain,BCA,AI & DS,1
2107129,Tanmay Dhiman,BCA,AI & DS,1
2107130,Pallavi Aggarwal,BCA,AI & DS,1
2107131,Alok Patel,BCA,AI & DS,1
2107132,Navya Srivastava,BCA,AI & DS,1
2107133,Amisha Aggarwal,BCA,AI & DS,1
2107134,Sakshi Rastogi,BCA,AI & DS,1
2107135,Vinay Shukla,BCA,AI & DS,1
2107136,Abhay Tiwari,BCA,AI & DS,1
2107137,Arpit Tandon,BCA,AI & DS,1
2107138,Yash Pathak,BCA,AI & DS,1
2107139,Eshaan Garg,BCA,AI & DS,1
2107140,Surbhi Bisht,BCA,AI & DS,1
2107141,Prateek Arora,BCA,AI & DS,1
2107143,Ojas Soni,BCA,AI & DS,1
2107144,Mehak Bhandula,BCA,AI & DS,1
2107145,Aditi Nanda,BCA,AI & DS,1
2107146,Rohan Nagi,BCA,AI & DS,1
2107147,Tripti Patel,BCA,AI & DS,1
2107148,Aryan Oberoi,BCA,AI & DS,1
2107149,Tanishq Thapliyal,BCA,AI & DS,1
2107150,Saloni Goel,BCA,AI & DS,1
2107151,Prateek Maurya,BCA,AI & DS,1
2107152,Laksh Dabral,BCA,AI & DS,1
2107153,Rajat Tripathi,BCA,AI & DS,1
2107154,Gayatri Joshi,BCA,AI & DS,1
2107155,Harsh Kashyap,BCA,AI & DS,1
2107156,Yamini Semwal,BCA,AI & DS,1
2107157,Naveen Rana,BCA,AI & DS,1
2107158,Jatin Malhotra,BCA,AI & DS,1
2107159,Vikram Patel,BCA,AI & DS,1
2107160,Sonal Bhandari,BCA,AI & DS,1
2107161,Bhavya Pathak,BCA,AI & DS,1
2107162,Meera Singh,BCA,AI & DS,1
2107163,Amisha Singh,BCA,AI & DS,1
2107164,Ayush Uniyal,BCA,AI & DS,1
2107165,Anuj Mehra,BCA,AI & DS,1
2107166,Hardik Kashyap,BCA,AI & DS,1
2107167,Manav Mehra,BCA,AI & DS,1
2107168,Mansi Gaur,BCA,AI & DS,1
2107169,Apoorva Bhardwaj,BCA,AI & DS,1
2107170,Anuj Chaudhary,BCA,AI & DS,1
2107171,Vipul Rawat,BCA,AI & DS,1
2107172,Shreya Parmar,BCA,AI & DS,1
2107173,Gayatri Barthwal,BCA,AI & DS,1
2107174,Meera Malhotra,BCA,AI & DS,1
2107175,Prateek Pathak,BCA,AI & DS,1
2107176,Prachi Verma,BCA,AI & DS,1
2107177,Kunal Rawal,BCA,AI & DS,1
2107178,Anmol Sinha,BCA,AI & DS,1
2107179,Anjali Trivedi,BCA,AI & DS,1
2107180,Jaya Garg,BCA,AI & DS,1
2107181,Nandini Kumar,BCA,AI & DS,1
2107182,Sarthak Sethi,BCA,AI & DS,1
2107183,Laksh Jain,BCA,AI & DS,1
2107184,Anshika Walia,BCA,AI & DS,1
2107185,Tushar Khurana,BCA,AI & DS,1
2107186,Alok Bhatt,BCA,AI & DS,1
2107187,Riya Khanduri,BCA,AI & DS,1
2107188,Mansi Gusain,BCA,AI & DS,1
2107189,Archit Goel,BCA,AI & DS,1
2107190,Devansh Kothari,BCA,AI & DS,1
2107191,Mayank Anand,BCA,AI & DS,1
2107192,Archit Vats,BCA,AI & DS,1
2107193,Ira Goel,BCA,AI & DS,1
2107194,Tanmay Panwar,BCA,AI & DS,1
2107195,Yuvraj Srivastava,BCA,AI & DS,1
2107196,Nitin Singh,BCA,AI & DS,1
2107197,Abhay Sinha,BCA,AI & DS,1
2107198,Naman Pathak,BCA,AI & DS,1
2107199,Alok Dangwal,BCA,AI & DS,1
2107200,Ashish Kimothi,BCA,AI & DS,1
2107201,Kabir Patel,BCA,AI & DS,1
2107202,Priya Mehra,BCA,AI & DS,1
2107203,Harsh Mehra,BCA,AI & DS,1
2107204,Prachi Rawat,BCA,AI & DS,1
2107205,Hemant Bhandari,BCA,AI & DS,1
2107206,Kabir Joshi,BCA,AI & DS,1
2107207,Rajat Rawal,BCA,AI & DS,1
2107208,Vishal Sethi,BCA,AI & DS,1
2107209,Akanksha Saxena,BCA,AI & DS,1
2107210,Ananya Pundir,BCA,AI & DS,1
2107211,Yuvraj Thakur,BCA,AI & DS,1
2107212,Anushka Kashyap,BCA,AI & DS,1
2107213,Vidhi Badoni,BCA,AI & DS,1
2107214,Deepak Kandpal,BCA,AI & DS,1
2107215,Khushi Rastogi,BCA,AI & DS,1
2107216,Vaishnavi Thakur,BCA,AI & DS,1
2107217,Shruti Anand,BCA,AI & DS,1
2107218,Harshita Rathi,BCA,AI & DS,1
2107219,Bhumika Srivastava,BCA,AI & DS,1
2107220,Vidhi Pandey,BCA,AI & DS,1
2107221,Mansi Thapliyal,BCA,AI & DS,1
2107222,Vedant Bhardwaj,BCA,AI & DS,1
2107223,Arnav Bhardwaj,BCA,AI & DS,1
2107224,Ira Maithani,BCA,AI & DS,1
2107225,Karan Barthwal,BCA,AI & DS,1
2107226,Tanishq Sati,BCA,AI & DS,1
2107227,Vaibhav Rawat,BCA,AI & DS,1
2107228,Pulkit Sati,BCA,AI & DS,1
2107229,Vaibhav Dobhal,BCA,AI & DS,1
2107230,Raj Semwal,BCA,AI & DS,1
2107231,Aryan Kapoor,BCA,AI & DS,1
2107232,Ravi Thakur,BCA,AI & DS,1
2107233,Vidhi Mittal,BCA,AI & DS,1
2107234,Shivam Tiwari,BCA,AI & DS,1
2107235,Ishaan Bajaj,BCA,AI & DS,1
2107236,Manish Dhiman,BCA,AI & DS,1
2107237,Tarun Nanda,BCA,AI & DS,1
2107238,Aditi Goel,BCA,AI & DS,1
2107239,Hemant Parmar,BCA,AI & DS,1
2107240,Mayank Gupta,BCA,AI & DS,1
2107241,Ashutosh Rajput,BCA,AI & DS,1
2107242,Saurabh Nainwal,BCA,AI & DS,1
2107243,Shreya Trivedi,BCA,AI & DS,1
2107244,Ankita Pant,BCA,AI & DS,1
2107245,Suhani Thakur,BCA,AI & DS,1
2107246,Surbhi Garg,BCA,AI & DS,1
2107247,Aditya Joshi,BCA,AI & DS,1
2107248,Rakesh Dhiman,BCA,AI & DS,1
2107249,Pallavi Juyal,BCA,AI & DS,1
2107250,Aryan Walia,BCA,AI & DS,1
2107251,Vinay Pant,BCA,AI & DS,1
2107252,Vikram Negi,BCA,AI & DS,1
2107253,Priyanka Bajaj,BCA,AI & DS,1
2107254,Amisha Shukla,BCA,AI & DS,1
2107255,Manav Dubey,BCA,AI & DS,1
2107256,Manav Mehta,BCA,AI & DS,1
2107257,Divya Rawat,BCA,AI & DS,1
2107258,Kavya Vats,BCA,AI & DS,1
2107259,Suhani Tiwari,BCA,AI & DS,1
2107260,Shagun Chamoli,BCA,AI & DS,1
2107261,Preeti Rawal,BCA,AI & DS,1
2107262,Anmol Maithani,BCA,AI & DS,1
2107263,Lakshya Tripathi,BCA,AI & DS,1
2107264,Shivam Bajaj,BCA,AI & DS,1
2107265,Diksha Mehta,BCA,AI & DS,1
2107266,Aditi Rautela,BCA,AI & DS,1
2107267,Anuj Kukreti,BCA,AI & DS,1
2107268,Kabir Khanduri,BCA,AI & DS,1
2107269,Vikas Singh,BCA,AI & DS,1
2107270,Nikhil Patel,BCA,AI & DS,1
2107271,Suhani Nainwal,BCA,AI & DS,1
2107272,Navya Bhardwaj,BCA,AI & DS,1
2107273,Sanket Gaur,BCA,AI & DS,1
2107274,Ruchi Uniyal,BCA,AI & DS,1
2107275,Yashika Garg,BCA,AI & DS,1
2107276,Ashutosh Tripathi,BCA,AI & DS,1
2107277,Prachi Kashyap,BCA,AI & DS,1
2107278,Prachi Nanda,BCA,AI & DS,1
2107279,Chetan Nanda,BCA,AI & DS,1
2107280,Vaishnavi Kumar,BCA,AI & DS,1
2107281,Ajay Parmar,BCA,AI & DS,1
2107282,Vishal Gaur,BCA,AI & DS,1
2107283,Yash Chopra,BCA,AI & DS,1
2107284,Sanya Agarwal,BCA,AI & DS,1
2107285,Dev Basu,BCA,AI & DS,1
2107286,Shubham Sood,BCA,AI & DS,1
2107287,Ojas Pant,BCA,AI & DS,1
2107288,Harshita Kukreti,BCA,AI & DS,1
2107289,Prachi Rathi,BCA,AI & DS,1
2107290,Nisha Sood,BCA,AI & DS,1
2107291,Parth Negi,BCA,AI & DS,1
2107292,Vinay Sood,BCA,AI & DS,1
2107293,Mohit Bhatt,BCA,AI & DS,1
2107294,Laksh Sethi,BCA,AI & DS,1
2107295,Ishaan Rastogi,BCA,AI & DS,1
2107296,Tarun Oberoi,BCA,AI & DS,1
2107297,Omkar Uniyal,BCA,AI & DS,1
2107298,Saurabh Kandpal,BCA,AI & DS,1
2107299,Gunjan Aggarwal,BCA,AI & DS,1
2107300,Uday Goswami,BCA,AI & DS,1
2107301,Gaurav Semwal,BCA,AI & DS,1
2107302,Vidhi Dhiman,BCA,AI & DS,1
2107303,Shruti Chamoli,BCA,AI & DS,1
2107305,Neha Nainwal,BCA,AI & DS,1
2107306,Preeti Maithani,BCA,AI & DS,1
2107307,Ojas Bajaj,BCA,AI & DS,1
2107308,Anchal Tripathi,BCA,AI & DS,1
2107309,Radhika Anand,BCA,AI & DS,1
2107310,Deepak Kumar,BCA,AI & DS,1
2107311,Mridul Mahajan,BCA,AI & DS,1
2107312,Akanksha Panwar,BCA,AI & DS,1
2107313,Alok Anand,BCA,AI & DS,1
2107314,Yashika Gusain,BCA,AI & DS,1
2107315,Varun Maurya,BCA,AI & DS,1
2107316,Deepak Saxena,BCA,AI & DS,1
2107317,Pranav Khurana,BCA,AI & DS,1
2107318,Dev Chauhan,BCA,AI & DS,1
2107319,Ramya Chopra,BCA,AI & DS,1
2107320,Shagun Kandpal,BCA,AI & DS,1
2107321,Dev Vats,BCA,AI & DS,1
2107322,Prachi Yadav,BCA,AI & DS,1
2107323,Divya Sood,BCA,AI & DS,1
2107324,Vinay Parmar,BCA,AI & DS,1
2107325,Bhumika Bisht,BCA,AI & DS,1
2107326,Srishti Semwal,BCA,AI & DS,1
2107327,Nandini Thapliyal,BCA,AI & DS,1
2107328,Sneha Gusain,BCA,AI & DS,1
2107329,Gunjan Dobhal,BCA,AI & DS,1
2107330,Mehak Pathak,BCA,AI & DS,1
2107331,Karan Gupta,BCA,AI & DS,1
2107332,Ayush Thakur,BCA,AI & DS,1
2107333,Muskan Parmar,BCA,AI & DS,1
2107334,Arnav Nainwal,BCA,AI & DS,1
2107335,Deepak Anand,BCA,AI & DS,1
2107336,Ojas Mehta,BCA,AI & DS,1
2107337,Udit Chauhan,BCA,AI & DS,1
2107338,Vinay Tandon,BCA,AI & DS,1
2107339,Simran Kapoor,BCA,AI & DS,1
2107340,Akash Saini,BCA,AI & DS,1
2107341,Kriti Vats,BCA,AI & DS,1
2107342,Prachi Bhatt,BCA,AI & DS,1
2107343,Yash Singh,BCA,AI & DS,1
2107344,Mahima Juyal,BCA,AI & DS,1
2107345,Arjun Mittal,BCA,AI & DS,1
2107346,Sagar Tandon,BCA,AI & DS,1
2107347,Sanya Patel,BCA,AI & DS,1
2107348,Nidhi Oberoi,BCA,AI & DS,1
2107349,Manish Srivastava,BCA,AI & DS,1
2107350,Sneha Badoni,BCA,AI & DS,1
2107351,Aryan Tomar,BCA,AI & DS,1
2107352,Rishabh Gusain,BCA,AI & DS,1
2107353,Vikram Chaudhary,BCA,AI & DS,1
2107354,Tarun Joshi,BCA,AI & DS,1
2107355,Navya Verma,BCA,AI & DS,1
2107356,Sahil Juyal,BCA,AI & DS,1
2107357,Khushi Kukreti,BCA,AI & DS,1
2107358,Navya Saini,BCA,AI & DS,1
2107359,Abhinav Negi,BCA,AI & DS,1
2107360,Charvi Dhiman,BCA,AI & DS,1
2107361,Raj Goel,BCA,AI & DS,1
2107362,Apoorva Sinha,BCA,AI & DS,1
2107363,Ishaan Basu,BCA,AI & DS,1
2107364,Sonal Badoni,BCA,AI & DS,1
2107365,Nandini Rautela,BCA,AI & DS,1
2107366,Parth Pathak,BCA,AI & DS,1
2107367,Mahima Gusain,BCA,AI & DS,1
2107368,Akash Pathak,BCA,AI & DS,1
2107369,Varun Raturi,BCA,AI & DS,1
2107370,Eshaan Malhotra,BCA,AI & DS,1
2107371,Gunjan Garg,BCA,AI & DS,1
2107372,Vishal Verma,BCA,AI & DS,1
2107373,Sanket Rautela,BCA,AI & DS,1
2107375,Archit Rajput,BCA,AI & DS,1
2107377,Priya Mehta,BCA,AI & DS,1
2107378,Soumya Basu,BCA,AI & DS,1
2107379,Dev Chopra,BCA,AI & DS,1
2107381,Mansi Negi,BCA,AI & DS,1
2107382,Pulkit Dhiman,BCA,AI & DS,1
2107383,Radhika Sinha,BCA,AI & DS,1
2107384,Nisha Yadav,BCA,AI & DS,1
2107385,Mansi Rajput,BCA,AI & DS,1
2107386,Aishwarya Verma,BCA,AI & DS,1
2107387,Vandana Tomar,BCA,AI & DS,1
2107388,Manav Vats,BCA,AI & DS,1
2107389,Kajal Lal,BCA,AI & DS,1
2107390,Aditya Bahuguna,BCA,AI & DS,1
2107391,Vidhi Nautiyal,BCA,AI & DS,1
2107393,Diksha Dangwal,BCA,AI & DS,1
2107394,Hemant Patel,BCA,AI & DS,1
2107395,Ajay Chauhan,BCA,AI & DS,1
2107396,Naman Sinha,BCA,AI & DS,1
2107397,Sagar Sinha,BCA,AI & DS,1
2107398,Anjali Thakur,BCA,AI & DS,1
2107399,Ayush Maurya,BCA,AI & DS,1
2107401,Yash Nautiyal,BCA,AI & DS,1
2107402,Harsh Rawal,BCA,AI & DS,1
2107403,Garima Chopra,BCA,AI & DS,1
2107404,Jiya Negi,BCA,AI & DS,1
2107405,Archit Dhiman,BCA,AI & DS,1
2107406,Divya Sati,BCA,AI & DS,1
2107407,Tanvi Chaudhary,BCA,AI & DS,1
2107408,Palak Walia,BCA,AI & DS,1
2107409,Kriti Walia,BCA,AI & DS,1
2107410,Ravi Kimothi,BCA,AI & DS,1
2107411,Arnav Pundir,BCA,AI & DS,1
2107412,Ira Pandey,BCA,AI & DS,1
2107413,Deepika Bijalwan,BCA,AI & DS,1
2107414,Vandana Trivedi,BCA,AI & DS,1
2107415,Siddharth Raturi,BCA,AI & DS,1
2107416,Ramya Patel,BCA,AI & DS,1
2107417,Hardik Gupta,BCA,AI & DS,1
2107418,Aditya Garg,BCA,AI & DS,1
2107419,Ishaan Thapliyal,BCA,AI & DS,1
2107420,Prachi Bahuguna,BCA,AI & DS,1
2107421,Aditya Aggarwal,BCA,AI & DS,1
2107422,Kamal Kapoor,BCA,AI & DS,1
2107423,Yamini Dhiman,BCA,AI & DS,1
2107424,Vansh Pundir,BCA,AI & DS,1
2107425,Aman Rastogi,BCA,AI & DS,1
2107426,Prachi Sood,BCA,AI & DS,1
2107427,Lakshya Vats,BCA,AI & DS,1
2107428,Ashish Uniyal,BCA,AI & DS,1
2107430,Mehak Shukla,BCA,AI & DS,1
2107431,Aryan Saxena,BCA,AI & DS,1
2107432,Varun Bijalwan,BCA,AI & DS,1
2107433,Dhruv Saxena,BCA,AI & DS,1
2107434,Tanmay Tiwari,BCA,AI & DS,1
2107435,Chaitanya Bahuguna,BCA,AI & DS,1
2107436,Palak Barthwal,BCA,AI & DS,1
2107437,Tanvi Bahuguna,BCA,AI & DS,1
2107438,Devansh Srivastava,BCA,AI & DS,1
2107439,Vedant Pundir,BCA,AI & DS,1
2107440,Vivek Bijalwan,BCA,AI & DS,1
2107441,Khushi Rawal,BCA,AI & DS,1
2107442,Kajal Srivastava,BCA,AI & DS,1
2107443,Rishabh Rautela,BCA,AI & DS,1
2107444,Diksha Bijalwan,BCA,AI & DS,1
2107445,Soumya Rathi,BCA,AI & DS,1
2107446,Devansh Verma,BCA,AI & DS,1
2107448,Amisha Goel,BCA,AI & DS,1
2107449,Mohit Pundir,BCA,AI & DS,1
2107450,Amit Yadav,BCA,AI & DS,1
2107451,Yogesh Sharma,BCA,AI & DS,1
2107452,Mridul Soni,BCA,AI & DS,1
2107453,Jiya Bhardwaj,BCA,AI & DS,1
2107454,Simran Dabral,BCA,AI & DS,1
2107455,Sonal Tiwari,BCA,AI & DS,1
2107456,Sanya Bhardwaj,BCA,AI & DS,1
2107457,Sumit Rautela,BCA,AI & DS,1
2107458,Neha Thapliyal,BCA,AI & DS,1
2107459,Raj Negi,BCA,AI & DS,1
2107460,Aishwarya Khurana,BCA,AI & DS,1
2107461,Apoorva Bahuguna,BCA,AI & DS,1
2107462,Pooja Negi,BCA,AI & DS,1
2107463,Mayank Sati,BCA,AI & DS,1
2107464,Alok Chopra,BCA,AI & DS,1
2107465,Gaurav Singh,BCA,AI & DS,1
2107466,Arnav Rathi,BCA,AI & DS,1
2107467,Anshika Sati,BCA,AI & DS,1
2107468,Rudra Tiwari,BCA,AI & DS,1
2107469,Madhav Malhotra,BCA,AI & DS,1
2107470,Vedant Jain,BCA,AI & DS,1
2107471,Anshika Bhandari,BCA,AI & DS,1
2107472,Mehak Dabral,BCA,AI & DS,1
2107473,Sachin Semwal,BCA,AI & DS,1
2107475,Sagar Negi,BCA,AI & DS,1
2107476,Pooja Chaudhary,BCA,AI & DS,1
2107477,Vidhi Goswami,BCA,AI & DS,1
2107478,Vikram Semwal,BCA,AI & DS,1
2107479,Varun Gupta,BCA,AI & DS,1
2107480,Sanjana Saini,BCA,AI & DS,1
2107481,Ankita Gusain,BCA,AI & DS,1
2107482,Riya Sati,BCA,AI & DS,1
2107483,Apoorva Kashyap,BCA,AI & DS,1
2107484,Soumya Bisht,BCA,AI & DS,1
2107485,Sonal Arora,BCA,AI & DS,1
2107486,Mridul Thapliyal,BCA,AI & DS,1
2107487,Ravi Nautiyal,BCA,AI & DS,1
2107488,Saloni Singh,BCA,AI & DS,1
2107489,Srishti Bisht,BCA,AI & DS,1
2107490,Saloni Rajput,BCA,AI & DS,1
2107491,Zoya Dimri,BCA,AI & DS,1
2107492,Pranav Pant,BCA,AI & DS,1
2107493,Laksh Kimothi,BCA,AI & DS,1
2107494,Vedant Raturi,BCA,AI & DS,1
2107495,Mahima Rajput,BCA,AI & DS,1
2107496,Rahul Thapliyal,BCA,AI & DS,1
2107497,Ankita Srivastava,BCA,AI & DS,1
2107498,Amit Parmar,BCA,AI & DS,1
2107499,Akash Negi,BCA,AI & DS,1
2107500,Sanket Chauhan,BCA,AI & DS,1
2107501,Lakshya Tomar,BCA,AI & DS,1
2107502,Mohit Verma,BCA,AI & DS,1
2107503,Shruti Panwar,BCA,AI & DS,1
2107504,Pallavi Sati,BCA,AI & DS,1
2107505,Kamal Juyal,BCA,AI & DS,1
2107506,Zoya Agarwal,BCA,AI & DS,1
2107507,Raj Trivedi,BCA,AI & DS,1
2107508,Mehak Sood,BCA,AI & DS,1
2107509,Pranav Kashyap,BCA,AI & DS,1
2107510,Ojas Chauhan,BCA,AI & DS,1
2107511,Arpit Maithani,BCA,AI & DS,1
2107512,Kriti Kimothi,BCA,AI & DS,1
2107513,Mehak Rana,BCA,AI & DS,3
2107514,Sneha Pant,BCA,AI & DS,1
2107515,Tushar Bisht,BCA,AI & DS,1
2107516,Dhruv Rajput,BCA,AI & DS,1
2107517,Sachin Singh,BCA,AI & DS,1
2107518,Ruchi Lal,BCA,AI & DS,1
2107519,Bhavya Anand,BCA,AI & DS,1
2107520,Ananya Srivastava,BCA,AI & DS,1
2107521,Tanmay Badoni,BCA,AI & DS,1
2107522,Aryan Negi,BCA,AI & DS,1
2107523,Anjali Gaur,BCA,AI & DS,1
2107524,Ajay Kashyap,BCA,AI & DS,1
2107525,Vishal Kumar,BCA,AI & DS,1
2107526,Laksh Yadav,BCA,AI & DS,1
2107527,Radhika Verma,BCA,AI & DS,1
2107528,Ojas Chopra,BCA,AI & DS,1
2107529,Raghav Dimri,BCA,AI & DS,1
2107530,Anmol Dhiman,BCA,AI & DS,1
2107531,Laksh Kukreti,BCA,AI & DS,1
2107532,Payal Malhotra,BCA,AI & DS,1
2107533,Vipul Walia,BHM,Hotel Management,1
2107534,Nisha Khurana,BCA,AI & DS,1
2107535,Amisha Kandpal,BCA,AI & DS,1
2107536,Amisha Tiwari,BCA,AI & DS,1
2107537,Chaitanya Kimothi,BCA,AI & DS,1
2107538,Deepak Rana,BCA,AI & DS,1
2107539,Shubham Chauhan,BCA,AI & DS,1
2107540,Parth Sood,BCA,AI & DS,1
2107541,Karan Dubey,BCA,AI & DS,1
2107542,Vinay Mishra,BCA,AI & DS,1
2107543,Simran Chaudhary,BCA,AI & DS,1
2107544,Vaishnavi Soni,BCA,AI & DS,1
2107545,Varun Rawat,BCA,AI & DS,1
2107546,Madhav Dobhal,BCA,AI & DS,1
2107547,Mohit Khanduri,BCA,AI & DS,1
2107548,Palak Semwal,BCA,AI & DS,1
2107549,Eshaan Rawal,BCA,AI & DS,1
2107550,Charvi Parmar,BCA,AI & DS,1
2107551,Rishabh Srivastava,BCA,AI & DS,1
2107552,Priya Shukla,BCA,AI & DS,1
2107553,Priya Kukreti,BCA,AI & DS,1
2107554,Rohan Verma,BCA,AI & DS,1
2107555,Komal Rautela,BCA,AI & DS,1
2107556,Aryan Nagi,BCA,AI & DS,1
2107557,Deepika Kukreti,BCA,AI & DS,1
2107558,Yuvraj Bisht,BCA,AI & DS,1
2107559,Sandeep Chaudhary,BCA,AI & DS,1
2107560,Shivani Parmar,BCA,AI & DS,1
2107561,Lakshya Badoni,BCA,AI & DS,1
2107562,Manish Bhatt,BCA,AI & DS,1
2107563,Siddharth Thapliyal,BCA,AI & DS,1
2107564,Aryan Dangwal,BCA,AI & DS,1
2107565,Arnav Singh,BCA,AI & DS,1
2107566,Gautam Chaudhary,BCA,AI & DS,1
2107567,Mehak Vats,BCA,AI & DS,1
2107568,Gayatri Verma,BCA,AI & DS,1
2107569,Zoya Dobhal,BCA,AI & DS,1
2107570,Mayank Bisht,BCA,AI & DS,1
2107571,Shubham Rawal,BCA,AI & DS,1
2107572,Disha Gupta,BCA,AI & DS,1
2107573,Siddharth Khurana,BCA,AI & DS,1
2107574,Saurabh Vats,BCA,AI & DS,1
2107575,Keshav Saxena,BCA,AI & DS,1
2107576,Keshav Bansal,BCA,AI & DS,1
2107577,Priyanka Mehta,BCA,AI & DS,1
2107578,Gautam Kapoor,BCA,AI & DS,1
2107579,Chetan Pundir,BCA,AI & DS,1
2107580,Prachi Bajaj,BCA,AI & DS,1
2107581,Kavya Tiwari,BCA,AI & DS,1
2107582,Tanmay Kimothi,BCA,AI & DS,1
2107583,Akash Panwar,BCA,AI & DS,1
2107584,Mahima Lal,BCA,AI & DS,1
2107585,Bhumika Dabral,BCA,AI & DS,1
2107586,Akanksha Bhandari,BCA,AI & DS,1
2107587,Tanmay Chamoli,BCA,AI & DS,1
2107588,Saurabh Jain,BCA,AI & DS,1
2107589,Arjun Patel,BCA,AI & DS,1
2107590,Tushar Dhiman,BCA,AI & DS,1
2107591,Sahil Goel,BCA,AI & DS,1
2107592,Rishabh Barthwal,BCA,AI & DS,1
2107593,Dev Maurya,BCA,AI & DS,1
2107594,Ayush Sati,BCA,AI & DS,1
2107595,Ayush Mishra,BCA,AI & DS,1
2107596,Gayatri Bisht,BCA,AI & DS,1
2107597,Rohan Dangwal,BCA,AI & DS,1
2107598,Shivam Bhandula,BCA,AI & DS,1
2107599,Mahima Rawat,BCA,AI & DS,1
2107600,Tripti Bijalwan,BCA,AI & DS,1
2107601,Payal Kumar,BCA,AI & DS,1
2107602,Prachi Chaudhary,BCA,AI & DS,1
2107603,Hemant Mishra,BCA,AI & DS,1
2107604,Pooja Rawal,BCA,AI & DS,1
2107605,Varun Dangwal,BCA,AI & DS,1
2107606,Mridul Mehra,BCA,AI & DS,1
2107607,Prachi Tiwari,BCA,AI & DS,1
2107608,Shivani Bajaj,BCA,AI & DS,1
2107609,Mridul Singh,BCA,AI & DS,1
2107610,Ansh Kumar,BCA,AI & DS,1
2107611,Anjali Bijalwan,BCA,AI & DS,1
2107612,Mahima Maithani,BCA,AI & DS,1
2107613,Arjun Sati,BCA,AI & DS,1
2107614,Surbhi Singh,BCA,AI & DS,1
2107615,Shubham Pokhriyal,BCA,AI & DS,1
2107616,Palak Vats,BCA,AI & DS,1
2107617,Prateek Rastogi,BCA,AI & DS,1
2107618,Shivam Dubey,BCA,AI & DS,1
2107619,Keshav Panwar,BCA,AI & DS,1
2107620,Ishaan Kimothi,BCA,AI & DS,1
2107621,Eshaan Pokhriyal,BCA,AI & DS,1
2107622,Sahil Bansal,BCA,AI & DS,1
2107623,Soumya Mittal,BCA,AI & DS,1
2107624,Omkar Kandpal,BCA,AI & DS,1
2107625,Ananya Maithani,BCA,AI & DS,1
2107626,Mohit Chamoli,BCA,AI & DS,1
2107627,Tanvi Chamoli,BCA,AI & DS,1
2107629,Mansi Sinha,BCA,AI & DS,1
2107630,Mayank Negi,BCA,AI & DS,1
2107631,Anuj Garg,BCA,AI & DS,1
2107632,Sara Panwar,BCA,AI & DS,1
2107633,Hemant Raturi,BCA,AI & DS,1
2107635,Jatin Kapoor,BCA,AI & DS,1
2107647,Aryan Badoni,BCA,AI & DS,1
2107701,Soumya Pundir,BCA,Cyber Security,1
2107702,Himanshu Sood,BCA,Cyber Security,1
2107703,Kavya Nautiyal,BCA,Cyber Security,1
2107704,Eshaan Badoni,BCA,Cyber Security,1
2107705,Nitin Agarwal,BCA,Cyber Security,1
2107706,Chaitanya Arora,BCA,Cyber Security,1
2107707,Ananya Nainwal,BCA,Cyber Security,1
2107708,Shivam Rathi,BCA,Cyber Security,1
2107709,Preeti Rastogi,BCA,Cyber Security,1
2107710,Karan Nagi,BCA,Cyber Security,1
2107711,Jiya Sati,BCA,Cyber Security,1
2107712,Mahima Saini,BCA,Cyber Security,1
2107713,Aishwarya Tiwari,BCA,Cyber Security,1
2107714,Samarth Kumar,BCA,Cyber Security,1
2107715,Sandeep Tandon,BCA,Cyber Security,1
2107716,Devansh Kapoor,BCA,Cyber Security,1
2107717,Zoya Sood,BCA,Cyber Security,1
2107718,Sanjana Panwar,BCA,Cyber Security,1
2107719,Shubham Kandpal,BCA,Cyber Security,1
2107720,Ira Thapliyal,BCA,Cyber Security,1
2107721,Rakesh Bahuguna,BCA,Cyber Security,1
2107722,Akanksha Rautela,BCA,Cyber Security,1
2107723,Vidhi Rajput,BCA,Cyber Security,1
2107724,Suhani Verma,BCA,Cyber Security,1
2107725,Sanjana Bhandari,BCA,Cyber Security,1
2107726,Ramya Khurana,BCA,Cyber Security,1
2107727,Kartik Nagi,BCA,Cyber Security,1
2107728,Nisha Raturi,BCA,Cyber Security,1
2107729,Archit Bajaj,BCA,Cyber Security,1
2107730,Vandana Walia,BCA,Cyber Security,1
2107731,Himanshu Nautiyal,BCA,Cyber Security,1
2107732,Raj Verma,BCA,Cyber Security,1
2107733,Suhani Bajaj,BCA,Cyber Security,1
2107734,Ananya Sharma,BCA,Cyber Security,1
2107735,Payal Thapliyal,BCA,Cyber Security,1
2107736,Suhani Sood,BCA,Cyber Security,1
2107737,Gaurav Yadav,BCA,Cyber Security,1
2107738,Rajat Rastogi,BCA,Cyber Security,1
2107739,Neha Gusain,BCA,Cyber Security,1
2107740,Vandana Dangwal,BCA,Cyber Security,1
2107741,Ishita Walia,BCA,Cyber Security,1
2107742,Dev Bhandula,BCA,Cyber Security,1
2107743,Naveen Kukreti,BCA,Cyber Security,1
2107744,Gunjan Chaudhary,BCA,Cyber Security,1
2107745,Saurabh Chopra,BCA,Cyber Security,1
2107746,Ayush Bhandari,BCA,Cyber Security,1
2107747,Manish Dangwal,BCA,Cyber Security,1
2107748,Madhav Sethi,BCA,Cyber Security,1
2107749,Chetan Joshi,BCA,Cyber Security,1
2107750,Kavya Khanduri,BCA,Cyber Security,1
2107751,Rohan Bansal,BCA,Cyber Security,1
2107752,Ishita Maithani,BCA,Cyber Security,1
2107753,Jatin Joshi,BCA,Cyber Security,1
2107754,Anshika Panwar,BCA,Cyber Security,1
2107755,Sakshi Gupta,BCA,AI & DS,1
2107756,Sonal Basu,BCA,Cyber Security,1
2107757,Riya Kimothi,BCA,Cyber Security,1
2107758,Shagun Sood,BCA,Cyber Security,1
2107759,Shubham Rautela,BCA,Cyber Security,1
2107760,Lavanya Nautiyal,BCA,Cyber Security,1
2107761,Naveen Bansal,BCA,Cyber Security,1
2107762,Vikas Pathak,BCA,Cyber Security,1
2107763,Yash Raturi,BCA,Cyber Security,1
2107764,Anuj Maurya,BCA,Cyber Security,1
2107765,Abhay Nautiyal,BCA,Cyber Security,1
2107767,Amisha Mehta,BCA,Cyber Security,1
2107768,Sandeep Saini,BCA,Cyber Security,1
2107769,Priya Aggarwal,BCA,Cyber Security,1
2107770,Arnav Chaudhary,BCA,Cyber Security,1
2107771,Aditya Juyal,BCA,Cyber Security,1
2107772,Kriti Mahajan,BCA,Cyber Security,1
2107773,Sanket Sati,BCA,Cyber Security,1
2107774,Ajay Kimothi,BCA,Cyber Security,1
2107775,Kunal Agarwal,BCA,Cyber Security,1
2107776,Anjali Anand,BCA,Cyber Security,1
2107777,Kamal Pandey,BCA,Cyber Security,1
2107778,Vivek Thakur,BCA,Cyber Security,1
2107779,Rohit Tandon,BCA,Cyber Security,1
2107780,Jiya Goswami,BCA,Cyber Security,1
2107781,Anshika Goel,BCA,Cyber Security,1
2107782,Anuj Chauhan,BCA,Cyber Security,1
2107783,Kajal Malhotra,BCA,Cyber Security,1
2107784,Tushar Sati,BCA,Cyber Security,1
2107785,Komal Bhatt,BCA,Cyber Security,1
2107786,Tripti Kashyap,BCA,Cyber Security,1
2107787,Disha Mahajan,BCA,Cyber Security,1
2107788,Pallavi Maurya,BCA,Cyber Security,1
2107789,Sandeep Nanda,BCA,Cyber Security,1
2107790,Karan Rana,BCA,Cyber Security,1
2107791,Sahil Semwal,BCA,Cyber Security,1
2107792,Akshay Shukla,BCA,Cyber Security,1
2107793,Jiya Vats,BCA,Cyber Security,1
2107794,Hardik Tandon,BCA,Cyber Security,1
2107795,Aarav Uniyal,BCA,Cyber Security,1
2107797,Shalini Gaur,BCA,Cyber Security,1
2107798,Ajay Kukreti,BCA,Cyber Security,1
2107799,Jatin Rautela,BCA,Cyber Security,1
2107800,Pranav Rastogi,BCA,Cyber Security,1
2107802,Akanksha Bhandula,BCA,Cyber Security,1
2107803,Ojas Malhotra,BCA,Cyber Security,1
2107804,Harsh Pant,BCA,Cyber Security,1
2107805,Vaibhav Shukla,BCA,Cyber Security,1
2107806,Alok Pant,BCA,Cyber Security,1
2107807,Kamal Vats,BCA,Cyber Security,1
2107808,Manish Nautiyal,BCA,Cyber Security,1
2107809,Mansi Kimothi,BCA,Cyber Security,1
2107810,Charvi Shukla,BCA,Cyber Security,1
2107811,Shivani Pant,BCA,Cyber Security,1
2107812,Mridul Sati,BCA,Cyber Security,1
2107813,Yuvraj Mehra,BCA,Cyber Security,1
2107814,Vansh Trivedi,BCA,Cyber Security,1
2107815,Vinay Jain,BCA,Cyber Security,1
2107816,Nisha Dimri,BCA,Cyber Security,1
2107817,Kabir Kukreti,BCA,Cyber Security,1
2107818,Madhav Kimothi,BCA,Cyber Security,1
2107819,Anshika Kashyap,BCA,Cyber Security,1
2107820,Kavya Pundir,BCA,Cyber Security,1
2107821,Aryan Pathak,BCA,Cyber Security,1
2107822,Karan Bijalwan,BCA,Cyber Security,1
2107823,Tanvi Goel,BCA,Cyber Security,1
2107824,Raghav Agarwal,BCA,Cyber Security,1
2107826,Payal Saxena,BCA,Cyber Security,1
2200857,Sanjana Uniyal,B.Sc,IT,6
2200902,Amit Chopra,B.Sc,IT,6
2200903,Kartik Maurya,B.Sc,IT,6
2200904,Gaurav Bhardwaj,B.Sc,IT,6
2200905,Priyanka Nanda,B.Sc,IT,6
2200908,Hardik Nagi,B.Sc,IT,6
2200909,Surbhi Yadav,B.Sc,IT,6
2200910,Disha Mehta,B.Sc,IT,6
2200911,Garima Chaudhary,B.Sc,IT,6
2200912,Anmol Malhotra,B.Sc,IT,6
2200913,Srishti Singh,B.Sc,IT,6
2200916,Kabir Mahajan,B.Sc,IT,6
2200917,Ayush Jain,B.Sc,IT,6
2200918,Yuvraj Bahuguna,B.Sc,IT,6
2200919,Sarthak Sinha,B.Sc,IT,6
2200921,Kriti Chaudhary,B.Sc,IT,6
2200922,Gunjan Kashyap,B.Sc,IT,6
2200923,Ayush Verma,B.Sc,IT,6
2200925,Aarav Bhandari,B.Sc,IT,6
2200927,Prachi Saini,B.Sc,IT,5
2200928,Rohit Lal,B.Sc,IT,6
2200929,Tanmay Parmar,B.Sc,IT,6
2200930,Priya Rawat,B.Sc,IT,6
2200934,Manish Thapliyal,B.Sc,IT,6
2200936,Mansi Thakur,B.Sc,IT,5
2200937,Rudra Bisht,B.Sc,IT,6
2200939,Mridul Dobhal,B.Sc,IT,6
2200940,Gautam Chopra,B.Sc,IT,6
2200941,Udit Oberoi,B.Sc,IT,6
2200942,Nitin Sati,B.Sc,IT,6
2200943,Manav Pandey,B.Sc,IT,6
2200945,Suhani Juyal,B.Sc,IT,6
2201001,Soumya Pant,B.Sc,IT,5
2201002,Shivani Rathi,B.Sc,IT,5
2201003,Ravi Khurana,B.Sc,IT,5
2201004,Amit Rawal,B.Sc,IT,5
2201005,Dhruv Panwar,B.Sc,IT,5
2201006,Akash Soni,B.Sc,IT,5
2201007,Arpit Bhardwaj,B.Sc,IT,5
2201008,Sandeep Mishra,B.Sc,IT,5
2201009,Prateek Tomar,B.Sc,IT,5
2201010,Ashish Maithani,B.Sc,IT,5
2201012,Gayatri Sinha,B.Sc,IT,4
2201013,Saloni Patel,B.Sc,IT,5
2201014,Aishwarya Gupta,B.Sc,IT,5
2201015,Ayush Mehra,B.Sc,IT,5
2201017,Surbhi Shukla,B.Sc,IT,4
2201018,Nidhi Mishra,B.Sc,IT,5
2201019,Omkar Aggarwal,B.Sc,IT,5
2201020,Anchal Maurya,B.Sc,IT,5
2201021,Himanshu Raturi,B.Sc,IT,4
2201022,Aman Verma,B.Sc,IT,5
2201023,Preeti Rana,B.Sc,IT,5
2201024,Yashika Pant,B.Sc,IT,5
2201051,Yashika Bhardwaj,B.Sc,IT,3
2201052,Udit Rawat,B.Sc,IT,3
2201053,Tanmay Nanda,B.Sc,IT,3
2201054,Vaishnavi Nainwal,B.Sc,IT,3
2201055,Omkar Kimothi,B.Sc,IT,3
2201056,Mansi Pandey,B.Sc,IT,3
2201057,Mridul Aggarwal,B.Sc,IT,3
2201058,Jiya Bisht,B.Sc,IT,3
2201059,Vinay Sharma,B.Sc,IT,3
2201060,Gaurav Tomar,B.Sc,IT,3
2201061,Lavanya Juyal,B.Sc,IT,3
2201063,Archit Bhardwaj,B.Sc,IT,3
2201064,Rakesh Sharma,B.Sc,IT,3
2201065,Sneha Tiwari,B.Sc,IT,3
2201066,Karan Bansal,B.Sc,IT,3
2201067,Preeti Anand,B.Sc,IT,3
2201068,Navya Pathak,B.Sc,IT,3
2201070,Aditi Rana,B.Sc,IT,3
2201072,Komal Semwal,B.Sc,IT,3
2201073,Harshita Khanduri,B.Sc,IT,3
2201074,Sakshi Kukreti,B.Sc,IT,3
2201075,Laksh Tomar,B.Sc,IT,3
2201101,Rishabh Raturi,B.Sc,IT,1
2201102,Nidhi Khanduri,B.Sc,IT,1
2201103,Akash Sati,B.Sc,IT,1
2201104,Ishita Trivedi,B.Sc,IT,1
2201105,Aryan Semwal,B.Sc,IT,1
2201106,Mahima Dubey,B.Sc,IT,1
2201107,Ashutosh Bijalwan,B.Sc,IT,1
2201108,Payal Mahajan,B.Sc,IT,1
2201109,Vidhi Arora,B.Sc,IT,1
2201110,Hemant Oberoi,B.Sc,IT,1
2201111,Naveen Walia,B.Sc,IT,1
2201112,Shalini Tomar,B.Sc,IT,1
2201113,Aditya Chauhan,B.Sc,IT,1
2201114,Vikram Saxena,B.Sc,IT,1
2201115,Aman Tomar,B.Sc,IT,1
2201116,Rishabh Bhandula,B.Sc,IT,1
2201118,Manav Pundir,B.Sc,IT,1
2201119,Diksha Goel,B.Sc,IT,1
2201120,Simran Agarwal,B.Sc,IT,1
2201122,Radhika Thapliyal,B.Sc,IT,1
2201123,Naveen Aggarwal,B.Sc,IT,1
2201124,Laksh Sood,B.Sc,IT,1
2201125,Karan Mishra,B.Sc,IT,1
2201126,Rakesh Goswami,BCA,AI & DS,1
2201127,Lavanya Patel,B.Sc,IT,1
2201128,Vandana Nautiyal,B.Sc,IT,1
2300269,Bhumika Pant,B.Sc,Computer Science,6
2300301,Pallavi Nautiyal,B.Sc,Computer Science,6
2300303,Apoorva Kumar,B.Sc,Computer Science,6
2300305,Saurabh Pandey,B.Sc,Computer Science,6
2300306,Vinay Trivedi,B.Sc,Computer Science,6
2300307,Akash Agarwal,B.Sc,Computer Science,5
2300309,Anchal Pathak,B.Sc,Computer Science,6
2300310,Akanksha Bahuguna,B.Sc,Computer Science,6
2300311,Ansh Pundir,B.Sc,Computer Science,6
2300314,Varun Lal,B.Sc,Computer Science,6
2300351,Laksh Kashyap,B.Sc,Computer Science,5
2300352,Sachin Sethi,B.Sc,Computer Science,5
2300353,Udit Saxena,B.Sc,Computer Science,5
2300354,Prachi Mehta,B.Sc,Computer Science,5
2300355,Sachin Bisht,B.Sc,Computer Science,5
2300356,Amisha Khurana,B.Sc,Computer Science,5
2300357,Priya Tandon,B.Sc,Computer Science,5
2300358,Payal Raturi,B.Sc,Computer Science,5
2300359,Disha Rawal,B.Sc,Computer Science,5
2300360,Arpit Saxena,B.Sc,Computer Science,4
2300381,Surbhi Aggarwal,B.Sc,Computer Science,4
2300382,Aditya Malhotra,B.Sc,Computer Science,5
2300383,Anmol Sati,B.Sc,Computer Science,5
2300384,Disha Aggarwal,B.Sc,Computer Science,5
2300385,Ira Bhardwaj,B.Sc,Computer Science,5
2300386,Shruti Goel,B.Sc,Computer Science,5
2300387,Ananya Arora,B.Sc,Computer Science,5
2300388,Jiya Panwar,B.Sc,Computer Science,5
2300389,Raghav Srivastava,B.Sc,Computer Science,5
2300391,Pranav Rawat,B.Sc,Computer Science,5
2300392,Navya Bajaj,B.Sc,Computer Science,5
2300411,Vansh Bisht,B.Sc,Computer Science,6
2300413,Vaishnavi Sethi,B.Sc,Computer Science,6
2300414,Ravi Parmar,B.Sc,Computer Science,6
2300415,Pranav Tandon,B.Sc,Computer Science,6
2300416,Sanchi Dabral,B.Sc,Computer Science,6
2300417,Saloni Thakur,B.Sc,Computer Science,6
2300418,Bhavya Singh,B.Sc,Computer Science,6
2300419,Shivani Nautiyal,B.Sc,Computer Science,6
2300420,Hemant Walia,B.Sc,Computer Science,6
2300421,Akshay Jain,B.Sc,Computer Science,6
2300422,Pallavi Shukla,B.Sc,Computer Science,6
2300423,Chetan Kimothi,B.Sc,Computer Science,6
2300424,Samarth Juyal,B.Sc,Computer Science,6
2300425,Ira Nainwal,B.Sc,Computer Science,6
2300426,Chetan Goswami,B.Sc,Computer Science,6
2300427,Aditya Bhatt,B.Sc,Computer Science,6
2300429,Sarthak Dabral,B.Sc,Computer Science,6
2300430,Tarun Barthwal,B.Sc,Computer Science,6
2300431,Nikhil Arora,B.Sc,Computer Science,6
2300451,Nisha Garg,B.Sc,Computer Science,3
2300452,Arpit Bijalwan,B.Sc,Computer Science,3
2300453,Ravi Rawat,B.Sc,Computer Science,3
2300454,Hemant Anand,B.Sc,Computer Science,3
2300455,Gayatri Tandon,B.Sc,Computer Science,3
2300456,Zoya Pundir,B.Sc,Computer Science,3
2300458,Shivani Kashyap,B.Sc,Computer Science,3
2300459,Raj Basu,B.Sc,Computer Science,3
2300460,Rohit Pundir,B.Sc,Computer Science,3
2300461,Pallavi Chaudhary,B.Sc,Computer Science,3
2300462,Khushi Pandey,B.Sc,Computer Science,3
2300463,Rohan Nautiyal,B.Sc,Computer Science,3
2300464,Ramya Saini,B.Sc,Computer Science,3
2300465,Sonal Nainwal,B.Sc,Computer Science,3
2300466,Vaibhav Bhatt,B.Sc,Computer Science,3
2300468,Tarun Sati,B.Sc,Computer Science,3
2300469,Rudra Nanda,B.Sc,Computer Science,3
2300470,Shivani Tomar,B.Sc,Computer Science,3
2300471,Vikas Kukreti,B.Sc,Computer Science,3
2300473,Vedant Arora,B.Sc,Computer Science,3
2300474,Komal Jain,B.Sc,Computer Science,3
2300475,Ashish Negi,B.Sc,Computer Science,3
2300476,Sara Chamoli,B.Sc,Computer Science,3
2300477,Raj Patel,B.Sc,Computer Science,3
2300501,Ishaan Garg,B.Sc,Computer Science,1
2300502,Gaurav Oberoi,B.Sc,Computer Science,1
2300503,Disha Juyal,B.Sc,Computer Science,1
2300504,Arjun Gaur,B.Sc,Computer Science,1
2300505,Tarun Bhandari,B.Sc,Computer Science,1
2300506,Rakesh Mehra,B.Sc,Computer Science,1
2300507,Diksha Badoni,B.Sc,Computer Science,1
2300508,Vishal Mittal,B.Sc,Computer Science,1
2300509,Archit Khurana,B.Sc,Computer Science,1
2300510,Bhavya Rawal,B.Sc,Computer Science,1
2300511,Gayatri Dangwal,B.Sc,Computer Science,1
2300512,Samarth Pokhriyal,B.Sc,Computer Science,1
2300513,Ashish Basu,B.Sc,Computer Science,1
2300514,Ananya Goel,B.Sc,Computer Science,1
2300515,Nikhil Nautiyal,B.Sc,Computer Science,1
2300516,Ashish Tiwari,B.Sc,Computer Science,1
2300517,Yuvraj Kumar,B.Sc,Computer Science,1
2300518,Kriti Nanda,B.Sc,Computer Science,1
2300519,Ishita Mishra,B.Sc,Computer Science,1
2300520,Ojas Gupta,B.Sc,Computer Science,1
2300521,Diksha Pandey,B.Sc,Computer Science,1
2300522,Divya Thakur,B.Sc,Computer Science,1
2300524,Payal Uniyal,B.Sc,Computer Science,1
2300525,Tanishq Juyal,B.Sc,Computer Science,1
2300527,Arpit Negi,B.Sc,Computer Science,1
2300528,Aarav Nanda,B.Sc,Computer Science,1
2300529,Devansh Sharma,B.Sc,Computer Science,1
2300530,Neha Tandon,B.Sc,Computer Science,1
2300531,Sanya Chopra,B.Sc,Computer Science,1
2300532,Mayank Mishra,B.Sc,Computer Science,1
2300533,Mahima Nautiyal,B.Sc,Computer Science,1
2404721,Ishita Sood,BBA,General,5
2404780,Mansi Bansal,BBA,General,6
2404851,Dhruv Jain,BBA,General,6
2404852,Gayatri Kothari,BBA,General,6
2404853,Sagar Malhotra,BBA,General,6
2404854,Ishaan Barthwal,BBA,General,6
2404855,Gunjan Patel,BBA,General,6
2404856,Charvi Chaudhary,BBA,General,6
2404857,Ayush Bajaj,BBA,General,6
2404858,Charvi Kapoor,BBA,General,6
2404859,Saurabh Bhatt,BBA,General,6
2404860,Siddharth Dimri,BBA,General,6
2404861,Vikas Saini,BBA,General,6
2404863,Yash Bijalwan,BBA,General,6
2404864,Payal Sethi,BBA,General,6
2404865,Anshika Dangwal,BBA,General,6
2404866,Sakshi Shukla,BBA,General,6
2404867,Preeti Tiwari,BBA,General,6
2404868,Shagun Srivastava,BBA,General,6
2404869,Preeti Joshi,BBA,General,6
2404870,Shivam Saini,BBA,General,6
2404871,Ansh Tomar,BBA,General,6
2404872,Naman Sethi,BBA,General,6
2404873,Vikas Tripathi,BBA,General,6
2404874,Aarav Badoni,BBA,General,6
2404875,Sanchi Rana,BBA,General,6
2404878,Anchal Thakur,BBA,General,6
2404879,Ravi Tomar,BBA,General,6
2404880,Sneha Kothari,BBA,General,6
2404881,Ankita Patel,BBA,General,6
2404882,Vishal Khanduri,BBA,General,6
2404883,Tripti Pokhriyal,BBA,General,6
2404884,Radhika Rastogi,BBA,General,6
2404885,Mehak Badoni,BBA,General,6
2404886,Lavanya Bahuguna,BBA,General,6
2404888,Anchal Barthwal,BBA,General,6
2404889,Akanksha Tomar,BBA,General,6
2404891,Kajal Mittal,BBA,General,6
2404892,Chetan Mittal,BBA,General,6
2404893,Ishaan Sethi,BBA,General,6
2404894,Omkar Bijalwan,BBA,General,6
2404895,Sanjana Khanduri,BBA,General,6
2404896,Shalini Rana,BBA,General,6
2404897,Sarthak Joshi,BBA,General,6
2404899,Mohit Mehra,BBA,General,6
2404900,Prachi Kumar,BBA,General,6
2404901,Shruti Kashyap,BBA,General,6
2404902,Keshav Rautela,BBA,General,6
2404903,Kavya Basu,BBA,General,6
2404904,Shruti Goswami,BBA,General,6
2404905,Ravi Dabral,BBA,General,6
2404906,Anjali Basu,BBA,General,6
2404907,Amisha Chauhan,BBA,General,6
2404908,Nisha Vats,BBA,General,6
2404910,Harsh Srivastava,BBA,General,6
2404911,Tarun Juyal,BBA,General,6
2404912,Abhinav Agarwal,BBA,General,6
2404914,Deepak Chamoli,BBA,General,6
2404916,Yash Tripathi,BBA,General,6
2404917,Priyanka Rana,BBA,General,6
2404918,Lakshya Chamoli,BBA,General,6
2404919,Ayush Thapliyal,BBA,General,6
2404920,Mayank Thakur,BBA,General,6
2404921,Abhinav Mehta,BBA,General,6
2404922,Neha Kothari,BBA,General,6
2404923,Kavya Bahuguna,BBA,General,6
2404924,Yogesh Gaur,BBA,General,6
2404925,Rohit Mehta,BBA,General,6
2404926,Karan Basu,BBA,General,6
2404927,Khushi Chamoli,BBA,General,6
2404928,Tanishq Bijalwan,BBA,General,6
2404929,Arpit Mittal,BBA,General,6
2404930,Harshita Dubey,BBA,General,6
2404933,Sandeep Mahajan,BBA,General,6
2404934,Rajat Pundir,BBA,General,6
2404935,Shivam Mittal,BBA,General,6
2404936,Ishaan Chopra,BBA,General,5
2404937,Rohan Anand,BBA,General,6
2404939,Vipul Dabral,BBA,General,6
2404940,Amisha Jain,BBA,General,6
2404941,Himanshu Tomar,BBA,General,6
2404943,Arpit Singh,BBA,General,6
2404945,Ashish Mittal,BBA,General,6
2404946,Raj Tandon,BBA,General,6
2404947,Radhika Thakur,BBA,General,6
2404948,Amisha Garg,BBA,General,6
2404949,Anmol Rana,BBA,General,6
2404950,Mridul Raturi,BBA,General,6
2404951,Rohit Uniyal,BBA,General,6
2404952,Rahul Kothari,BBA,General,6
2404953,Rajat Sinha,BBA,General,6
2404954,Rajat Arora,BBA,General,6
2404955,Madhav Tiwari,BBA,General,6
2404956,Pulkit Walia,BBA,General,6
2404957,Tarun Dabral,BBA,General,6
2404959,Saloni Sethi,BBA,General,6
2404960,Tanmay Mittal,BBA,General,6
2404961,Aryan Juyal,BBA,General,6
2404962,Laksh Oberoi,BBA,General,6
2404963,Akshay Khurana,BBA,General,6
2404965,Apoorva Pundir,BBA,General,6
2404966,Ashutosh Lal,BBA,General,6
2404968,Hardik Pant,BBA,General,6
2404969,Naman Bisht,BBA,General,6
2404970,Kartik Jain,BBA,General,6
2404971,Soumya Raturi,BBA,General,6
2404972,Shalini Dubey,BBA,General,6
2404973,Vandana Rawat,BBA,General,6
2404974,Sanket Sood,BBA,General,6
2404975,Ashutosh Dhiman,BBA,General,6
2404977,Sumit Mittal,BBA,General,6
2404978,Yuvraj Nanda,BBA,General,6
2404979,Disha Verma,BBA,General,6
2404980,Gunjan Kothari,BBA,General,6
2404981,Pooja Kimothi,BBA,General,6
2404982,Kartik Oberoi,BBA,General,6
2404983,Khushi Badoni,BBA,General,6
2404984,Saurabh Oberoi,BBA,General,6
2404985,Anushka Bansal,BBA,General,6
2404987,Deepak Malhotra,BBA,General,6
2404989,Naveen Bhatt,BBA,General,6
2404990,Raj Bhatt,BBA,General,6
2404991,Raghav Panwar,BBA,General,6
2404992,Akshay Pundir,BBA,General,6
2404993,Kartik Parmar,BBA,General,6
2404994,Nitin Kapoor,BBA,General,6
2404995,Devansh Tomar,BBA,General,6
2404996,Tripti Anand,BBA,General,6
2404998,Khushi Goswami,BBA,General,6
2405000,Lavanya Kashyap,BBA,General,6
2405001,Divya Dangwal,BBA,General,6
2405003,Srishti Tiwari,BBA,General,6
2405004,Neha Pokhriyal,BBA,General,6
2405005,Tanishq Kothari,BBA,General,6
2405006,Sanya Verma,BBA,General,6
2405008,Suhani Joshi,BBA,General,6
2405009,Diksha Rajput,BBA,General,6
2405010,Tanishq Agarwal,BBA,General,6
2405011,Surbhi Bijalwan,BBA,General,6
2405012,Abhay Tomar,BBA,General,6
2405013,Mahima Srivastava,BBA,General,6
2405014,Khushi Trivedi,BBA,General,6
2405015,Vidhi Soni,BBA,General,6
2405017,Akanksha Yadav,BBA,General,6
2405018,Sahil Sood,BBA,General,6
2405019,Udit Shukla,BBA,General,6
2405020,Nikhil Rawat,BBA,General,6
2405022,Tripti Uniyal,BBA,General,6
2405024,Shubham Bisht,BBA,General,6
2405025,Tarun Rastogi,BBA,General,6
2405027,Surbhi Mittal,BBA,General,6
2405028,Yamini Tripathi,BBA,General,6
2405029,Ankit Bhatt,BBA,General,6
2405030,Vipul Rathi,BBA,General,6
2405031,Tanishq Dimri,BBA,General,6
2405032,Meera Rastogi,BBA,General,6
2405033,Khushi Juyal,BBA,General,6
2405034,Mridul Arora,BBA,General,6
2405035,Alok Mittal,BBA,General,6
2405037,Tanvi Rawat,BBA,General,6
2405039,Divya Mahajan,BBA,General,6
2405041,Hemant Khanduri,BBA,General,6
2405042,Prateek Bhandula,BBA,General,6
2405043,Arpit Kimothi,BBA,General,6
2405044,Muskan Khanduri,BBA,General,6
2405045,Gaurav Rastogi,BBA,General,6
2405046,Tripti Dobhal,BBA,General,6
2405047,Arpit Mehra,BBA,General,6
2405048,Akash Garg,BBA,General,6
2405050,Arnav Rawat,BBA,General,6
2405051,Prachi Goswami,BBA,General,6
2405052,Aditya Rana,BBA,General,6
2405054,Chaitanya Sinha,BBA,General,6
2405055,Saurabh Kumar,BBA,General,5
2405056,Sara Parmar,BBA,General,6
2405057,Prateek Tiwari,BBA,General,6
2405058,Manav Tomar,BBA,General,6
2405059,Keshav Bhardwaj,BBA,General,6
2405060,Preeti Pundir,BBA,General,6
2405061,Tanmay Bhatt,BBA,General,6
2405062,Arjun Chamoli,BBA,General,6
2405063,Kavya Oberoi,BBA,General,6
2405064,Sachin Mehta,BBA,General,6
2405066,Yashika Parmar,BBA,General,6
2405067,Amit Uniyal,BBA,General,6
2405068,Vipul Vats,BBA,General,6
2405069,Disha Pant,BBA,General,6
2405070,Sonal Patel,BBA,General,6
2405072,Gautam Rajput,BBA,General,6
2405073,Sneha Joshi,BBA,General,6
2405074,Vidhi Bhandari,BBA,General,6
2405075,Rohit Oberoi,BBA,General,6
2405076,Deepak Walia,BBA,General,6
2405077,Divya Uniyal,BBA,General,6
2405078,Diksha Rawat,BBA,General,6
2405079,Kajal Pokhriyal,BBA,General,6
2405080,Ishita Gupta,BBA,General,6
2405081,Nikhil Bisht,BBA,General,6
2405082,Kamal Joshi,BBA,General,6
2405084,Kavya Kumar,BBA,General,6
2405085,Vaishnavi Rautela,BBA,General,6
2405086,Yashika Rajput,BBA,General,6
2405087,Nidhi Nagi,BBA,General,6
2405088,Sanya Thapliyal,BBA,General,6
2405089,Gunjan Pokhriyal,BBA,General,6
2405090,Sara Kandpal,BBA,General,6
2405091,Ankit Sharma,BBA,General,6
2405092,Dev Pundir,BBA,General,6
2405095,Shalini Dimri,BBA,General,6
2405099,Ira Dangwal,BBA,General,6
2405100,Mahima Saxena,BBA,General,6
2405101,Gunjan Tandon,BBA,General,6
2405102,Tushar Rana,BBA,General,6
2405103,Rohan Patel,BBA,General,6
2405105,Divya Lal,BBA,General,6
2405106,Vikram Bijalwan,BBA,General,6
2405107,Deepak Dhiman,BBA,General,6
2405108,Jiya Pundir,BBA,General,6
2405110,Yamini Bahuguna,BBA,General,6
2405111,Ravi Bansal,BBA,General,6
2405112,Priyanka Sethi,BBA,General,6
2405113,Gunjan Sinha,BBA,General,6
2405114,Kajal Chauhan,BBA,General,6
2405115,Vishal Rastogi,BBA,General,6
2405116,Tanmay Dimri,BBA,General,6
2405117,Uday Srivastava,BBA,General,6
2405119,Nitin Anand,BBA,General,6
2405120,Yogesh Barthwal,BBA,General,6
2405121,Sanya Bijalwan,BBA,General,6
2405123,Rishabh Gupta,BBA,General,6
2405124,Vivek Aggarwal,BBA,General,6
2405125,Vansh Soni,BBA,General,6
2405126,Pranav Dabral,BBA,General,6
2405127,Yamini Mittal,BBA,General,6
2405128,Mahima Bansal,BBA,General,6
2405129,Priyanka Sati,BBA,General,6
2405130,Aryan Shukla,BBA,General,6
2405131,Priya Goel,BBA,General,6
2405132,Kunal Bhandari,BBA,General,6
2405135,Manav Agarwal,BBA,General,6
2405136,Meera Panwar,BBA,General,6
2405137,Shagun Khanduri,BBA,General,6
2405138,Arnav Sharma,BBA,General,6
2405140,Vansh Chopra,BBA,General,6
2405142,Vinay Chopra,BBA,General,6
2405143,Bhumika Uniyal,BBA,General,6
2405144,Jiya Aggarwal,BBA,General,6
2405145,Akanksha Mehta,BBA,General,6
2405146,Ajay Trivedi,BBA,General,6
2405148,Zoya Raturi,BBA,General,6
2405149,Vidhi Chamoli,BBA,General,6
2405150,Yamini Mishra,BBA,General,6
2405151,Vedant Parmar,BBA,General,6
2405152,Sneha Dabral,BBA,General,6
2405153,Sonal Saini,BBA,General,6
2405154,Gunjan Tomar,BBA,General,6
2405155,Pooja Gusain,BBA,General,6
2405156,Pallavi Tiwari,BBA,General,6
2405157,Tanvi Sati,BBA,General,6
2405158,Rajat Tomar,BBA,General,6
2405159,Khushi Semwal,BBA,General,6
2405160,Suhani Sethi,BBA,General,6
2405161,Naman Bhatt,BBA,General,6
2405162,Ansh Nagi,BBA,General,6
2405163,Gunjan Chamoli,BBA,General,6
2405164,Vikas Goswami,BBA,General,6
2405165,Nandini Kimothi,BBA,General,6
2405166,Sneha Verma,BBA,General,6
2405167,Tushar Dangwal,BBA,General,6
2405169,Siddharth Goswami,BBA,General,6
2405170,Vansh Bahuguna,BBA,General,6
2405171,Vaibhav Barthwal,BBA,General,6
2405172,Sonal Sharma,BBA,General,6
2405173,Sanya Basu,BBA,General,6
2405174,Mohit Thapliyal,BBA,General,6
2405175,Bhavya Kothari,BBA,General,6
2405176,Sarthak Thapliyal,BBA,General,6
2405177,Harshita Patel,BBA,General,5
2405178,Navya Tomar,BBA,General,6
2405179,Pooja Yadav,BBA,General,6
2405180,Srishti Lal,BBA,General,6
2405181,Anjali Nagi,BBA,General,6
2405182,Ananya Yadav,BBA,General,6
2405183,Mahima Bhatt,BBA,General,6
2405184,Sanket Chamoli,BBA,General,6
2405185,Vedant Soni,BBA,General,6
2405186,Harshita Raturi,BBA,General,6
2405187,Aryan Sethi,BBA,General,6
2405188,Anuj Khurana,BBA,General,6
2405190,Khushi Panwar,BBA,General,6
2405192,Anushka Vats,BBA,General,6
2405193,Laksh Khurana,BBA,General,6
2405194,Riya Aggarwal,BBA,General,6
2405195,Yash Bhandula,BBA,General,6
2405196,Anshika Garg,BBA,General,6
2405198,Aarav Arora,BBA,General,6
2405199,Bhavya Rana,BBA,General,6
2405200,Pallavi Mehta,BBA,General,6
2405201,Aditi Parmar,BBA,General,6
2405202,Aditi Srivastava,BBA,General,6
2405203,Dev Mehta,BBA,General,6
2405206,Aarav Tandon,BBA,General,6
2405207,Prateek Mahajan,BBA,General,6
2405208,Eshaan Kothari,BBA,General,6
2405209,Sanjana Rana,BBA,General,6
2405210,Lavanya Nainwal,BBA,General,6
2405211,Meera Bhandula,BBA,General,6
2405212,Laksh Mehta,BBA,General,6
2405214,Dev Rautela,BBA,General,6
2405215,Karan Tomar,BBA,General,6
2405216,Pulkit Patel,BBA,General,6
2405217,Shubham Bhandari,BBA,General,6
2405218,Zoya Rautela,BBA,General,6
2405219,Chetan Pandey,BBA,General,6
2405220,Divya Bhardwaj,BBA,General,6
2405221,Ishaan Bijalwan,BBA,General,6
2405222,Samarth Kothari,BBA,General,6
2405223,Naman Khurana,BBA,General,6
2405224,Ramya Kandpal,BBA,General,6
2405226,Aditi Nagi,BBA,General,6
2405227,Gautam Tomar,BBA,General,6
2405229,Vaibhav Anand,BBA,General,6
2405230,Ojas Oberoi,BBA,General,6
2405231,Ira Bhandari,BBA,General,6
2405232,Nisha Nanda,BBA,General,6
2405233,Anjali Parmar,BBA,General,6
2405234,Rajat Juyal,BBA,General,6
2405235,Akanksha Basu,BBA,General,6
2405236,Prateek Kapoor,BBA,General,6
2405237,Pallavi Goel,BBA,General,6
2405238,Mridul Kandpal,BBA,General,6
2405240,Yamini Bhardwaj,BBA,General,6
2405241,Rohit Sinha,BBA,General,6
2405242,Sonal Juyal,BBA,General,6
2405243,Sakshi Gaur,BBA,General,6
2405244,Sumit Oberoi,BBA,General,6
2405245,Kavya Pokhriyal,BBA,General,6
2405246,Sanchi Sati,BBA,General,6
2405247,Ishita Rajput,BBA,General,6
2405248,Amisha Verma,BBA,General,6
2405249,Bhumika Vats,BBA,General,6
2405250,Anushka Bhandula,BBA,General,6
2405251,Yamini Gusain,BBA,General,6
2405252,Anuj Jain,BBA,General,6
2405253,Gaurav Agarwal,BBA,General,6
2405254,Gautam Mehra,BBA,General,6
2405255,Anmol Kandpal,BBA,General,6
2405256,Chetan Barthwal,BBA,General,6
2405258,Vidhi Singh,BBA,General,6
2405259,Jiya Dubey,BBA,General,6
2405262,Zoya Rana,BBA,General,6
2405263,Sanya Bajaj,BBA,General,6
2405264,Amit Maurya,BBA,General,6
2405265,Gunjan Walia,BBA,General,6
2405266,Rishabh Rawal,BBA,General,6
2405268,Surbhi Bhatt,BBA,General,6
2405269,Arjun Barthwal,BBA,General,6
2405270,Arjun Trivedi,BBA,General,6
2405271,Rohit Pant,BBA,General,6
2405274,Charvi Nagi,BBA,General,6
2405275,Nitin Gusain,BBA,General,6
2405276,Sumit Mehra,BBA,General,6
2405277,Anshika Maurya,BBA,General,6
2405278,Sumit Khanduri,BBA,General,6
2405279,Mohit Tiwari,BBA,General,6
2405280,Tushar Singh,BBA,General,6
2405281,Anushka Jain,BBA,General,6
2405282,Harshita Tandon,BBA,General,6
2405283,Ira Rautela,BBA,General,6
2405284,Diksha Bahuguna,BBA,General,6
2405285,Priya Bhatt,BBA,General,6
2405286,Yash Dimri,BBA,General,6
2405288,Anmol Agarwal,BBA,General,6
2405289,Mridul Tomar,BBA,General,6
2405291,Nidhi Agarwal,BBA,General,6
2405292,Ashutosh Chauhan,BBA,General,6
2405293,Kabir Gusain,BBA,General,6
2405295,Vedant Verma,BBA,General,6
2405296,Neha Patel,BBA,General,6
2405297,Amit Anand,BBA,General,6
2405298,Meera Dobhal,BBA,General,6
2405299,Yuvraj Pandey,BBA,General,6
2405300,Sanchi Chaudhary,BBA,General,6
2405301,Ankita Chaudhary,BBA,General,6
2405303,Jatin Rawal,BBA,General,6
2405304,Uday Mehta,BBA,General,6
2405305,Alok Nainwal,BBA,General,6
2405306,Jatin Khurana,BBA,General,6
2405307,Arpit Dobhal,BBA,General,6
2405308,Pranav Panwar,BBA,General,6
2405309,Anmol Kimothi,BBA,General,6
2405310,Tarun Tiwari,BBA,General,6
2405311,Neha Mishra,BBA,General,6
2405312,Shruti Tiwari,BBA,General,6
2405313,Riya Srivastava,BBA,General,6
2405314,Radhika Tandon,BBA,General,6
2405315,Vidhi Verma,BBA,General,6
2405316,Karan Nanda,BBA,General,6
2405317,Amit Dhiman,BBA,General,6
2405318,Naman Dhiman,BBA,General,6
2405319,Ishita Verma,BBA,General,6
2405320,Muskan Mahajan,BBA,General,6
2405321,Ishaan Bhandari,BBA,General,6
2405322,Sanket Gusain,BBA,General,6
2405323,Zoya Bhandula,BBA,General,6
2405324,Tripti Sethi,BBA,General,6
2405326,Ojas Tripathi,BBA,General,6
2405327,Aditya Dabral,BBA,General,6
2405328,Amisha Dubey,BBA,General,6
2405329,Gaurav Nautiyal,BBA,General,6
2405331,Rudra Badoni,BBA,General,6
2405332,Anjali Chopra,BBA,General,6
2405333,Khushi Nautiyal,BBA,General,6
2405334,Eshaan Sharma,BBA,General,6
2405335,Nisha Thakur,BBA,General,6
2405336,Anuj Rautela,BBA,General,6
2405337,Khushi Nainwal,BBA,General,6
2405338,Pulkit Bhatt,BBA,General,6
2405339,Akash Thapliyal,BBA,General,6
2405342,Charvi Agarwal,BBA,General,6
2405343,Navya Chopra,BBA,General,6
2405344,Hardik Bhandula,BBA,General,6
2405345,Harshita Goswami,BBA,General,6
2405346,Arpit Panwar,BBA,General,6
2405347,Rajat Dabral,BBA,General,6
2405349,Gaurav Nainwal,BBA,General,6
2405350,Himanshu Uniyal,BBA,General,6
2405352,Ishaan Tiwari,BBA,General,6
2405353,Jiya Gaur,BBA,General,6
2405354,Kavya Anand,BBA,General,6
2405355,Rakesh Nautiyal,BBA,General,6
2405356,Yuvraj Goel,BBA,General,6
2405357,Aman Pant,BBA,General,6
2405358,Ira Parmar,BBA,General,6
2405359,Ojas Bhatt,BBA,General,6
2405360,Kabir Agarwal,BBA,General,6
2405361,Yuvraj Maurya,BBA,General,6
2405362,Lakshya Kandpal,BBA,General,6
2405363,Madhav Saini,BBA,General,6
2405364,Rajat Bijalwan,BBA,General,6
2405365,Vaibhav Malhotra,BBA,General,6
2405366,Aditya Chaudhary,BBA,General,6
2405367,Rohan Oberoi,BBA,General,6
2405368,Madhav Garg,BBA,General,6
2405369,Aishwarya Bijalwan,BBA,General,6
2405370,Surbhi Gaur,BBA,General,6
2405371,Hardik Dhiman,BBA,General,6
2405373,Vikas Shukla,BBA,General,6
2405375,Hardik Dobhal,BBA,General,6
2405376,Zoya Dangwal,BBA,General,6
2405377,Amisha Kothari,BBA,General,6
2405378,Vikram Raturi,BBA,General,6
2405379,Tanishq Parmar,BBA,General,6
2405380,Nitin Bahuguna,BBA,General,6
2405381,Gunjan Uniyal,BBA,General,6
2405382,Ajay Bajaj,BBA,General,6
2405383,Abhay Rana,BBA,General,6
2405384,Sarthak Chamoli,BBA,General,6
2405385,Uday Tiwari,BBA,General,6
2405386,Parth Lal,BBA,General,6
2405387,Amit Dobhal,BBA,General,6
2405388,Sakshi Garg,BBA,General,6
2405389,Sachin Khanduri,BBA,General,6
2405390,Kamal Patel,BBA,General,6
2405392,Priyanka Chopra,BBA,General,6
2405393,Chetan Nagi,BBA,General,6
2405394,Ashutosh Goel,BBA,General,6
2405395,Ayush Kukreti,BBA,General,6
2405396,Laksh Aggarwal,BBA,General,6
2405397,Deepika Bhardwaj,BBA,General,6
2405398,Vaishnavi Dhiman,BBA,General,6
2405399,Ankita Yadav,BBA,General,6
2405401,Amit Joshi,BBA,General,6
2405402,Meera Bhandari,BBA,General,6
2405403,Priya Sati,BBA,General,6
2405404,Uday Goel,BBA,General,6
2405405,Kartik Khurana,BBA,General,6
2405406,Prachi Saxena,BBA,General,6
2405407,Prateek Vats,BBA,General,6
2405409,Abhinav Tomar,BBA,General,6
2405410,Radhika Malhotra,BBA,General,6
2405411,Chaitanya Khurana,BBA,General,6
2405412,Srishti Rautela,BBA,General,6
2405413,Arpit Chamoli,BBA,General,6
2405414,Charvi Chamoli,BBA,General,6
2405415,Garima Joshi,BBA,General,6
2405417,Ashutosh Nagi,BBA,General,6
2405418,Ansh Maithani,BBA,General,6
2405420,Shubham Jain,BBA,General,6
2405421,Dhruv Chaudhary,BBA,General,6
2405422,Sara Pundir,BBA,General,6
2405423,Dhruv Gusain,BBA,General,6
2405425,Madhav Sinha,BBA,General,6
2405426,Naman Tiwari,BBA,General,6
2405427,Tarun Jain,BBA,General,6
2405434,Kriti Anand,BBA,General,6
2405442,Kajal Dangwal,BBA,General,6
2405445,Kartik Dimri,BBA,General,6
2405461,Tanmay Dangwal,BBA,General,6
2405462,Anshika Kapoor,BBA,General,7
2405463,Tripti Maithani,BBA,General,7
2405464,Chaitanya Thapliyal,BBA,General,6
2405466,Gaurav Kandpal,BBA,General,6
2405467,Disha Semwal,BBA,General,6
2405468,Bhumika Lal,BBA,General,7
2405469,Ashutosh Pandey,BBA,General,6
2405470,Apoorva Bhandari,BBA,General,6
2405471,Sanya Raturi,BBA,General,6
2405473,Komal Raturi,BBA,General,6
2405474,Vandana Bisht,BBA,General,6
2405475,Varun Semwal,BBA,General,6
2405477,Aditi Mahajan,BBA,General,6
2405478,Deepak Sinha,BBA,General,6
2405479,Surbhi Kimothi,BBA,General,6
2405480,Anshika Bhardwaj,BBA,General,6
2405481,Ishaan Negi,BBA,General,6
2405482,Kunal Yadav,BBA,General,6
2405484,Navya Kapoor,BBA,General,6
2405485,Kavya Garg,BBA,General,6
2405487,Jatin Semwal,BBA,General,6
2405488,Soumya Walia,BBA,General,6
2405489,Vivek Kumar,BBA,General,6
2405490,Ishita Bijalwan,BBA,General,6
2405491,Kriti Bhandari,BBA,General,6
2405492,Aarav Tiwari,BBA,General,6
2405493,Yamini Goswami,BBA,General,6
2405494,Nidhi Thapliyal,BBA,General,6
2405495,Kriti Arora,BBA,General,6
2405497,Jaya Pathak,BBA,General,7
2405498,Shreya Kashyap,BBA,General,6
2405499,Dhruv Agarwal,BBA,General,6
2405501,Yogesh Rautela,BBA,General,6
2405502,Chaitanya Pathak,BBA,General,6
2405503,Sanya Vats,BBA,General,6
2405504,Soumya Bhandari,BBA,General,7
2405506,Pallavi Chamoli,BBA,General,6
2405507,Deepak Kimothi,BBA,General,6
2405508,Srishti Dimri,BBA,General,6
2405509,Ayush Saxena,BBA,General,6
2405510,Shagun Pant,BBA,General,6
2405511,Bhumika Dubey,BBA,General,6
2405512,Akash Dobhal,BBA,General,6
2405513,Raj Bhardwaj,BBA,General,6
2405514,Eshaan Pant,BBA,General,6
2405515,Akash Malhotra,BBA,General,6
2405521,Nikhil Nanda,BBA,General,6
2405522,Simran Mahajan,BBA,General,6
2405523,Vandana Semwal,BBA,General,7
2405524,Radhika Mittal,BBA,General,7
2405525,Ishita Chamoli,BBA,General,7
2405526,Kunal Pant,BBA,General,6
2405527,Vaishnavi Goel,BBA,General,6
2405528,Laksh Tripathi,BBA,General,6
2405529,Tanmay Chaudhary,BBA,General,6
2405530,Vishal Tripathi,BBA,General,6
2405531,Tripti Negi,BBA,General,7
2405532,Priya Vats,BBA,General,7
2405534,Anshika Rana,BBA,General,6
2405535,Zoya Bhardwaj,BBA,General,6
2405536,Muskan Bhatt,BBA,General,6
2405537,Gayatri Mehta,BBA,General,6
2405538,Payal Tiwari,BBA,General,6
2405539,Zoya Kashyap,BBA,General,7
2405540,Rahul Bahuguna,BBA,General,6
2405541,Ananya Dubey,BBA,General,6
2405542,Vandana Nagi,BBA,General,6
2405543,Jiya Dimri,BBA,General,6
2405544,Amisha Chopra,BBA,General,6
2405545,Yash Walia,BBA,General,6
2405546,Chaitanya Dangwal,BBA,General,7
2405547,Samarth Bajaj,BBA,General,7
2405548,Pallavi Sharma,BBA,General,6
2405549,Shubham Bajaj,BBA,General,6
2405550,Vaishnavi Saxena,BBA,General,6
2405552,Anuj Thakur,BBA,General,7
2405553,Mayank Dabral,BBA,General,6
2405554,Tanvi Dangwal,BBA,General,6
2405572,Nikhil Mishra,BBA,General,6
2405573,Sakshi Vats,BBA,General,6
2405574,Kabir Jain,BBA,General,6
2405575,Sumit Srivastava,BBA,General,6
2405577,Shagun Kimothi,BBA,General,6
2405578,Shruti Arora,BBA,General,6
2405579,Amisha Pathak,BBA,General,6
2405580,Disha Kumar,BBA,General,6
2405582,Varun Kapoor,BBA,General,6
2405584,Anshika Pandey,BBA,General,6
2405585,Aman Saxena,BBA,General,6
2405586,Pranav Dobhal,BBA,General,6
2405587,Deepak Sati,BBA,General,6
2405589,Nikhil Saini,BBA,General,6
2405591,Vipul Sharma,BBA,General,6
2405595,Ruchi Pundir,BBA,General,6
2405596,Omkar Chaudhary,BBA,General,6
2405597,Tanishq Bhandula,BBA,General,6
2405598,Pallavi Rastogi,BBA,General,5
2405602,Palak Yadav,BBA,General,6
2405604,Ayush Mehta,BBA,General,6
2405605,Uday Malhotra,BBA,General,6
2405607,Anjali Walia,BBA,General,6
2405608,Deepak Arora,BBA,General,6
2405610,Ankita Mittal,BBA,General,6
2405612,Garima Khurana,BBA,General,6
2405613,Nidhi Pathak,BBA,General,6
2405614,Karan Oberoi,BBA,General,6
2405615,Sneha Arora,BBA,General,6
2405616,Rajat Gupta,BBA,General,6
2405617,Vansh Bansal,BBA,General,6
2405621,Vansh Nainwal,BBA,General,6
2405622,Manish Rautela,BBA,General,6
2405623,Gayatri Sharma,BBA,General,6
2405624,Shubham Tiwari,BBA,General,6
2406001,Gunjan Nagi,BBA,General,5
2406002,Palak Kashyap,BBA,General,5
2406003,Rahul Maurya,BBA,General,5
2406004,Hardik Raturi,BBA,General,5
2406005,Kavya Bisht,BBA,General,5
2406006,Yashika Walia,BBA,General,5
2406007,Ajay Dangwal,BBA,General,5
2406008,Kamal Gupta,BBA,General,5
2406009,Vidhi Pant,BBA,General,5
2406011,Gaurav Lal,BBA,General,5
2406012,Gunjan Dangwal,BBA,General,5
2406013,Shalini Trivedi,BBA,General,5
2406014,Ishita Dimri,BBA,General,5
2406015,Eshaan Kandpal,BBA,General,4
2406017,Samarth Chauhan,BBA,General,5
2406018,Dev Gusain,BBA,General,5
2406019,Mahima Kandpal,BBA,General,5
2406020,Ramya Arora,BBA,General,5
2406021,Mehak Mehra,BBA,General,5
2406022,Sanket Mehra,BBA,General,5
2406023,Vivek Goel,BBA,General,5
2406024,Jaya Kothari,BBA,General,5
2406026,Arjun Anand,BBA,General,5
2406027,Diksha Trivedi,BBA,General,5
2406028,Yamini Joshi,BBA,General,5
2406030,Nidhi Bhandari,BBA,General,5
2406031,Saurabh Tandon,BBA,General,5
2406032,Bhumika Dobhal,BBA,General,5
2406033,Rohit Kapoor,BBA,General,5
2406034,Yamini Kapoor,BBA,General,5
2406035,Omkar Nautiyal,BBA,General,5
2406036,Sanya Semwal,BBA,General,5
2406037,Jatin Aggarwal,BBA,General,5
2406038,Navya Rathi,BBA,General,5
2406040,Manav Chamoli,BBA,General,5
2406041,Sneha Saini,BBA,General,5
2406042,Aman Rawal,BBA,General,5
2406043,Saloni Dhiman,BBA,General,5
2406044,Surbhi Tripathi,BBA,General,5
2406045,Alok Verma,BBA,General,5
2406047,Priya Oberoi,BBA,General,5
2406048,Dev Kimothi,BBA,General,5
2406049,Rudra Rathi,BBA,General,5
2406050,Vipul Basu,BBA,General,4
2406051,Arnav Semwal,BBA,General,5
2406052,Rohit Tripathi,BBA,General,4
2406053,Harsh Joshi,BBA,General,5
2406054,Ashutosh Walia,BBA,General,5
2406057,Vaishnavi Aggarwal,BBA,General,5
2406058,Eshaan Srivastava,BBA,General,5
2406059,Deepak Dobhal,BBA,General,5
2406060,Tanishq Khanduri,BBA,General,5
2406061,Sanchi Soni,BBA,General,5
2406062,Gayatri Trivedi,BBA,General,5
2406063,Arpit Kashyap,BBA,General,5
2406065,Aarav Saini,BBA,General,4
2406066,Lavanya Nanda,BBA,General,5
2406067,Shreya Singh,BBA,General,5
2406068,Yogesh Soni,BBA,General,5
2406069,Eshaan Yadav,BBA,General,5
2406070,Vedant Rathi,BBA,General,5
2406071,Ajay Malhotra,BBA,General,5
2406073,Kabir Shukla,BBA,General,5
2406076,Ira Bisht,BBA,General,5
2406077,Kriti Goswami,BBA,General,5
2406078,Preeti Agarwal,BBA,General,5
2406079,Mansi Bhardwaj,BBA,General,5
2406080,Alok Dimri,BBA,General,5
2406081,Pranav Mahajan,BBA,General,5
2406082,Sneha Sood,BBA,General,5
2406083,Aryan Anand,BBA,General,5
2406084,Jatin Saxena,BBA,General,5
2406085,Hardik Saini,BBA,General,5
2406086,Uday Dangwal,BBA,General,5
2406087,Sarthak Parmar,BBA,General,5
2406088,Harsh Bijalwan,BBA,General,5
2406089,Disha Saxena,BBA,General,5
2406090,Pooja Aggarwal,BBA,General,5
2406091,Nidhi Pant,BBA,General,5
2406092,Sakshi Uniyal,BBA,General,5
2406093,Omkar Bisht,BBA,General,5
2406095,Sanket Trivedi,BBA,General,5
2406096,Muskan Pundir,BBA,General,5
2406099,Sandeep Pokhriyal,BBA,General,5
2406100,Shivani Maithani,BBA,General,4
2406102,Akanksha Khurana,BBA,General,5
2406103,Samarth Uniyal,BBA,General,5
2406104,Deepak Kothari,BBA,General,5
2406105,Saurabh Goswami,BBA,General,5
2406106,Harsh Dubey,BBA,General,4
2406107,Tarun Soni,BBA,General,5
2406108,Yuvraj Badoni,BBA,General,5
2406109,Chetan Gupta,BBA,General,5
2406111,Yamini Yadav,BBA,General,5
2406113,Komal Bhardwaj,BBA,General,5
2406114,Ruchi Pathak,BBA,General,5
2406115,Ankita Rajput,BBA,General,5
2406117,Priya Yadav,BBA,General,5
2406119,Deepak Pathak,BBA,General,5
2406120,Srishti Kandpal,BBA,General,5
2406121,Harshita Arora,BBA,General,5
2406122,Aishwarya Pant,BBA,General,5
2406123,Sanchi Chauhan,BBA,General,5
2406124,Apoorva Trivedi,BBA,General,5
2406126,Dev Tiwari,BBA,General,5
2406127,Jatin Pundir,BBA,General,4
2406128,Gayatri Maurya,BBA,General,5
2406129,Priya Bhandula,BBA,General,5
2406130,Sanchi Nautiyal,BBA,General,5
2406131,Naveen Thakur,BBA,General,5
2406132,Ananya Dabral,BBA,General,5
2406133,Preeti Bhandula,BBA,General,5
2406134,Amisha Walia,BBA,General,5
2406135,Tripti Shukla,BBA,General,5
2406136,Akshay Kukreti,BBA,General,5
2406137,Vinay Sethi,BBA,General,5
2406138,Mridul Chaudhary,BBA,General,5
2406139,Jiya Chaudhary,BBA,General,5
2406141,Raghav Rawat,BBA,General,5
2406142,Vaishnavi Agarwal,BBA,General,5
2406143,Himanshu Mehta,BBA,General,4
2406144,Arpit Gusain,BBA,General,5
2406146,Payal Nanda,BBA,General,5
2406147,Surbhi Uniyal,BBA,General,5
2406148,Mansi Mahajan,BBA,General,5
2406149,Anchal Uniyal,BBA,General,5
2406150,Sumit Pundir,BBA,General,5
2406151,Tanishq Dangwal,BBA,General,5
2406152,Bhumika Semwal,BBA,General,5
2406153,Devansh Bhandari,BBA,General,5
2406154,Rishabh Parmar,BBA,General,5
2406155,Anmol Dangwal,BBA,General,5
2406156,Srishti Rastogi,BBA,General,5
2406157,Neha Arora,BBA,General,4
2406158,Pulkit Khurana,BBA,General,5
2406159,Vansh Dhiman,BBA,General,5
2406160,Vaibhav Dubey,BBA,General,5
2406161,Vikram Bansal,BBA,General,5
2406162,Arjun Goel,BBA,General,5
2406163,Vandana Garg,BBA,General,5
2406164,Sarthak Pokhriyal,BBA,General,5
2406165,Simran Chamoli,BBA,General,5
2406166,Mridul Bhandari,BBA,General,5
2406169,Eshaan Kapoor,BBA,General,5
2406170,Ajay Panwar,BBA,General,5
2406171,Mohit Sethi,BBA,General,5
2406173,Raj Rawal,BBA,General,5
2406174,Sandeep Arora,BBA,General,5
2406176,Sara Jain,BBA,General,5
2406177,Naveen Kothari,BBA,General,5
2406178,Vidhi Nanda,BBA,General,5
2406179,Jaya Nagi,BBA,General,5
2406180,Harshita Rastogi,BBA,General,5
2406181,Naveen Gupta,BBA,General,5
2406182,Samarth Garg,BBA,General,5
2406183,Chetan Verma,BBA,General,5
2406184,Apoorva Bijalwan,BBA,General,5
2406185,Ramya Gaur,BBA,General,5
2406186,Diksha Sati,BBA,General,5
2406187,Lakshya Dimri,BBA,General,5
2406188,Jiya Kapoor,BBA,General,5
2406189,Payal Rathi,BBA,General,5
2406190,Vipul Dobhal,BBA,General,5
2406191,Diksha Nagi,BBA,General,5
2406192,Anushka Singh,BBA,General,5
2406193,Raghav Singh,BBA,General,5
2406194,Mridul Goswami,BBA,General,5
2406195,Uday Bijalwan,BBA,General,5
2406196,Diksha Bhandula,BBA,General,5
2406197,Eshaan Rajput,BBA,General,5
2406198,Keshav Aggarwal,BBA,General,5
2406199,Riya Parmar,BBA,General,5
2406200,Ankita Anand,BBA,General,5
2406201,Pallavi Bisht,BBA,General,5
2406202,Shreya Pundir,BBA,General,5
2406203,Shalini Saini,BBA,General,5
2406204,Omkar Pant,BBA,General,5
2406205,Rakesh Panwar,BBA,General,5
2406206,Lavanya Negi,BBA,General,5
2406207,Nandini Rastogi,BBA,General,5
2406208,Vaibhav Bansal,BBA,General,5
2406209,Ramya Saxena,BBA,General,5
2406212,Hemant Dhiman,BBA,General,5
2406213,Aishwarya Rawat,BBA,General,5
2406214,Neha Dimri,BBA,General,5
2406215,Ansh Bhandula,BBA,General,5
2406216,Manish Bajaj,BBA,General,5
2406217,Sonal Jain,BBA,General,5
2406218,Ajay Uniyal,BBA,General,5
2406219,Alok Oberoi,BBA,General,5
2406220,Anshika Kumar,BBA,General,5
2406221,Vansh Mittal,BBA,General,5
2406222,Rudra Gusain,BBA,General,5
2406223,Vikram Goswami,BBA,General,5
2406224,Rishabh Dubey,BBA,General,5
2406226,Anmol Dimri,BBA,General,5
2406227,Sanchi Agarwal,BBA,General,5
2406228,Sandeep Parmar,BBA,General,5
2406230,Radhika Dhiman,BBA,General,5
2406231,Kajal Soni,BBA,General,5
2406233,Pooja Gupta,BBA,General,5
2406234,Aman Parmar,BBA,General,5
2406236,Gayatri Khurana,BBA,General,5
2406237,Akash Patel,BBA,General,5
2406238,Siddharth Basu,BBA,General,5
2406239,Dev Rawal,BBA,General,5
2406240,Ruchi Kashyap,BBA,General,5
2406241,Nisha Bisht,BBA,General,5
2406242,Saloni Nainwal,BBA,General,5
2406243,Mayank Trivedi,BBA,General,5
2406244,Radhika Saxena,BBA,General,5
2406245,Nikhil Rautela,BBA,General,5
2406246,Sanket Walia,BBA,General,5
2406247,Vidhi Gupta,BBA,General,5
2406248,Ishita Raturi,BBA,General,5
2406249,Ramya Oberoi,BBA,General,5
2406250,Neha Dobhal,BBA,General,5
2406251,Simran Parmar,BBA,General,5
2406252,Vishal Aggarwal,BBA,General,5
2406253,Ravi Chaudhary,BBA,General,5
2406254,Apoorva Bansal,BBA,General,4
2406256,Prachi Soni,BBA,General,5
2406257,Nandini Joshi,BBA,General,5
2406258,Keshav Bhandula,BBA,General,5
2406259,Deepika Kothari,BBA,General,5
2406260,Amit Mishra,BBA,General,5
2406261,Ishita Rawal,BBA,General,5
2406262,Sumit Rana,BBA,General,5
2406263,Meera Juyal,BBA,General,5
2406264,Priyanka Goswami,BBA,General,5
2406265,Ishita Maurya,BBA,General,5
2406266,Shivam Arora,BBA,General,5
2406267,Yamini Bisht,BBA,General,5
2406268,Shivam Bansal,BBA,General,5
2406269,Sanket Nanda,BBA,General,5
2406270,Payal Jain,BBA,General,5
2406271,Sanchi Kimothi,BBA,General,5
2406272,Raj Mahajan,BBA,General,5
2406273,Pranav Bisht,BBA,General,5
2406274,Madhav Goswami,BBA,General,5
2406275,Shivani Nagi,BBA,General,5
2406277,Anushka Dobhal,BBA,General,5
2406278,Kriti Dimri,BBA,General,4
2406279,Aryan Rawal,BBA,General,5
2406280,Navya Bhatt,BBA,General,5
2406282,Suhani Singh,BBA,General,5
2406283,Ankit Semwal,BBA,General,5
2406284,Navya Yadav,BBA,General,5
2406285,Sanjana Dhiman,BBA,General,5
2406288,Sagar Sharma,BBA,General,5
2406289,Prateek Nagi,BBA,General,5
2406290,Bhumika Gusain,BBA,General,5
2406291,Gunjan Nautiyal,BBA,General,5
2406292,Ira Vats,BBA,General,5
2406296,Alok Sinha,BBA,General,4
2406298,Aishwarya Jain,BBA,General,5
2406300,Chetan Uniyal,BBA,General,5
2406301,Yuvraj Dubey,BBA,General,5
2406302,Aditi Patel,BBA,General,5
2406303,Vaibhav Khanduri,BBA,General,5
2406304,Bhavya Nagi,BBA,General,5
2406306,Omkar Rawal,BBA,General,5
2406307,Arpit Maurya,BBA,General,5
2406308,Lavanya Yadav,BBA,General,5
2406309,Aishwarya Kapoor,BBA,General,5
2406311,Vipul Pundir,BBA,General,5
2406312,Mayank Dimri,BBA,General,5
2406313,Aditi Sati,BBA,General,5
2406315,Kajal Chopra,BBA,General,5
2406316,Sumit Sati,BBA,General,5
2406317,Hardik Chamoli,BBA,General,5
2406318,Pooja Nagi,BBA,General,5
2406319,Anuj Gupta,BBA,General,5
2406320,Uday Tomar,BBA,General,5
2406321,Anmol Bhatt,BBA,General,5
2406322,Devansh Badoni,BBA,General,5
2406324,Eshaan Verma,BBA,General,5
2406325,Ankita Rautela,BBA,General,5
2406326,Disha Maithani,BBA,General,5
2406327,Kavya Juyal,BBA,General,4
2406328,Madhav Nautiyal,BBA,General,5
2406329,Bhavya Malhotra,BBA,General,5
2406330,Aditi Khanduri,BBA,General,5
2406331,Gayatri Basu,BBA,General,5
2406332,Kunal Kothari,BBA,General,5
2406333,Jaya Bhandula,BBA,General,5
2406334,Anshika Pundir,BBA,General,5
2406335,Omkar Khurana,BBA,General,5
2406336,Sneha Rajput,BBA,General,5
2406337,Shreya Shukla,BBA,General,5
2406338,Soumya Bansal,BBA,General,5
2406339,Akanksha Maithani,BBA,General,5
2406340,Vikas Nautiyal,BBA,General,5
2406341,Kabir Walia,BBA,General,5
2406342,Raghav Rathi,BBA,General,5
2406343,Anushka Barthwal,BBA,General,5
2406344,Gayatri Rawat,BBA,General,5
2406345,Vivek Bhandula,BBA,General,5
2406346,Ira Aggarwal,BBA,General,5
2406348,Tanmay Joshi,BBA,General,5
2406349,Vandana Dabral,BBA,General,5
2406351,Parth Agarwal,BBA,General,5
2406352,Vansh Sood,BBA,General,5
2406353,Jaya Basu,BBA,General,5
2406354,Mohit Maithani,BBA,General,5
2406355,Yuvraj Kashyap,BBA,General,5
2406356,Keshav Thakur,BBA,General,5
2406357,Charvi Semwal,BBA,General,5
2406358,Ajay Kapoor,BBA,General,5
2406360,Mohit Nanda,BBA,General,5
2406362,Rahul Badoni,BBA,General,5
2406363,Yogesh Mittal,BBA,General,5
2406364,Yamini Panwar,BBA,General,5
2406365,Mridul Rajput,BBA,General,5
2406366,Kajal Trivedi,BBA,General,5
2406367,Dev Dobhal,BBA,General,5
2406368,Prateek Chamoli,BBA,General,5
2406369,Kunal Saxena,BBA,General,5
2406370,Amit Chauhan,BBA,General,5
2406371,Khushi Malhotra,BBA,General,5
2406372,Aditya Bhandari,BBA,General,5
2406373,Gunjan Dimri,BBA,General,5
2406374,Charvi Joshi,BBA,General,5
2406375,Anmol Dubey,BBA,General,5
2406376,Kamal Goswami,BBA,General,5
2406377,Deepika Lal,BBA,General,5
2406378,Riya Dubey,BBA,General,5
2406379,Sarthak Goswami,BBA,General,5
2406380,Akash Maurya,BBA,General,5
2406381,Himanshu Nainwal,BBA,General,6
2406382,Sahil Rana,BBA,General,5
2406383,Bhavya Lal,BBA,General,5
2406385,Dev Nautiyal,BBA,General,5
2406386,Jatin Mehra,BBA,General,5
2406387,Arnav Kothari,BBA,General,5
2406388,Tanishq Srivastava,BBA,General,5
2406390,Kunal Bijalwan,BBA,General,5
2406391,Pooja Tiwari,BBA,General,5
2406392,Aman Dimri,BBA,General,5
2406393,Gunjan Parmar,BBA,General,5
2406394,Rohan Kandpal,BBA,General,5
2406395,Jaya Raturi,BBA,General,5
2406398,Vaishnavi Kashyap,BBA,General,5
2406399,Ayush Soni,BBA,General,5
2406400,Yogesh Thapliyal,BBA,General,5
2406401,Yuvraj Chauhan,BBA,General,5
2406402,Yash Pundir,BBA,General,5
2406403,Akash Kothari,BBA,General,5
2406404,Anushka Mittal,BBA,General,5
2406405,Tanvi Saini,BBA,General,5
2406406,Anmol Pokhriyal,BBA,General,5
2406407,Pranav Gaur,BBA,General,5
2406408,Sanchi Bhatt,BBA,General,5
2406409,Rishabh Oberoi,BBA,General,5
2406410,Vikram Joshi,BBA,General,5
2406411,Saurabh Shukla,BBA,General,4
2406412,Yash Mahajan,BBA,General,5
2406413,Akshay Bisht,BBA,General,5
2406414,Mehak Khanduri,BBA,General,5
2406416,Ankita Thakur,BBA,General,5
2406417,Sonal Pathak,BBA,General,5
2406418,Ramya Goel,BBA,General,5
2406422,Rishabh Kothari,BBA,General,5
2406423,Shivam Bhatt,BBA,General,5
2406424,Arnav Gaur,BBA,General,5
2406425,Yogesh Semwal,BBA,General,5
2406426,Siddharth Mishra,BBA,General,5
2406427,Muskan Anand,BBA,General,5
2406428,Ayush Shukla,BBA,General,5
2406429,Manish Rathi,BBA,General,5
2406430,Pulkit Basu,BBA,General,5
2406431,Vishal Sati,BBA,General,5
2406432,Nisha Khanduri,BBA,General,5
2406433,Riya Khurana,BBA,General,5
2406434,Manav Kukreti,BBA,General,5
2406435,Sanya Sharma,BBA,General,5
2406436,Harshita Basu,BBA,General,5
2406438,Payal Barthwal,BBA,General,5
2406440,Arjun Tiwari,BBA,General,5
2406441,Khushi Sharma,BBA,General,5
2406442,Nikhil Malhotra,BBA,General,5
2406443,Amit Pant,BBA,General,4
2406444,Amit Arora,BBA,General,5
2406445,Rakesh Bhandari,BBA,General,5
2406446,Siddharth Bhandari,BBA,General,5
2406447,Parth Pokhriyal,BBA,General,5
2406448,Srishti Rathi,BBA,General,5
2406450,Yashika Badoni,BBA,General,5
2406451,Nandini Nainwal,BBA,General,5
2406452,Harsh Nagi,BBA,General,5
2406453,Nandini Pundir,BBA,General,5
2406454,Vikram Kandpal,BBA,General,4
2406455,Uday Kimothi,BBA,General,5
2406456,Muskan Kukreti,BBA,General,5
2406457,Ishaan Bisht,BBA,General,5
2406458,Tarun Srivastava,BBA,General,5
2406460,Riya Dangwal,BBA,General,5
2406461,Ira Pokhriyal,BBA,General,5
2406462,Sonal Verma,BBA,General,5
2406463,Harshita Dobhal,BBA,General,5
2406465,Amisha Mahajan,BBA,General,4
2406469,Divya Chamoli,BBA,General,5
2406470,Ankit Garg,BBA,General,5
2406472,Tanishq Sood,BBA,General,5
2406475,Parth Shukla,BBA,General,5
2406477,Amisha Pundir,BBA,General,5
2406478,Tanmay Dabral,BBA,General,5
2406479,Kriti Dangwal,BBA,General,5
2406481,Simran Pathak,BBA,General,5
2406483,Sagar Arora,BBA,General,5
2406485,Sonal Yadav,BBA,General,5
2406486,Ansh Dangwal,BBA,General,5
2406487,Mohit Gupta,BBA,General,5
2406488,Sneha Chamoli,BBA,General,5
2406490,Meera Raturi,BBA,General,5
2406491,Rohan Pathak,BBA,General,5
2406492,Raghav Chopra,BBA,General,5
2406493,Lakshya Trivedi,BBA,General,5
2406494,Devansh Pandey,BBA,General,5
2406495,Vaishnavi Mehta,BBA,General,5
2406496,Shalini Rawat,BBA,General,5
2406498,Laksh Rana,BBA,General,5
2406501,Anuj Thapliyal,BBA,General,5
2406502,Muskan Kumar,BBA,General,4
2406503,Ravi Kothari,BBA,General,4
2406504,Komal Oberoi,BBA,General,5
2406505,Sanjana Rawal,BBA,General,5
2406506,Gautam Panwar,BBA,General,5
2406507,Aryan Gusain,BBA,General,5
2406508,Ashutosh Trivedi,BBA,General,5
2406509,Disha Negi,BBA,General,5
2406510,Jaya Joshi,BBA,General,5
2406511,Charvi Nainwal,BBA,General,5
2406512,Archit Lal,BBA,General,5
2406513,Yamini Chauhan,BBA,General,5
2406514,Kunal Tiwari,BBA,General,5
2406515,Sachin Thakur,BBA,General,5
2406516,Ramya Gupta,BBA,General,5
2406517,Vikas Anand,BBA,General,5
2406518,Kunal Lal,BBA,General,5
2406519,Manish Verma,BBA,General,5
2406520,Akshay Mahajan,BBA,General,5
2406521,Bhavya Dimri,BBA,General,4
2406522,Nidhi Patel,BBA,General,5
2406525,Sanya Bisht,BBA,General,5
2406526,Tanmay Khurana,BBA,General,5
2406527,Ishita Patel,BBA,General,5
2406528,Yashika Shukla,BBA,General,5
2406529,Mohit Kothari,BBA,General,5
2406530,Rohan Rathi,BBA,General,5
2406531,Shubham Bijalwan,BBA,General,5
2406532,Kriti Tripathi,BBA,General,5
2406533,Sandeep Dangwal,BBA,General,5
2406534,Jiya Goel,BBA,General,5
2406535,Rohit Dhiman,BBA,General,5
2406536,Ruchi Gupta,BBA,General,5
2406537,Hardik Trivedi,BBA,General,5
2406540,Samarth Maurya,BBA,General,5
2406541,Tanvi Maithani,BBA,General,4
2406542,Vaishnavi Rajput,BBA,General,5
2406543,Shivani Joshi,BBA,General,5
2406544,Vidhi Bhardwaj,BBA,General,5
2406545,Tripti Sharma,BBA,General,5
2406546,Udit Walia,BBA,General,5
2406547,Rudra Kumar,BBA,General,5
2406548,Gautam Joshi,BBA,General,5
2406550,Arpit Malhotra,BBA,General,5
2406552,Kajal Singh,BBA,General,5
2406553,Harsh Sood,BBA,General,5
2406554,Anuj Goswami,BBA,General,5
2406555,Nidhi Tiwari,BBA,General,5
2406556,Sneha Walia,BBA,General,5
2406557,Jatin Sharma,BBA,General,5
2406558,Jaya Maurya,BBA,General,5
2406559,Anmol Bhandula,BBA,General,5
2406560,Yash Negi,BBA,General,5
2406561,Neha Bhatt,BBA,General,5
2406562,Ankita Pathak,BBA,General,5
2406563,Disha Parmar,BBA,General,5
2406564,Mahima Tandon,BBA,General,5
2406566,Prateek Pant,BBA,General,5
2406567,Mridul Bhardwaj,BBA,General,5
2406568,Ashish Nanda,BBA,General,5
2406569,Simran Gusain,BBA,General,6
2406570,Aditi Bhandula,BBA,General,5
2406571,Ruchi Parmar,BBA,General,5
2406572,Ojas Rautela,BBA,General,5
2406573,Archit Jain,BBA,General,5
2406574,Saurabh Tripathi,BBA,General,4
2406575,Anuj Chopra,BBA,General,5
2406576,Madhav Parmar,BBA,General,5
2406581,Samarth Pathak,BBA,General,5
2406582,Eshaan Basu,BBA,General,5
2406585,Anushka Gupta,BBA,General,5
2406586,Gaurav Tiwari,BBA,General,5
2406587,Sumit Kukreti,BBA,General,5
2406588,Vivek Kapoor,BBA,General,5
2406589,Omkar Khanduri,BBA,General,5
2406590,Ashutosh Mahajan,BBA,General,5
2406591,Deepika Srivastava,BBA,General,5
2406592,Simran Badoni,BBA,General,5
2406593,Yuvraj Walia,BBA,General,5
2406594,Sanchi Khanduri,BBA,General,5
2406595,Arpit Kothari,BBA,General,5
2406596,Ruchi Yadav,BBA,General,5
2406597,Vikram Arora,BBA,General,5
2406598,Saloni Dabral,BBA,General,5
2406599,Dhruv Dabral,BBA,General,5
2406600,Omkar Agarwal,BBA,General,5
2406601,Rahul Dobhal,BBA,General,5
2406602,Tanmay Pathak,BBA,General,5
2406603,Ashish Garg,BBA,General,5
2406604,Srishti Oberoi,BBA,General,5
2406606,Shalini Anand,BBA,General,5
2406607,Sumit Bhandari,BBA,General,5
2406608,Udit Kothari,BBA,General,5
2406609,Tanmay Tomar,BBA,General,5
2406611,Vaibhav Dimri,BBA,General,5
2406612,Keshav Tandon,BBA,General,5
2406613,Bhumika Bhardwaj,BBA,General,5
2406614,Lavanya Trivedi,BBA,General,5
2406615,Mayank Thapliyal,BBA,General,5
2406616,Rahul Uniyal,BBA,General,5
2406617,Hardik Chopra,BBA,General,5
2406618,Jaya Pandey,BBA,General,5
2406619,Pulkit Rawal,BBA,General,5
2406620,Rakesh Sinha,BBA,General,5
2406621,Arjun Uniyal,BBA,General,5
2406622,Sandeep Chauhan,BBA,General,5
2406623,Ishita Bhardwaj,BBA,General,5
2406624,Chetan Vats,BBA,General,5
2406625,Jatin Shukla,BBA,General,5
2406626,Tripti Mehta,BBA,General,5
2406627,Ankit Jain,BBA,General,5
2406628,Prateek Rana,BBA,General,5
2406641,Vivek Rautela,BBA,General,5
2406642,Khushi Walia,BBA,General,5
2406643,Raj Walia,BBA,General,5
2406646,Ansh Anand,BBA,General,5
2406647,Anushka Dangwal,BBA,General,5
2406648,Harsh Sati,BBA,General,5
2406649,Vinay Aggarwal,BBA,General,5
2406650,Hardik Pokhriyal,BBA,General,5
2406651,Mohit Tripathi,BBA,General,5
2406652,Saloni Aggarwal,BBA,General,5
2406655,Shruti Oberoi,BBA,General,5
2406656,Arpit Walia,BBA,General,5
2406657,Sakshi Kumar,BBA,General,5
2406658,Preeti Panwar,BBA,General,5
2406659,Aishwarya Chamoli,BBA,General,5
2406660,Chaitanya Pandey,BBA,General,5
2406661,Alok Dhiman,BBA,General,5
2406664,Shubham Mittal,BBA,General,5
2406667,Neha Thakur,BBA,General,5
2406668,Sachin Mahajan,BBA,General,5
2406669,Ishaan Maithani,BBA,General,5
2406681,Omkar Yadav,BBA,General,5
2406682,Garima Pandey,BBA,General,5
2406683,Shivani Yadav,BBA,General,5
2406684,Tanmay Rana,BBA,General,5
2406685,Navya Agarwal,BBA,General,5
2406687,Mridul Kapoor,BBA,General,5
2406688,Mansi Bhatt,BBA,General,5
2406689,Mehak Nautiyal,BBA,General,5
2406690,Uday Dhiman,BBA,General,5
2406691,Mridul Shukla,BBA,General,5
2406692,Mehak Rawat,BBA,General,5
2406693,Vandana Sharma,BBA,General,5
2406694,Ashish Bhandari,BBA,General,5
2406711,Vikram Kothari,BBA,General,5
2406712,Kamal Kukreti,BBA,General,5
2406713,Gaurav Anand,BBA,General,5
2406714,Srishti Saini,BBA,General,5
2406715,Rakesh Chauhan,BBA,General,5
2406717,Vandana Rathi,BBA,General,5
2406718,Lakshya Nagi,BBA,General,4
2406719,Raghav Bahuguna,BBA,General,5
2406720,Eshaan Tomar,BBA,General,5
2406721,Prachi Uniyal,BBA,General,5
2406722,Abhay Rawal,BBA,General,5
2406723,Ashish Nainwal,BBA,General,5
2406724,Ramya Kumar,BBA,General,5
2406725,Khushi Tiwari,BBA,General,5
2406726,Naman Kashyap,BBA,General,5
2406727,Gunjan Chauhan,BBA,General,5
2406728,Diksha Agarwal,BBA,General,5
2406729,Vipul Pant,BBA,General,5
2406730,Muskan Badoni,BBA,General,5
2406732,Sarthak Kandpal,BBA,General,5
2406733,Sahil Negi,BBA,General,4
2406734,Saurabh Trivedi,BBA,General,5
2406735,Rohit Bhandari,BBA,General,5
2406736,Nikhil Tripathi,BBA,General,5
2406737,Dev Bisht,BBA,General,5
2406738,Sara Tomar,BBA,General,5
2406739,Harshita Maurya,BBA,General,5
2406740,Ansh Mehra,BBA,General,5
2406741,Archit Nautiyal,BBA,General,5
2406761,Nitin Srivastava,BBA,General,5
2406762,Suhani Shukla,BBA,General,5
2406763,Abhinav Nanda,BBA,General,5
2406764,Laksh Bhatt,BBA,General,5
2406765,Naveen Soni,BBA,General,5
2406766,Ashutosh Kimothi,BBA,General,5
2406767,Pallavi Bajaj,BBA,General,5
2406768,Lavanya Dobhal,BBA,General,5
2406801,Aditi Chaudhary,BBA,General,4
2406802,Madhav Dimri,BBA,General,5
2406815,Vandana Mehra,BBA,General,5
2406816,Meera Basu,BBA,General,5
2406817,Payal Kukreti,BBA,General,5
2406818,Naveen Panwar,BBA,General,5
2406901,Apoorva Nagi,BBA,General,3
2406902,Surbhi Khurana,BBA,General,3
2406903,Sara Dangwal,BBA,General,3
2406904,Yogesh Saini,BBA,General,3
2406905,Nikhil Bhandula,BBA,General,3
2406906,Anushka Aggarwal,BBA,General,3
2406907,Mayank Vats,BBA,General,3
2406908,Amit Kashyap,BBA,General,3
2406909,Garima Tomar,BBA,General,3
2406910,Jiya Saxena,BBA,General,3
2406911,Aryan Goswami,BBA,General,3
2406912,Parth Vats,BBA,General,3
2406913,Keshav Pundir,BBA,General,3
2406914,Sarthak Rajput,BBA,General,3
2406915,Vansh Chaudhary,BBA,General,3
2406916,Lavanya Rajput,BBA,General,3
2406917,Priya Bijalwan,BBA,General,3
2406919,Neha Juyal,BBA,General,3
2406920,Shalini Dabral,BBA,General,3
2406921,Disha Bhatt,BBA,General,3
2406922,Varun Nanda,BBA,General,3
2406923,Nisha Mishra,BBA,General,3
2406924,Charvi Tandon,BBA,General,3
2406925,Arpit Patel,BBA,General,3
2406926,Vedant Nagi,BBA,General,3
2406927,Kamal Tomar,BBA,General,3
2406928,Harshita Nautiyal,BBA,General,3
2406929,Dev Arora,BBA,General,3
2406930,Harshita Goel,BBA,General,3
2406931,Anchal Dhiman,BBA,General,3
2406932,Vikram Maithani,BBA,General,3
2406933,Sanchi Gusain,BBA,General,3
2406934,Srishti Sethi,BBA,General,3
2406935,Sanjana Bisht,BBA,General,3
2406936,Tripti Juyal,BBA,General,3
2406937,Navya Maithani,BBA,General,3
2406938,Rishabh Agarwal,BBA,General,3
2406939,Rahul Rawat,BBA,General,3
2406940,Vansh Kumar,BBA,General,3
2406941,Sara Kothari,BBA,General,3
2406942,Ramya Pathak,BBA,General,3
2406944,Bhavya Kumar,BBA,General,3
2406945,Rishabh Mehra,BBA,General,3
2406946,Anuj Yadav,BBA,General,3
2406947,Lavanya Rautela,BBA,General,3
2406948,Zoya Kandpal,BBA,General,3
2406949,Akshay Chamoli,BBA,General,3
2406950,Sonal Singh,BBA,General,3
2406951,Hemant Goel,BBA,General,3
2406952,Sonal Tandon,BBA,General,3
2406953,Dhruv Dimri,BBA,General,3
2406954,Akshay Trivedi,BBA,General,3
2406955,Ankit Saini,BBA,General,3
2406956,Rishabh Bhardwaj,BBA,General,3
2406957,Vivek Sati,BBA,General,3
2406958,Jaya Sati,BBA,General,3
2406959,Nandini Bhandula,BBA,General,3
2406960,Rohit Dubey,BBA,General,3
2406961,Ira Semwal,BBA,General,3
2406963,Anushka Bajaj,BBA,General,3
2406964,Pulkit Dobhal,BBA,General,3
2406965,Gaurav Aggarwal,BBA,General,3
2406966,Soumya Srivastava,BBA,General,3
2406967,Kartik Mehta,BBA,General,3
2406968,Arnav Negi,BBA,General,3
2406969,Manish Aggarwal,BBA,General,3
2406971,Aditya Vats,BBA,General,3
2406972,Uday Chamoli,BBA,General,3
2406973,Kabir Tiwari,BBA,General,3
2406974,Jaya Vats,BBA,General,3
2406977,Sachin Sati,BBA,General,3
2406978,Diksha Rana,BBA,General,3
2406979,Omkar Srivastava,BBA,General,3
2406982,Pooja Shukla,BBA,General,3
2406983,Preeti Kukreti,BBA,General,3
2406984,Aman Bisht,BBA,General,3
2406985,Madhav Vats,BBA,General,3
2406986,Hardik Pandey,BBA,General,3
2406987,Rudra Trivedi,BBA,General,3
2406988,Ayush Pundir,BBA,General,3
2406990,Lakshya Yadav,BBA,General,3
2406991,Gautam Mahajan,BBA,General,3
2406992,Rohit Joshi,BBA,General,3
2406993,Eshaan Mahajan,BBA,General,3
2406994,Mayank Bhatt,BBA,General,3
2406995,Kamal Bijalwan,BBA,General,3
2406996,Rudra Anand,BBA,General,3
2406997,Alok Goel,BBA,General,3
2406998,Himanshu Sati,BBA,General,3
2406999,Rakesh Nanda,BBA,General,3
2407000,Charvi Dobhal,BBA,General,3
2407001,Varun Pokhriyal,BBA,General,3
2407002,Akshay Nautiyal,BBA,General,3
2407003,Ananya Garg,BBA,General,3
2407004,Sahil Dimri,BBA,General,3
2407005,Dev Kashyap,BBA,General,3
2407006,Shivam Kimothi,BBA,General,3
2407007,Charvi Chauhan,BBA,General,3
2407008,Uday Oberoi,BBA,General,3
2407009,Kunal Verma,BBA,General,3
2407010,Prateek Goswami,BBA,General,3
2407011,Vandana Oberoi,BBA,General,3
2407012,Kriti Bhandula,BBA,General,2
2407013,Vedant Sood,BBA,General,3
2407014,Shubham Kothari,BBA,General,3
2407015,Aryan Kothari,BBA,General,3
2407016,Pooja Saini,BBA,General,3
2407017,Ansh Goswami,BBA,General,3
2407018,Priya Tripathi,BBA,General,3
2407019,Alok Jain,BBA,General,3
2407020,Sneha Garg,BBA,General,3
2407021,Apoorva Panwar,BBA,General,3
2407022,Aryan Dhiman,BBA,General,3
2407023,Himanshu Kumar,BBA,General,3
2407024,Karan Sood,BBA,General,3
2407025,Nikhil Bahuguna,BBA,General,3
2407026,Kabir Rautela,BBA,General,3
2407028,Riya Yadav,BBA,General,3
2407029,Parth Rawal,BBA,General,3
2407030,Anuj Pant,BBA,General,3
2407031,Vivek Sharma,BBA,General,3
2407032,Manish Sinha,BBA,General,3
2407033,Ruchi Saini,BBA,General,3
2407034,Eshaan Kimothi,BBA,General,3
2407035,Prateek Anand,BBA,General,3
2407036,Shubham Dangwal,BBA,General,3
2407037,Shalini Kapoor,BBA,General,3
2407038,Shagun Gaur,BBA,General,3
2407039,Neha Bijalwan,BBA,General,3
2407040,Vandana Dimri,BBA,General,3
2407041,Shruti Khanduri,BBA,General,3
2407042,Manish Bhandari,BBA,General,3
2407043,Sanjana Mehta,BBA,General,3
2407045,Meera Vats,BBA,General,3
2407046,Tarun Pathak,BBA,General,3
2407048,Sneha Vats,BBA,General,3
2407049,Sahil Sethi,BBA,General,3
2407050,Jaya Arora,BBA,General,3
2407051,Vedant Mittal,BBA,General,3
2407052,Deepika Joshi,BBA,General,3
2407053,Ansh Rawal,BBA,General,3
2407055,Arjun Rautela,BBA,General,3
2407056,Tanmay Mahajan,BBA,General,3
2407057,Naman Arora,BBA,General,3
2407058,Vipul Dangwal,BBA,General,3
2407059,Meera Nanda,BBA,General,3
2407060,Yash Basu,BBA,General,3
2407061,Vivek Tomar,BBA,General,3
2407062,Garima Goel,BBA,General,3
2407063,Sanjana Khurana,BBA,General,3
2407064,Lakshya Anand,BBA,General,3
2407065,Sahil Basu,BBA,General,3
2407066,Nikhil Dangwal,BBA,General,3
2407067,Raghav Sharma,BBA,General,3
2407068,Arjun Goswami,BBA,General,3
2407069,Ravi Bijalwan,BBA,General,3
2407070,Sanjana Semwal,BBA,General,3
2407071,Alok Kapoor,BBA,General,3
2407072,Jaya Parmar,BBA,General,3
2407073,Soumya Sharma,BBA,General,3
2407074,Jaya Nainwal,BBA,General,3
2407075,Nikhil Maurya,BBA,General,3
2407077,Bhavya Garg,BBA,General,2
2407078,Sneha Goel,BBA,General,3
2407079,Sanya Kashyap,BBA,General,3
2407080,Shreya Khanduri,BBA,General,3
2407081,Aarav Vats,BBA,General,3
2407082,Akshay Bajaj,BBA,General,3
2407084,Rohit Dabral,BBA,General,3
2407085,Diksha Rautela,BBA,General,3
2407086,Eshaan Bhandari,BBA,General,3
2407087,Dhruv Kothari,BBA,General,3
2407088,Tushar Bajaj,BBA,General,3
2407089,Anmol Yadav,BBA,General,3
2407090,Sarthak Bhatt,BBA,General,3
2407091,Himanshu Yadav,BBA,General,3
2407092,Simran Joshi,BBA,General,2
2407093,Rohan Chauhan,BBA,General,3
2407094,Ashutosh Rathi,BBA,General,3
2407095,Mayank Badoni,BBA,General,3
2407096,Jiya Badoni,BBA,General,3
2407098,Ananya Mittal,BBA,General,3
2407099,Surbhi Thakur,BBA,General,3
2407100,Riya Mittal,BBA,General,3
2407101,Kajal Badoni,BBA,General,3
2407102,Vansh Gaur,BBA,General,3
2407103,Vaishnavi Bahuguna,BBA,General,3
2407104,Komal Goel,BBA,General,3
2407105,Gunjan Thapliyal,BBA,General,2
2407106,Kriti Rajput,BBA,General,3
2407107,Soumya Bhardwaj,BBA,General,3
2407108,Kavya Chauhan,BBA,General,3
2407110,Aryan Sood,BBA,General,3
2407111,Chetan Badoni,BBA,General,3
2407112,Pooja Singh,BBA,General,3
2407113,Sumit Negi,BBA,General,3
2407114,Arnav Sinha,BBA,General,3
2407115,Pranav Mishra,BBA,General,3
2407116,Aryan Sati,BBA,General,3
2407118,Palak Bhandula,BBA,General,3
2407119,Anshika Bijalwan,BBA,General,3
2407120,Aditya Goel,BBA,General,3
2407121,Yuvraj Rana,BBA,General,3
2407122,Saloni Dangwal,BBA,General,3
2407123,Priya Malhotra,BBA,General,3
2407124,Gaurav Kashyap,BBA,General,3
2407126,Shreya Dangwal,BBA,General,3
2407127,Mahima Arora,BBA,General,3
2407128,Aishwarya Kashyap,BBA,General,3
2407129,Sanya Srivastava,BBA,General,3
2407130,Simran Lal,BBA,General,3
2407131,Aditya Agarwal,BBA,General,3
2407132,Tushar Kapoor,BBA,General,3
2407133,Shreya Gupta,BBA,General,3
2407134,Surbhi Juyal,BBA,General,3
2407135,Hardik Tiwari,BBA,General,3
2407136,Priya Thapliyal,BBA,General,3
2407137,Aman Goswami,BBA,General,3
2407138,Gayatri Nautiyal,BBA,General,3
2407139,Kunal Tomar,BBA,General,3
2407140,Ojas Juyal,BBA,General,3
2407141,Vinay Dubey,BBA,General,3
2407142,Ramya Uniyal,BBA,General,3
2407143,Ajay Kumar,BBA,General,3
2407144,Anshika Bhandula,BBA,General,3
2407145,Apoorva Tiwari,BBA,General,3
2407146,Ananya Chamoli,BBA,General,3
2407147,Anchal Goswami,BBA,General,3
2407148,Siddharth Khanduri,BBA,General,3
2407149,Surbhi Tandon,BBA,General,3
2407150,Shivam Thapliyal,BBA,General,3
2407152,Ayush Gupta,BBA,General,3
2407153,Meera Uniyal,BBA,General,3
2407154,Akanksha Parmar,BBA,General,3
2407155,Mohit Rawat,BBA,General,3
2407157,Harsh Kukreti,BBA,General,3
2407158,Harsh Goswami,BBA,General,3
2407159,Lavanya Sinha,BBA,General,3
2407160,Ajay Rastogi,BBA,General,3
2407162,Parth Gupta,BBA,General,3
2407163,Hemant Thapliyal,BBA,General,3
2407164,Prachi Rautela,BBA,General,3
2407165,Rohit Sati,BBA,General,3
2407166,Mridul Dabral,BBA,General,3
2407167,Arnav Sati,BBA,General,3
2407168,Mansi Kapoor,BBA,General,3
2407170,Zoya Nautiyal,BBA,General,3
2407172,Kamal Mishra,BBA,General,3
2407174,Mohit Kapoor,BBA,General,3
2407175,Payal Goel,BBA,General,3
2407176,Sumit Dimri,BBA,General,3
2407177,Akshay Pokhriyal,BBA,General,3
2407178,Khushi Singh,BBA,General,3
2407179,Divya Pant,BBA,General,3
2407180,Aarav Parmar,BBA,General,3
2407181,Bhavya Basu,BBA,General,3
2407182,Kabir Pandey,BBA,General,3
2407183,Mridul Mehta,BBA,General,3
2407184,Nandini Goel,BBA,General,3
2407185,Karan Pathak,BBA,General,3
2407186,Sanya Mehra,BBA,General,3
2407187,Himanshu Barthwal,BBA,General,3
2407188,Alok Gusain,BBA,General,3
2407189,Ananya Nagi,BBA,General,3
2407190,Komal Kukreti,BBA,General,3
2407191,Kriti Kapoor,BBA,General,3
2407192,Komal Khurana,BBA,General,3
2407194,Tarun Sood,BBA,General,3
2407195,Ruchi Walia,BBA,General,3
2407196,Vidhi Bansal,BBA,General,3
2407197,Anushka Kapoor,BBA,General,3
2407199,Riya Nagi,BBA,General,3
2407200,Anchal Oberoi,BBA,General,3
2407201,Akshay Mittal,BBA,General,3
2407202,Suhani Pathak,BBA,General,3
2407203,Lavanya Rawal,BBA,General,3
2407204,Harsh Tiwari,BBA,General,3
2407205,Shalini Vats,BBA,General,3
2407206,Pallavi Agarwal,BBA,General,3
2407208,Ajay Srivastava,BBA,General,3
2407209,Raghav Jain,BBA,General,3
2407210,Hemant Shukla,BBA,General,3
2407211,Sachin Saxena,BBA,General,3
2407212,Sakshi Parmar,BBA,General,3
2407213,Sneha Rathi,BBA,General,3
2407214,Kajal Sati,BBA,General,3
2407216,Tanishq Rastogi,BBA,General,3
2407217,Akshay Chaudhary,BBA,General,3
2407219,Vikram Rana,BBA,General,3
2407220,Karan Rathi,BBA,General,3
2407222,Vishal Bansal,BBA,General,3
2407223,Akshay Basu,BBA,General,3
2407224,Gunjan Pandey,BBA,General,3
2407225,Sarthak Semwal,BBA,General,3
2407226,Rohit Thakur,BBA,General,3
2407227,Udit Kapoor,BBA,General,3
2407228,Laksh Soni,BBA,General,3
2407230,Jatin Panwar,BBA,General,3
2407231,Rakesh Mittal,BBA,General,3
2407232,Pranav Kukreti,BBA,General,3
2407233,Dev Bajaj,BBA,General,3
2407234,Vandana Sethi,BBA,General,3
2407235,Anjali Goel,BBA,General,3
2407236,Akash Chauhan,BBA,General,3
2407238,Charvi Mehra,BBA,General,3
2407240,Aarav Tripathi,BBA,General,3
2407241,Sachin Barthwal,BBA,General,3
2407242,Laksh Dangwal,BBA,General,3
2407243,Sanjana Dubey,BBA,General,3
2407244,Vinay Dabral,BBA,General,3
2407245,Anchal Basu,BBA,General,3
2407246,Sandeep Goel,BBA,General,3
2407247,Rudra Garg,BBA,General,3
2407248,Sachin Bhardwaj,BBA,General,3
2407249,Sanket Tomar,BBA,General,3
2407250,Gautam Sharma,BBA,General,3
2407253,Kartik Maithani,BBA,General,3
2407254,Vivek Bhandari,BBA,General,3
2407255,Sachin Bijalwan,BBA,General,3
2407256,Suhani Khurana,BBA,General,3
2407257,Gautam Pandey,BBA,General,3
2407258,Abhay Patel,BBA,General,3
2407259,Sanchi Mittal,BBA,General,3
2407260,Bhumika Trivedi,BBA,General,3
2407261,Varun Khanduri,BBA,General,3
2407263,Kabir Rana,BBA,General,3
2407264,Abhay Verma,BBA,General,3
2407265,Tanvi Tiwari,BBA,General,3
2407267,Eshaan Singh,BBA,General,3
2407268,Amit Barthwal,BBA,General,3
2407269,Prateek Walia,BBA,General,3
2407270,Lakshya Jain,BBA,General,3
2407271,Sandeep Kothari,BBA,General,3
2407273,Amisha Agarwal,BBA,General,3
2407274,Sanjana Bhandula,BBA,General,3
2407275,Ishita Kumar,BBA,General,3
2407276,Rudra Tomar,BBA,General,3
2407277,Ira Kapoor,BBA,General,3
2407278,Ramya Rautela,BBA,General,3
2407279,Mahima Bhardwaj,BBA,General,3
2407280,Mahima Rawal,BBA,General,3
2407281,Kajal Maithani,BBA,General,3
2407282,Charvi Khanduri,BBA,General,3
2407283,Ramya Chaudhary,BBA,General,3
2407284,Navya Singh,BBA,General,3
2407286,Arjun Dangwal,BBA,General,3
2407287,Sonal Dimri,BBA,General,3
2407288,Tarun Negi,BBA,General,3
2407289,Anuj Kashyap,BBA,General,2
2407290,Amisha Thapliyal,BBA,General,3
2407291,Navya Kukreti,BBA,General,3
2407292,Vikram Barthwal,BBA,General,3
2407293,Ankit Dhiman,BBA,General,3
2407294,Apoorva Mehra,BBA,General,3
2407295,Vipul Dhiman,BBA,General,3
2407296,Eshaan Agarwal,BBA,General,3
2407298,Vivek Yadav,BBA,General,3
2407299,Anushka Soni,BBA,General,3
2407300,Devansh Panwar,BBA,General,3
2407301,Payal Mishra,BBA,General,3
2407302,Naveen Rajput,BBA,General,3
2407303,Kunal Bisht,BBA,General,3
2407304,Shubham Trivedi,BBA,General,3
2407305,Anushka Khurana,BBA,General,3
2407306,Akshay Thakur,BBA,General,3
2407307,Akanksha Mittal,BBA,General,3
2407308,Lakshya Gaur,BBA,General,3
2407309,Sanjana Raturi,BBA,General,3
2407310,Ramya Mishra,BBA,General,3
2407312,Ashutosh Joshi,BBA,General,3
2407313,Eshaan Kukreti,BBA,General,3
2407314,Prateek Singh,BBA,General,3
2407315,Omkar Oberoi,BBA,General,3
2407316,Naveen Pundir,BBA,General,3
2407317,Apoorva Dubey,BBA,General,3
2407318,Tanvi Raturi,BBA,General,3
2407319,Ankita Bhardwaj,BBA,General,3
2407320,Tanmay Tripathi,BBA,General,3
2407321,Anuj Rastogi,BBA,General,3
2407322,Sarthak Mehta,BBA,General,3
2407323,Arjun Tripathi,BBA,General,2
2407324,Ashutosh Oberoi,BBA,General,3
2407325,Manish Thakur,BBA,General,3
2407326,Madhav Kukreti,BBA,General,3
2407327,Yuvraj Patel,BBA,General,3
2407328,Sahil Bhandari,BBA,General,3
2407329,Amit Oberoi,BBA,General,3
2407330,Diksha Bhatt,BBA,General,3
2407331,Sakshi Bijalwan,BBA,General,3
2407332,Shruti Sati,BBA,General,3
2407333,Vikram Nautiyal,BBA,General,3
2407334,Samarth Kandpal,BBA,General,2
2407335,Arnav Dimri,BBA,General,3
2407336,Naman Srivastava,BBA,General,3
2407339,Vipul Saxena,BBA,General,3
2407340,Sachin Kimothi,BBA,General,3
2407341,Disha Sethi,BBA,General,2
2407342,Surbhi Mehta,BBA,General,3
2407343,Riya Kapoor,BBA,General,3
2407344,Sumit Rajput,BBA,General,3
2407345,Aishwarya Sati,BBA,General,3
2407346,Palak Tomar,BBA,General,3
2407347,Lavanya Agarwal,BBA,General,3
2407348,Tushar Kukreti,BBA,General,3
2407350,Simran Panwar,BBA,General,3
2407351,Himanshu Pandey,BBA,General,3
2407352,Vandana Tiwari,BBA,General,3
2407353,Rakesh Kimothi,BBA,General,3
2407354,Tushar Kashyap,BBA,General,3
2407355,Aditya Nautiyal,BBA,General,3
2407356,Anushka Joshi,BBA,General,3
2407357,Bhavya Mittal,BBA,General,3
2407359,Prachi Dhiman,BBA,General,3
2407360,Sonal Sood,BBA,General,3
2407361,Prachi Kapoor,BBA,General,3
2407362,Kriti Soni,BBA,General,3
2407363,Gayatri Maithani,BBA,General,3
2407364,Tushar Rawal,BBA,General,3
2407365,Arjun Rawal,BBA,General,3
2407367,Himanshu Dobhal,BBA,General,3
2407368,Abhay Srivastava,BBA,General,3
2407369,Yamini Bhatt,BBA,General,3
2407370,Arnav Mahajan,BBA,General,3
2407371,Chaitanya Shukla,BBA,General,3
2407372,Kartik Walia,BBA,General,3
2407373,Kamal Bajaj,BBA,General,3
2407374,Devansh Kashyap,BBA,General,3
2407375,Saloni Chamoli,BBA,General,3
2407376,Suhani Basu,BBA,General,3
2407377,Karan Khurana,BBA,General,3
2407379,Rohan Goswami,BBA,General,3
2407380,Deepak Bisht,BBA,General,3
2407381,Aman Tandon,BBA,General,3
2407382,Jiya Maurya,BBA,General,3
2407383,Apoorva Agarwal,BBA,General,3
2407384,Lakshya Parmar,BBA,General,3
2407385,Raj Bhandula,BBA,General,3
2407386,Archit Rawat,BBA,General,3
2407387,Rohit Trivedi,BBA,General,3
2407388,Vinay Tiwari,BBA,General,3
2407389,Divya Maurya,BBA,General,3
2407390,Dhruv Gaur,BBA,General,3
2407391,Varun Anand,BBA,General,3
2407392,Sakshi Juyal,BBA,General,3
2407394,Tushar Bhandula,BBA,General,3
2407395,Meera Bisht,BBA,General,3
2407396,Anuj Kandpal,BBA,General,3
2407397,Prachi Anand,BBA,General,3
2407398,Ashish Anand,BBA,General,3
2407399,Sanya Oberoi,BBA,General,3
2407400,Himanshu Rathi,BBA,General,3
2407401,Rajat Parmar,BBA,General,3
2407402,Yuvraj Pathak,BBA,General,3
2407403,Priyanka Dobhal,BBA,General,3
2407404,Sanya Tiwari,BBA,General,3
2407405,Ansh Rastogi,BBA,General,3
2407407,Lavanya Rastogi,BBA,General,3
2407408,Tushar Jain,BBA,General,3
2407409,Keshav Maithani,BBA,General,3
2407411,Garima Mehra,BBA,General,2
2407412,Aman Mishra,BBA,General,3
2407413,Deepak Chopra,BBA,General,3
2407414,Surbhi Dubey,BBA,General,3
2407415,Vikram Anand,BBA,General,3
2407416,Saurabh Bahuguna,BBA,General,3
2407417,Mohit Panwar,BBA,General,3
2407418,Shubham Tomar,BBA,General,3
2407420,Simran Raturi,BBA,General,3
2407421,Yashika Dubey,BBA,General,3
2407422,Arnav Kandpal,BBA,General,3
2407423,Anuj Tiwari,BBA,General,3
2407424,Ramya Rathi,BBA,General,3
2407426,Sara Walia,BBA,General,3
2407427,Shagun Dhiman,BBA,General,3
2407428,Divya Sinha,BBA,General,3
2407429,Anmol Srivastava,BBA,General,3
2407430,Rohan Bhandula,BBA,General,3
2407431,Ishaan Rawat,BBA,General,3
2407432,Ashish Kumar,BBA,General,3
2407433,Shruti Nagi,BBA,General,3
2407434,Manav Trivedi,BBA,General,3
2407435,Pallavi Kandpal,BBA,General,3
2407436,Aryan Kandpal,BBA,General,3
2407437,Dev Sinha,BBA,General,3
2407438,Nidhi Arora,BBA,General,3
2407439,Ansh Kimothi,BBA,General,3
2407440,Mansi Kukreti,BBA,General,3
2407441,Hemant Trivedi,BBA,General,3
2407442,Ishaan Aggarwal,BBA,General,3
2407443,Anmol Thakur,BBA,General,2
2407445,Aman Badoni,BBA,General,3
2407446,Tushar Bhatt,BBA,General,3
2407447,Suhani Jain,BBA,General,3
2407448,Shalini Malhotra,BBA,General,3
2407449,Preeti Chopra,BBA,General,3
2407450,Ajay Tiwari,BBA,General,3
2407451,Varun Tandon,BBA,General,3
2407452,Lakshya Oberoi,BBA,General,3
2407453,Aryan Thakur,BBA,General,3
2407454,Rakesh Tripathi,BBA,General,3
2407455,Bhavya Gaur,BBA,General,3
2407456,Aishwarya Thakur,BBA,General,3
2407457,Harsh Oberoi,BBA,General,3
2407458,Vedant Rawat,BBA,General,3
2407459,Laksh Bansal,BBA,General,3
2407460,Sanjana Pathak,BBA,General,3
2407461,Riya Rawat,BBA,General,3
2407462,Navya Sethi,BBA,General,3
2407464,Laksh Bhandula,BBA,General,3
2407466,Sara Goel,BBA,General,3
2407467,Aditi Khurana,BBA,General,3
2407468,Vidhi Tripathi,BBA,General,3
2407469,Ayush Pokhriyal,BBA,General,3
2407470,Arjun Bajaj,BBA,General,3
2407471,Nikhil Dobhal,BBA,General,3
2407472,Mohit Sharma,BBA,General,3
2407473,Meera Saxena,BBA,General,3
2407474,Shruti Bajaj,BBA,General,3
2407475,Amit Malhotra,BBA,General,3
2407477,Sandeep Lal,BBA,General,3
2407479,Devansh Mishra,BBA,General,3
2407480,Omkar Malhotra,BBA,General,2
2407481,Chaitanya Lal,BBA,General,3
2407482,Anshika Bisht,BBA,General,3
2407483,Akshay Mehta,BBA,General,3
2407484,Yashika Patel,BBA,General,3
2407485,Vinay Tripathi,BBA,General,3
2407486,Tripti Kapoor,BBA,General,3
2407487,Naman Badoni,BBA,General,3
2407488,Bhumika Patel,BBA,General,3
2407490,Dhruv Mahajan,BBA,General,3
2407491,Diksha Thakur,BBA,General,3
2407492,Vivek Nainwal,BBA,General,2
2407493,Khushi Jain,BBA,General,3
2407494,Arpit Rajput,BBA,General,3
2407495,Tanvi Barthwal,BBA,General,3
2407496,Jatin Singh,BBA,General,3
2407497,Anshika Thakur,BBA,General,3
2407498,Ramya Verma,BBA,General,3
2407499,Sakshi Negi,BBA,General,3
2407500,Arjun Arora,BBA,General,2
2407501,Hardik Dimri,BBA,General,3
2407502,Anjali Goswami,BBA,General,3
2407503,Ira Raturi,BBA,General,3
2407504,Ishaan Dhiman,BBA,General,2
2407505,Varun Pundir,BBA,General,3
2407506,Mehak Kothari,BBA,General,3
2407507,Manav Goswami,BBA,General,3
2407508,Akanksha Rastogi,BBA,General,3
2407509,Shreya Bajaj,BBA,General,3
2407510,Alok Bahuguna,BBA,General,3
2407512,Deepak Singh,BBA,General,3
2407514,Tushar Dimri,BBA,General,3
2407515,Bhumika Yadav,BBA,General,3
2407516,Vedant Rastogi,BBA,General,2
2407517,Prateek Bijalwan,BBA,General,3
2407518,Siddharth Saini,BBA,General,2
2407519,Raj Mishra,BBA,General,3
2407520,Vidhi Joshi,BBA,General,3
2407521,Yamini Maurya,BBA,General,3
2407523,Ansh Juyal,BBA,General,3
2407524,Nikhil Kimothi,BBA,General,3
2407525,Tarun Kapoor,BBA,General,3
2407526,Priya Khanduri,BBA,General,3
2407527,Harshita Chauhan,BBA,General,2
2407528,Arnav Kimothi,BBA,General,2
2407529,Ankita Singh,BBA,General,3
2407530,Priya Chopra,BBA,General,3
2407531,Vivek Sood,BBA,General,3
2407532,Priya Bhardwaj,BBA,General,3
2407533,Jaya Mittal,BBA,General,3
2407534,Uday Chaudhary,BBA,General,3
2407535,Meera Arora,BBA,General,3
2407536,Hardik Negi,BBA,General,3
2407537,Ananya Barthwal,BBA,General,3
2407538,Yuvraj Maithani,BBA,General,2
2407539,Sneha Thakur,BBA,General,3
2407540,Samarth Kukreti,BBA,General,3
2407542,Akshay Kothari,BBA,General,3
2407543,Ashish Dabral,BBA,General,3
2407545,Divya Bahuguna,BBA,General,3
2407546,Ashish Mahajan,BBA,General,3
2407547,Aman Mittal,BBA,General,3
2407548,Anuj Tomar,BBA,General,3
2407549,Priyanka Thapliyal,BBA,General,3
2407550,Aditya Dhiman,BBA,General,3
2407551,Ankit Khanduri,BBA,General,3
2407552,Shreya Uniyal,BBA,General,3
2407553,Amisha Bahuguna,BBA,General,3
2407554,Ankita Dubey,BBA,General,3
2407555,Rajat Tandon,BBA,General,3
2407556,Prateek Goel,BBA,General,3
2407557,Raj Gaur,BBA,General,3
2407558,Archit Juyal,BBA,General,3
2407559,Kavya Walia,BBA,General,3
2407560,Palak Nagi,BBA,General,3
2407562,Mayank Tripathi,BBA,General,3
2407563,Parth Dangwal,BBA,General,3
2407564,Sonal Bijalwan,BBA,General,3
2407565,Vandana Pokhriyal,BBA,General,3
2407566,Yashika Barthwal,BBA,General,3
2407567,Varun Tiwari,BBA,General,3
2407568,Preeti Mahajan,BBA,General,3
2407569,Akanksha Khanduri,BBA,General,3
2407570,Shubham Dhiman,BBA,General,3
2407601,Vishal Uniyal,BBA,General,3
2407602,Ira Yadav,BBA,General,3
2407603,Omkar Tripathi,BBA,General,3
2407604,Manav Mahajan,BBA,General,3
2407605,Akshay Sharma,BBA,General,3
2407606,Alok Goswami,BBA,General,3
2407607,Divya Saini,BBA,General,3
2407608,Mansi Basu,BBA,General,3
2407610,Komal Basu,BBA,General,3
2407611,Pulkit Bijalwan,BBA,General,3
2407612,Pranav Juyal,BBA,General,3
2407613,Kamal Chaudhary,BBA,General,3
2407614,Zoya Anand,BBA,General,3
2407615,Vaishnavi Bijalwan,BBA,General,3
2407616,Kunal Thakur,BBA,General,3
2407617,Harshita Bahuguna,BBA,General,3
2407618,Ananya Mahajan,BBA,General,3
2407619,Apoorva Garg,BBA,General,3
2407620,Priyanka Trivedi,BBA,General,3
2407621,Jatin Mishra,BBA,General,3
2407622,Aditya Bhardwaj,BBA,General,3
2407623,Jiya Yadav,BBA,General,3
2407624,Deepika Negi,BBA,General,3
2407625,Nitin Bisht,BBA,General,3
2407626,Shubham Gusain,BBA,General,3
2407627,Sumit Panwar,BBA,General,3
2407628,Anuj Bhardwaj,BBA,General,3
2407629,Navya Gusain,BBA,General,3
2407630,Laksh Rawat,BBA,General,3
2407631,Mohit Rajput,BBA,General,3
2407632,Madhav Chauhan,BBA,General,3
2407633,Tushar Chaudhary,BBA,General,3
2407634,Sandeep Gaur,BBA,General,3
2407635,Sahil Kothari,BBA,General,3
2407636,Dhruv Walia,BBA,General,3
2407637,Rakesh Dangwal,BBA,General,3
2407638,Naveen Dabral,BBA,General,3
2407639,Ankita Bhandula,BBA,General,3
2407640,Uday Rautela,BBA,General,3
2407641,Bhavya Trivedi,BBA,General,3
2407642,Archit Patel,BBA,General,3
2407643,Vaishnavi Saini,BBA,General,3
2407644,Ansh Badoni,BBA,General,3
2407645,Ramya Garg,BBA,General,3
2407646,Eshaan Goswami,BBA,General,3
2407647,Kamal Semwal,BBA,General,3
2407648,Diksha Singh,BBA,General,3
2407649,Jaya Dobhal,BBA,General,3
2407650,Aman Kukreti,BBA,General,3
2407651,Vaishnavi Tandon,BBA,General,3
2407652,Nidhi Maithani,BBA,General,3
2407653,Nitin Tripathi,BBA,General,3
2407654,Rohit Semwal,BBA,General,3
2407655,Yash Sharma,BBA,General,3
2407656,Ankita Nanda,BBA,General,3
2407657,Lakshya Joshi,BBA,General,3
2407658,Sumit Mishra,BBA,General,3
2407659,Harsh Pokhriyal,BBA,General,3
2407660,Ishita Thapliyal,BBA,General,3
2407661,Keshav Dhiman,BBA,General,3
2407662,Akash Kandpal,BBA,General,3
2407663,Tripti Thapliyal,BBA,General,3
2407664,Sanya Barthwal,BBA,General,3
2407665,Chetan Kukreti,BBA,General,3
2407666,Ashish Arora,BBA,General,3
2407667,Aryan Dimri,BBA,General,3
2407668,Kunal Panwar,BBA,General,3
2407669,Rishabh Panwar,BBA,General,3
2407670,Jiya Nagi,BBA,General,3
2407671,Vivek Dobhal,BBA,General,3
2407673,Yashika Sood,BBA,General,3
2407674,Akanksha Joshi,BBA,General,2
2407675,Charvi Pathak,BBA,General,3
2407676,Suhani Kandpal,BBA,General,3
2407677,Abhinav Rajput,BBA,General,3
2407678,Rakesh Soni,BBA,General,3
2407679,Hemant Nagi,BBA,General,3
2407680,Vikas Verma,BBA,General,3
2407681,Shalini Sinha,BBA,General,3
2407683,Rohan Trivedi,BBA,General,3
2407684,Jatin Basu,BBA,General,3
2407685,Srishti Verma,BBA,General,3
2407686,Hemant Aggarwal,BBA,General,3
2407687,Kartik Kothari,BBA,General,3
2407688,Preeti Kimothi,BBA,General,2
2407689,Zoya Oberoi,BBA,General,3
2407690,Priyanka Basu,BBA,General,3
2407691,Yashika Negi,BBA,General,3
2407693,Omkar Garg,BBA,General,3
2407694,Palak Tandon,BBA,General,3
2407695,Akash Singh,BBA,General,3
2407696,Sanya Sood,BBA,General,3
2407697,Tarun Aggarwal,BBA,General,3
2407698,Zoya Tomar,BBA,General,3
2407699,Saurabh Tiwari,BBA,General,3
2407700,Apoorva Sati,BBA,General,3
2407701,Devansh Kandpal,BBA,General,3
2407702,Riya Thakur,BBA,General,3
2407703,Abhay Dangwal,BBA,General,3
2407704,Deepika Walia,BBA,General,3
2407705,Archit Walia,BBA,General,3
2407706,Muskan Saini,BBA,General,3
2407707,Ashish Malhotra,BBA,General,3
2407708,Saurabh Mishra,BBA,General,3
2407709,Sakshi Kapoor,BBA,General,3
2407710,Naman Maurya,BBA,General,3
2407711,Anushka Uniyal,BBA,General,3
2407712,Mridul Lal,BBA,General,3
2407714,Vidhi Agarwal,BBA,General,3
2407715,Shreya Nagi,BBA,General,3
2407716,Prateek Rajput,BBA,General,3
2407717,Rohit Goel,BBA,General,3
2407718,Shagun Basu,BBA,General,3
2407719,Sagar Bijalwan,BBA,General,3
2407720,Tanishq Pandey,BBA,General,3
2407721,Ishaan Trivedi,BBA,General,3
2407722,Aman Nautiyal,BBA,General,3
2407723,Lavanya Srivastava,BBA,General,3
2407724,Pranav Verma,BBA,General,3
2407725,Abhay Rathi,BBA,General,3
2407727,Sneha Kimothi,BBA,General,3
2407728,Anmol Mehta,BBA,General,3
2407729,Varun Bahuguna,BBA,General,3
2407730,Naveen Lal,BBA,General,3
2407731,Akanksha Kimothi,BBA,General,3
2407732,Yashika Chopra,BBA,General,3
2407733,Uday Agarwal,BBA,General,3
2407734,Rahul Pokhriyal,BBA,General,3
2407735,Aman Dobhal,BBA,General,3
2407736,Pooja Pundir,BBA,General,3
2407737,Kamal Raturi,BBA,General,2
2407738,Aman Kashyap,BBA,General,3
2407739,Yamini Arora,BBA,General,3
2407741,Sagar Panwar,BBA,General,2
2407742,Shreya Tiwari,BBA,General,3
2407744,Apoorva Negi,BBA,General,3
2407745,Mahima Basu,BBA,General,3
2407746,Charvi Rawat,BBA,General,3
2407761,Arpit Sati,BBA,General,3
2407762,Nidhi Sati,BBA,General,2
2407763,Laksh Bisht,BBA,General,3
2407764,Himanshu Tiwari,BBA,General,2
2407765,Nitin Kandpal,BBA,General,2
2407766,Pranav Dangwal,BBA,General,3
2407767,Aman Pathak,BBA,General,3
2407768,Nikhil Dimri,BBA,General,3
2407769,Keshav Dubey,BBA,General,3
2407771,Anuj Singh,BBA,General,3
2407772,Chetan Dubey,BBA,General,3
2407776,Rudra Malhotra,BBA,General,3
2407851,Ayush Dubey,BBA,General,1
2407852,Aditya Pokhriyal,BBA,General,1
2407853,Kartik Kandpal,BBA,General,1
2407854,Ishaan Maurya,BBA,General,1
2407855,Vishal Mehta,BBA,General,1
2407856,Rudra Dangwal,BBA,General,1
2407857,Preeti Sati,BBA,General,1
2407858,Mridul Goel,BBA,General,1
2407859,Tanvi Maurya,BBA,General,1
2407860,Sagar Raturi,BBA,General,1
2407861,Disha Sati,BBA,General,1
2407862,Komal Negi,BBA,General,1
2407863,Akshay Kimothi,BBA,General,1
2407864,Amisha Pant,BBA,General,1
2407865,Mahima Joshi,BBA,General,1
2407866,Saloni Kandpal,BBA,General,1
2407867,Tushar Barthwal,BBA,General,1
2407868,Neha Bisht,BBA,General,1
2407870,Chaitanya Verma,BBA,General,1
2407871,Ramya Bisht,BBA,General,1
2407872,Vaibhav Bijalwan,BBA,General,1
2407873,Priya Mahajan,BBA,General,1
2407874,Akash Rawal,BBA,General,1
2407875,Pallavi Rana,BBA,General,1
2407876,Laksh Gaur,BBA,General,1
2407877,Vikram Mehta,BBA,General,1
2407878,Navya Gupta,BBA,General,1
2407879,Khushi Rawat,BBA,General,1
2407880,Ramya Khanduri,BBA,General,1
2407881,Tarun Goel,BBA,General,1
2407882,Mehak Uniyal,BBA,General,1
2407883,Ojas Rastogi,BBA,General,1
2407884,Hemant Rathi,BBA,General,1
2407885,Aman Rautela,BBA,General,1
2407886,Aditi Oberoi,BBA,General,1
2407887,Sandeep Nainwal,BBA,General,1
2407888,Sanya Khanduri,BBA,General,1
2407889,Soumya Tomar,BBA,General,1
2407890,Manish Malhotra,BBA,General,1
2407891,Kavya Mishra,BBA,General,1
2407892,Ashish Thapliyal,BBA,General,1
2407893,Chaitanya Bansal,BBA,General,1
2407894,Yash Dhiman,BBA,General,1
2407895,Komal Shukla,BBA,General,1
2407896,Zoya Shukla,BBA,General,1
2407897,Kamal Barthwal,BBA,General,1
2407898,Pooja Sharma,BBA,General,1
2407899,Varun Chopra,BBA,General,1
2407900,Shreya Mehra,BBA,General,1
2407901,Riya Jain,BBA,General,1
2407902,Pooja Badoni,BBA,General,1
2407903,Tanvi Rathi,BBA,General,1
2407904,Suhani Panwar,BBA,General,1
2407905,Tripti Kimothi,BBA,General,1
2407906,Garima Barthwal,BBA,General,1
2407907,Sagar Thakur,BBA,General,1
2407908,Vikas Mahajan,BBA,General,1
2407909,Charvi Barthwal,BBA,General,1
2407910,Akshay Goswami,BBA,General,1
2407911,Kajal Goswami,BBA,General,1
2407912,Shalini Semwal,BBA,General,1
2407913,Pulkit Rajput,BBA,General,1
2407914,Riya Dobhal,BBA,General,1
2407915,Anuj Saini,BBA,General,1
2407916,Tushar Aggarwal,BBA,General,1
2407917,Riya Bijalwan,BBA,General,1
2407918,Rakesh Parmar,BBA,General,1
2407919,Kabir Bisht,BBA,General,1
2407920,Nisha Bhandari,BBA,General,1
2407921,Dev Joshi,BBA,General,1
2407922,Diksha Verma,BBA,General,1
2407923,Tanishq Pant,BBA,General,1
2407924,Prateek Agarwal,BBA,General,1
2407925,Dev Thakur,BBA,General,1
2407926,Omkar Dubey,BBA,General,1
2407927,Meera Tiwari,BBA,General,1
2407928,Ankit Agarwal,BBA,General,1
2407929,Abhay Goswami,BBA,General,1
2407930,Samarth Dabral,BBA,General,1
2407931,Dev Nainwal,BBA,General,1
2407932,Zoya Dhiman,BBA,General,1
2407933,Muskan Chamoli,BBA,General,1
2407934,Nikhil Chopra,BBA,General,1
2407935,Sarthak Dubey,BBA,General,1
2407936,Ojas Bijalwan,BBA,General,1
2407937,Nidhi Mahajan,BBA,General,1
2407938,Sakshi Singh,BBA,General,1
2407939,Payal Sinha,BBA,General,1
2407940,Sagar Srivastava,BBA,General,1
2407941,Ojas Mehra,BBA,General,1
2407942,Komal Garg,BBA,General,1
2407943,Muskan Shukla,BBA,General,1
2407944,Muskan Panwar,BBA,General,1
2407945,Deepika Chauhan,BBA,General,1
2407946,Vandana Saini,BBA,General,1
2407947,Sarthak Jain,BBA,General,1
2407948,Charvi Yadav,BBA,General,1
2407949,Ashutosh Chaudhary,BBA,General,1
2407950,Anmol Chaudhary,BBA,General,1
2407951,Amit Verma,BBA,General,1
2407952,Alok Kashyap,BBA,General,1
2407953,Vidhi Patel,BBA,General,1
2407954,Mridul Nainwal,BBA,General,1
2407955,Mehak Bijalwan,BBA,General,1
2407956,Aryan Mittal,BBA,General,1
2407957,Omkar Kumar,BBA,General,1
2407958,Sumit Tripathi,BBA,General,1
2407959,Pallavi Rautela,BBA,General,1
2407960,Rishabh Nagi,BBA,General,1
2407961,Apoorva Rawat,BBA,General,1
2407962,Kunal Bhandula,BBA,General,1
2407963,Nikhil Sati,BBA,General,1
2407964,Shivam Shukla,BBA,General,1
2407965,Sonal Gaur,BBA,General,1
2407967,Kunal Pokhriyal,BBA,General,1
2407968,Sanjana Chaudhary,BBA,General,1
2407969,Mahima Chamoli,BBA,General,1
2407970,Mayank Raturi,BBA,General,1
2407971,Chaitanya Mittal,BBA,General,1
2407972,Shivani Rana,BBA,General,1
2407973,Priya Goswami,BBA,General,1
2407974,Tanishq Rathi,BBA,General,1
2407975,Yash Bhardwaj,BBA,General,1
2407976,Devansh Nanda,BBA,General,1
2407977,Udit Mishra,BBA,General,1
2407978,Anmol Dobhal,BBA,General,1
2407979,Mridul Kumar,BBA,General,1
2407980,Pranav Rautela,BBA,General,1
2407981,Hardik Panwar,BBA,General,1
2407982,Nidhi Sharma,BBA,General,1
2407983,Harsh Kapoor,BBA,General,1
2407984,Parth Juyal,BBA,General,1
2407985,Hemant Goswami,BBA,General,1
2407986,Srishti Juyal,BBA,General,1
2407987,Sanya Walia,BBA,General,1
2407988,Vandana Bajaj,BBA,General,1
2407989,Divya Juyal,BBA,General,1
2407990,Saurabh Anand,BBA,General,1
2407991,Shreya Bijalwan,BBA,General,1
2407992,Jatin Pant,BBA,General,1
2407993,Kamal Uniyal,BBA,General,1
2407994,Pallavi Gusain,BBA,General,1
2407995,Siddharth Chaudhary,BBA,General,1
2407997,Priyanka Chaudhary,BBA,General,1
2407998,Keshav Mittal,BBA,General,1
2407999,Ajay Tripathi,BBA,General,1
2408000,Pranav Dubey,BBA,General,1
2408001,Priyanka Pokhriyal,BBA,General,1
2408002,Shagun Pokhriyal,BBA,General,1
2408003,Neha Khurana,BBA,General,1
2408004,Anushka Chaudhary,BBA,General,1
2408005,Deepika Dobhal,BBA,General,1
2408006,Gaurav Chamoli,BBA,General,1
2408007,Mayank Chopra,BBA,General,1
2408008,Apoorva Thapliyal,BBA,General,1
2408009,Rohit Negi,BBA,General,1
2408010,Khushi Mehta,BBA,General,1
2408011,Archit Sood,BBA,General,1
2408012,Zoya Sharma,BBA,General,1
2408013,Suhani Chauhan,BBA,General,1
2408014,Shagun Rana,BBA,General,1
2408015,Aditi Kumar,BBA,General,1
2408016,Khushi Rana,BBA,General,1
2408017,Kriti Sood,BBA,General,1
2408018,Amit Dubey,BBA,General,1
2408019,Zoya Singh,BBA,General,1
2408020,Devansh Rathi,BBA,General,1
2408021,Raj Chopra,BBA,General,1
2408022,Prachi Walia,BBA,General,1
2408023,Anuj Mishra,BBA,General,1
2408024,Garima Bijalwan,BBA,General,1
2408025,Harsh Raturi,BBA,General,1
2408026,Gunjan Negi,BBA,General,1
2408027,Vandana Thapliyal,BBA,General,1
2408028,Laksh Nanda,BBA,General,1
2408029,Vedant Malhotra,BBA,General,1
2408030,Arjun Gusain,BBA,General,1
2408031,Anshika Kukreti,BBA,General,1
2408032,Ravi Sharma,BBA,General,1
2408033,Anshika Khurana,BBA,General,1
2408034,Naman Mehra,BBA,General,1
2408035,Mridul Pandey,BBA,General,1
2408036,Kavya Soni,BBA,General,1
2408037,Amisha Thakur,BBA,General,1
2408038,Vandana Chaudhary,BBA,General,1
2408039,Aditya Mehra,BBA,General,1
2408040,Tripti Sood,BBA,General,1
2408041,Dev Trivedi,BBA,General,1
2408042,Arpit Barthwal,BBA,General,1
2408043,Ira Chauhan,BBA,General,1
2408045,Shagun Maurya,BBA,General,1
2408046,Pallavi Chauhan,BBA,General,1
2408047,Laksh Kumar,BBA,General,1
2408048,Surbhi Patel,BBA,General,1
2408049,Shagun Rawat,BBA,General,1
2408050,Tanishq Malhotra,BBA,General,1
2408051,Kajal Dobhal,BBA,General,1
2408052,Parth Chamoli,BBA,General,1
2408053,Dhruv Chauhan,BBA,General,1
2408054,Sanjana Oberoi,BBA,General,1
2408055,Gautam Bhatt,BBA,General,1
2408056,Hemant Nanda,BBA,General,1
2408057,Shagun Gupta,BBA,General,1
2408058,Prachi Srivastava,BBA,General,1
2408059,Preeti Soni,BBA,General,1
2408060,Kajal Khurana,BBA,General,1
2408061,Lakshya Sinha,BBA,General,1
2408062,Anuj Pathak,BBA,General,1
2408063,Kabir Rawal,BBA,General,1
2408064,Parth Nanda,BBA,General,1
2408065,Suhani Pandey,BBA,General,1
2408066,Jaya Gaur,BBA,General,1
2408067,Lavanya Mittal,BBA,General,1
2408068,Nitin Bansal,BBA,General,1
2408069,Himanshu Maithani,BBA,General,1
2408070,Rakesh Lal,BBA,General,1
2408071,Shalini Mishra,BBA,General,1
2408072,Nitin Dimri,BBA,General,1
2408074,Deepika Chamoli,BBA,General,1
2408075,Aman Goel,BBA,General,1
2408076,Arpit Kumar,BBA,General,1
2408077,Shubham Nainwal,BBA,General,1
2408078,Pallavi Dimri,BBA,General,1
2408079,Rohit Shukla,BBA,General,1
2408080,Shubham Vats,BBA,General,1
2408081,Khushi Maithani,BBA,General,1
2408082,Gunjan Nainwal,BBA,General,1
2408083,Rishabh Aggarwal,BBA,General,1
2408084,Arnav Rajput,BBA,General,1
2408085,Komal Rawal,BBA,General,1
2408086,Hardik Tomar,BBA,General,1
2408087,Abhay Mishra,BBA,General,1
2408088,Dhruv Mittal,BBA,General,1
2408089,Anchal Negi,BBA,General,1
2408090,Shubham Rathi,BBA,General,1
2408091,Nisha Singh,BBA,General,1
2408092,Siddharth Dhiman,BBA,General,1
2408094,Parth Joshi,BBA,General,1
2408095,Soumya Vats,BBA,General,1
2408096,Bhumika Tiwari,BBA,General,1
2408097,Arjun Kashyap,BBA,General,1
2408098,Tanmay Dobhal,BBA,General,1
2408099,Shagun Joshi,BBA,General,1
2408100,Ruchi Dimri,BBA,General,1
2408101,Priyanka Saini,BBA,General,1
2408102,Nisha Negi,BBA,General,1
2408103,Priya Basu,BBA,General,1
2408104,Harshita Trivedi,BBA,General,1
2408106,Pulkit Bansal,BBA,General,1
2408107,Amisha Parmar,BBA,General,1
2408108,Sagar Rana,BBA,General,1
2408109,Palak Mittal,BBA,General,1
2408110,Jaya Patel,BBA,General,1
2408111,Zoya Tandon,BBA,General,1
2408112,Kavya Patel,BBA,General,1
2408113,Mohit Khurana,BBA,General,1
2408114,Pranav Kimothi,BBA,General,1
2408115,Yamini Walia,BBA,General,1
2408116,Meera Bansal,BBA,General,1
2408117,Sagar Verma,BBA,General,1
2408118,Naman Nautiyal,BBA,General,1
2408119,Arjun Oberoi,BBA,General,1
2408120,Aman Srivastava,BBA,General,1
2408121,Muskan Negi,BBA,General,1
2408122,Yashika Kothari,BBA,General,1
2408123,Akash Oberoi,BBA,General,1
2408124,Priya Uniyal,BBA,General,1
2408125,Madhav Maurya,BBA,General,1
2408126,Palak Juyal,BBA,General,1
2408127,Anmol Kothari,BBA,General,1
2408128,Gayatri Bajaj,BBA,General,1
2408129,Anshika Vats,BBA,General,1
2408130,Sahil Saxena,BBA,General,1
2408131,Alok Gupta,BBA,General,1
2408132,Prachi Nagi,BBA,General,1
2408134,Ojas Maithani,BBA,General,1
2408135,Akash Walia,BBA,General,1
2408136,Soumya Chopra,BBA,General,1
2408137,Keshav Rana,BBA,General,1
2408138,Sachin Malhotra,BBA,General,1
2408139,Pallavi Bhandari,BBA,General,1
2408140,Vandana Sinha,BBA,General,1
2408141,Gautam Mehta,BBA,General,1
2408142,Radhika Gusain,BBA,General,1
2408143,Diksha Goswami,BBA,General,1
2408144,Tanmay Uniyal,BBA,General,1
2408145,Rohit Panwar,BBA,General,1
2408146,Tarun Chaudhary,BBA,General,1
2408147,Komal Barthwal,BBA,General,1
2408148,Mahima Singh,BBA,General,1
2408149,Srishti Uniyal,BBA,General,1
2408150,Charvi Juyal,BBA,General,1
2408151,Raghav Dobhal,BBA,General,1
2408152,Anmol Thapliyal,BBA,General,1
2408153,Navya Maurya,BBA,General,1
2408154,Abhinav Aggarwal,BBA,General,1
2408155,Shivam Bahuguna,BBA,General,1
2408156,Riya Bahuguna,BBA,General,1
2408157,Mansi Goswami,BBA,General,1
2408158,Ajay Singh,BBA,General,1
2408159,Naveen Negi,BBA,General,1
2408160,Yuvraj Semwal,BBA,General,1
2408161,Vaibhav Mehta,BBA,General,1
2408162,Saurabh Pant,BBA,General,1
2408163,Jiya Walia,BBA,General,1
2408164,Uday Nautiyal,BBA,General,1
2408165,Srishti Aggarwal,BBA,General,1
2408166,Ojas Sati,BBA,General,1
2408167,Pallavi Kumar,BBA,General,1
2408168,Prateek Gaur,BBA,General,1
2408169,Madhav Arora,BBA,General,1
2408170,Sanya Gusain,BBA,General,1
2408171,Naman Tripathi,BBA,General,1
2408172,Ankit Tomar,BBA,General,1
2408173,Navya Oberoi,BBA,General,1
2408174,Ayush Rastogi,BBA,General,1
2408175,Kunal Goswami,BBA,General,1
2408176,Anuj Maithani,BBA,General,1
2408177,Lavanya Tomar,BBA,General,1
2408178,Chetan Trivedi,BBA,General,1
2408179,Ashish Tomar,BBA,General,1
2408180,Shivam Sinha,BBA,General,1
2408181,Shivani Shukla,BBA,General,1
2408182,Kabir Anand,BBA,General,1
2408183,Anmol Pathak,BBA,General,1
2408185,Naveen Chauhan,BBA,General,1
2408186,Bhavya Badoni,BBA,General,1
2408187,Preeti Bhatt,BBA,General,1
2408188,Anuj Nanda,BBA,General,1
2408189,Shreya Tomar,BBA,General,1
2408190,Mehak Panwar,BBA,General,1
2408191,Amisha Bijalwan,BBA,General,1
2408192,Bhumika Bhatt,BBA,General,1
2408193,Arjun Saxena,BBA,General,1
2408194,Garima Bhatt,BBA,General,1
2408195,Jaya Gupta,BBA,General,1
2408196,Jiya Mehta,BBA,General,1
2408197,Tanvi Chauhan,BBA,General,1
2408198,Ramya Malhotra,BBA,General,1
2408199,Amisha Bansal,BBA,General,1
2408200,Nidhi Maurya,BBA,General,1
2408201,Gayatri Shukla,BBA,General,1
2408202,Karan Srivastava,BBA,General,1
2408203,Laksh Thakur,BBA,General,1
2408204,Chaitanya Mishra,BBA,General,1
2408205,Lakshya Gupta,BBA,General,1
2408206,Kabir Nanda,BBA,General,1
2408207,Vandana Rajput,BBA,General,1
2408208,Kabir Mittal,BBA,General,1
2408209,Nidhi Kashyap,BBA,General,1
2408210,Aryan Srivastava,BBA,General,1
2408211,Gayatri Rautela,BBA,General,1
2408212,Pooja Mishra,BBA,General,1
2408213,Ojas Bhandula,BBA,General,1
2408214,Hardik Malhotra,BBA,General,1
2408215,Mohit Uniyal,BBA,General,1
2408216,Raj Sati,BBA,General,1
2408217,Laksh Goswami,BBA,General,1
2408218,Rohan Juyal,BBA,General,1
2408219,Aditi Nautiyal,BBA,General,1
2408220,Priya Dobhal,BBA,General,1
2408221,Akash Pokhriyal,BBA,General,1
2408222,Dhruv Tandon,BBA,General,1
2408223,Pooja Barthwal,BBA,General,1
2408226,Srishti Joshi,BBA,General,1
2408227,Sonal Parmar,BBA,General,1
2408228,Akshay Badoni,BBA,General,1
2408229,Parth Goel,BBA,General,1
2408230,Sakshi Badoni,BBA,General,1
2408231,Shreya Patel,BBA,General,1
2408232,Kunal Maithani,BBA,General,1
2408233,Prachi Mishra,BBA,General,1
2408234,Madhav Pathak,BBA,General,1
2408235,Uday Maithani,BBA,General,1
2408236,Devansh Uniyal,BBA,General,1
2408237,Siddharth Bansal,BBA,General,1
2408238,Hemant Rastogi,BBA,General,1
2408239,Ravi Malhotra,BBA,General,1
2408240,Vaibhav Singh,BBA,General,1
2408241,Ruchi Juyal,BBA,General,1
2408242,Harshita Semwal,BBA,General,1
2408243,Komal Yadav,BBA,General,1
2408244,Ayush Bhatt,BBA,General,1
2408245,Apoorva Bhandula,BBA,General,1
2408246,Naveen Juyal,BBA,General,1
2408247,Prachi Negi,BBA,General,1
2408248,Saurabh Sharma,BBA,General,1
2408249,Yuvraj Uniyal,BBA,General,1
2408250,Suhani Maithani,BBA,General,1
2408251,Tanvi Kumar,BBA,General,1
2408252,Hemant Rana,BBA,General,1
2408253,Ramya Sethi,BBA,General,1
2408254,Sanya Rastogi,BBA,General,1
2408255,Vaibhav Dhiman,BBA,General,1
2408256,Shivam Gusain,BBA,General,1
2408257,Apoorva Srivastava,BBA,General,1
2408258,Surbhi Bhandari,BBA,General,1
2408259,Soumya Shukla,BBA,General,1
2408260,Bhumika Nanda,BBA,General,1
2408261,Amit Garg,BBA,General,1
2408262,Naveen Parmar,BBA,General,1
2408263,Tanishq Chaudhary,BBA,General,1
2408264,Raghav Pandey,BBA,General,1
2408265,Rudra Singh,BBA,General,1
2408266,Kriti Mehra,BBA,General,1
2408267,Aditi Juyal,BBA,General,1
2408268,Pulkit Singh,BBA,General,1
2408269,Neha Parmar,BBA,General,1
2408270,Abhay Maithani,BBA,General,1
2408271,Vipul Shukla,BBA,General,1
2408272,Ashutosh Khurana,BBA,General,1
2408273,Mansi Mishra,BBA,General,1
2408274,Ansh Panwar,BBA,General,1
2408275,Himanshu Saxena,BBA,General,1
2408276,Sarthak Negi,BBA,General,3
2408277,Aditi Walia,BBA,General,1
2408278,Gaurav Bahuguna,BBA,General,1
2408279,Ojas Negi,BBA,General,1
2408280,Ramya Pundir,BBA,General,1
2408281,Shreya Malhotra,BBA,General,1
2408282,Dhruv Tripathi,BBA,General,1
2408283,Sanjana Bhardwaj,BBA,General,1
2408284,Anshika Dabral,BBA,General,1
2408285,Naveen Nautiyal,BBA,General,1
2408286,Siddharth Lal,BBA,General,1
2408287,Diksha Bisht,BBA,General,1
2408288,Srishti Jain,BBA,General,1
2408289,Surbhi Soni,BBA,General,1
2408290,Aman Soni,BBA,General,1
2408291,Payal Sood,BBA,General,1
2408292,Anmol Panwar,BBA,General,1
2408293,Rajat Patel,BBA,General,1
2408294,Yogesh Shukla,BBA,General,1
2408295,Sagar Pathak,BBA,General,1
2408296,Chetan Saini,BBA,General,1
2408297,Vinay Pokhriyal,BBA,General,1
2408298,Saloni Pathak,BBA,General,1
2408299,Soumya Sethi,BBA,General,1
2408300,Dhruv Shukla,BBA,General,1
2408301,Sanket Bhatt,BBA,General,1
2408302,Sanchi Oberoi,BBA,General,1
2408303,Manish Kashyap,BBA,General,1
2408304,Vivek Thapliyal,BBA,General,1
2408305,Sonal Oberoi,BBA,General,1
2408306,Vaibhav Kandpal,BBA,General,1
2408307,Yogesh Pundir,BBA,General,1
2408308,Ansh Tandon,BBA,General,1
2408309,Riya Rautela,BBA,General,1
2408310,Hardik Mittal,BBA,General,1
2408311,Sahil Shukla,BBA,General,1
2408313,Ankita Kandpal,BBA,General,1
2408314,Mahima Badoni,BBA,General,1
2408315,Saurabh Rautela,BBA,General,1
2408316,Kavya Sati,BBA,General,1
2408317,Jaya Singh,BBA,General,1
2408318,Priya Saini,BBA,General,1
2408319,Kajal Chamoli,BBA,General,1
2408320,Jatin Anand,BBA,General,1
2408321,Ansh Mittal,BHM,Hotel Management,1
2408323,Hemant Khurana,BBA,General,1
2408325,Vidhi Khanduri,BBA,General,1
2408326,Ravi Verma,BBA,General,1
2408327,Khushi Thapliyal,BBA,General,1
2408328,Lakshya Thapliyal,BBA,General,1
2408329,Tripti Chauhan,BBA,General,1
2408330,Rudra Rajput,BBA,General,1
2408331,Hardik Rathi,BBA,General,1
2408332,Mayank Joshi,BBA,General,1
2408333,Ojas Arora,BBA,General,1
2408334,Vaishnavi Bhandari,BBA,General,1
2408335,Ashutosh Chopra,BBA,General,1
2408336,Aryan Bhandari,BBA,General,1
2408337,Archit Negi,BBA,General,1
2408338,Abhay Yadav,BBA,General,1
2408339,Apoorva Kimothi,BBA,General,1
2408342,Nikhil Mehta,BBA,General,1
2408343,Shreya Srivastava,BBA,General,1
2408345,Aarav Singh,BBA,General,1
2408381,Tarun Yadav,BBA,General,1
2408382,Simran Srivastava,BBA,General,1
2408383,Sagar Agarwal,BBA,General,1
2408384,Vaishnavi Chaudhary,BBA,General,1
2408385,Vikas Rastogi,BBA,General,1
2408386,Madhav Pandey,BBA,General,1
2408387,Uday Kothari,BBA,General,1
2408388,Vansh Thakur,BBA,General,1
2408389,Garima Yadav,BBA,General,1
2408390,Jaya Malhotra,BBA,General,1
2408391,Udit Chamoli,BBA,General,1
2408392,Priyanka Joshi,BBA,General,1
2408393,Harshita Bajaj,BBA,General,1
2408394,Gautam Pant,BBA,General,1
2408395,Deepak Nautiyal,BBA,General,1
2408396,Tripti Badoni,BBA,General,1
2408397,Sachin Patel,BBA,General,1
2408398,Radhika Nanda,BBA,General,1
2408399,Akshay Soni,BBA,General,1
2408400,Vaibhav Gupta,BBA,General,1
2408401,Hardik Bajaj,BBA,General,1
2408402,Hardik Patel,BBA,General,1
2408403,Madhav Saxena,BBA,General,1
2408404,Simran Sood,BBA,General,1
2408405,Nandini Kandpal,BBA,General,1
2408406,Ayush Khurana,BBA,General,1
2408407,Deepak Gaur,BBA,General,1
2408408,Sumit Maithani,BBA,General,1
2408409,Aman Pundir,BBA,General,1
2408410,Harsh Khanduri,BBA,General,1
2408411,Raghav Shukla,BBA,General,1
2408412,Raj Rajput,BBA,General,1
2408413,Raghav Nainwal,BBA,General,1
2408414,Jaya Mahajan,BBA,General,1
2408415,Vikram Mahajan,BBA,General,1
2408416,Garima Arora,BBA,General,1
2408417,Deepak Bhatt,BBA,General,1
2408418,Shubham Joshi,BBA,General,1
2408419,Gunjan Rautela,BBA,General,1
2408420,Tanishq Saxena,BBA,General,1
2408421,Palak Pant,BBA,General,1
2408422,Lakshya Mittal,BBA,General,1
2408423,Mansi Patel,BBA,General,1
2408424,Vishal Lal,BBA,General,1
2408425,Archit Mishra,BBA,General,1
2408426,Eshaan Khanduri,BBA,General,1
2408427,Varun Mittal,BBA,General,1
2408428,Khushi Dubey,BBA,General,1
2408429,Anjali Mishra,BBA,General,1
2408430,Palak Rawal,BBA,General,1
2408431,Akshay Rawal,BBA,General,1
2408432,Sandeep Badoni,BBA,General,1
2408433,Vikas Srivastava,BBA,General,1
2408434,Aditya Kimothi,BBA,General,1
2408435,Amit Rautela,BBA,General,1
2408436,Gautam Trivedi,BBA,General,1
2408437,Pulkit Uniyal,BBA,General,1
2408438,Sanjana Mittal,BBA,General,1
2408439,Vandana Pant,BBA,General,1
2408440,Anshika Rautela,BBA,General,1
2408441,Mahima Kothari,BBA,General,1
2408442,Dev Bansal,BBA,General,1
2408443,Ajay Mahajan,BBA,General,1
2408444,Nisha Chaudhary,BBA,General,1
2408445,Kavya Rautela,BBA,General,1
2408446,Keshav Kapoor,BBA,General,1
2408447,Bhumika Khanduri,BBA,General,1
2408448,Manav Yadav,BBA,General,1
2408449,Naman Rastogi,BBA,General,1
2408450,Tanvi Mahajan,BBA,General,1
2408451,Vikas Mehra,BBA,General,1
2408452,Rajat Khanduri,BBA,General,1
2408453,Ayush Kandpal,BBA,General,1
2408454,Manish Nagi,BBA,General,1
2408455,Navya Bahuguna,BBA,General,1
2408456,Amit Bahuguna,BBA,General,1
2408457,Bhumika Thapliyal,BBA,General,1
2408458,Vaibhav Nanda,BBA,General,1
2408459,Prachi Joshi,BBA,General,1
2408460,Deepika Nautiyal,BBA,General,1
2408461,Ananya Thakur,BBA,General,1
2408462,Hardik Chaudhary,BBA,General,1
2408463,Samarth Mittal,BBA,General,1
2408464,Suhani Aggarwal,BBA,General,1
2408465,Amisha Arora,BBA,General,1
2408466,Vansh Walia,BBA,General,1
2408467,Manish Negi,BBA,General,1
2408468,Harsh Gusain,BBA,General,1
2408469,Rajat Uniyal,BBA,General,1
2408470,Madhav Goel,BBA,General,1
2408471,Sandeep Mehta,BBA,General,1
2408472,Vandana Anand,BBA,General,1
2408473,Zoya Pathak,BBA,General,1
2408474,Naman Gaur,BBA,General,1
2408475,Deepika Sethi,BBA,General,1
2408476,Muskan Joshi,BBA,General,1
2408477,Simran Dangwal,BBA,General,1
2408478,Yash Sinha,BBA,General,1
2408479,Tushar Shukla,BBA,General,1
2408480,Shivam Rajput,BBA,General,1
2408481,Shivam Kukreti,BBA,General,1
2408482,Varun Bajaj,BBA,General,1
2408483,Ankit Bijalwan,BBA,General,1
2408484,Anjali Shukla,BBA,General,1
2408485,Yashika Kapoor,BBA,General,1
2408486,Mayank Bhandari,BBA,General,1
2408487,Naman Rautela,BBA,General,1
2408488,Ashutosh Basu,BBA,General,1
2408489,Hardik Mehta,BBA,General,1
2408490,Kartik Nautiyal,BBA,General,1
2408491,Siddharth Rana,BBA,General,1
2408492,Sneha Malhotra,BBA,General,1
2408493,Vaibhav Rautela,BBA,General,1
2408494,Ajay Bijalwan,BBA,General,1
2408495,Ayush Sethi,BBA,General,1
2408496,Shreya Khurana,BBA,General,1
2408497,Mansi Gupta,BBA,General,1
2408498,Ashish Tripathi,BBA,General,1
2408499,Sakshi Barthwal,BBA,General,1
2408500,Prachi Arora,BBA,General,1
2408501,Sara Dubey,BBA,General,1
2408502,Vikram Nagi,BBA,General,1
2408511,Deepak Bahuguna,BBA,General,1
2408512,Naman Nainwal,BBA,General,1
2408513,Mohit Mahajan,BBA,General,1
2408514,Raj Vats,BBA,General,1
2408515,Disha Bisht,BBA,General,1
2408516,Tarun Sinha,BBA,General,1
2408517,Tarun Nautiyal,BBA,General,1
2408518,Ankit Dimri,BBA,General,1
2408519,Karan Panwar,BBA,General,1
2408520,Abhay Khanduri,BBA,General,1
2408521,Sumit Maurya,BBA,General,1
2408522,Vivek Mittal,BBA,General,1
2408523,Kajal Pathak,BBA,General,1
2408524,Prachi Tomar,BBA,General,1
2408525,Uday Nanda,BBA,General,1
2408526,Lavanya Malhotra,BBA,General,1
2408527,Eshaan Dobhal,BBA,General,1
2408528,Shruti Gupta,BBA,General,1
2408529,Kamal Rawal,BBA,General,1
2408530,Sanket Singh,BBA,General,1
2408531,Anuj Rajput,BBA,General,1
2408532,Pulkit Nautiyal,BBA,General,1
2408533,Aishwarya Chaudhary,BBA,General,1
2408534,Garima Khanduri,BBA,General,1
2408535,Tanishq Negi,BBA,General,1
2408536,Zoya Bahuguna,BBA,General,1
2408537,Pulkit Lal,BBA,General,1
2408538,Tushar Dobhal,BBA,General,1
2408539,Charvi Tiwari,BBA,General,1
2408540,Anshika Rathi,BBA,General,1
2408541,Rohit Pokhriyal,BBA,General,1
2408542,Lavanya Oberoi,BBA,General,1
2408543,Diksha Yadav,BBA,General,1
2408544,Gaurav Bajaj,BBA,General,1
2408545,Vedant Mishra,BBA,General,1
2408547,Kartik Basu,BBA,General,1
2408548,Arnav Kapoor,BBA,General,1
2408549,Vedant Panwar,BBA,General,1
2408550,Divya Rawal,BBA,General,1
2408551,Varun Gusain,BBA,General,1
2408552,Yash Maurya,BBA,General,1
2408553,Amisha Dangwal,BBA,General,1
2408554,Khushi Goel,BBA,General,1
2408555,Chaitanya Saini,BBA,General,1
2408556,Raghav Bhandari,BBA,General,1
2408557,Deepak Basu,BBA,General,1
2408558,Kajal Gaur,BBA,General,1
2408559,Laksh Chamoli,BBA,General,1
2408560,Tanvi Nanda,BBA,General,1
2408561,Rohan Uniyal,BBA,General,1
2408562,Alok Tripathi,BBA,General,1
2408563,Varun Pant,BBA,General,1
2408564,Gautam Bhandula,BBA,General,1
2408565,Karan Gusain,BBA,General,1
2408566,Aditya Mahajan,BBA,General,1
2408567,Uday Rathi,BBA,General,1
2408568,Vishal Chauhan,BBA,General,1
2408569,Vivek Oberoi,BBA,General,1
2408570,Ishaan Kashyap,BBA,General,1
2408571,Komal Rawat,BBA,General,1
2408572,Pallavi Thapliyal,BBA,General,1
2408573,Sonal Tomar,BBA,General,1
2408575,Deepak Oberoi,BBA,General,1
2408576,Gayatri Semwal,BBA,General,1
2408577,Arjun Bahuguna,BBA,General,1
2408578,Pranav Khanduri,BBA,General,1
2408579,Mehak Kimothi,BBA,General,1
2408580,Abhay Bhardwaj,BBA,General,1
2408581,Yashika Mahajan,BCA,AI & DS,1
2408582,Ramya Dabral,BBA,General,1
2408583,Yogesh Rawat,BBA,General,1
2408584,Tanmay Agarwal,BBA,General,1
2408585,Komal Goswami,BBA,General,1
2408586,Mayank Mehta,BBA,General,1
2408587,Jaya Rajput,BBA,General,1
2408588,Surbhi Dabral,BBA,General,1
2408589,Chetan Panwar,BBA,General,1
2408590,Anshika Chaudhary,BBA,General,1
2408591,Gayatri Chauhan,BBA,General,1
2408592,Ashish Bhandula,BBA,General,1
2408593,Diksha Negi,BBA,General,1
2408594,Pooja Panwar,BBA,General,1
2408595,Kavya Sood,BBA,General,1
2408596,Ankit Tiwari,BBA,General,1
2408597,Pranav Bijalwan,BBA,General,1
2408598,Kavya Dubey,BBA,General,1
2408599,Shruti Nautiyal,BBA,General,1
2408600,Tushar Gaur,BBA,General,1
2408601,Udit Chopra,BBA,General,1
2408602,Tanmay Sood,BBA,General,1
2408603,Jiya Nautiyal,BBA,General,1
2408604,Nandini Maithani,BBA,General,1
2408605,Komal Chauhan,BBA,General,1
2408606,Komal Gusain,BBA,General,1
2408607,Palak Pundir,BBA,General,1
2408609,Radhika Dimri,BBA,General,1
2408610,Sanket Bisht,BBA,General,1
2408611,Priya Verma,BBA,General,1
2408612,Garima Semwal,BBA,General,1
2408613,Rohit Goswami,BBA,General,1
2408614,Kunal Jain,BBA,General,1
2408615,Arjun Bhardwaj,BBA,General,1
2408616,Arjun Rajput,BBA,General,1
2408617,Vipul Mehra,BBA,General,1
2408618,Kriti Raturi,BBA,General,1
2408619,Gaurav Arora,BBA,General,1
2408620,Kabir Sinha,BBA,General,1
2408621,Sonal Pundir,BBA,General,1
2408622,Arnav Soni,BBA,General,1
2408623,Tanmay Bhandari,BBA,General,1
2408624,Kriti Bahuguna,BBA,General,1
2408625,Omkar Dangwal,BBA,General,1
2408626,Abhinav Khanduri,BBA,General,1
2408627,Keshav Singh,BBA,General,1
2408628,Pranav Sethi,BBA,General,1
2408629,Rishabh Rawat,BBA,General,1
2408630,Ojas Tandon,BBA,General,1
2408631,Ashutosh Malhotra,BBA,General,1
2408632,Ira Agarwal,BBA,General,1
2408633,Rahul Rastogi,BBA,General,1
2408634,Soumya Maurya,BBA,General,1
2408635,Srishti Rana,BBA,General,1
2408636,Gaurav Pant,BBA,General,1
2408637,Samarth Goswami,BBA,General,1
2408638,Aishwarya Joshi,BBA,General,1
2408639,Deepika Chopra,BBA,General,1
2408640,Rohit Nainwal,BBA,General,1
2408641,Disha Patel,BBA,General,1
2408642,Ruchi Pant,BBA,General,1
2408643,Mohit Pathak,BBA,General,1
2408644,Vipul Lal,BBA,General,1
2408645,Ansh Tripathi,BBA,General,1
2408646,Apoorva Pant,BBA,General,1
2408647,Akash Rastogi,BBA,General,1
2408648,Anmol Semwal,BBA,General,1
2408649,Sachin Dhiman,BBA,General,1
2408650,Prachi Bansal,BBA,General,1
2408651,Manav Panwar,BBA,General,1
2408652,Gunjan Goswami,BBA,General,1
2408653,Shreya Walia,BBA,General,1
2408654,Mehak Goel,BBA,General,1
2408655,Udit Goswami,BBA,General,1
2408656,Priyanka Rastogi,BBA,General,1
2408657,Pooja Mehra,BBA,General,1
2408658,Preeti Parmar,BBA,General,1
2408659,Vaishnavi Barthwal,BBA,General,1
2408660,Prachi Dubey,BBA,General,1
2408661,Aman Bahuguna,BBA,General,1
2408662,Rahul Raturi,BBA,General,1
2408663,Khushi Sethi,BBA,General,1
2408664,Akshay Juyal,BBA,General,1
2408665,Madhav Pant,BBA,General,1
2408666,Parth Tiwari,BBA,General,1
2408667,Lakshya Bisht,BBA,General,1
2408668,Tanishq Kimothi,BBA,General,1
2408669,Divya Walia,BBA,General,1
2408670,Ananya Bhandari,BBA,General,1
2408671,Sanchi Dimri,BBA,General,1
2408672,Ashish Tandon,BBA,General,1
2408673,Vedant Bijalwan,BBA,General,1
2408674,Deepak Mehra,BBA,General,1
2408675,Ojas Mittal,BBA,General,1
2408676,Anmol Mahajan,BBA,General,1
2408677,Riya Tandon,BBA,General,1
2408678,Anjali Vats,BBA,General,1
2408679,Aditya Goswami,BBA,General,1
2408680,Ashish Rawal,BBA,General,1
2408681,Divya Chauhan,BBA,General,1
2408682,Vandana Vats,BBA,General,1
2408683,Jiya Lal,BBA,General,1
2408684,Kajal Chaudhary,BBA,General,1
2408685,Sanjana Trivedi,BBA,General,1
2408686,Naveen Pant,BBA,General,1
2408687,Diksha Pundir,BBA,General,1
2408688,Amisha Dhiman,BBA,General,1
2408689,Hardik Kukreti,BBA,General,1
2408690,Rudra Dobhal,BBA,General,1
2408691,Jatin Dabral,BBA,General,1
2408692,Palak Kimothi,BBA,General,1
2408693,Prateek Gusain,BBA,General,1
2408694,Bhumika Dimri,BBA,General,1
2408695,Parth Panwar,BBA,General,1
2408696,Radhika Vats,BBA,General,1
2408697,Yamini Soni,BBA,General,1
2408698,Kavya Nainwal,BBA,General,1
2408699,Rudra Chamoli,BBA,General,1
2408700,Jatin Kumar,BBA,General,1
2408701,Devansh Sati,BBA,General,1
2408702,Yashika Oberoi,BBA,General,1
2408703,Muskan Vats,BBA,General,1
2408704,Anjali Tiwari,BBA,General,1
2408705,Dhruv Dangwal,BBA,General,1
2408706,Rudra Thapliyal,BBA,General,1
2408707,Priyanka Dhiman,BBA,General,1
2408709,Preeti Pathak,BBA,General,1
2408731,Sneha Pathak,BBA,General,1
2408732,Gunjan Goel,BBA,General,1
2408733,Rajat Shukla,BBA,General,1
2408734,Ananya Pathak,BBA,General,1
2408735,Prateek Thakur,BBA,General,1
2408736,Neha Agarwal,BBA,General,1
2408737,Sanket Pundir,BBA,General,1
2408738,Shruti Dobhal,BBA,General,1
2408739,Srishti Mittal,BBA,General,1
2408740,Shubham Dubey,BBA,General,1
2408741,Abhay Soni,BBA,General,1
2408742,Shivam Mehra,BBA,General,1
2408743,Shruti Rawal,BBA,General,1
2408744,Saurabh Rawal,BBA,General,1
2408745,Yashika Dhiman,BBA,General,1
2408746,Sonal Kapoor,BBA,General,1
2408747,Vikas Thakur,BBA,General,1
2408748,Rudra Sharma,BBA,General,1
2408749,Dhruv Anand,BBA,General,1
2408750,Rahul Yadav,BBA,General,1
2408751,Hemant Pathak,BBA,General,1
2408752,Karan Kumar,BBA,General,1
2408753,Mridul Kashyap,BBA,General,1
2408754,Manish Singh,BBA,General,1
2408755,Mayank Yadav,BBA,General,1
2408756,Suhani Tandon,BBA,General,1
2408757,Aditi Barthwal,BBA,General,1
2408758,Nikhil Rawal,BBA,General,1
2408759,Neha Chauhan,BBA,General,1
2408760,Madhav Chaudhary,BBA,General,1
2408761,Preeti Gaur,BBA,General,1
2408762,Kriti Patel,BBA,General,1
2408781,Mahima Dabral,BBA,General,1
2408782,Sara Joshi,BBA,General,1
2408783,Zoya Juyal,BBA,General,1
2408784,Vishal Srivastava,BBA,General,1
2408785,Rajat Thapliyal,BBA,General,1
2408786,Parth Dobhal,BBA,General,1
2408787,Tripti Arora,BBA,General,1
2408788,Preeti Chaudhary,BBA,General,1
2408789,Rishabh Dobhal,BBA,General,1
2408790,Shagun Nautiyal,BBA,General,1
2408791,Tanmay Pundir,BBA,General,1
2408792,Nandini Bhardwaj,BBA,General,1
2408793,Rudra Arora,BBA,General,1
2408794,Rohit Gupta,BBA,General,1
2408795,Charvi Srivastava,BBA,General,1
2408796,Ishaan Pundir,BBA,General,1
2408797,Pulkit Kashyap,BBA,General,1
2408798,Preeti Khurana,BBA,General,1
2408799,Pulkit Badoni,BBA,General,1
2408800,Komal Mahajan,BBA,General,1
2408801,Meera Khurana,BBA,General,1
2408802,Prateek Shukla,BBA,General,1
2408803,Vedant Singh,BBA,General,1
2408804,Anchal Tiwari,BBA,General,1
2408805,Omkar Bhatt,BBA,General,1
2408806,Ojas Shukla,BBA,General,1
2408807,Shalini Rawal,BBA,General,1
2408808,Vaibhav Bajaj,BBA,General,1
2408809,Samarth Sood,BBA,General,1
2408810,Omkar Juyal,BBA,General,1
2408811,Pooja Dabral,BBA,General,1
2408812,Sandeep Shukla,BBA,General,1
2408813,Yashika Rana,BBA,General,1
2408814,Mansi Sethi,BBA,General,1
2408815,Shalini Chopra,BBA,General,1
2408816,Disha Bansal,BBA,General,1
2408817,Vaibhav Trivedi,BBA,General,1
2408819,Ajay Garg,BBA,General,1
2408820,Ramya Tiwari,BBA,General,1
2408821,Varun Arora,BBA,General,1
2408822,Lakshya Nanda,BBA,General,1
2408823,Eshaan Oberoi,BBA,General,1
2408825,Aryan Kukreti,BBA,General,1
2408826,Lavanya Saxena,BBA,General,1
2408827,Rakesh Jain,BBA,General,1
2408828,Jaya Rana,BBA,General,1
2408831,Yuvraj Mishra,BBA,General,1
2408832,Priya Rajput,BBA,General,1
2408833,Komal Nagi,BBA,General,1
2408834,Aditya Dangwal,BBA,General,1
2408835,Amisha Raturi,BBA,General,1
2408836,Yogesh Panwar,BBA,General,1
2408837,Ayush Malhotra,BBA,General,1
2408838,Vishal Rathi,BBA,General,1
2408839,Deepak Khanduri,BBA,General,1
2408840,Dev Badoni,BBA,General,1
2408841,Karan Sati,BBA,General,1
2408842,Nandini Dimri,BBA,General,1
2408843,Muskan Juyal,BBA,General,1
2408844,Shruti Pokhriyal,BBA,General,1
2408845,Kajal Kothari,BBA,General,1
2408846,Shreya Joshi,BBA,General,1
2408847,Hemant Tomar,BBA,General,1
2408848,Priya Chauhan,BBA,General,1
2408849,Aishwarya Chauhan,BBA,General,1
2408850,Eshaan Goel,BBA,General,1
2408861,Rahul Maithani,BBA,General,1
2408862,Nitin Thapliyal,BBA,General,1
2408863,Mohit Malhotra,BBA,General,1
2408864,Mahima Barthwal,BBA,General,1
2408865,Tanishq Mehta,BBA,General,1
2408866,Akanksha Dhiman,BBA,General,1
2408867,Ojas Raturi,BBA,General,1
2408868,Sonal Nagi,BBA,General,1
2408869,Anchal Arora,BBA,General,1
2408870,Pulkit Aggarwal,BBA,General,1
2408871,Apoorva Nainwal,BBA,General,1
2408872,Surbhi Oberoi,BBA,General,1
2408873,Nandini Nagi,BBA,General,1
2408874,Sonal Vats,BBA,General,1
2408875,Kabir Dubey,BBA,General,1
2408876,Arpit Rawat,BBA,General,1
2408877,Manish Sood,BBA,General,1
2408878,Vandana Barthwal,BBA,General,1
2408879,Vinay Anand,BBA,General,1
2408880,Shivani Soni,BBA,General,1
2408881,Ruchi Tomar,BBA,General,1
2408882,Vandana Saxena,BBA,General,1
2408883,Dhruv Joshi,BBA,General,1
2408884,Jaya Saxena,BBA,General,1
2408885,Anushka Nautiyal,BBA,General,1
2408886,Gayatri Kashyap,BBA,General,1
2408887,Archit Joshi,BBA,General,1
2408888,Nikhil Bhandari,BBA,General,1
2408889,Khushi Nanda,BBA,General,1
2408890,Sanket Bahuguna,BBA,General,1
2408891,Samarth Lal,BBA,General,1
2408892,Nikhil Soni,BBA,General,1
2408893,Vedant Rajput,BBA,General,1
2408894,Abhay Nanda,BBA,General,1
2408895,Aman Aggarwal,BBA,General,1
2408896,Ishaan Walia,BBA,General,1
2408897,Bhumika Chaudhary,BBA,General,1
2408898,Keshav Bahuguna,BBA,General,1
2408899,Harsh Gupta,BBA,General,1
2408900,Varun Chamoli,BBA,General,1
2408901,Abhay Joshi,BBA,General,1
2408902,Anjali Joshi,BBA,General,1
2408903,Varun Oberoi,BBA,General,1
2408904,Nisha Nautiyal,BBA,General,1
2408905,Hardik Rautela,BBA,General,1
2408906,Sakshi Kothari,BBA,General,1
2408907,Jaya Maithani,BBA,General,1
2408908,Shruti Kapoor,BBA,General,1
2408909,Vipul Goswami,BBA,General,1
2408911,Uday Jain,BBA,General,1
2408912,Srishti Dubey,BBA,General,1
2408913,Khushi Bahuguna,BBA,General,1
2408914,Aditi Vats,BBA,General,1
2408915,Raj Pundir,BBA,General,1
2408916,Mridul Dangwal,BBA,General,1
2408917,Riya Walia,BBA,General,1
2408918,Sarthak Chauhan,BBA,General,1
2408919,Disha Dabral,BBA,General,1
2408920,Sanya Sinha,BBA,General,1
2408921,Radhika Kimothi,BBA,General,1
2408922,Ramya Badoni,BBA,General,1
2408923,Tarun Shukla,BBA,General,1
2408924,Yashika Bajaj,BBA,General,1
2408925,Shalini Shukla,BBA,General,1
2408926,Diksha Juyal,BBA,General,1
2408927,Mohit Dobhal,BBA,General,1
2408928,Ojas Pokhriyal,BBA,General,1
2408929,Keshav Khurana,BBA,General,1
2408930,Payal Goswami,BBA,General,1
2408931,Laksh Juyal,BBA,General,1
2408932,Preeti Pokhriyal,BBA,General,1
2408933,Vansh Singh,BBA,General,1
2408934,Shreya Pathak,BBA,General,1
2408935,Gautam Lal,BBA,General,1
2408936,Pallavi Sood,BBA,General,1
2408937,Aishwarya Maurya,BBA,General,1
2408938,Ankita Sinha,BBA,General,1
2408939,Abhay Sethi,BBA,General,1
2408940,Arpit Sinha,BBA,General,1
2408941,Vansh Verma,BBA,General,1
2408942,Pooja Goel,BBA,General,1
2408943,Ankit Nautiyal,BBA,General,1
2408944,Himanshu Oberoi,BBA,General,1
2408945,Garima Anand,BBA,General,1
2408946,Sarthak Garg,BBA,General,1
2408947,Kavya Thakur,BBA,General,1
2408948,Sara Agarwal,BBA,General,1
2408949,Arjun Nanda,BBA,General,1
2408950,Rudra Gupta,BBA,General,1
2408951,Rajat Singh,BBA,General,1
2408952,Sanchi Vats,BBA,General,1
2408953,Sanya Sethi,BBA,General,1
2408954,Mohit Walia,BBA,General,1
2408955,Sara Nautiyal,BBA,General,1
2408956,Neha Yadav,BBA,General,1
2408957,Omkar Nagi,BBA,General,1
2408959,Kamal Rautela,BBA,General,1
2408960,Shruti Pundir,BBA,General,1
2408961,Ruchi Kimothi,BBA,General,1
2408962,Naveen Raturi,BBA,General,1
2408963,Yuvraj Trivedi,BBA,General,1
2408964,Manish Rastogi,BBA,General,1
2408965,Uday Bisht,BBA,General,1
2408966,Preeti Chamoli,BBA,General,1
2408967,Pallavi Uniyal,BBA,General,1
2408968,Disha Oberoi,BBA,General,1
2408969,Ankita Sharma,BBA,General,1
2408970,Nandini Bahuguna,BBA,General,1
2408971,Madhav Nanda,BBA,General,1
2408973,Sanya Pathak,BBA,General,1
2408974,Akash Srivastava,BBA,General,1
2408975,Jatin Mittal,BBA,General,1
2408976,Gaurav Shukla,BBA,General,1
2408977,Shubham Lal,BBA,General,1
2408978,Nidhi Saxena,BBA,General,1
2408979,Vaibhav Bahuguna,BBA,General,1
2408980,Raghav Juyal,BBA,General,1
2408981,Ankit Tripathi,BBA,General,1
2408982,Nisha Rawal,BBA,General,1
2408983,Tanmay Rastogi,BBA,General,1
2408984,Kunal Shukla,BBA,General,1
2408985,Kabir Bhatt,BBA,General,1
2408986,Raj Kumar,BBA,General,1
2408987,Deepika Sati,BBA,General,1
2408988,Lakshya Mehra,BBA,General,1
2408989,Sumit Nanda,BBA,General,1
2408990,Ashish Srivastava,BBA,General,1
2408991,Tanvi Bajaj,BBA,General,1
2408992,Vaibhav Khurana,BBA,General,1
2408993,Disha Nautiyal,BBA,General,1
2408994,Nitin Patel,BBA,General,1
2408997,Abhinav Nautiyal,BBA,General,1
2408998,Manav Tripathi,BBA,General,1
2409000,Vikram Khurana,BBA,General,1
2409001,Raghav Patel,BBA,General,1
2409002,Mansi Sharma,BBA,General,1
2409003,Mayank Dhiman,BBA,General,1
2409051,Meera Chopra,BBA,General,1
2409052,Soumya Mahajan,BBA,General,1
2409053,Aman Shukla,BBA,General,1
2409054,Priya Rawal,BBA,General,1
2409055,Saloni Panwar,BBA,General,1
2409056,Ira Arora,BBA,General,1
2409057,Ruchi Panwar,BBA,General,1
2409058,Jiya Kukreti,BBA,General,1
2409059,Navya Raturi,BBA,General,1
2409060,Pulkit Dimri,BBA,General,1
2409061,Simran Maithani,BBA,General,1
2409062,Zoya Chaudhary,BBA,General,1
2409063,Jatin Gusain,BBA,General,1
2409064,Kavya Kothari,BBA,General,1
2409065,Payal Patel,BBA,General,1
2409066,Omkar Tiwari,BBA,General,1
2409067,Ashutosh Panwar,BBA,General,1
2409068,Kamal Rajput,BBA,General,1
2409069,Archit Uniyal,BBA,General,1
2409070,Yashika Bijalwan,BBA,General,1
2409071,Lakshya Bahuguna,BBA,General,1
2409072,Raghav Thakur,BBA,General,1
2409101,Nidhi Dangwal,BBA,General,1
2409102,Anshika Barthwal,BBA,General,1
2409103,Vinay Panwar,BBA,General,1
2409104,Kriti Sethi,BBA,General,1
2409105,Riya Lal,BBA,General,1
2409106,Ojas Aggarwal,BBA,General,1
2409107,Surbhi Panwar,BBA,General,1
2409108,Riya Maurya,BBA,General,1
2409109,Sanya Bhandula,BBA,General,1
2409110,Mohit Mehta,BBA,General,1
2409111,Sanya Pandey,BBA,General,1
2409112,Gaurav Garg,BBA,General,1
2409113,Harsh Dangwal,BBA,General,1
2409114,Sandeep Bhardwaj,BBA,General,1
2409115,Prateek Patel,BBA,General,1
2409116,Gautam Yadav,BBA,General,1
2409117,Deepika Bansal,BBA,General,1
2409118,Kartik Semwal,BBA,General,1
2409119,Disha Kimothi,BBA,General,1
2409120,Ankit Thapliyal,BBA,General,1
2409121,Yamini Trivedi,BBA,General,1
2409122,Ishaan Mittal,BBA,General,1
2409123,Lakshya Tandon,BBA,General,1
2409124,Sahil Kimothi,BBA,General,1
2409125,Ruchi Gusain,BBA,General,1
2409126,Kajal Barthwal,BBA,General,1
2409127,Ananya Sood,BBA,General,1
2409128,Srishti Chauhan,BBA,General,1
2409129,Ira Kumar,BBA,General,1
2409130,Varun Bhardwaj,BBA,General,1
2409131,Sandeep Malhotra,BBA,General,1
2409132,Komal Tripathi,BBA,General,1
2409133,Sanya Dhiman,BBA,General,1
2409134,Ramya Bajaj,BBA,General,1
2409135,Anchal Nanda,BBA,General,1
2409136,Vikas Nainwal,BBA,General,1
2409137,Sara Dobhal,BBA,General,1
2409138,Komal Parmar,BBA,General,1
2409139,Chetan Juyal,BBA,General,1
2409140,Vidhi Sinha,BBA,General,1
2409141,Vaibhav Kumar,BBA,General,1
2409142,Samarth Agarwal,BBA,General,1
2409143,Sandeep Dobhal,BBA,General,1
2409145,Vinay Malhotra,BBA,General,1
2409146,Alok Semwal,BBA,General,1
2409147,Suhani Saini,BBA,General,1
2409148,Vinay Thakur,BBA,General,1
2409149,Rohan Aggarwal,BBA,General,1
2409150,Rudra Chaudhary,BBA,General,1
2409151,Manav Dangwal,BBA,General,1
2409171,Deepak Rawat,BBA,General,1
2409172,Shagun Chopra,BBA,General,1
2409173,Amit Khanduri,BBA,General,1
2409174,Pallavi Kashyap,BBA,General,1
2409175,Surbhi Pandey,BBA,General,1
2409176,Ashish Goswami,BBA,General,1
2409177,Sanket Dabral,BBA,General,1
2409178,Tripti Kandpal,BBA,General,1
2700654,Sanchi Nainwal,B.Sc,Biotechnology,8
2700655,Himanshu Bijalwan,B.Sc,Biotechnology,8
2700664,Shagun Rajput,B.Sc,Biotechnology,8
2700667,Srishti Dobhal,B.Sc,Biotechnology,8
2700673,Mahima Kashyap,B.Sc,Biotechnology,6
2700674,Prateek Sethi,B.Sc,Biotechnology,8
2700677,Omkar Negi,B.Sc,Biotechnology,8
2700683,Manav Nagi,B.Sc,Biotechnology,8
2700695,Anuj Bhandula,B.Sc,Biotechnology,8
2700698,Mansi Garg,B.Sc,Biotechnology,8
2700707,Anchal Khurana,B.Sc,Biotechnology,8
2700712,Meera Lal,B.Sc,Biotechnology,8
2700714,Khushi Chauhan,B.Sc,Biotechnology,8
2700715,Jatin Tiwari,B.Sc,Biotechnology,8
2700761,Yuvraj Mittal,B.Sc,Biotechnology,6
2700762,Kamal Mehta,B.Sc,Biotechnology,7
2700763,Archit Shukla,B.Sc,Biotechnology,6
2700765,Zoya Patel,B.Sc,Biotechnology,6
2700766,Siddharth Dobhal,B.Sc,Biotechnology,6
2700767,Lavanya Vats,B.Sc,Biotechnology,6
2700768,Vedant Chopra,B.Sc,Biotechnology,6
2700770,Abhay Negi,B.Sc,Biotechnology,6
2700771,Bhumika Rajput,B.Sc,Biotechnology,6
2700772,Sakshi Bhandula,B.Sc,Biotechnology,7
2700773,Rohit Kumar,B.Sc,Biotechnology,7
2700774,Apoorva Rawal,B.Sc,Biotechnology,6
2700775,Anchal Mittal,B.Sc,Biotechnology,6
2700776,Anjali Dubey,B.Sc,Biotechnology,6
2700777,Aditya Tripathi,B.Sc,Biotechnology,6
2700778,Aishwarya Dabral,B.Sc,Biotechnology,7
2700780,Anchal Jain,B.Sc,Biotechnology,7
2700782,Nidhi Garg,B.Sc,Biotechnology,6
2700783,Mehak Agarwal,B.Sc,Biotechnology,6
2700784,Akanksha Trivedi,B.Sc,Biotechnology,6
2700785,Shubham Mahajan,B.Sc,Biotechnology,6
2700786,Tanvi Thakur,B.Sc,Biotechnology,6
2700787,Sanya Pokhriyal,B.Sc,Biotechnology,6
2700788,Vedant Goswami,B.Sc,Biotechnology,6
2700789,Lakshya Raturi,B.Sc,Biotechnology,6
2700790,Saloni Tandon,B.Sc,Biotechnology,6
2700791,Anjali Dobhal,B.Sc,Biotechnology,6
2700792,Zoya Tiwari,B.Sc,Biotechnology,6
2700793,Sonal Bhardwaj,B.Sc,Biotechnology,6
2700794,Mehak Kapoor,B.Sc,Biotechnology,5
2700795,Payal Vats,B.Sc,Biotechnology,6
2700796,Yogesh Nainwal,B.Sc,Biotechnology,6
2700797,Diksha Tandon,B.Sc,Biotechnology,6
2700798,Vedant Dobhal,B.Sc,Biotechnology,6
2700799,Siddharth Srivastava,B.Sc,Biotechnology,7
2700800,Ramya Nagi,B.Sc,Biotechnology,6
2700801,Akash Thakur,B.Sc,Biotechnology,6
2700805,Shivam Nanda,B.Sc,Biotechnology,7
2700806,Tanishq Kashyap,B.Sc,Biotechnology,6
2700807,Ishita Jain,B.Sc,Biotechnology,7
2700808,Aman Bajaj,B.Sc,Biotechnology,6
2700809,Nikhil Badoni,B.Sc,Biotechnology,6
2700810,Mayank Maurya,B.Sc,Biotechnology,6
2700811,Tarun Rathi,B.Sc,Biotechnology,6
2700812,Navya Bisht,B.Sc,Biotechnology,6
2700813,Anchal Aggarwal,B.Sc,Biotechnology,6
2700814,Harshita Rana,B.Sc,Biotechnology,7
2700815,Udit Sethi,B.Sc,Biotechnology,7
2700816,Garima Malhotra,B.Sc,Biotechnology,6
2700817,Apoorva Saini,B.Sc,Biotechnology,7
2700818,Aarav Dimri,B.Sc,Biotechnology,7
2700820,Arjun Panwar,B.Sc,Biotechnology,6
2700821,Rajat Badoni,B.Sc,Biotechnology,6
2700822,Kamal Bhandari,B.Sc,Biotechnology,7
2700823,Zoya Sethi,B.Sc,Biotechnology,6
2700824,Tripti Chaudhary,B.Sc,Biotechnology,7
2700825,Kunal Thapliyal,B.Sc,Biotechnology,7
2700826,Raghav Mishra,B.Sc,Biotechnology,6
2700827,Siddharth Bhandula,B.Sc,Biotechnology,6
2700828,Jaya Rathi,B.Sc,Biotechnology,7
2700829,Sanjana Sinha,B.Sc,Biotechnology,7
2700830,Parth Rastogi,B.Sc,Biotechnology,6
2700831,Akash Bhardwaj,B.Sc,Biotechnology,6
2700832,Aman Bansal,B.Sc,Biotechnology,6
2700833,Abhinav Walia,B.Sc,Biotechnology,6
2700834,Rudra Yadav,B.Sc,Biotechnology,6
2700835,Srishti Panwar,B.Sc,Biotechnology,6
2700836,Lakshya Sharma,B.Sc,Biotechnology,7
2700837,Kamal Bhatt,B.Sc,Biotechnology,6
2700838,Raj Kukreti,B.Sc,Biotechnology,6
2700839,Sanjana Badoni,B.Sc,Biotechnology,7
2700840,Vidhi Trivedi,B.Sc,Biotechnology,6
2700841,Manish Maurya,B.Sc,Biotechnology,7
2700842,Bhumika Khurana,B.Sc,Biotechnology,6
2700843,Nisha Juyal,B.Sc,Biotechnology,7
2700844,Rohan Sood,B.Sc,Biotechnology,6
2700845,Zoya Dubey,B.Sc,Biotechnology,6
2700846,Vedant Bhandari,B.Sc,Biotechnology,7
2700847,Omkar Goswami,B.Sc,Biotechnology,7
2700848,Naveen Rawal,B.Sc,Biotechnology,7
2700850,Rudra Bhandari,B.Sc,Biotechnology,7
2700851,Surbhi Arora,B.Sc,Biotechnology,6
2700852,Arpit Nautiyal,B.Sc,Biotechnology,7
2700853,Samarth Malhotra,B.Sc,Biotechnology,6
2700854,Meera Bahuguna,B.Sc,Biotechnology,6
2700856,Karan Semwal,B.Sc,Biotechnology,6
2700857,Ankit Rastogi,B.Sc,Biotechnology,6
2700858,Hemant Sinha,B.Sc,Biotechnology,6
2700859,Vinay Rawal,B.Sc,Biotechnology,7
2700860,Aarav Bhardwaj,B.Sc,Biotechnology,6
2700861,Kriti Bhatt,B.Sc,Biotechnology,7
2700862,Ishita Thakur,B.Sc,Biotechnology,7
2700863,Sneha Bhandari,B.Sc,Biotechnology,6
2700864,Yashika Sati,B.Sc,Biotechnology,6
2700865,Nikhil Lal,B.Sc,Biotechnology,7
2700867,Siddharth Goel,B.Sc,Biotechnology,6
2700868,Akshay Nagi,B.Sc,Biotechnology,6
2700869,Uday Dobhal,B.Sc,Biotechnology,6
2700870,Vipul Nainwal,B.Sc,Biotechnology,6
2700901,Nisha Gupta,B.Sc,Biotechnology,5
2700902,Ayush Chamoli,B.Sc,Biotechnology,5
2700903,Ira Negi,B.Sc,Biotechnology,5
2700904,Kartik Dangwal,B.Sc,Biotechnology,5
2700905,Gaurav Bijalwan,B.Sc,Biotechnology,5
2700906,Nandini Chamoli,B.Sc,Biotechnology,5
2700907,Shruti Rathi,B.Sc,Biotechnology,5
2700908,Prateek Kashyap,B.Sc,Biotechnology,5
2700909,Anuj Gaur,B.Sc,Biotechnology,5
2700910,Pooja Maurya,B.Sc,Biotechnology,5
2700911,Dhruv Pandey,B.Sc,Biotechnology,4
2700912,Priya Barthwal,B.Sc,Biotechnology,5
2700913,Rohan Joshi,B.Sc,Biotechnology,5
2700914,Priya Bisht,B.Sc,Biotechnology,5
2700915,Kunal Goel,B.Sc,Biotechnology,5
2700916,Bhumika Rana,B.Sc,Biotechnology,5
2700918,Mohit Saxena,B.Sc,Biotechnology,5
2700919,Lavanya Dubey,B.Sc,Biotechnology,5
2700920,Deepak Nainwal,B.Sc,Biotechnology,5
2700921,Karan Jain,B.Sc,Biotechnology,5
2700922,Preeti Kumar,B.Sc,Biotechnology,5
2700923,Ananya Malhotra,B.Sc,Biotechnology,5
2700924,Deepika Maithani,B.Sc,Biotechnology,5
2700925,Samarth Badoni,B.Sc,Biotechnology,5
2700926,Ayush Oberoi,B.Sc,Biotechnology,5
2700927,Mayank Chamoli,B.Sc,Biotechnology,5
2700928,Sanchi Aggarwal,B.Sc,Biotechnology,5
2700929,Tanmay Arora,B.Sc,Biotechnology,4
2700930,Suhani Rawal,B.Sc,Biotechnology,5
2700931,Sanket Bhardwaj,B.Sc,Biotechnology,5
2700932,Aryan Bahuguna,B.Sc,Biotechnology,5
2700933,Shagun Raturi,B.Sc,Biotechnology,5
2700934,Charvi Mahajan,B.Sc,Biotechnology,5
2700935,Yashika Chamoli,B.Sc,Biotechnology,5
2700936,Akash Tripathi,B.Sc,Biotechnology,5
2700937,Shagun Bahuguna,B.Sc,Biotechnology,5
2700939,Mayank Sharma,B.Sc,Biotechnology,5
2700940,Anshika Bahuguna,B.Sc,Biotechnology,5
2700941,Prateek Barthwal,B.Sc,Biotechnology,5
2700942,Akanksha Pathak,B.Sc,Biotechnology,5
2700943,Suhani Bahuguna,B.Sc,Biotechnology,5
2700944,Kabir Kandpal,B.Sc,Biotechnology,5
2700945,Riya Verma,B.Sc,Biotechnology,5
2700946,Yamini Nautiyal,B.Sc,Biotechnology,5
2700947,Deepak Saini,B.Sc,Biotechnology,5
2700948,Arjun Dubey,B.Sc,Biotechnology,5
2700949,Tanmay Pant,B.Sc,Biotechnology,5
2700950,Charvi Kumar,B.Sc,Biotechnology,5
2700951,Dhruv Kandpal,B.Sc,Biotechnology,5
2700952,Rahul Dabral,B.Sc,Biotechnology,5
2700953,Gautam Rana,B.Sc,Biotechnology,5
2700954,Anmol Vats,B.Sc,Biotechnology,5
2700955,Vidhi Kukreti,B.Sc,Biotechnology,5
2700956,Pooja Bajaj,B.Sc,Biotechnology,5
2700957,Chetan Thapliyal,B.Sc,Biotechnology,5
2700958,Yamini Nainwal,B.Sc,Biotechnology,5
2700959,Chaitanya Agarwal,B.Sc,Biotechnology,5
2700960,Komal Walia,B.Sc,Biotechnology,5
2700961,Archit Pokhriyal,B.Sc,Biotechnology,5
2700962,Neha Nanda,B.Sc,Biotechnology,5
2700963,Pulkit Rathi,B.Sc,Biotechnology,5
2700964,Laksh Srivastava,B.Sc,Biotechnology,5
2700965,Shubham Rajput,B.Sc,Biotechnology,5
2700966,Nisha Soni,B.Sc,Biotechnology,5
2700967,Sonal Lal,B.Sc,Biotechnology,5
2700968,Rudra Maurya,B.Sc,Biotechnology,5
2700969,Ankit Bhandari,B.Sc,Biotechnology,5
2700970,Chetan Rastogi,B.Sc,Biotechnology,5
2700971,Jiya Garg,B.Sc,Biotechnology,5
2700972,Garima Rajput,B.Sc,Biotechnology,5
2700973,Udit Agarwal,B.Sc,Biotechnology,5
2700974,Jiya Jain,B.Sc,Biotechnology,5
2700975,Rohit Kukreti,B.Sc,Biotechnology,5
2700976,Sachin Badoni,B.Sc,Biotechnology,5
2700977,Eshaan Uniyal,B.Sc,Biotechnology,5
2700980,Omkar Goel,B.Sc,Biotechnology,5
2700981,Anchal Rautela,B.Sc,Biotechnology,5
2700982,Deepak Soni,B.Sc,Biotechnology,5
2700983,Vipul Chopra,B.Sc,Biotechnology,5
2700984,Manav Chauhan,B.Sc,Biotechnology,5
2700985,Sanya Goswami,B.Sc,Biotechnology,4
2700986,Hardik Nanda,B.Sc,Biotechnology,5
2700987,Nitin Khurana,B.Sc,Biotechnology,5
2700988,Naman Kothari,B.Sc,Biotechnology,5
2700989,Sarthak Walia,B.Sc,Biotechnology,5
2700990,Disha Raturi,B.Sc,Biotechnology,5
2700991,Sahil Rawal,B.Sc,Biotechnology,5
2700992,Tushar Oberoi,B.Sc,Biotechnology,5
2700993,Mehak Bhardwaj,B.Sc,Biotechnology,5
2700994,Ojas Goel,B.Sc,Biotechnology,5
2700995,Kartik Uniyal,B.Sc,Biotechnology,5
2700996,Kamal Pundir,B.Sc,Biotechnology,5
2700997,Surbhi Maurya,B.Sc,Biotechnology,5
2700998,Vipul Gaur,B.Sc,Biotechnology,5
2700999,Gaurav Nagi,B.Sc,Biotechnology,5
2701000,Arpit Rawal,B.Sc,Biotechnology,5
2701001,Vidhi Chaudhary,B.Sc,Biotechnology,5
2701002,Mayank Basu,B.Sc,Biotechnology,5
2701003,Shruti Chopra,B.Sc,Biotechnology,5
2701004,Anshika Joshi,B.Sc,Biotechnology,5
2701005,Kamal Rathi,B.Sc,Biotechnology,5
2701006,Anmol Arora,B.Sc,Biotechnology,5
2701007,Chaitanya Kandpal,B.Sc,Biotechnology,5
2701008,Sagar Garg,B.Sc,Biotechnology,5
2701009,Palak Chaudhary,B.Sc,Biotechnology,5
2701010,Nitin Oberoi,B.Sc,Biotechnology,5
2701011,Zoya Rathi,B.Sc,Biotechnology,5
2701012,Prachi Thapliyal,B.Sc,Biotechnology,5
2701013,Shruti Jain,B.Sc,Biotechnology,5
2701015,Nisha Shukla,B.Sc,Biotechnology,5
2701016,Apoorva Lal,B.Sc,Biotechnology,5
2701017,Garima Parmar,B.Sc,Biotechnology,5
2701018,Sandeep Bijalwan,B.Sc,Biotechnology,5
2701019,Chetan Rana,B.Sc,Biotechnology,5
2701020,Garima Saxena,B.Sc,Biotechnology,5
2701021,Jaya Badoni,B.Sc,Biotechnology,5
2701022,Mohit Lal,B.Sc,Biotechnology,5
2701024,Udit Nanda,B.Sc,Biotechnology,5
2701025,Amisha Kashyap,B.Sc,Biotechnology,5
2701026,Nikhil Negi,B.Sc,Biotechnology,5
2701027,Kabir Kapoor,B.Sc,Biotechnology,5
2701028,Nitin Garg,B.Sc,Biotechnology,5
2701029,Tanvi Semwal,B.Sc,Biotechnology,5
2701030,Hardik Bisht,B.Sc,Biotechnology,4
2701031,Vikram Malhotra,B.Sc,Biotechnology,5
2701032,Anchal Patel,B.Sc,Biotechnology,5
2701033,Gaurav Nanda,B.Sc,Biotechnology,5
2701035,Rishabh Malhotra,B.Sc,Biotechnology,5
2701036,Vinay Semwal,B.Sc,Biotechnology,5
2701037,Kabir Saxena,B.Sc,Biotechnology,4
2701051,Bhavya Parmar,B.Sc,Biotechnology,3
2701052,Vaishnavi Kothari,B.Sc,Biotechnology,3
2701053,Disha Saini,B.Sc,Biotechnology,3
2701054,Soumya Tiwari,B.Sc,Biotechnology,3
2701055,Meera Sood,B.Sc,Biotechnology,3
2701056,Shubham Goswami,B.Sc,Biotechnology,3
2701058,Vansh Rana,B.Sc,Biotechnology,2
2701059,Ashutosh Pathak,B.Sc,Biotechnology,3
2701060,Radhika Sharma,B.Sc,Biotechnology,3
2701061,Priya Semwal,B.Sc,Biotechnology,2
2701062,Devansh Vats,B.Sc,Biotechnology,3
2701063,Khushi Maurya,B.Sc,Biotechnology,3
2701065,Jatin Khanduri,B.Sc,Biotechnology,3
2701066,Raghav Mehra,B.Sc,Biotechnology,3
2701067,Sanchi Kukreti,B.Sc,Biotechnology,3
2701068,Ashutosh Nanda,B.Sc,Biotechnology,3
2701069,Sanchi Bhandari,B.Sc,Biotechnology,3
2701070,Bhumika Pathak,B.Sc,Biotechnology,3
2701071,Nikhil Kothari,B.Sc,Biotechnology,3
2701072,Udit Gusain,B.Sc,Biotechnology,3
2701073,Aishwarya Patel,B.Sc,Biotechnology,2
2701074,Yuvraj Tandon,B.Sc,Biotechnology,3
2701075,Anmol Shukla,B.Sc,Biotechnology,3
2701076,Ansh Gusain,B.Sc,Biotechnology,3
2701077,Aditya Srivastava,B.Sc,Biotechnology,3
2701078,Preeti Bhardwaj,B.Sc,Biotechnology,3
2701079,Vinay Gaur,B.Sc,Biotechnology,3
2701080,Aditya Bisht,B.Sc,Biotechnology,3
2701082,Vinay Lal,B.Sc,Biotechnology,3
2701083,Chetan Garg,B.Sc,Biotechnology,3
2701084,Aryan Gupta,B.Sc,Biotechnology,3
2701085,Vaishnavi Rathi,B.Sc,Biotechnology,3
2701086,Pulkit Mittal,B.Sc,Biotechnology,3
2701087,Surbhi Mishra,B.Sc,Biotechnology,3
2701088,Deepika Gaur,B.Sc,Biotechnology,3
2701089,Akash Bhandula,B.Sc,Biotechnology,3
2701090,Ajay Lal,B.Sc,Biotechnology,3
2701091,Shagun Oberoi,B.Sc,Biotechnology,3
2701092,Naveen Semwal,B.Sc,Biotechnology,2
2701093,Priya Maurya,B.Sc,Biotechnology,3
2701094,Tushar Bhandari,B.Sc,Biotechnology,3
2701095,Sahil Bhatt,B.Sc,Biotechnology,3
2701096,Radhika Garg,B.Sc,Biotechnology,3
2701097,Rohan Dimri,B.Sc,Biotechnology,3
2701098,Sakshi Arora,B.Sc,Biotechnology,3
2701099,Akash Mishra,B.Sc,Biotechnology,3
2701100,Aditi Dangwal,B.Sc,Biotechnology,3
2701101,Apoorva Anand,B.Sc,Biotechnology,3
2701102,Anmol Bhardwaj,B.Sc,Biotechnology,3
2701103,Priya Patel,B.Sc,Biotechnology,3
2701104,Sanchi Bajaj,B.Sc,Biotechnology,3
2701105,Hemant Juyal,B.Sc,Biotechnology,3
2701106,Abhay Barthwal,B.Sc,Biotechnology,3
2701107,Sonal Gupta,B.Sc,Biotechnology,3
2701108,Ishaan Chaudhary,B.Sc,Biotechnology,3
2701110,Lakshya Rawal,B.Sc,Biotechnology,3
2701111,Rohan Bijalwan,B.Sc,Biotechnology,3
2701112,Naveen Trivedi,B.Sc,Biotechnology,3
2701113,Ojas Bisht,B.Sc,Biotechnology,3
2701114,Yash Aggarwal,B.Sc,Biotechnology,3
2701115,Raj Goswami,B.Sc,Biotechnology,3
2701116,Sandeep Anand,B.Sc,Biotechnology,3
2701117,Ruchi Dangwal,B.Sc,Biotechnology,3
2701118,Akshay Bansal,B.Sc,Biotechnology,3
2701119,Deepika Barthwal,B.Sc,Biotechnology,3
2701120,Vaibhav Patel,B.Sc,Biotechnology,3
2701121,Deepak Mehta,B.Sc,Biotechnology,3
2701122,Nisha Mehta,B.Sc,Biotechnology,3
2701123,Rohan Sethi,B.Sc,Biotechnology,3
2701124,Ishaan Juyal,B.Sc,Biotechnology,3
2701125,Yashika Kumar,B.Sc,Biotechnology,3
2701126,Archit Aggarwal,B.Sc,Biotechnology,3
2701127,Mridul Kukreti,B.Sc,Biotechnology,3
2701128,Aman Panwar,B.Sc,Biotechnology,3
2701129,Hardik Saxena,B.Sc,Biotechnology,3
2701130,Raghav Nagi,B.Sc,Biotechnology,3
2701131,Riya Bhandari,B.Sc,Biotechnology,3
2701132,Priya Jain,B.Sc,Biotechnology,3
2701133,Ananya Basu,B.Sc,Biotechnology,3
2701134,Rakesh Pokhriyal,B.Sc,Biotechnology,3
2701135,Kartik Rawal,B.Sc,Biotechnology,3
2701136,Sonal Malhotra,B.Sc,Biotechnology,3
2701137,Naveen Khurana,B.Sc,Biotechnology,3
2701138,Ankita Kapoor,B.Sc,Biotechnology,3
2701139,Tripti Bhandula,B.Sc,Biotechnology,3
2701140,Mohit Juyal,B.Sc,Biotechnology,3
2701141,Archit Dimri,B.Sc,Biotechnology,3
2701142,Sagar Chaudhary,B.Sc,Biotechnology,3
2701143,Priyanka Patel,B.Sc,Biotechnology,3
2701144,Pallavi Kapoor,B.Sc,Biotechnology,3
2701145,Madhav Dangwal,B.Sc,Biotechnology,3
2701146,Pranav Agarwal,B.Sc,Biotechnology,3
2701147,Aarav Kashyap,B.Sc,Biotechnology,3
2701148,Gunjan Panwar,B.Sc,Biotechnology,3
2701149,Shivam Kandpal,B.Sc,Biotechnology,3
2701150,Muskan Patel,B.Sc,Biotechnology,3
2701151,Nidhi Dubey,B.Sc,Biotechnology,3
2701152,Varun Sethi,B.Sc,Biotechnology,3
2701153,Aryan Dabral,B.Sc,Biotechnology,3
2701154,Hemant Pandey,B.Sc,Biotechnology,3
2701155,Vinay Saini,B.Sc,Biotechnology,3
2701156,Rudra Kothari,B.Sc,Biotechnology,3
2701157,Himanshu Rana,B.Sc,Biotechnology,3
2701158,Rajat Malhotra,B.Sc,Biotechnology,3
2701159,Nidhi Bajaj,B.Sc,Biotechnology,3
2701160,Khushi Dobhal,B.Sc,Biotechnology,3
2701161,Akash Rana,B.Sc,Biotechnology,3
2701162,Deepika Tripathi,B.Sc,Biotechnology,3
2701163,Payal Bhatt,B.Sc,Biotechnology,3
2701164,Yuvraj Nautiyal,B.Sc,Biotechnology,3
2701165,Yamini Kukreti,B.Sc,Biotechnology,3
2701166,Aman Rathi,B.Sc,Biotechnology,3
2701167,Vandana Agarwal,B.Sc,Biotechnology,3
2701168,Vaibhav Sinha,B.Sc,Biotechnology,3
2701169,Kavya Sinha,B.Sc,Biotechnology,3
2701170,Sagar Gusain,B.Sc,Biotechnology,3
2701171,Komal Kumar,B.Sc,Biotechnology,3
2701172,Nandini Dhiman,B.Sc,Biotechnology,3
2701174,Kamal Pant,B.Sc,Biotechnology,3
2701175,Ishita Gaur,B.Sc,Biotechnology,3
2701176,Kajal Uniyal,B.Sc,Biotechnology,3
2701177,Nandini Rana,B.Sc,Biotechnology,3
2701178,Sahil Pandey,B.Sc,Biotechnology,3
2701179,Aishwarya Anand,B.Sc,Biotechnology,3
2701180,Surbhi Kukreti,B.Sc,Biotechnology,3
2701181,Sandeep Kumar,B.Sc,Biotechnology,3
2701182,Aditi Kashyap,B.Sc,Biotechnology,3
2701183,Apoorva Chaudhary,B.Sc,Biotechnology,3
2701184,Payal Chamoli,B.Sc,Biotechnology,3
2701185,Prateek Dimri,B.Sc,Biotechnology,3
2701186,Vikas Maurya,B.Sc,Biotechnology,3
2701187,Rajat Sati,B.Sc,Biotechnology,3
2701188,Muskan Nautiyal,B.Sc,Biotechnology,3
2701189,Chetan Aggarwal,B.Sc,Biotechnology,3
2701190,Sahil Uniyal,B.Sc,Biotechnology,3
2701191,Shalini Pant,B.Sc,Biotechnology,3
2701192,Vikram Gaur,B.Sc,Biotechnology,3
2701193,Tushar Parmar,B.Sc,Biotechnology,3
2701194,Akanksha Nautiyal,B.Sc,Biotechnology,3
2701195,Pooja Bhatt,B.Sc,Biotechnology,3
2701196,Pulkit Kapoor,B.Sc,Biotechnology,3
2701197,Mridul Sharma,B.Sc,Biotechnology,3
2701198,Gayatri Sood,B.Sc,Biotechnology,3
2701199,Gautam Rathi,B.Sc,Biotechnology,3
2701200,Shruti Joshi,B.Sc,Biotechnology,3
2701201,Jatin Walia,B.Sc,Biotechnology,3
2701202,Nikhil Khurana,B.Sc,Biotechnology,3
2701203,Lavanya Chamoli,B.Sc,Biotechnology,3
2701204,Aman Maithani,B.Sc,Biotechnology,3
2701205,Neha Panwar,B.Sc,Biotechnology,3
2701206,Rohan Sharma,B.Sc,Biotechnology,3
2701208,Aditi Sood,B.Sc,Biotechnology,3
2701209,Parth Bajaj,B.Sc,Biotechnology,3
2701210,Archit Pundir,B.Sc,Biotechnology,3
2701211,Mansi Nautiyal,B.Sc,Biotechnology,3
2701212,Naman Khanduri,B.Sc,Biotechnology,3
2701213,Yuvraj Rastogi,B.Sc,Biotechnology,3
2701214,Kamal Dangwal,B.Sc,Biotechnology,3
2701215,Ajay Sinha,B.Sc,Biotechnology,3
2701216,Madhav Panwar,B.Sc,Biotechnology,3
2701217,Manish Vats,B.Sc,Biotechnology,3
2701218,Laksh Shukla,B.Sc,Biotechnology,3
2701219,Amit Soni,B.Sc,Biotechnology,3
2701220,Sneha Bhandula,B.Sc,Biotechnology,3
2701221,Muskan Rajput,B.Sc,Biotechnology,3
2701222,Gayatri Garg,B.Sc,Biotechnology,3
2701224,Samarth Shukla,B.Sc,Biotechnology,3
2701225,Gayatri Bhatt,B.Sc,Biotechnology,3
2701226,Anmol Anand,B.Sc,Biotechnology,3
2701227,Pooja Mehta,B.Sc,Biotechnology,3
2701228,Suhani Rastogi,B.Sc,Biotechnology,3
2701229,Aishwarya Negi,B.Sc,Biotechnology,3
2701230,Vedant Patel,B.Sc,Biotechnology,3
2701231,Omkar Trivedi,B.Sc,Biotechnology,3
2701232,Alok Tomar,B.Sc,Biotechnology,3
2701233,Nandini Patel,B.Sc,Biotechnology,3
2701234,Nandini Walia,B.Sc,Biotechnology,3
2701235,Ojas Yadav,B.Sc,Biotechnology,3
2701236,Sanjana Lal,B.Sc,Biotechnology,3
2701237,Soumya Gaur,B.Sc,Biotechnology,3
2701238,Ishita Khanduri,B.Sc,Biotechnology,3
2701239,Khushi Patel,B.Sc,Biotechnology,3
2701240,Preeti Dimri,B.Sc,Biotechnology,3
2701241,Yash Thapliyal,B.Sc,Biotechnology,3
2701242,Ira Rajput,B.Sc,Biotechnology,3
2701244,Rishabh Chamoli,B.Sc,Biotechnology,3
2701245,Yogesh Basu,B.Sc,Biotechnology,3
2701246,Vaibhav Vats,B.Sc,Biotechnology,3
2701247,Samarth Chopra,B.Sc,Biotechnology,3
2701248,Bhavya Kimothi,B.Sc,Biotechnology,3
2701249,Shubham Nagi,B.Sc,Biotechnology,3
2701250,Sanket Dangwal,B.Sc,Biotechnology,3
2701251,Anjali Garg,B.Sc,Biotechnology,3
2701252,Zoya Gaur,B.Sc,Biotechnology,3
2701253,Vidhi Dangwal,B.Sc,Biotechnology,3
2701254,Jaya Soni,B.Sc,Biotechnology,3
2701255,Nisha Kukreti,B.Sc,Biotechnology,3
2701256,Palak Arora,B.Sc,Biotechnology,3
2701257,Surbhi Goswami,B.Sc,Biotechnology,3
2701258,Ashutosh Kothari,B.Sc,Biotechnology,2
2701301,Pallavi Bansal,B.Sc,Biotechnology,1
2701302,Bhavya Kapoor,B.Sc,Biotechnology,1
2701303,Shivam Rawat,B.Sc,Biotechnology,1
2701304,Kamal Shukla,B.Sc,Biotechnology,1
2701306,Kunal Srivastava,B.Sc,Biotechnology,1
2701307,Shivani Walia,B.Sc,Biotechnology,1
2701308,Radhika Sati,B.Sc,Biotechnology,1
2701309,Muskan Dimri,B.Sc,Biotechnology,1
2701310,Vikas Thapliyal,B.Sc,Biotechnology,1
2701311,Kamal Panwar,B.Sc,Biotechnology,1
2701312,Deepak Panwar,B.Sc,Biotechnology,1
2701313,Abhay Sharma,B.Sc,Biotechnology,1
2701314,Kavya Semwal,B.Sc,Biotechnology,1
2701315,Manish Soni,B.Sc,Biotechnology,1
2701316,Aditi Pundir,B.Sc,Biotechnology,1
2701317,Simran Bahuguna,B.Sc,Biotechnology,1
2701318,Kamal Walia,B.Sc,Biotechnology,1
2701319,Aman Bhardwaj,B.Sc,Biotechnology,1
2701320,Naman Shukla,B.Sc,Biotechnology,1
2701321,Prateek Pandey,B.Sc,Biotechnology,1
2701322,Payal Srivastava,B.Sc,Biotechnology,1
2701323,Raj Dabral,B.Sc,Biotechnology,1
2701324,Tushar Maurya,B.Sc,Biotechnology,1
2701325,Ansh Pant,B.Sc,Biotechnology,1
2701326,Yogesh Dobhal,B.Sc,Biotechnology,1
2701327,Keshav Saini,B.Sc,Biotechnology,1
2701328,Prateek Badoni,B.Sc,Biotechnology,1
2701329,Divya Raturi,B.Sc,Biotechnology,1
2701330,Meera Shukla,B.Sc,Biotechnology,1
2701331,Shreya Thapliyal,B.Sc,Biotechnology,1
2701332,Shagun Agarwal,B.Sc,Biotechnology,1
2701333,Yash Bansal,B.Sc,Biotechnology,1
2701334,Raghav Rana,B.Sc,Biotechnology,1
2701335,Udit Thakur,B.Sc,Biotechnology,1
2701336,Vaishnavi Bajaj,B.Sc,Biotechnology,1
2701337,Shubham Goel,B.Sc,Biotechnology,1
2701338,Rishabh Sharma,B.Sc,Biotechnology,1
2701339,Omkar Parmar,B.Sc,Biotechnology,1
2701340,Deepak Maithani,B.Sc,Biotechnology,1
2701341,Devansh Yadav,B.Sc,Biotechnology,1
2701342,Aryan Chopra,B.Sc,Biotechnology,1
2701343,Sneha Gupta,B.Sc,Biotechnology,1
2701344,Zoya Jain,B.Sc,Biotechnology,1
2701345,Apoorva Walia,B.Sc,Biotechnology,1
2701346,Soumya Goel,B.Sc,Biotechnology,1
2701347,Aryan Rastogi,B.Sc,Biotechnology,1
2701348,Jiya Semwal,B.Sc,Biotechnology,1
2701349,Meera Bhatt,B.Sc,Biotechnology,1
2701350,Gayatri Yadav,B.Sc,Biotechnology,1
2701351,Varun Nagi,B.Sc,Biotechnology,1
2701352,Anchal Chamoli,B.Sc,Biotechnology,1
2701353,Sanket Pandey,B.Sc,Biotechnology,1
2701354,Srishti Bajaj,B.Sc,Biotechnology,1
2701355,Nandini Chopra,B.Sc,Biotechnology,1
2701356,Pulkit Mahajan,B.Sc,Biotechnology,1
2701357,Hardik Arora,B.Sc,Biotechnology,1
2701358,Gaurav Rautela,B.Sc,Biotechnology,1
2701359,Vaishnavi Malhotra,B.Sc,Biotechnology,1
2701360,Ashish Bhatt,B.Sc,Biotechnology,1
2701361,Rahul Sinha,B.Sc,Biotechnology,1
2701362,Mridul Joshi,B.Sc,Biotechnology,1
2701363,Aditya Badoni,B.Sc,Biotechnology,1
2701364,Riya Barthwal,B.Sc,Biotechnology,1
2701365,Arjun Kandpal,B.Sc,Biotechnology,1
2701367,Kamal Thakur,B.Sc,Biotechnology,1
2701368,Garima Nanda,B.Sc,Biotechnology,1
2701369,Gunjan Gupta,B.Sc,Biotechnology,1
2701370,Pulkit Rautela,B.Sc,Biotechnology,1
2701371,Vaibhav Jain,B.Sc,Biotechnology,1
2701372,Arjun Nautiyal,B.Sc,Biotechnology,1
2701373,Vandana Chamoli,B.Sc,Biotechnology,1
2701374,Ishaan Shukla,B.Sc,Biotechnology,1
2701375,Sara Rastogi,B.Sc,Biotechnology,1
2701376,Sahil Singh,B.Sc,Biotechnology,1
2701377,Ashish Lal,B.Sc,Biotechnology,1
2701378,Yogesh Rana,B.Sc,Biotechnology,1
2701379,Jiya Raturi,B.Sc,Biotechnology,1
2701380,Kabir Chaudhary,B.Sc,Biotechnology,1
2701381,Ankita Kimothi,B.Sc,Biotechnology,1
2701382,Arjun Sinha,B.Sc,Biotechnology,1
2701383,Omkar Sood,B.Sc,Biotechnology,1
2701384,Disha Trivedi,B.Sc,Biotechnology,1
2701385,Mansi Raturi,B.Sc,Biotechnology,1
2701386,Aarav Mittal,B.Sc,Biotechnology,1
2701387,Chaitanya Kapoor,B.Sc,Biotechnology,1
2701388,Vikas Pant,B.Sc,Biotechnology,1
2701389,Manav Garg,B.Sc,Biotechnology,1
2701390,Laksh Mittal,B.Sc,Biotechnology,1
2701391,Bhavya Chamoli,B.Sc,Biotechnology,1
2701392,Aarav Mehta,B.Sc,Biotechnology,1
2701393,Manav Bhatt,B.Sc,Biotechnology,1
2701394,Deepika Mehta,B.Sc,Biotechnology,1
2701395,Ashutosh Gusain,B.Sc,Biotechnology,1
2701396,Akash Gupta,B.Sc,Biotechnology,1
2701397,Amisha Pokhriyal,B.Sc,Biotechnology,1
2701398,Sandeep Walia,B.Sc,Biotechnology,1
2701399,Abhinav Maithani,B.Sc,Biotechnology,1
2701400,Diksha Joshi,B.Sc,Biotechnology,1
2701401,Alok Badoni,B.Sc,Biotechnology,1
2701402,Ankit Basu,B.Sc,Biotechnology,1
2701403,Muskan Bajaj,B.Sc,Biotechnology,1
2701404,Anushka Kimothi,B.Sc,Biotechnology,1
2701405,Gautam Bajaj,B.Sc,Biotechnology,1
2701406,Ishaan Rawal,B.Sc,Biotechnology,1
2701407,Kunal Rajput,B.Sc,Biotechnology,1
2701408,Anushka Rautela,B.Sc,Biotechnology,1
2701409,Tanmay Thakur,B.Sc,Biotechnology,1
2701410,Aditya Chopra,B.Sc,Biotechnology,1
2701411,Rakesh Mahajan,B.Sc,Biotechnology,1
2701413,Eshaan Mittal,B.Sc,Biotechnology,1
2701414,Vaishnavi Tiwari,B.Sc,Biotechnology,1
2701415,Anjali Lal,B.Sc,Biotechnology,1
2701416,Soumya Thapliyal,B.Sc,Biotechnology,1
2701417,Rishabh Rajput,B.Sc,Biotechnology,1
2701418,Vidhi Malhotra,B.Sc,Biotechnology,1
2701419,Ayush Bisht,B.Sc,Biotechnology,1
2701420,Soumya Dhiman,B.Sc,Biotechnology,1
2701421,Pooja Bijalwan,B.Sc,Biotechnology,1
2701422,Mehak Chaudhary,B.Sc,Biotechnology,1
2701423,Rajat Pant,B.Sc,Biotechnology,1
2701424,Lavanya Maithani,B.Sc,Biotechnology,1
2701425,Ishaan Arora,B.Sc,Biotechnology,1
2701426,Ayush Bahuguna,B.Sc,Biotechnology,1
2701427,Jiya Bahuguna,B.Sc,Biotechnology,1
2701428,Ashutosh Soni,B.Sc,Biotechnology,1
2701429,Dev Parmar,B.Sc,Biotechnology,1
2701430,Muskan Dangwal,B.Sc,Biotechnology,1
2701431,Vivek Malhotra,B.Sc,Biotechnology,1
2701432,Anushka Shukla,B.Sc,Biotechnology,1
2701433,Anushka Mishra,B.Sc,Biotechnology,1
2701434,Keshav Bisht,B.Sc,Biotechnology,1
2701435,Sneha Srivastava,B.Sc,Biotechnology,1
2701436,Nandini Dubey,B.Sc,Biotechnology,1
2701437,Aryan Rajput,B.Sc,Biotechnology,1
2701438,Anjali Mahajan,B.Sc,Biotechnology,1
2701439,Sanya Dangwal,B.Sc,Biotechnology,1
2701440,Sanket Rathi,B.Sc,Biotechnology,1
2701441,Tushar Raturi,B.Sc,Biotechnology,1
2701442,Sachin Walia,B.Sc,Biotechnology,1
2701443,Eshaan Rathi,B.Sc,Biotechnology,1
2701444,Pallavi Vats,B.Sc,Biotechnology,1
2701445,Ojas Mishra,B.Sc,Biotechnology,1
2701446,Raghav Dangwal,B.Sc,Biotechnology,1
2701447,Navya Aggarwal,B.Sc,Biotechnology,1
2701448,Shagun Kashyap,B.Sc,Biotechnology,1
2701449,Komal Mittal,B.Sc,Biotechnology,1
2701450,Vaibhav Badoni,B.Sc,Biotechnology,1
2701451,Nikhil Aggarwal,B.Sc,Biotechnology,1
2701452,Ishita Pokhriyal,B.Sc,Biotechnology,1
2701453,Lavanya Dabral,B.Sc,Biotechnology,1
2701454,Alok Yadav,B.Sc,Biotechnology,1
2701455,Ankita Rastogi,B.Sc,Biotechnology,1
2701456,Tripti Kothari,B.Sc,Biotechnology,1
2701457,Arnav Gupta,B.Sc,Biotechnology,1
2701458,Udit Barthwal,B.Sc,Biotechnology,1
2701459,Shreya Pandey,B.Sc,Biotechnology,1
2701460,Mohit Arora,B.Sc,Biotechnology,1
2701461,Dhruv Bhatt,B.Sc,Biotechnology,1
2701462,Mahima Bhandula,B.Sc,Biotechnology,1
2701463,Gautam Gupta,B.Sc,Biotechnology,1
2701464,Vaibhav Nautiyal,B.Sc,Biotechnology,1
2701465,Dhruv Bansal,B.Sc,Biotechnology,1
2701466,Jaya Kandpal,B.Sc,Biotechnology,1
2701467,Anchal Bhandula,B.Sc,Biotechnology,1
2701468,Uday Bhandari,B.Sc,Biotechnology,1
2701469,Amisha Vats,B.Sc,Biotechnology,1
2701470,Kajal Rana,B.Sc,Biotechnology,1
2701471,Ansh Saxena,B.Sc,Biotechnology,1
2701472,Vansh Bhandula,B.Sc,Biotechnology,1
2701473,Vivek Jain,B.Sc,Biotechnology,1
2701474,Sonal Chopra,B.Sc,Biotechnology,1
2701475,Sakshi Tandon,B.Sc,Biotechnology,1
2701476,Manav Kimothi,B.Sc,Biotechnology,1
2701477,Shivani Sinha,B.Sc,Biotechnology,1
2701478,Kamal Pokhriyal,B.Sc,Biotechnology,1
2701479,Payal Sharma,B.Sc,Biotechnology,1
2701480,Vansh Kukreti,B.Sc,Biotechnology,1
2701481,Garima Vats,B.Sc,Biotechnology,1
2701482,Apoorva Bhatt,B.Sc,Biotechnology,1
2701483,Akanksha Dangwal,B.Sc,Biotechnology,1
2701484,Harshita Bhandula,B.Sc,Biotechnology,1
2701485,Sandeep Tomar,B.Sc,Biotechnology,1
2701486,Himanshu Rawat,B.Sc,Biotechnology,1
2701487,Komal Kandpal,B.Sc,Biotechnology,1
2701488,Mehak Gupta,B.Sc,Biotechnology,1
2701489,Yogesh Rastogi,B.Sc,Biotechnology,1
2701490,Harshita Pathak,B.Sc,Biotechnology,1
2701491,Arjun Bijalwan,B.Sc,Biotechnology,1
2701492,Tanishq Sharma,B.Sc,Biotechnology,1
2701493,Anmol Basu,B.Sc,Biotechnology,1
2701494,Sonal Rajput,B.Sc,Biotechnology,1
2701495,Amit Panwar,B.Sc,Biotechnology,1
2701496,Amisha Anand,B.Sc,Biotechnology,1
2701497,Palak Bajaj,B.Sc,Biotechnology,1
2701498,Kunal Sati,B.Sc,Biotechnology,1
2701499,Vaibhav Tripathi,B.Sc,Biotechnology,1
2701500,Kabir Bahuguna,B.Sc,Biotechnology,1
2701501,Sachin Negi,B.Sc,Biotechnology,1
2701502,Amit Gusain,B.Sc,Biotechnology,1
2701504,Vansh Nagi,B.Sc,Biotechnology,1
2701505,Khushi Chaudhary,B.Sc,Biotechnology,1
2701506,Sanchi Dubey,B.Sc,Biotechnology,1
2701507,Jaya Pokhriyal,B.Sc,Biotechnology,1
2701508,Akash Badoni,B.Sc,Biotechnology,1
2701509,Mahima Tomar,B.Sc,Biotechnology,1
2701510,Amit Kothari,B.Sc,Biotechnology,1
2701512,Madhav Kumar,B.Sc,Biotechnology,1
2701513,Kavya Dimri,B.Sc,Biotechnology,1
2701514,Tushar Kimothi,B.Sc,Biotechnology,1
2701515,Vaishnavi Bansal,B.Sc,Biotechnology,1
2701516,Palak Kapoor,B.Sc,Biotechnology,1
2701519,Rahul Barthwal,B.Sc,Biotechnology,1
2701520,Sumit Sharma,B.Sc,Biotechnology,1
2701521,Kunal Mishra,B.Sc,Biotechnology,1
2701522,Abhay Garg,B.Sc,Biotechnology,1
2701523,Harshita Mehra,B.Sc,Biotechnology,1
2701524,Raj Dhiman,B.Sc,Biotechnology,1
2701525,Kabir Nagi,B.Sc,Biotechnology,1
2701526,Devansh Goel,B.Sc,Biotechnology,1
2701527,Pulkit Negi,B.Sc,Biotechnology,1
2701528,Muskan Rastogi,B.Sc,Biotechnology,1
2701529,Akanksha Thapliyal,B.Sc,Biotechnology,1
2701530,Sanjana Sood,B.Sc,Biotechnology,1
2701531,Karan Soni,B.Sc,Biotechnology,1
2701532,Vedant Nautiyal,B.Sc,Biotechnology,1
2701533,Hardik Gusain,B.Sc,Biotechnology,1
2701534,Tushar Bhardwaj,B.Sc,Biotechnology,1
2701535,Jiya Shukla,B.Sc,Biotechnology,1
2701536,Saurabh Goel,B.Sc,Biotechnology,1
2701537,Payal Bisht,B.Sc,Biotechnology,1
2701538,Tushar Vats,B.Sc,Biotechnology,1
2701540,Vikram Bajaj,B.Sc,Biotechnology,1
2701541,Apoorva Maurya,B.Sc,Biotechnology,1
2701542,Sandeep Maithani,B.Sc,Biotechnology,1
2701543,Radhika Rawal,B.Sc,Biotechnology,1
2701544,Sandeep Gusain,B.Sc,Biotechnology,1
2701545,Shivam Tandon,B.Sc,Biotechnology,1
2701546,Ansh Vats,B.Sc,Biotechnology,1
2701547,Vaibhav Mahajan,B.Sc,Biotechnology,1
2701548,Vansh Rawal,B.Sc,Biotechnology,1
2701549,Omkar Mahajan,B.Sc,Biotechnology,1
2701550,Ruchi Dubey,B.Sc,Biotechnology,1
2701551,Gaurav Gupta,B.Sc,Biotechnology,1
2701552,Jaya Srivastava,B.Sc,Biotechnology,1
2701553,Harshita Lal,B.Sc,Biotechnology,1
2701554,Soumya Pathak,B.Sc,Biotechnology,1
2701555,Himanshu Maurya,B.Sc,Biotechnology,1
2701556,Vidhi Rastogi,B.Sc,Biotechnology,1
2701557,Sakshi Goel,B.Sc,Biotechnology,1
2701558,Disha Chaudhary,B.Sc,Biotechnology,1
2701559,Ishita Garg,B.Sc,Biotechnology,1
2701560,Arnav Nautiyal,B.Sc,Biotechnology,1
2701561,Eshaan Bansal,B.Sc,Biotechnology,1
2701562,Navya Dobhal,B.Sc,Biotechnology,1
2701563,Meera Pundir,B.Sc,Biotechnology,1
2701564,Ashish Panwar,B.Sc,Biotechnology,1
2701565,Naveen Saini,B.Sc,Biotechnology,1
2701566,Madhav Dhiman,B.Sc,Biotechnology,1
2701567,Mahima Pandey,B.Sc,Biotechnology,1
2701568,Hemant Dimri,B.Sc,Biotechnology,1
2701569,Shivam Malhotra,B.Sc,Biotechnology,1
2701570,Alok Pathak,B.Sc,Biotechnology,1
2701571,Arpit Bisht,B.Sc,Biotechnology,1
2701572,Yogesh Lal,B.Sc,Biotechnology,1
2701573,Kartik Verma,B.Sc,Biotechnology,1
2701574,Devansh Pundir,B.Sc,Biotechnology,1
2701575,Ankita Rawal,B.Sc,Biotechnology,1
2701576,Yamini Saxena,B.Sc,Biotechnology,1
2701577,Vidhi Yadav,B.Sc,Biotechnology,1
2701578,Kabir Sethi,B.Sc,Biotechnology,1
2701579,Chetan Bhandari,B.Sc,Biotechnology,1
2701580,Anmol Rastogi,B.Sc,Biotechnology,1
2701581,Preeti Bajaj,B.Sc,Biotechnology,1
2701582,Manish Arora,B.Sc,Biotechnology,1
2701583,Shubham Negi,B.Sc,Biotechnology,1
2701584,Shalini Bansal,B.Sc,Biotechnology,1
2701585,Diksha Bhardwaj,B.Sc,Biotechnology,1
2701586,Gunjan Bahuguna,B.Sc,Biotechnology,1
2701587,Vipul Bansal,B.Sc,Biotechnology,1
2701588,Deepak Bansal,B.Sc,Biotechnology,1
2701589,Yash Garg,B.Sc,Biotechnology,1
2701590,Naman Goel,B.Sc,Biotechnology,1
2701591,Tarun Dangwal,B.Sc,Biotechnology,1
2701592,Lavanya Goswami,B.Sc,Biotechnology,1
2701593,Sanchi Pant,B.Sc,Biotechnology,1
2701594,Aditya Mittal,B.Sc,Biotechnology,1
2701595,Mehak Bansal,B.Sc,Biotechnology,1
2701596,Neha Kukreti,B.Sc,Biotechnology,1
2701597,Aditi Rastogi,B.Sc,Biotechnology,1
2701598,Komal Pandey,B.Sc,Biotechnology,1
2701599,Anuj Shukla,B.Sc,Biotechnology,1
2701600,Ankit Raturi,B.Sc,Biotechnology,1
2701601,Pranav Thapliyal,B.Sc,Biotechnology,1
2701602,Preeti Kandpal,B.Sc,Biotechnology,1
2701604,Rudra Saxena,B.Sc,Biotechnology,1
2701605,Mayank Singh,B.Sc,Biotechnology,1
2701606,Mridul Jain,B.Sc,Biotechnology,1
2701607,Chaitanya Tomar,B.Sc,Biotechnology,1
2701609,Chetan Kashyap,B.Sc,Biotechnology,1
2701610,Siddharth Garg,B.Sc,Biotechnology,1
2701611,Prachi Bhandula,B.Sc,Biotechnology,1
2701612,Udit Bhardwaj,B.Sc,Biotechnology,1
2701613,Samarth Goel,B.Sc,Biotechnology,1
2701614,Garima Srivastava,B.Sc,Biotechnology,1
2701615,Bhavya Khurana,B.Sc,Biotechnology,1
2701616,Udit Nautiyal,B.Sc,Biotechnology,1
2701617,Vikas Juyal,B.Sc,Biotechnology,1
2701618,Dhruv Barthwal,B.Sc,Biotechnology,1
2701619,Yogesh Verma,B.Sc,Biotechnology,1
2701620,Bhumika Bajaj,B.Sc,Biotechnology,1
2701621,Ira Jain,B.Sc,Biotechnology,1
2701622,Sandeep Kandpal,B.Sc,Biotechnology,1
2701623,Anjali Pundir,B.Sc,Biotechnology,1
2701624,Nandini Agarwal,B.Sc,Biotechnology,1
2701625,Anchal Raturi,B.Sc,Biotechnology,1
2701626,Zoya Bijalwan,B.Sc,Biotechnology,1
2701627,Suhani Yadav,B.Sc,Biotechnology,1
2701628,Ankit Walia,B.Sc,Biotechnology,1
2701629,Komal Lal,B.Sc,Biotechnology,1
2701630,Nandini Sharma,B.Sc,Biotechnology,1
2701631,Gunjan Dabral,B.Sc,Biotechnology,1
2701632,Khushi Aggarwal,B.Sc,Biotechnology,1
2701633,Rishabh Kapoor,B.Sc,Biotechnology,1
2701634,Anuj Walia,B.Sc,Biotechnology,1
2701635,Yash Rastogi,B.Sc,Biotechnology,1
2701636,Gaurav Trivedi,B.Sc,Biotechnology,1
2701637,Akshay Rastogi,B.Sc,Biotechnology,1
2701638,Anuj Sati,B.Sc,Biotechnology,1
2701639,Eshaan Bajaj,B.Sc,Biotechnology,1
2701640,Alok Nanda,B.Sc,Biotechnology,1
2701641,Alok Joshi,B.Sc,Biotechnology,1
2701642,Jatin Patel,B.Sc,Biotechnology,1
2701643,Sandeep Saxena,B.Sc,Biotechnology,1
2701644,Keshav Kothari,B.Sc,Biotechnology,1
2701645,Akshay Malhotra,B.Sc,Biotechnology,1
2701646,Apoorva Dhiman,B.Sc,Biotechnology,1
2701647,Vansh Kothari,B.Sc,Biotechnology,1
2701648,Aarav Gupta,B.Sc,Biotechnology,1
2701649,Aditya Tiwari,B.Sc,Biotechnology,1
2701650,Vaibhav Kashyap,B.Sc,Biotechnology,1
2701651,Srishti Tripathi,B.Sc,Biotechnology,1
2701652,Devansh Oberoi,B.Sc,Biotechnology,1
2701653,Tarun Panwar,B.Sc,Biotechnology,1
2701654,Keshav Tomar,B.Sc,Biotechnology,1
2701655,Aditya Bansal,B.Sc,Biotechnology,1
2701658,Uday Bansal,B.Sc,Biotechnology,1
2701659,Navya Thakur,B.Sc,Biotechnology,1
2701661,Raj Agarwal,B.Sc,Biotechnology,1
2701662,Ishita Dubey,B.Sc,Biotechnology,1
2701663,Ayush Bansal,B.Sc,Biotechnology,1
2701664,Aishwarya Juyal,B.Sc,Biotechnology,1
2701665,Ravi Goel,B.Sc,Biotechnology,1
2701670,Charvi Kothari,B.Sc,Biotechnology,1
2800951,Rakesh Basu,M.Sc,Biotechnology,3
2800952,Madhav Negi,M.Sc,Biotechnology,3
2800953,Riya Sethi,M.Sc,Biotechnology,3
2800954,Akash Shukla,M.Sc,Biotechnology,3
2800955,Rajat Rawat,M.Sc,Biotechnology,3
2800956,Rahul Tandon,M.Sc,Biotechnology,3
2800957,Palak Saxena,M.Sc,Biotechnology,3
2800958,Sanket Dhiman,M.Sc,Biotechnology,3
2800959,Sara Sood,M.Sc,Biotechnology,3
2800960,Preeti Tandon,M.Sc,Biotechnology,3
2800961,Ishita Dobhal,M.Sc,Biotechnology,3
2800962,Apoorva Mahajan,M.Sc,Biotechnology,3
2800963,Harshita Saini,M.Sc,Biotechnology,3
2800964,Ravi Nagi,M.Sc,Biotechnology,3
2800965,Komal Tomar,M.Sc,Biotechnology,3
2800966,Devansh Mehta,M.Sc,Biotechnology,3
2800967,Vidhi Garg,M.Sc,Biotechnology,3
2800968,Sanjana Chauhan,M.Sc,Biotechnology,3
2800969,Vipul Trivedi,M.Sc,Biotechnology,3
2800970,Tanvi Mehta,M.Sc,Biotechnology,3
2800971,Ashish Mehra,M.Sc,Biotechnology,3
2800972,Shalini Mahajan,M.Sc,Biotechnology,3
2800973,Akanksha Maurya,M.Sc,Biotechnology,3
2800974,Ramya Nainwal,M.Sc,Biotechnology,3
2800975,Anshika Mittal,M.Sc,Biotechnology,3
2800976,Devansh Patel,M.Sc,Biotechnology,3
2800977,Ruchi Bhandari,M.Sc,Biotechnology,3
2800978,Rakesh Oberoi,M.Sc,Biotechnology,3
2800979,Anmol Kapoor,M.Sc,Biotechnology,3
2800980,Abhay Singh,M.Sc,Biotechnology,3
2800981,Amisha Rana,M.Sc,Biotechnology,3
2800982,Vaishnavi Sharma,M.Sc,Biotechnology,3
2800983,Sanchi Kandpal,M.Sc,Biotechnology,3
2800984,Palak Chopra,M.Sc,Biotechnology,3
2800985,Ojas Bahuguna,M.Sc,Biotechnology,3
2800986,Manav Juyal,M.Sc,Biotechnology,3
2800988,Aishwarya Kumar,M.Sc,Biotechnology,3
2800989,Chaitanya Khanduri,M.Sc,Biotechnology,3
2800990,Mayank Sethi,M.Sc,Biotechnology,3
2800991,Raj Lal,M.Sc,Biotechnology,3
2800992,Muskan Pant,M.Sc,Biotechnology,3
2800993,Deepika Rathi,M.Sc,Biotechnology,3
2800994,Saurabh Semwal,M.Sc,Biotechnology,3
2800996,Pranav Bajaj,M.Sc,Biotechnology,3
2800997,Sanket Bajaj,M.Sc,Biotechnology,3
2800998,Raghav Dubey,M.Sc,Biotechnology,3
2800999,Eshaan Chaudhary,M.Sc,Biotechnology,3
2801000,Nisha Kapoor,M.Sc,Biotechnology,3
2801001,Soumya Thakur,M.Sc,Biotechnology,3
2801002,Sumit Rathi,M.Sc,Biotechnology,3
2801003,Uday Kumar,M.Sc,Biotechnology,3
2801004,Sakshi Anand,M.Sc,Biotechnology,3
2801005,Nandini Soni,M.Sc,Biotechnology,3
2801006,Vishal Goel,M.Sc,Biotechnology,3
2801007,Vivek Pandey,M.Sc,Biotechnology,3
2801008,Vikas Raturi,M.Sc,Biotechnology,3
2801009,Rohan Maurya,M.Sc,Biotechnology,3
2801010,Vipul Aggarwal,M.Sc,Biotechnology,3
2801011,Samarth Dobhal,M.Sc,Biotechnology,3
2801031,Manish Parmar,M.Sc,Biotechnology,1
2801032,Sahil Thakur,M.Sc,Biotechnology,1
2801033,Naman Walia,M.Sc,Biotechnology,1
2801034,Jatin Sood,M.Sc,Biotechnology,1
2801035,Tushar Nautiyal,M.Sc,Biotechnology,1
2801036,Mahima Goel,M.Sc,Biotechnology,1
2801037,Shubham Khanduri,M.Sc,Biotechnology,1
2801038,Arpit Dabral,M.Sc,Biotechnology,1
2801039,Ankit Maurya,M.Sc,Biotechnology,1
2801040,Himanshu Gaur,M.Sc,Biotechnology,1
2801041,Aditya Nanda,M.Sc,Biotechnology,1
2801042,Aishwarya Mittal,M.Sc,Biotechnology,1
2801043,Nikhil Bhardwaj,M.Sc,Biotechnology,1
2801044,Ravi Dangwal,M.Sc,Biotechnology,1
2801045,Neha Maurya,M.Sc,Biotechnology,1
2801046,Palak Garg,M.Sc,Biotechnology,1
2801047,Vikas Barthwal,M.Sc,Biotechnology,1
2801048,Prateek Rathi,M.Sc,Biotechnology,1
2801049,Rudra Gaur,M.Sc,Biotechnology,1
2801050,Mehak Bajaj,M.Sc,Biotechnology,1
2801051,Himanshu Mehra,M.Sc,Biotechnology,1
2801052,Siddharth Thakur,M.Sc,Biotechnology,1
2801053,Harshita Thakur,M.Sc,Biotechnology,1
2801054,Vaibhav Thapliyal,M.Sc,Biotechnology,1
2801055,Archit Yadav,M.Sc,Biotechnology,1
2801056,Karan Kothari,M.Sc,Biotechnology,1
2801057,Archit Parmar,M.Sc,Biotechnology,1
2801058,Ankita Chauhan,M.Sc,Biotechnology,1
2801059,Anushka Nainwal,M.Sc,Biotechnology,1
2801060,Amisha Gupta,M.Sc,Biotechnology,1
2801061,Vishal Saini,M.Sc,Biotechnology,1
2801062,Alok Raturi,M.Sc,Biotechnology,1
2801063,Chaitanya Sethi,M.Sc,Biotechnology,1
2801064,Vaibhav Kukreti,M.Sc,Biotechnology,1
2801065,Shivani Sati,M.Sc,Biotechnology,1
2801066,Pulkit Chauhan,M.Sc,Biotechnology,1
2801067,Nandini Thakur,M.Sc,Biotechnology,1
2801068,Sonal Joshi,M.Sc,Biotechnology,1
2801069,Shivani Mehra,M.Sc,Biotechnology,1
2801070,Arnav Basu,M.Sc,Biotechnology,1
2801071,Vinay Pundir,M.Sc,Biotechnology,1
2801072,Disha Nagi,M.Sc,Biotechnology,1
2801073,Eshaan Gusain,M.Sc,Biotechnology,1
2801074,Simran Semwal,M.Sc,Biotechnology,1
2801075,Anmol Gupta,M.Sc,Biotechnology,1
2801076,Nitin Saini,M.Sc,Biotechnology,1
2801077,Shagun Garg,M.Sc,Biotechnology,1
2801078,Varun Negi,M.Sc,Biotechnology,1
2801079,Hemant Gaur,M.Sc,Biotechnology,1
2801080,Priyanka Pathak,M.Sc,Biotechnology,1
2801081,Dhruv Bajaj,M.Sc,Biotechnology,1
2801082,Omkar Thapliyal,M.Sc,Biotechnology,1
2801091,Ananya Joshi,M.Sc,Biotechnology,1
2801092,Nandini Raturi,M.Sc,Biotechnology,1
2801093,Sanjana Nainwal,M.Sc,Biotechnology,1
2801094,Ananya Gusain,M.Sc,Biotechnology,1
3201063,Ajay Rajput,BHM,Hotel Management,6
3201064,Naveen Bhandari,BHM,Hotel Management,6
3201065,Nandini Khurana,BHM,Hotel Management,6
3201067,Deepika Thakur,BHM,Hotel Management,6
3201068,Vishal Rawal,BHM,Hotel Management,6
3201069,Ruchi Pandey,BHM,Hotel Management,6
3201071,Ashish Singh,BHM,Hotel Management,6
3201073,Anshika Jain,BHM,Hotel Management,6
3201074,Mehak Pant,BHM,Hotel Management,6
3201075,Sagar Walia,BHM,Hotel Management,6
3201077,Riya Rawal,BHM,Hotel Management,6
3201078,Sanjana Garg,BHM,Hotel Management,6
3201079,Bhumika Sharma,BHM,Hotel Management,6
3201080,Ashutosh Sood,BHM,Hotel Management,6
3201082,Vedant Goel,BHM,Hotel Management,6
3201083,Radhika Tomar,BHM,Hotel Management,6
3201084,Himanshu Chamoli,BHM,Hotel Management,6
3201086,Samarth Aggarwal,BHM,Hotel Management,6
3201087,Neha Srivastava,BHM,Hotel Management,6
3201089,Garima Kapoor,BHM,Hotel Management,6
3201090,Tarun Gusain,BHM,Hotel Management,6
3201092,Abhay Panwar,BHM,Hotel Management,6
3201094,Raj Sood,BHM,Hotel Management,6
3201096,Kavya Mahajan,BHM,Hotel Management,6
3201097,Samarth Chaudhary,BHM,Hotel Management,6
3201098,Laksh Maithani,BHM,Hotel Management,6
3201099,Archit Tandon,BHM,Hotel Management,6
3201100,Ramya Parmar,BHM,Hotel Management,6
3201106,Palak Badoni,BHM,Hotel Management,6
3201107,Shreya Kukreti,BHM,Hotel Management,6
3201108,Anuj Mehta,BHM,Hotel Management,6
3201109,Rohan Rawal,BHM,Hotel Management,6
3201110,Jaya Sood,BHM,Hotel Management,6
3201111,Aryan Patel,BHM,Hotel Management,6
3201112,Archit Srivastava,BHM,Hotel Management,6
3201113,Sneha Bajaj,BHM,Hotel Management,6
3201115,Manav Badoni,BHM,Hotel Management,6
3201116,Rishabh Bansal,BHM,Hotel Management,6
3201117,Mohit Kukreti,BHM,Hotel Management,6
3201118,Sonal Kandpal,BHM,Hotel Management,6
3201119,Ansh Dobhal,BHM,Hotel Management,6
3201120,Priyanka Kapoor,BHM,Hotel Management,6
3201122,Tarun Kandpal,BHM,Hotel Management,6
3201123,Omkar Rana,BHM,Hotel Management,6
3201124,Priyanka Rathi,BHM,Hotel Management,6
3201125,Muskan Mehra,BHM,Hotel Management,6
3201128,Kartik Tomar,BHM,Hotel Management,6
3201129,Rishabh Thapliyal,BHM,Hotel Management,6
3201131,Kabir Verma,BHM,Hotel Management,6
3201132,Shruti Dabral,BHM,Hotel Management,6
3201134,Akanksha Verma,BHM,Hotel Management,6
3201135,Palak Tiwari,BHM,Hotel Management,6
3201136,Ayush Khanduri,BHM,Hotel Management,6
3201138,Gautam Thakur,BHM,Hotel Management,6
3201139,Saloni Sinha,BHM,Hotel Management,6
3201140,Devansh Nagi,BHM,Hotel Management,6
3201141,Tripti Pant,BHM,Hotel Management,6
3201142,Shivam Anand,BHM,Hotel Management,6
3201143,Muskan Pandey,BHM,Hotel Management,6
3201144,Nitin Rautela,BHM,Hotel Management,6
3201145,Ramya Sinha,BHM,Hotel Management,6
3201146,Devansh Khurana,BHM,Hotel Management,6
3201147,Soumya Singh,BHM,Hotel Management,6
3201149,Laksh Verma,BHM,Hotel Management,6
3201151,Ayush Nagi,BHM,Hotel Management,6
3201152,Tarun Pant,BHM,Hotel Management,6
3201153,Simran Nanda,BHM,Hotel Management,6
3201154,Bhavya Soni,BHM,Hotel Management,6
3201155,Tanmay Tandon,BHM,Hotel Management,6
3201156,Amisha Pandey,BHM,Hotel Management,6
3201157,Mohit Rawal,BHM,Hotel Management,6
3201158,Garima Dangwal,BHM,Hotel Management,6
3201159,Anchal Mehra,BHM,Hotel Management,6
3201160,Sachin Kashyap,BHM,Hotel Management,6
3201161,Kriti Lal,BHM,Hotel Management,6
3201163,Sanya Parmar,BHM,Hotel Management,6
3201164,Neha Bajaj,BHM,Hotel Management,6
3201166,Kartik Chamoli,BHM,Hotel Management,6
3201169,Aishwarya Badoni,BHM,Hotel Management,6
3201170,Rajat Mehra,BHM,Hotel Management,6
3201172,Mohit Saini,BHM,Hotel Management,6
3201173,Vipul Kumar,BHM,Hotel Management,6
3201174,Ishita Basu,BHM,Hotel Management,6
3201175,Dhruv Mehta,BHM,Hotel Management,6
3201177,Rohit Gaur,BHM,Hotel Management,6
3201201,Aarav Mehra,BHM,Hotel Management,5
3201202,Karan Bhardwaj,BHM,Hotel Management,5
3201203,Yuvraj Barthwal,BHM,Hotel Management,5
3201204,Bhumika Kapoor,BHM,Hotel Management,4
3201205,Varun Uniyal,BHM,Hotel Management,5
3201206,Abhay Bisht,BHM,Hotel Management,5
3201207,Ashish Jain,BHM,Hotel Management,5
3201208,Anuj Goel,BHM,Hotel Management,4
3201209,Uday Sharma,BHM,Hotel Management,5
3201210,Lakshya Bansal,BHM,Hotel Management,5
3201211,Raj Thapliyal,BHM,Hotel Management,5
3201212,Kartik Soni,BHM,Hotel Management,5
3201214,Sandeep Gupta,BHM,Hotel Management,5
3201215,Vedant Kumar,BHM,Hotel Management,5
3201217,Anuj Barthwal,BHM,Hotel Management,5
3201218,Meera Gusain,BHM,Hotel Management,5
3201219,Yash Bahuguna,BHM,Hotel Management,5
3201220,Srishti Tandon,BHM,Hotel Management,5
3201221,Vandana Panwar,BHM,Hotel Management,5
3201222,Rohit Arora,BHM,Hotel Management,4
3201224,Aman Bijalwan,BHM,Hotel Management,5
3201226,Yamini Barthwal,BHM,Hotel Management,5
3201227,Kabir Nainwal,BHM,Hotel Management,5
3201228,Ankit Joshi,BHM,Hotel Management,5
3201231,Tanvi Sharma,BHM,Hotel Management,5
3201232,Ashutosh Sethi,BHM,Hotel Management,5
3201233,Garima Nagi,BHM,Hotel Management,5
3201234,Ashish Dhiman,BHM,Hotel Management,5
3201235,Harsh Yadav,BHM,Hotel Management,5
3201236,Parth Kimothi,BHM,Hotel Management,5
3201239,Vidhi Shukla,BHM,Hotel Management,5
3201240,Gaurav Sood,BHM,Hotel Management,5
3201243,Ishita Arora,BHM,Hotel Management,5
3201244,Rohit Kashyap,BHM,Hotel Management,5
3201245,Anushka Sati,BHM,Hotel Management,5
3201246,Garima Gaur,BHM,Hotel Management,5
3201247,Abhay Pundir,BHM,Hotel Management,5
3201248,Soumya Soni,BHM,Hotel Management,5
3201249,Anuj Semwal,BHM,Hotel Management,5
3201250,Manav Rautela,BHM,Hotel Management,5
3201251,Parth Rajput,BHM,Hotel Management,5
3201253,Bhavya Sood,BHM,Hotel Management,5
3201255,Arjun Chaudhary,BHM,Hotel Management,5
3201256,Nitin Kumar,BHM,Hotel Management,5
3201257,Neha Malhotra,BHM,Hotel Management,5
3201258,Aarav Pathak,BHM,Hotel Management,5
3201259,Radhika Juyal,BHM,Hotel Management,5
3201261,Sahil Mittal,BHM,Hotel Management,5
3201262,Tanmay Chauhan,BHM,Hotel Management,5
3201263,Raghav Aggarwal,BHM,Hotel Management,5
3201264,Vipul Barthwal,BHM,Hotel Management,5
3201267,Saurabh Soni,BHM,Hotel Management,5
3201268,Harsh Saini,BHM,Hotel Management,5
3201269,Apoorva Dabral,BHM,Hotel Management,5
3201270,Sachin Mishra,BHM,Hotel Management,5
3201271,Aman Garg,BHM,Hotel Management,5
3201272,Anmol Verma,BHM,Hotel Management,5
3201273,Amisha Kukreti,BHM,Hotel Management,5
3201274,Varun Thakur,BHM,Hotel Management,5
3201275,Sneha Khanduri,BHM,Hotel Management,5
3201276,Ajay Nainwal,BHM,Hotel Management,5
3201277,Bhumika Thakur,BHM,Hotel Management,5
3201278,Priyanka Dangwal,BHM,Hotel Management,5
3201279,Mridul Agarwal,BHM,Hotel Management,5
3201280,Tanmay Bhandula,BHM,Hotel Management,5
3201282,Mehak Barthwal,BHM,Hotel Management,5
3201283,Akash Sood,BHM,Hotel Management,5
3201287,Simran Yadav,BHM,Hotel Management,5
3201288,Pallavi Maithani,BHM,Hotel Management,5
3201289,Sara Pant,BHM,Hotel Management,5
3201290,Zoya Barthwal,BHM,Hotel Management,5
3201301,Vipul Tiwari,BHM,Hotel Management,2
3201302,Suhani Negi,BHM,Hotel Management,2
3201303,Gaurav Kumar,BHM,Hotel Management,2
3201304,Sumit Uniyal,BHM,Hotel Management,2
3201305,Aishwarya Walia,BHM,Hotel Management,2
3201306,Vikram Rautela,BHM,Hotel Management,2
3201307,Vaishnavi Patel,BHM,Hotel Management,2
3201308,Shalini Panwar,BHM,Hotel Management,2
3201310,Himanshu Chopra,BHM,Hotel Management,2
3201311,Sanket Nautiyal,BHM,Hotel Management,2
3201312,Shalini Rajput,BHM,Hotel Management,2
3201313,Naman Uniyal,BHM,Hotel Management,2
3201314,Aarav Chopra,BHM,Hotel Management,2
3201315,Preeti Kashyap,BHM,Hotel Management,2
3201316,Gautam Tiwari,BHM,Hotel Management,2
3201317,Sandeep Bajaj,BHM,Hotel Management,2
3201318,Rahul Bhandula,BHM,Hotel Management,2
3201319,Sanchi Malhotra,BHM,Hotel Management,2
3201320,Simran Rautela,BHM,Hotel Management,2
3201321,Kunal Gusain,BHM,Hotel Management,2
3201322,Yash Khanduri,BHM,Hotel Management,2
3201323,Neha Trivedi,BHM,Hotel Management,2
3201324,Raghav Mahajan,BHM,Hotel Management,2
3201325,Varun Vats,BHM,Hotel Management,2
3201326,Ruchi Bajaj,BHM,Hotel Management,2
3201327,Aishwarya Mehta,BHM,Hotel Management,2
3201328,Priyanka Nautiyal,BHM,Hotel Management,2
3201329,Omkar Dimri,BHM,Hotel Management,2
3201332,Priyanka Saxena,BHM,Hotel Management,2
3201333,Vidhi Lal,BHM,Hotel Management,2
3201334,Mansi Agarwal,BHM,Hotel Management,2
3201335,Pooja Rawat,BHM,Hotel Management,2
3201336,Sanchi Dobhal,BHM,Hotel Management,2
3201337,Vinay Mittal,BHM,Hotel Management,2
3201338,Sanket Chopra,BHM,Hotel Management,2
3201340,Rahul Saini,BHM,Hotel Management,2
3201341,Chetan Pokhriyal,BHM,Hotel Management,2
3201342,Vandana Dobhal,BHM,Hotel Management,2
3201343,Bhavya Dabral,BHM,Hotel Management,2
3201344,Sonal Sethi,BHM,Hotel Management,2
3201346,Palak Gusain,BHM,Hotel Management,2
3201347,Divya Bhandula,BHM,Hotel Management,2
3201348,Vishal Dobhal,BHM,Hotel Management,2
3201349,Radhika Rautela,BHM,Hotel Management,2
3201350,Samarth Srivastava,BHM,Hotel Management,2
3201351,Kajal Raturi,BHM,Hotel Management,2
3201353,Ajay Bhardwaj,BHM,Hotel Management,2
3201354,Lavanya Barthwal,BHM,Hotel Management,2
3201355,Shruti Bhandula,BHM,Hotel Management,2
3201356,Gautam Bisht,BHM,Hotel Management,2
3201357,Vikram Tomar,BHM,Hotel Management,2
3201358,Priya Dangwal,BHM,Hotel Management,2
3201359,Pulkit Dubey,BHM,Hotel Management,2
3201361,Ashish Oberoi,BHM,Hotel Management,2
3201363,Vinay Maurya,BHM,Hotel Management,2
3201364,Mansi Bhandari,BHM,Hotel Management,2
3201365,Vaishnavi Kimothi,BHM,Hotel Management,2
3201367,Anshika Verma,BHM,Hotel Management,2
3201368,Diksha Basu,BHM,Hotel Management,2
3201369,Shubham Panwar,BHM,Hotel Management,2
3201370,Arpit Rana,BHM,Hotel Management,2
3201371,Yogesh Tripathi,BHM,Hotel Management,2
3201372,Arnav Mittal,BHM,Hotel Management,2
3201373,Hardik Srivastava,BHM,Hotel Management,2
3201401,Yash Kothari,BHM,Hotel Management,1
3201402,Arnav Saxena,BHM,Hotel Management,1
3201403,Vikram Bahuguna,BHM,Hotel Management,1
3201405,Akanksha Sinha,BHM,Hotel Management,1
3201406,Alok Thakur,BHM,Hotel Management,1
3201407,Devansh Joshi,BHM,Hotel Management,1
3201408,Jatin Negi,BHM,Hotel Management,1
3201409,Vikram Kapoor,BHM,Hotel Management,1
3201410,Diksha Maithani,BHM,Hotel Management,1
3201411,Amisha Nautiyal,BHM,Hotel Management,1
3201413,Yash Rajput,BHM,Hotel Management,1
3201415,Kartik Saini,BHM,Hotel Management,1
3201416,Prachi Pandey,BCA,AI & DS,1
3201417,Shreya Garg,BHM,Hotel Management,1
3201418,Deepak Garg,BHM,Hotel Management,1
3201419,Ishaan Kumar,BHM,Hotel Management,1
3201420,Manish Gusain,BHM,Hotel Management,1
3201421,Shivam Vats,BHM,Hotel Management,1
3201422,Dev Saxena,BHM,Hotel Management,1
3201423,Mohit Dhiman,BHM,Hotel Management,1
3201424,Garima Badoni,BHM,Hotel Management,1
3201426,Diksha Gusain,BHM,Hotel Management,1
3201427,Varun Rawal,BHM,Hotel Management,1
3201428,Aishwarya Uniyal,BHM,Hotel Management,1
3201429,Kartik Bhandula,BHM,Hotel Management,1
3201430,Shivani Dhiman,BHM,Hotel Management,1
3201431,Aryan Maithani,BHM,Hotel Management,1
3201432,Diksha Arora,BHM,Hotel Management,1
3201433,Aditi Gaur,BHM,Hotel Management,1
3201434,Sanchi Tandon,BHM,Hotel Management,1
3201435,Sanya Mittal,BHM,Hotel Management,1
3201436,Pooja Sood,BHM,Hotel Management,1
3201437,Vedant Thakur,BHM,Hotel Management,1
3201438,Diksha Aggarwal,BHM,Hotel Management,1
3201439,Laksh Saxena,BHM,Hotel Management,1
3201440,Shreya Rastogi,BHM,Hotel Management,1
3201441,Abhinav Patel,BHM,Hotel Management,1
3201442,Himanshu Rajput,BHM,Hotel Management,1
3201443,Uday Yadav,BHM,Hotel Management,1
3201444,Nisha Gusain,BHM,Hotel Management,1
3201445,Harsh Lal,BHM,Hotel Management,1
3201446,Divya Aggarwal,BHM,Hotel Management,1
3201447,Chetan Sati,BHM,Hotel Management,1
3201448,Anchal Mehta,BHM,Hotel Management,1
3201449,Suhani Srivastava,BHM,Hotel Management,1
3201450,Meera Nagi,BHM,Hotel Management,1
3201451,Komal Thakur,BHM,Hotel Management,1
3201452,Vivek Dimri,BHM,Hotel Management,1
3201453,Kriti Bisht,BHM,Hotel Management,1
3201454,Archit Tiwari,BHM,Hotel Management,1
3201456,Tushar Mehra,BHM,Hotel Management,1
3201457,Eshaan Panwar,BHM,Hotel Management,1
3201458,Mahima Dobhal,BHM,Hotel Management,1
3201459,Nisha Malhotra,BHM,Hotel Management,1
3201460,Prachi Goel,BHM,Hotel Management,1
3201461,Gaurav Rana,BHM,Hotel Management,1
3201462,Ananya Chopra,BHM,Hotel Management,1
3201463,Siddharth Barthwal,BHM,Hotel Management,1
3201464,Surbhi Chaudhary,BHM,Hotel Management,1
3201465,Prateek Saxena,BHM,Hotel Management,1
3201466,Sonal Tripathi,BHM,Hotel Management,1
3201467,Tanvi Kothari,BHM,Hotel Management,1
3201468,Vipul Chaudhary,BHM,Hotel Management,1
3201469,Vikas Rautela,BHM,Hotel Management,1
3201470,Akash Sharma,BHM,Hotel Management,1
3201471,Ojas Agarwal,BHM,Hotel Management,1
3201472,Tanvi Bijalwan,BHM,Hotel Management,1
3201473,Shubham Chaudhary,BHM,Hotel Management,1
3201474,Shruti Barthwal,BHM,Hotel Management,1
3201475,Jiya Singh,BHM,Hotel Management,1
3201476,Rudra Kimothi,BHM,Hotel Management,1
3201477,Komal Dabral,BHM,Hotel Management,1
3201478,Palak Pathak,BHM,Hotel Management,1
3300001,Vedant Bajaj,MA,Sociology,4
3300002,Sagar Basu,MA,Sociology,4
3300003,Shalini Khurana,MA,Sociology,4
3300004,Laksh Chauhan,MA,Sociology,4
3300005,Anjali Nanda,MA,Sociology,4
3300006,Samarth Dubey,MA,Sociology,4
3300007,Arjun Aggarwal,MA,Sociology,4
3300008,Hardik Sharma,MA,Sociology,4
3300009,Sumit Joshi,MA,Sociology,4
3300011,Yashika Kukreti,MA,Sociology,1
3402142,Ishaan Pant,B.Com,General,6
3402220,Vipul Singh,B.Com,General,6
3402251,Madhav Khanduri,B.Com,General,6
3402252,Sahil Pokhriyal,B.Com,General,6
3402253,Muskan Jain,B.Com,General,6
3402254,Ankit Pokhriyal,B.Com,General,6
3402255,Sahil Nanda,B.Com,General,6
3402256,Keshav Parmar,B.Com,General,6
3402257,Manav Dimri,B.Com,General,6
3402258,Prateek Mehta,B.Com,General,6
3402259,Zoya Garg,B.Com,General,6
3402260,Shruti Bisht,B.Com,General,6
3402261,Rahul Malhotra,B.Com,General,6
3402262,Surbhi Dimri,B.Com,General,6
3402263,Saloni Kumar,B.Com,General,6
3402264,Neha Oberoi,B.Com,General,6
3402265,Tushar Bansal,B.Com,General,6
3402266,Shagun Nanda,B.Com,General,6
3402267,Ishita Tiwari,B.Com,General,6
3402268,Tanmay Shukla,B.Com,General,6
3402269,Payal Chauhan,B.Com,General,5
3402270,Divya Anand,B.Com,General,6
3402271,Lakshya Barthwal,B.Com,General,6
3402272,Sara Maurya,B.Com,General,6
3402273,Palak Rathi,B.Com,General,6
3402274,Vaibhav Soni,B.Com,General,6
3402275,Sachin Sharma,B.Com,General,6
3402276,Nikhil Bansal,B.Com,General,6
3402277,Naveen Maurya,B.Com,General,6
3402278,Anchal Gaur,B.Com,General,6
3402279,Divya Dubey,B.Com,General,6
3402280,Omkar Sharma,B.Com,General,6
3402281,Sandeep Dubey,B.Com,General,6
3402282,Sagar Dhiman,B.Com,General,6
3402283,Ansh Pokhriyal,B.Com,General,6
3402284,Vandana Rastogi,B.Com,General,6
3402285,Yashika Anand,B.Com,General,6
3402286,Priyanka Bhandari,B.Com,General,6
3402287,Sagar Rautela,B.Com,General,6
3402288,Yash Nanda,B.Com,General,6
3402289,Yamini Kothari,B.Com,General,6
3402290,Rakesh Aggarwal,B.Com,General,6
3402291,Tanmay Sinha,B.Com,General,6
3402292,Ashish Aggarwal,B.Com,General,6
3402293,Yash Barthwal,B.Com,General,6
3402294,Sara Singh,B.Com,General,6
3402295,Parth Mehra,B.Com,General,6
3402296,Dhruv Rastogi,B.Com,General,6
3402297,Himanshu Kapoor,B.Com,General,6
3402298,Yash Rawal,B.Com,General,6
3402299,Aditi Garg,B.Com,General,6
3402300,Tanishq Goel,B.Com,General,6
3402303,Kartik Vats,B.Com,General,6
3402305,Sachin Tandon,B.Com,General,6
3402306,Yashika Bisht,B.Com,General,6
3402307,Sakshi Rawal,B.Com,General,6
3402308,Priyanka Rawat,B.Com,General,6
3402309,Vaishnavi Gusain,B.Com,General,6
3402311,Karan Dobhal,B.Com,General,6
3402312,Sanchi Nanda,B.Com,General,6
3402313,Aditi Nainwal,B.Com,General,6
3402314,Ishita Dabral,B.Com,General,6
3402315,Ashish Pandey,B.Com,General,6
3402316,Gayatri Saini,B.Com,General,6
3402317,Bhumika Kumar,B.Com,General,6
3402319,Ira Panwar,B.Com,General,6
3402320,Kriti Jain,B.Com,General,6
3402321,Archit Bhandari,B.Com,General,6
3402322,Prateek Nainwal,B.Com,General,6
3402323,Diksha Gaur,B.Com,General,6
3402324,Abhinav Dubey,B.Com,General,6
3402325,Manav Dabral,B.Com,General,6
3402326,Shivani Patel,B.Com,General,6
3402327,Ananya Saini,B.Com,General,6
3402328,Ajay Sharma,B.Com,General,6
3402329,Samarth Verma,B.Com,General,6
3402330,Manish Semwal,B.Com,General,6
3402332,Saloni Thapliyal,B.Com,General,6
3402334,Preeti Arora,B.Com,General,6
3402335,Sumit Dobhal,B.Com,General,6
3402336,Harsh Mahajan,B.Com,General,6
3402337,Navya Sinha,B.Com,General,6
3402338,Priyanka Soni,B.Com,General,6
3402339,Alok Maithani,B.Com,General,6
3402340,Chetan Tomar,B.Com,General,6
3402341,Sakshi Trivedi,B.Com,General,6
3402342,Komal Verma,B.Com,General,6
3402343,Shivam Chauhan,B.Com,General,6
3402344,Vidhi Uniyal,B.Com,General,6
3402345,Hardik Walia,B.Com,General,6
3402346,Deepika Dubey,B.Com,General,6
3402347,Surbhi Basu,B.Com,General,6
3402349,Aarav Sinha,B.Com,General,6
3402350,Kabir Barthwal,B.Com,General,6
3402351,Harsh Juyal,B.Com,General,6
3402353,Gunjan Vats,B.Com,General,6
3402354,Manav Goel,B.Com,General,6
3402355,Sanya Maurya,B.Com,General,6
3402356,Kartik Mittal,B.Com,General,6
3402357,Arpit Agarwal,B.Com,General,6
3402358,Prateek Sinha,B.Com,General,6
3402359,Mehak Bisht,B.Com,General,6
3402360,Jatin Dimri,B.Com,General,6
3402361,Ayush Anand,B.Com,General,6
3402362,Shivani Pundir,B.Com,General,6
3402363,Alok Malhotra,B.Com,General,6
3402364,Devansh Aggarwal,B.Com,General,6
3402365,Amisha Gusain,B.Com,General,6
3402366,Lavanya Badoni,B.Com,General,6
3402367,Ravi Nainwal,B.Com,General,6
3402368,Udit Negi,B.Com,General,6
3402369,Shalini Verma,B.Com,General,6
3402370,Jiya Dabral,B.Com,General,6
3402371,Naman Rawal,B.Com,General,6
3402372,Lakshya Shukla,B.Com,General,6
3402373,Prachi Rana,B.Com,General,6
3402374,Madhav Srivastava,B.Com,General,6
3402375,Manish Chauhan,B.Com,General,6
3402376,Yash Arora,B.Com,General,6
3402377,Deepika Yadav,B.Com,General,6
3402378,Tanmay Maurya,B.Com,General,6
3402381,Varun Dobhal,B.Com,General,6
3402382,Akshay Agarwal,B.Com,General,6
3402383,Anchal Rana,B.Com,General,6
3402384,Prateek Kandpal,B.Com,General,6
3402385,Deepak Gusain,B.Com,General,6
3402387,Akanksha Aggarwal,B.Com,General,6
3402388,Tushar Chauhan,B.Com,General,6
3402389,Parth Uniyal,B.Com,General,6
3402390,Shubham Soni,B.Com,General,6
3402391,Anushka Basu,B.Com,General,6
3402392,Gunjan Kimothi,B.Com,General,6
3402393,Prachi Sethi,B.Com,General,6
3402394,Mehak Bahuguna,B.Com,General,6
3402401,Lavanya Sharma,B.Com,General,6
3402402,Ashutosh Anand,B.Com,General,6
3402403,Radhika Walia,B.Com,General,6
3402404,Archit Bahuguna,B.Com,General,6
3402405,Anmol Rawat,B.Com,General,6
3402406,Rohan Nanda,B.Com,General,6
3402407,Aditya Rathi,B.Com,General,6
3402408,Naveen Nagi,B.Com,General,6
3402409,Ravi Pant,B.Com,General,6
3402410,Aryan Kashyap,B.Com,General,6
3402411,Rudra Patel,B.Com,General,6
3402413,Devansh Gupta,B.Com,General,6
3402414,Ruchi Rathi,B.Com,General,6
3402415,Anshika Uniyal,B.Com,General,6
3402416,Charvi Panwar,B.Com,General,6
3402417,Meera Chamoli,B.Com,General,6
3402431,Anjali Sharma,B.Com,General,6
3402432,Laksh Basu,B.Com,General,6
3402433,Amisha Uniyal,B.Com,General,6
3402434,Rudra Walia,B.Com,General,6
3402435,Anjali Sethi,B.Com,General,6
3402436,Yogesh Chaudhary,B.Com,General,6
3402437,Harsh Mehta,B.Com,General,6
3402438,Omkar Gupta,B.Com,General,6
3402439,Ankit Bahuguna,B.Com,General,6
3402441,Lavanya Shukla,B.Com,General,6
3402501,Rishabh Nautiyal,B.Com,General,5
3402502,Chetan Rawal,B.Com,General,5
3402503,Suhani Bhandula,B.Com,General,5
3402504,Raj Joshi,B.Com,General,5
3402505,Navya Kashyap,B.Com,General,5
3402506,Lavanya Bijalwan,B.Com,General,5
3402507,Raghav Gusain,B.Com,General,5
3402508,Anuj Badoni,B.Com,General,5
3402509,Naman Chaudhary,B.Com,General,5
3402510,Prateek Dobhal,B.Com,General,5
3402511,Aditi Badoni,B.Com,General,5
3402512,Udit Lal,B.Com,General,5
3402513,Vedant Garg,B.Com,General,5
3402514,Garima Pundir,B.Com,General,5
3402515,Gautam Saxena,B.Com,General,5
3402516,Vaishnavi Juyal,B.Com,General,5
3402517,Pallavi Anand,B.Com,General,5
3402518,Madhav Mehta,B.Com,General,5
3402519,Bhavya Gupta,B.Com,General,5
3402520,Nisha Saxena,B.Com,General,5
3402521,Soumya Nanda,B.Com,General,5
3402522,Himanshu Rautela,B.Com,General,5
3402523,Lavanya Bisht,B.Com,General,5
3402524,Mridul Dhiman,B.Com,General,5
3402525,Shubham Sati,B.Com,General,5
3402526,Amit Lal,B.Com,General,5
3402527,Vipul Chamoli,B.Com,General,5
3402528,Raj Shukla,B.Com,General,5
3402529,Sandeep Chamoli,B.Com,General,5
3402530,Mridul Uniyal,B.Com,General,5
3402531,Pranav Sood,B.Com,General,5
3402533,Sachin Thapliyal,B.Com,General,5
3402534,Kajal Rawat,B.Com,General,5
3402535,Amisha Bhandari,B.Com,General,5
3402536,Anjali Malhotra,B.Com,General,5
3402537,Tanmay Negi,B.Com,General,5
3402538,Nitin Negi,B.Com,General,5
3402539,Hemant Gupta,B.Com,General,5
3402540,Akshay Rana,B.Com,General,5
3402541,Charvi Thakur,B.Com,General,5
3402542,Tanishq Mittal,B.Com,General,5
3402543,Arpit Dubey,B.Com,General,5
3402544,Gayatri Chopra,B.Com,General,5
3402545,Meera Rawat,B.Com,General,5
3402546,Yamini Gupta,B.Com,General,5
3402547,Mansi Sati,B.Com,General,5
3402548,Priya Singh,B.Com,General,5
3402549,Disha Walia,B.Com,General,5
3402552,Ankita Garg,B.Com,General,5
3402553,Vidhi Chopra,B.Com,General,5
3402554,Sandeep Sharma,B.Com,General,5
3402555,Laksh Goel,B.Com,General,5
3402556,Prachi Badoni,B.Com,General,5
3402557,Udit Rana,B.Com,General,5
3402558,Prateek Mehra,B.Com,General,5
3402559,Ansh Dimri,B.Com,General,5
3402561,Sanya Garg,B.Com,General,5
3402562,Prateek Dangwal,B.Com,General,5
3402563,Rishabh Pant,B.Com,General,5
3402564,Samarth Basu,B.Com,General,5
3402565,Kavya Nagi,B.Com,General,5
3402566,Shagun Rastogi,B.Com,General,5
3402568,Harshita Bansal,B.Com,General,4
3402569,Mridul Pant,B.Com,General,5
3402570,Ashutosh Tomar,B.Com,General,5
3402571,Anshika Mehta,B.Com,General,5
3402572,Alok Bajaj,B.Com,General,5
3402573,Sakshi Maurya,B.Com,General,5
3402574,Lavanya Garg,B.Com,General,5
3402575,Devansh Rana,B.Com,General,5
3402576,Tarun Khurana,B.Com,General,5
3402577,Garima Tandon,B.Com,General,5
3402578,Amit Tandon,B.Com,General,5
3402579,Jaya Semwal,B.Com,General,5
3402580,Sanket Pant,B.Com,General,5
3402581,Kavya Jain,B.Com,General,5
3402582,Aman Malhotra,B.Com,General,5
3402583,Bhumika Rathi,B.Com,General,5
3402584,Abhinav Kumar,B.Com,General,5
3402585,Tanmay Walia,B.Com,General,5
3402586,Gautam Arora,B.Com,General,5
3402587,Zoya Rajput,B.Com,General,5
3402588,Ashutosh Kumar,B.Com,General,5
3402589,Ankita Dobhal,B.Com,General,5
3402590,Chaitanya Garg,B.Com,General,5
3402591,Ankit Nainwal,B.Com,General,5
3402592,Sagar Kothari,B.Com,General,5
3402593,Ramya Pant,B.Com,General,5
3402594,Diksha Tomar,B.Com,General,5
3402595,Navya Barthwal,B.Com,General,5
3402596,Shreya Sinha,B.Com,General,5
3402598,Ansh Chaudhary,B.Com,General,5
3402599,Aishwarya Yadav,B.Com,General,5
3402600,Chaitanya Dabral,B.Com,General,5
3402601,Pulkit Panwar,B.Com,General,5
3402602,Sara Rawal,B.Com,General,5
3402603,Anshika Nanda,B.Com,General,5
3402604,Sumit Badoni,B.Com,General,5
3402605,Abhay Bijalwan,B.Com,General,5
3402606,Simran Trivedi,B.Com,General,5
3402607,Ojas Jain,B.Com,General,5
3402608,Kamal Garg,B.Com,General,5
3402609,Gaurav Verma,B.Com,General,5
3402610,Sakshi Goswami,B.Com,General,5
3402611,Disha Yadav,B.Com,General,4
3402612,Siddharth Kothari,B.Com,General,5
3402613,Rakesh Pant,B.Com,General,5
3402616,Aishwarya Nainwal,B.Com,General,5
3402617,Mridul Saini,B.Com,General,5
3402618,Arpit Pathak,B.Com,General,5
3402619,Ajay Goel,B.Com,General,5
3402620,Uday Vats,B.Com,General,5
3402621,Sonal Raturi,B.Com,General,5
3402623,Rohit Bajaj,B.Com,General,5
3402624,Raj Gusain,B.Com,General,5
3402625,Kamal Maithani,B.Com,General,5
3402626,Anchal Dabral,B.Com,General,5
3402627,Vinay Bhardwaj,B.Com,General,5
3402628,Meera Dubey,B.Com,General,5
3402629,Vishal Soni,B.Com,General,5
3402630,Naveen Patel,B.Com,General,5
3402631,Madhav Pundir,B.Com,General,5
3402632,Harsh Dhiman,B.Com,General,5
3402634,Kriti Nainwal,B.Com,General,5
3402635,Siddharth Gupta,B.Com,General,5
3402636,Chaitanya Chaudhary,B.Com,General,5
3402637,Harsh Pandey,B.Com,General,4
3402638,Muskan Khurana,B.Com,General,5
3402639,Nidhi Rastogi,B.Com,General,5
3402641,Devansh Parmar,B.Com,General,5
3402642,Charvi Sharma,B.Com,General,5
3402643,Yamini Srivastava,B.Com,General,5
3402644,Sanchi Joshi,B.Com,General,5
3402645,Nidhi Kukreti,B.Com,General,5
3402646,Sonal Khanduri,B.Com,General,5
3402647,Aishwarya Bhatt,B.Com,General,5
3402648,Vikram Bisht,B.Com,General,5
3402649,Vikas Jain,B.Com,General,5
3402650,Kriti Sharma,B.Com,General,5
3402651,Suhani Kumar,B.Com,General,5
3402652,Nikhil Rana,B.Com,General,5
3402653,Gunjan Khurana,B.Com,General,5
3402681,Palak Panwar,B.Com,General,5
3402682,Pranav Thakur,B.Com,General,5
3402683,Madhav Singh,B.Com,General,5
3402684,Nandini Arora,B.Com,General,5
3402685,Vishal Panwar,B.Com,General,5
3402686,Vikas Maithani,B.Com,General,5
3402687,Deepika Tandon,B.Com,General,5
3402688,Mohit Nautiyal,B.Com,General,5
3402689,Ira Verma,B.Com,General,5
3402690,Lakshya Khanduri,B.Com,General,5
3402691,Ananya Mishra,B.Com,General,5
3402692,Sarthak Trivedi,B.Com,General,5
3402693,Radhika Gaur,B.Com,General,5
3402694,Shubham Walia,B.Com,General,5
3402695,Dhruv Nautiyal,B.Com,General,5
3402696,Arjun Mahajan,B.Com,General,5
3402697,Aditya Sinha,B.Com,General,5
3402698,Ansh Walia,B.Com,General,5
3402699,Ankita Nautiyal,B.Com,General,5
3402700,Keshav Khanduri,B.Com,General,5
3402701,Karan Kapoor,B.Com,General,5
3402702,Sara Rana,B.Com,General,5
3402703,Khushi Mittal,B.Com,General,5
3402704,Vaishnavi Chopra,B.Com,General,5
3402705,Amisha Dimri,B.Com,General,5
3402706,Devansh Saini,B.Com,General,5
3402707,Sonal Thapliyal,B.Com,General,5
3402708,Laksh Nainwal,B.Com,General,5
3402709,Ojas Dimri,B.Com,General,5
3402710,Sahil Soni,B.Com,General,5
3402711,Ananya Anand,B.Com,General,5
3402712,Eshaan Dabral,B.Com,General,5
3402713,Vedant Agarwal,B.Com,General,5
3402714,Vansh Mishra,B.Com,General,5
3402715,Mayank Rautela,B.Com,General,5
3402716,Anushka Rajput,B.Com,General,5
3402717,Mayank Rajput,B.Com,General,5
3402718,Lavanya Lal,B.Com,General,5
3402719,Abhinav Panwar,B.Com,General,5
3402720,Ishita Panwar,B.Com,General,5
3402721,Yuvraj Rajput,B.Com,General,5
3402722,Raj Uniyal,B.Com,General,5
3402723,Kajal Bisht,B.Com,General,5
3402724,Manish Kumar,B.Com,General,5
3402726,Sahil Chauhan,B.Com,General,5
3402727,Ravi Tandon,B.Com,General,5
3402741,Anjali Rawat,B.Com,General,5
3402742,Arnav Khanduri,B.Com,General,5
3402743,Jatin Saini,B.Com,General,5
3402744,Kamal Dubey,B.Com,General,5
3402745,Kavya Kashyap,B.Com,General,5
3402746,Kavya Mittal,B.Com,General,5
3402747,Meera Verma,B.Com,General,5
3402748,Tarun Rajput,B.Com,General,5
3402749,Sonal Pokhriyal,B.Com,General,5
3402751,Sara Trivedi,B.Com,General,5
3402801,Kabir Kumar,B.Com,General,3
3402802,Disha Maurya,B.Com,General,3
3402803,Rajat Aggarwal,B.Com,General,3
3402804,Nidhi Bijalwan,B.Com,General,3
3402805,Laksh Bahuguna,B.Com,General,3
3402806,Ishaan Dobhal,B.Com,General,3
3402807,Omkar Mehta,B.Com,General,3
3402808,Keshav Goel,B.Com,General,3
3402809,Vinay Sati,B.Com,General,3
3402810,Nidhi Pokhriyal,B.Com,General,3
3402811,Pranav Oberoi,B.Com,General,3
3402812,Akanksha Tiwari,B.Com,General,3
3402813,Ananya Uniyal,B.Com,General,3
3402814,Nisha Dangwal,B.Com,General,3
3402815,Gaurav Kapoor,B.Com,General,3
3402816,Tanishq Maurya,B.Com,General,3
3402817,Mridul Mishra,B.Com,General,3
3402818,Omkar Saxena,B.Com,General,3
3402819,Radhika Kothari,B.Com,General,3
3402820,Mahima Maurya,B.Com,General,3
3402821,Bhavya Walia,B.Com,General,3
3402822,Manish Nanda,B.Com,General,3
3402823,Sneha Juyal,B.Com,General,3
3402824,Shivam Rana,B.Com,General,3
3402825,Sanket Kukreti,B.Com,General,3
3402826,Disha Bijalwan,B.Com,General,3
3402827,Sara Anand,B.Com,General,3
3402828,Mridul Kimothi,B.Com,General,3
3402829,Keshav Kashyap,B.Com,General,3
3402830,Devansh Bahuguna,B.Com,General,3
3402831,Charvi Oberoi,B.Com,General,3
3402832,Sagar Vats,B.Com,General,3
3402833,Keshav Semwal,B.Com,General,3
3402834,Aryan Parmar,B.Com,General,3
3402835,Vandana Sati,B.Com,General,3
3402836,Anushka Bijalwan,B.Com,General,3
3402837,Nitin Mahajan,B.Com,General,3
3402838,Saloni Chopra,B.Com,General,3
3402840,Udit Parmar,B.Com,General,3
3402841,Komal Uniyal,B.Com,General,3
3402842,Rakesh Verma,B.Com,General,3
3402843,Soumya Dubey,B.Com,General,3
3402844,Naman Sood,B.Com,General,3
3402845,Amisha Mehra,B.Com,General,3
3402846,Pulkit Bahuguna,B.Com,General,3
3402847,Soumya Kapoor,B.Com,General,3
3402848,Charvi Dabral,B.Com,General,3
3402849,Aman Kapoor,B.Com,General,3
3402850,Jaya Dabral,B.Com,General,3
3402851,Eshaan Juyal,B.Com,General,3
3402852,Ankit Goel,B.Com,General,3
3402853,Priya Sood,B.Com,General,3
3402854,Sarthak Kumar,B.Com,General,3
3402855,Disha Bhardwaj,B.Com,General,3
3402856,Pulkit Tiwari,B.Com,General,3
3402857,Bhumika Sethi,B.Com,General,3
3402858,Sanket Kandpal,B.Com,General,3
3402859,Shreya Sati,B.Com,General,3
3402860,Shivani Maurya,B.Com,General,3
3402861,Shivam Maithani,B.Com,General,3
3402862,Ansh Trivedi,B.Com,General,3
3402863,Payal Yadav,B.Com,General,3
3402864,Komal Bijalwan,B.Com,General,3
3402865,Mayank Nainwal,B.Com,General,3
3402866,Anmol Nagi,B.Com,General,3
3402867,Vidhi Dobhal,B.Com,General,3
3402868,Rajat Garg,B.Com,General,3
3402869,Ananya Parmar,B.Com,General,3
3402870,Gaurav Saxena,B.Com,General,3
3402871,Jaya Dangwal,B.Com,General,3
3402872,Mridul Maurya,B.Com,General,3
3402873,Vidhi Bajaj,B.Com,General,3
3402874,Chetan Chamoli,B.Com,General,3
3402875,Sanchi Rathi,B.Com,General,3
3402876,Madhav Thapliyal,B.Com,General,3
3402877,Neha Mittal,B.Com,General,3
3402878,Akanksha Pokhriyal,B.Com,General,3
3402879,Nitin Basu,B.Com,General,3
3402880,Saurabh Khanduri,B.Com,General,3
3402881,Khushi Yadav,B.Com,General,3
3402882,Dhruv Chopra,B.Com,General,3
3402883,Sakshi Soni,B.Com,General,3
3402884,Meera Dhiman,B.Com,General,3
3402885,Chaitanya Gupta,B.Com,General,3
3402886,Srishti Mehra,B.Com,General,3
3402887,Ramya Dubey,B.Com,General,3
3402888,Laksh Rautela,B.Com,General,3
3402889,Abhinav Mittal,B.Com,General,3
3402890,Nidhi Kumar,B.Com,General,3
3402891,Akshay Raturi,B.Com,General,3
3402892,Sarthak Dangwal,B.Com,General,3
3402893,Raj Badoni,B.Com,General,3
3402894,Harshita Sati,B.Com,General,3
3402895,Nitin Sethi,B.Com,General,3
3402896,Ankit Rana,B.Com,General,3
3402897,Ajay Chamoli,B.Com,General,3
3402898,Shivam Dimri,B.Com,General,3
3402899,Charvi Walia,B.Com,General,3
3402900,Arpit Thapliyal,B.Com,General,3
3402901,Vedant Kukreti,B.Com,General,3
3402902,Shagun Tripathi,B.Com,General,3
3402903,Jatin Kothari,B.Com,General,3
3402904,Priyanka Sharma,B.Com,General,3
3402905,Raj Pant,B.Com,General,3
3402906,Ajay Shukla,B.Com,General,3
3402907,Mahima Kumar,B.Com,General,3
3402908,Udit Nainwal,B.Com,General,3
3402909,Arjun Bhandula,B.Com,General,3
3402910,Saurabh Patel,B.Com,General,3
3402911,Shubham Uniyal,B.Com,General,3
3402913,Vikram Shukla,B.Com,General,3
3402914,Nidhi Shukla,B.Com,General,3
3402915,Mehak Arora,B.Com,General,3
3402916,Gunjan Oberoi,B.Com,General,3
3402917,Dhruv Saini,B.Com,General,3
3402918,Shalini Singh,B.Com,General,3
3402919,Vandana Aggarwal,B.Com,General,3
3402920,Sarthak Maithani,B.Com,General,3
3402921,Aman Juyal,B.Com,General,3
3402922,Udit Khanduri,B.Com,General,3
3402923,Udit Tandon,B.Com,General,3
3402924,Abhinav Bansal,B.Com,General,3
3402925,Sachin Gaur,B.Com,General,3
3402926,Raj Jain,B.Com,General,3
3402927,Himanshu Srivastava,B.Com,General,3
3402928,Kamal Singh,B.Com,General,2
3402929,Saurabh Thakur,B.Com,General,3
3402931,Pooja Tripathi,B.Com,General,3
3402932,Raj Saxena,B.Com,General,3
3402933,Karan Dhiman,B.Com,General,3
3402934,Rahul Mahajan,B.Com,General,3
3402935,Yashika Dangwal,B.Com,General,3
3402936,Vansh Badoni,B.Com,General,3
3402938,Sanket Kimothi,B.Com,General,3
3402940,Harshita Agarwal,B.Com,General,3
3402941,Sarthak Raturi,B.Com,General,3
3402942,Raj Yadav,B.Com,General,3
3402943,Vipul Rajput,B.Com,General,3
3402944,Ishita Kothari,B.Com,General,2
3402945,Yash Juyal,B.Com,General,3
3402946,Khushi Dabral,B.Com,General,3
3402947,Nikhil Semwal,B.Com,General,3
3402948,Tanishq Nainwal,B.Com,General,3
3402949,Vandana Bansal,B.Com,General,3
3402950,Shruti Raturi,B.Com,General,3
3402951,Shruti Parmar,B.Com,General,3
3402952,Nitin Bhandula,B.Com,General,3
3402953,Akanksha Kumar,B.Com,General,3
3402954,Naman Bajaj,B.Com,General,3
3402955,Manav Sinha,B.Com,General,3
3402956,Sandeep Trivedi,B.Com,General,3
3402957,Vaibhav Rana,B.Com,General,3
3402958,Gunjan Kukreti,B.Com,General,3
3402959,Sanya Thakur,B.Com,General,3
3402960,Saurabh Srivastava,B.Com,General,3
3402961,Jiya Verma,B.Com,General,3
3402962,Vishal Juyal,B.Com,General,2
3402963,Sara Verma,B.Com,General,3
3402964,Lavanya Nagi,B.Com,General,2
3402965,Palak Trivedi,B.Com,General,3
3402966,Rahul Thakur,B.Com,General,3
3402967,Sandeep Mehra,B.Com,General,3
3402968,Gunjan Sood,B.Com,General,3
3402969,Deepika Chaudhary,B.Com,General,3
3402970,Ashish Rastogi,B.Com,General,2
3402971,Chetan Nainwal,B.Com,General,3
3402972,Shreya Kothari,B.Com,General,3
3402973,Abhay Badoni,B.Com,General,3
3402974,Simran Nagi,B.Com,General,2
3402975,Preeti Saxena,B.Com,General,3
3402976,Mehak Saxena,B.Com,General,3
3402977,Himanshu Bahuguna,B.Com,General,3
3402978,Hemant Chaudhary,B.Com,General,3
3402979,Arpit Arora,B.Com,General,3
3402980,Shruti Dhiman,B.Com,General,3
3402981,Harsh Barthwal,B.Com,General,3
3402982,Sahil Srivastava,B.Com,General,3
3402983,Raghav Barthwal,B.Com,General,3
3402984,Tanishq Joshi,B.Com,General,3
3402985,Ayush Kapoor,B.Com,General,3
3402986,Gaurav Tripathi,B.Com,General,3
3402987,Dev Pant,B.Com,General,3
3402988,Sara Sati,B.Com,General,3
3402989,Gaurav Joshi,B.Com,General,3
3402991,Ishaan Bhandula,B.Com,General,3
3402992,Priya Gaur,B.Com,General,3
3402993,Khushi Bhandari,B.Com,General,3
3402994,Rishabh Dimri,B.Com,General,3
3402995,Nisha Uniyal,B.Com,General,3
3402996,Saloni Joshi,B.Com,General,3
3402997,Soumya Tandon,B.Com,General,3
3402998,Aryan Bhatt,B.Com,General,3
3402999,Suhani Pundir,B.Com,General,3
3403000,Aarav Garg,B.Com,General,3
3403001,Laksh Semwal,B.Com,General,3
3403002,Harsh Basu,B.Com,General,3
3403003,Sakshi Oberoi,B.Com,General,3
3403004,Lakshya Mahajan,B.Com,General,3
3403005,Kamal Badoni,B.Com,General,3
3403006,Sanjana Goel,B.Com,General,3
3403007,Manish Saini,B.Com,General,3
3403009,Ananya Sethi,B.Com,General,3
3403010,Laksh Rastogi,B.Com,General,3
3403011,Madhav Uniyal,B.Com,General,3
3403012,Siddharth Nagi,B.Com,General,3
3403013,Vikas Chamoli,B.Com,General,3
3403014,Bhumika Raturi,B.Com,General,3
3403015,Ajay Dimri,B.Com,General,3
3403016,Meera Semwal,B.Com,General,3
3403017,Tanvi Bhardwaj,B.Com,General,3
3403018,Jaya Panwar,B.Com,General,3
3403020,Simran Kukreti,B.Com,General,3
3403021,Rohan Tiwari,B.Com,General,3
3403022,Sachin Pathak,B.Com,General,3
3403023,Ruchi Maithani,B.Com,General,3
3403024,Kunal Khurana,B.Com,General,3
3403025,Meera Thakur,B.Com,General,3
3403026,Ankita Saxena,B.Com,General,3
3403027,Sanchi Pathak,B.Com,General,3
3403028,Raghav Thapliyal,B.Com,General,3
3403029,Shagun Rathi,B.Com,General,3
3403030,Tanvi Trivedi,B.Com,General,3
3403031,Kajal Nanda,B.Com,General,3
3403032,Deepak Mittal,B.Com,General,3
3403033,Garima Oberoi,B.Com,General,3
3403034,Keshav Pokhriyal,B.Com,General,3
3403035,Kriti Mittal,B.Com,General,3
3403036,Laksh Rawal,B.Com,General,3
3403037,Surbhi Nanda,B.Com,General,3
3403038,Tushar Goswami,B.Com,General,3
3403039,Anmol Sethi,B.Com,General,3
3403040,Samarth Tiwari,B.Com,General,3
3403041,Nisha Dobhal,B.Com,General,3
3403042,Rishabh Tripathi,B.Com,General,3
3403043,Alok Chauhan,B.Com,General,3
3403045,Divya Pandey,B.Com,General,2
3403046,Kabir Garg,B.Com,General,3
3403047,Rahul Nagi,B.Com,General,2
3403048,Suhani Pant,B.Com,General,3
3403049,Sagar Pundir,B.Com,General,3
3403050,Chetan Bhandula,B.Com,General,3
3403051,Mahima Dhiman,B.Com,General,3
3403052,Ankit Rathi,B.Com,General,3
3403053,Vandana Goel,B.Com,General,5
3403054,Navya Juyal,B.Com,General,3
3403055,Siddharth Nainwal,B.Com,General,3
3403056,Aditi Saxena,B.Com,General,3
3403057,Dev Shukla,B.Com,General,3
3403151,Kavya Barthwal,B.Com,General,1
3403152,Vandana Raturi,B.Com,General,1
3403153,Kriti Pant,B.Com,General,1
3403154,Meera Kandpal,B.Com,General,1
3403155,Sandeep Nautiyal,B.Com,General,1
3403156,Archit Badoni,B.Com,General,1
3403157,Abhinav Saini,B.Com,General,1
3403158,Aishwarya Arora,B.Com,General,1
3403159,Simran Dobhal,B.Com,General,1
3403160,Sumit Bajaj,B.Com,General,1
3403161,Nandini Tiwari,B.Com,General,1
3403162,Shivani Rajput,B.Com,General,1
3403163,Ramya Mehra,B.Com,General,1
3403164,Payal Maithani,B.Com,General,1
3403165,Yuvraj Dimri,B.Com,General,1
3403166,Udit Chaudhary,B.Com,General,1
3403167,Kartik Kimothi,B.Com,General,1
3403168,Keshav Pandey,B.Com,General,1
3403169,Ojas Rawat,B.Com,General,1
3403170,Arjun Mishra,B.Com,General,1
3403171,Ansh Pathak,B.Com,General,1
3403172,Prateek Parmar,B.Com,General,1
3403173,Ajay Sethi,B.Com,General,1
3403174,Apoorva Basu,B.Com,General,1
3403175,Sanket Chaudhary,B.Com,General,1
3403176,Mridul Malhotra,B.Com,General,1
3403177,Shivam Sethi,B.Com,General,1
3403178,Rahul Sood,B.Com,General,1
3403179,Laksh Gupta,B.Com,General,1
3403180,Tripti Khanduri,B.Com,General,1
3403181,Manish Pandey,B.Com,General,1
3403182,Deepika Anand,B.Com,General,1
3403184,Kabir Chamoli,B.Com,General,1
3403185,Sanjana Joshi,B.Com,General,1
3403186,Rahul Nainwal,B.Com,General,1
3403187,Vidhi Nainwal,B.Com,General,1
3403188,Bhumika Singh,B.Com,General,1
3403189,Ramya Bhardwaj,B.Com,General,1
3403190,Akshay Singh,B.Com,General,1
3403191,Aman Oberoi,B.Com,General,1
3403192,Parth Tripathi,B.Com,General,1
3403193,Karan Raturi,B.Com,General,1
3403194,Pulkit Pant,B.Com,General,1
3403195,Uday Panwar,B.Com,General,1
3403196,Ananya Rana,B.Com,General,1
3403197,Mansi Nagi,B.Com,General,1
3403198,Ishaan Rautela,B.Com,General,1
3403199,Nitin Jain,B.Com,General,1
3403200,Vikas Negi,B.Com,General,1
3403201,Pranav Kapoor,B.Com,General,1
3403202,Sumit Walia,B.Com,General,1
3403203,Tanmay Gaur,B.Com,General,1
3403204,Vedant Semwal,B.Com,General,1
3403205,Siddharth Trivedi,B.Com,General,1
3403206,Ishaan Tandon,B.Com,General,1
3403207,Vikram Aggarwal,B.Com,General,1
3403208,Ananya Thapliyal,B.Com,General,1
3403209,Saloni Bajaj,B.Com,General,1
3403210,Siddharth Juyal,B.Com,General,1
3403211,Mridul Pundir,B.Com,General,1
3403212,Ishaan Anand,B.Com,General,1
3403213,Ankit Pandey,B.Com,General,1
3403214,Harshita Gupta,B.Com,General,1
3403216,Himanshu Bansal,B.Com,General,1
3403217,Kunal Garg,B.Com,General,1
3403218,Gayatri Malhotra,B.Com,General,1
3403219,Apoorva Yadav,B.Com,General,1
3403220,Naman Pandey,B.Com,General,1
3403221,Shivani Panwar,B.Com,General,1
3403222,Alok Maurya,B.Com,General,1
3403223,Sanket Tripathi,B.Com,General,1
3403224,Vedant Barthwal,B.Com,General,1
3403225,Sagar Mehta,B.Com,General,1
3403226,Himanshu Singh,B.Com,General,1
3403227,Rohit Walia,B.Com,General,1
3403228,Saurabh Rana,B.Com,General,1
3403229,Riya Gupta,B.Com,General,1
3403230,Aman Vats,B.Com,General,1
3403231,Vivek Uniyal,B.Com,General,1
3403232,Arjun Chauhan,B.Com,General,1
3403233,Siddharth Bijalwan,B.Com,General,1
3403234,Ruchi Bansal,B.Com,General,1
3403235,Tanvi Sethi,B.Com,General,1
3403236,Priyanka Malhotra,B.Com,General,1
3403237,Hemant Badoni,B.Com,General,1
3403238,Suhani Walia,B.Com,General,1
3403239,Harshita Thapliyal,B.Com,General,1
3403240,Vinay Bhandari,B.Com,General,1
3403241,Akanksha Gaur,B.Com,General,1
3403242,Nisha Parmar,B.Com,General,1
3403243,Sanjana Bansal,B.Com,General,1
3403244,Vaibhav Sood,B.Com,General,1
3403245,Ankit Yadav,B.Com,General,1
3403246,Abhay Gusain,B.Com,General,1
3403247,Sanjana Mahajan,B.Com,General,1
3403248,Shruti Gusain,B.Com,General,1
3403250,Dhruv Bisht,B.Com,General,1
3403251,Himanshu Nagi,B.Com,General,1
3403252,Sanchi Yadav,B.Com,General,1
3403271,Aman Anand,B.Com,General,1
3403272,Pooja Rastogi,B.Com,General,1
3403273,Dhruv Kimothi,B.Com,General,1
3403274,Apoorva Nanda,B.Com,General,1
3403275,Akshay Dangwal,B.Com,General,1
3403276,Vedant Kapoor,B.Com,General,1
3403277,Radhika Chauhan,B.Com,General,1
3403278,Varun Kumar,B.Com,General,1
3403279,Akash Aggarwal,B.Com,General,1
3403280,Arnav Thakur,B.Com,General,1
3403281,Pulkit Sethi,B.Com,General,1
3403282,Raghav Negi,B.Com,General,1
3403283,Kunal Rathi,B.Com,General,1
3403284,Sanjana Dimri,B.Com,General,1
3403285,Ruchi Nautiyal,B.Com,General,1
3403286,Aryan Goel,B.Com,General,1
3403287,Ramya Bansal,B.Com,General,1
3403288,Sandeep Sood,B.Com,General,1
3403289,Jiya Khurana,B.Com,General,1
3403301,Gaurav Juyal,B.Com,General,1
3403302,Mayank Pokhriyal,B.Com,General,1
3403303,Siddharth Badoni,B.Com,General,1
3403304,Arnav Agarwal,B.Com,General,1
3403305,Gaurav Dabral,B.Com,General,1
3403306,Madhav Khurana,B.Com,General,1
3403307,Vivek Nautiyal,B.Com,General,1
3403308,Dhruv Badoni,B.Com,General,1
3403309,Rahul Mehta,B.Com,General,1
3403310,Divya Yadav,B.Com,General,1
3403311,Jatin Chamoli,B.Com,General,1
3403312,Raj Pathak,B.Com,General,1
3403313,Sachin Tomar,B.Com,General,1
3403314,Nikhil Pundir,B.Com,General,1
3403315,Ravi Vats,B.Com,General,1
3403316,Gautam Mittal,B.Com,General,1
3403317,Nisha Jain,B.Com,General,1
3403318,Sakshi Kandpal,B.Com,General,1
3403319,Shubham Rana,B.Com,General,1
3403320,Khushi Raturi,B.Com,General,1
3403321,Shubham Singh,B.Com,General,1
3403322,Amit Sati,B.Com,General,1
3403323,Mansi Pant,B.Com,General,1
3403324,Vandana Bhandari,B.Com,General,1
3403325,Saurabh Parmar,B.Com,General,1
3403326,Abhay Mittal,B.Com,General,1
3403327,Devansh Trivedi,B.Com,General,1
3403328,Aditi Basu,B.Com,General,1
3403329,Payal Verma,B.Com,General,1
3403330,Nikhil Gusain,B.Com,General,1
3403331,Dhruv Mishra,B.Com,General,1
3403332,Rakesh Bhardwaj,B.Com,General,1
3403333,Navya Jain,B.Com,General,1
3403334,Omkar Soni,B.Com,General,1
3403335,Harshita Rajput,B.Com,General,1
3403336,Yashika Goel,B.Com,General,1
3403337,Charvi Tripathi,B.Com,General,1
3403338,Mehak Chamoli,B.Com,General,1
3403339,Sara Vats,B.Com,General,1
3403340,Manav Verma,B.Com,General,1
3403341,Amisha Tandon,B.Com,General,1
3403342,Rohit Khanduri,B.Com,General,1
3403343,Vedant Anand,B.Com,General,1
3403344,Hardik Lal,B.Com,General,1
3403345,Akanksha Tripathi,B.Com,General,1
3403346,Rahul Kandpal,B.Com,General,1
3403347,Mahima Trivedi,B.Com,General,1
3403348,Shivani Raturi,B.Com,General,1
3403349,Mayank Nanda,B.Com,General,1
3403350,Saloni Kimothi,B.Com,General,1
3403351,Tanishq Vats,B.Com,General,1
3403352,Chaitanya Bajaj,B.Com,General,1
3403353,Vedant Bhatt,B.Com,General,1
3403354,Rishabh Rathi,B.Com,General,1
3403355,Vikram Srivastava,B.Com,General,1
3403356,Rakesh Mishra,B.Com,General,1
3403357,Tarun Chauhan,B.Com,General,1
3403358,Mayank Verma,B.Com,General,1
3403359,Kunal Chaudhary,B.Com,General,1
3403360,Kabir Yadav,B.Com,General,1
3403361,Mehak Chauhan,B.Com,General,1
3403362,Nitin Pokhriyal,B.Com,General,1
3403363,Pallavi Pokhriyal,B.Com,General,1
3403364,Ishita Pathak,B.Com,General,1
3403365,Alok Sethi,B.Com,General,1
3403366,Dev Gupta,B.Com,General,1
3403367,Meera Pokhriyal,B.Com,General,1
3403368,Zoya Tripathi,B.Com,General,1
3403369,Anshika Maithani,B.Com,General,1
3403370,Anmol Pundir,B.Com,General,1
3403371,Mahima Patel,B.Com,General,1
3403372,Muskan Lal,B.Com,General,1
3403373,Anjali Mittal,B.Com,General,1
3403374,Udit Dhiman,B.Com,General,1
3403375,Ashutosh Agarwal,B.Com,General,1
3403376,Pooja Kothari,B.Com,General,1
3403377,Abhinav Dobhal,B.Com,General,1
3403378,Shalini Pandey,B.Com,General,1
3403379,Vishal Tiwari,B.Com,General,1
3403380,Neha Soni,B.Com,General,1
3403381,Mehak Rawal,B.Com,General,1
3403382,Kavya Bijalwan,B.Com,General,1
3403383,Madhav Soni,B.Com,General,1
3403384,Amisha Rawat,B.Com,General,1
3403385,Hardik Khurana,B.Com,General,1
3403386,Himanshu Joshi,B.Com,General,1
3403387,Sara Badoni,B.Com,General,1
3403388,Yogesh Sati,B.Com,General,1
3403389,Saloni Soni,B.Com,General,1
3403390,Sarthak Singh,B.Com,General,1
3403391,Arpit Uniyal,B.Com,General,1
3403392,Keshav Bijalwan,B.Com,General,1
3403393,Amit Sharma,B.Com,General,1
3403394,Amit Tomar,B.Com,General,1
3403395,Shubham Pundir,B.Com,General,1
3403396,Shreya Dobhal,B.Com,General,1
3403397,Anushka Agarwal,B.Com,General,1
3403398,Ayush Mittal,B.Com,General,1
3403400,Tanvi Bhandula,B.Com,General,1
3403401,Gaurav Dimri,B.Com,General,1
3403402,Akash Kashyap,B.Com,General,1
3403403,Sumit Saini,B.Com,General,1
3403404,Naman Dangwal,B.Com,General,1
3403405,Mridul Dimri,B.Com,General,1
3403406,Kartik Goswami,B.Com,General,1
3403407,Tarun Khanduri,B.Com,General,1
3403408,Varun Patel,B.Com,General,1
3403409,Keshav Bhandari,B.Com,General,1
3403410,Samarth Mehta,B.Com,General,1
3403411,Jaya Tandon,B.Com,General,1
3403412,Kriti Sati,B.Com,General,1
3403413,Vidhi Mehra,B.Com,General,1
3403414,Chetan Gusain,B.Com,General,1
3403415,Ruchi Khanduri,B.Com,General,1
3403416,Jiya Bhatt,B.Com,General,1
3403417,Jatin Rawat,B.Com,General,1
3403418,Archit Tripathi,B.Com,General,1
3403420,Ojas Sood,B.Com,General,1
3403421,Vansh Dubey,B.Com,General,1
3403422,Jaya Chopra,B.Com,General,1
3403423,Eshaan Walia,B.Com,General,1
3403424,Sandeep Pathak,B.Com,General,1
3403425,Aditi Lal,B.Com,General,1
3403426,Khushi Kothari,B.Com,General,1
3403427,Simran Kumar,B.Com,General,1
3403428,Raj Raturi,B.Com,General,1
3403429,Anmol Sood,B.Com,General,1
3403430,Harshita Rawal,B.Com,General,1
3403431,Priya Bajaj,B.Com,General,1
3403432,Naman Tandon,B.Com,General,1
3403434,Chetan Singh,B.Com,General,1
3403435,Zoya Pandey,B.Com,General,1
3403436,Aarav Chauhan,B.Com,General,1
3403437,Devansh Soni,B.Com,General,1
3403438,Akash Chopra,B.Com,General,1
3403439,Yogesh Pathak,B.Com,General,1
3403440,Karan Rautela,B.Com,General,1
3403441,Varun Gaur,B.Com,General,1
3403442,Muskan Rana,B.Com,General,1
3403443,Dhruv Sati,B.Com,General,1
3403444,Srishti Soni,B.Com,General,1
3403445,Hardik Pundir,B.Com,General,1
3403446,Raj Kandpal,B.Com,General,1
3403447,Aryan Mehra,B.Com,General,1
3403448,Bhumika Aggarwal,B.Com,General,1
3403449,Vikram Kimothi,B.Com,General,1
3403450,Mansi Aggarwal,B.Com,General,1
3403451,Zoya Badoni,B.Com,General,1
3403452,Radhika Jain,B.Com,General,1
3403453,Laksh Tiwari,B.Com,General,1
3403454,Yamini Dimri,B.Com,General,1
3403455,Diksha Uniyal,B.Com,General,1
3403456,Abhinav Shukla,B.Com,General,1
3403457,Sanjana Thakur,B.Com,General,1
3403458,Ruchi Agarwal,B.Com,General,1
3403459,Anjali Dimri,B.Com,General,1
3403460,Vishal Nagi,B.Com,General,1
3403461,Hardik Tripathi,B.Com,General,1
3403462,Komal Kothari,B.Com,General,1
3403463,Amisha Semwal,B.Com,General,1
3403464,Dev Nagi,B.Com,General,1
3403465,Raghav Dabral,B.Com,General,1
3403466,Nandini Gupta,B.Com,General,1
3403467,Sneha Gaur,B.Com,General,1
3403468,Eshaan Bahuguna,B.Com,General,1
3403469,Navya Chauhan,B.Com,General,1
3403470,Abhinav Jain,B.Com,General,1
3403471,Kartik Anand,B.Com,General,1
3403472,Anchal Maithani,B.Com,General,1
3403473,Ajay Bisht,B.Com,General,1
3403474,Rajat Bhandari,B.Com,General,1
3403475,Sachin Rautela,B.Com,General,1
3403476,Naveen Bajaj,B.Com,General,1
3403491,Vishal Negi,B.Com,General,1
3403492,Vaibhav Bhandari,B.Com,General,1
3403493,Bhumika Soni,B.Com,General,1
3403494,Ira Dimri,B.Com,General,1
3403495,Samarth Trivedi,B.Com,General,1
3403496,Vaibhav Chaudhary,B.Com,General,1
3403497,Priyanka Chauhan,B.Com,General,1
3403498,Vansh Anand,B.Com,General,1
3403499,Ansh Parmar,B.Com,General,1
3403500,Abhinav Kandpal,B.Com,General,1
3403501,Himanshu Pant,B.Com,General,1
3403502,Parth Sethi,B.Com,General,1
3403503,Charvi Verma,B.Com,General,1
3403504,Kamal Gaur,B.Com,General,1
3403505,Ansh Yadav,B.Com,General,1
3403506,Vipul Dimri,B.Com,General,1
3403507,Divya Maithani,B.Com,General,1
3403508,Navya Joshi,B.Com,General,1
3403509,Anuj Joshi,B.Com,General,1
3403521,Ishita Lal,B.Com,General,1
3403522,Palak Nainwal,B.Com,General,1
3403523,Amit Pokhriyal,B.Com,General,1
3403524,Mehak Saini,B.Com,General,1
3403525,Komal Sood,B.Com,General,1
3403526,Bhumika Bansal,B.Com,General,1
3403527,Vikas Agarwal,B.Com,General,1
3403528,Radhika Bansal,B.Com,General,1
3403529,Navya Dubey,B.Com,General,1
3403530,Uday Sood,B.Com,General,1
3403531,Eshaan Thapliyal,B.Com,General,1
3403532,Jiya Anand,B.Com,General,1
3403533,Vikram Thakur,B.Com,General,1
3403534,Harsh Tomar,B.Com,General,1
3403535,Hardik Rawal,B.Com,General,1
3403536,Uday Sati,B.Com,General,1
3403537,Devansh Arora,B.Com,General,1
3403538,Vikas Rajput,B.Com,General,1
3403539,Aishwarya Bansal,B.Com,General,1
3403540,Sonal Nautiyal,B.Com,General,1
3403541,Srishti Chaudhary,B.Com,General,1
3403542,Amit Juyal,B.Com,General,1
3403543,Sanchi Mehra,B.Com,General,1
3403544,Kajal Bhardwaj,B.Com,General,1
3403545,Abhinav Rana,B.Com,General,1
3403546,Rohit Kandpal,B.Com,General,1
3403547,Ruchi Khurana,B.Com,General,1
3403548,Sakshi Dabral,B.Com,General,1
3403549,Deepika Kashyap,B.Com,General,1
3403550,Shivam Jain,B.Com,General,1
3403551,Bhavya Mahajan,B.Com,General,1
3403552,Komal Sati,B.Com,General,1
3403571,Sumit Verma,B.Com,General,1
3403572,Simran Bhandari,B.Com,General,1
3403573,Shruti Chauhan,B.Com,General,1
3403574,Priyanka Kumar,B.Com,General,1
3403575,Uday Shukla,B.Com,General,1
3403576,Nidhi Yadav,B.Com,General,1
3403577,Sanjana Agarwal,B.Com,General,1
3403578,Eshaan Mehra,B.Com,General,1
3403579,Ajay Tandon,B.Com,General,1
3403580,Yogesh Vats,B.Com,General,1
3403581,Diksha Saini,B.Com,General,1
3403582,Rohit Chauhan,B.Com,General,1
3403583,Gautam Dubey,B.Com,General,1
3403584,Chaitanya Nagi,B.Com,General,1
3403585,Aarav Walia,B.Com,General,1
3403586,Pranav Rathi,B.Com,General,1
3403587,Yamini Sati,B.Com,General,1
3403588,Eshaan Shukla,B.Com,General,1
3403589,Yuvraj Nainwal,B.Com,General,1
3403590,Vikas Khanduri,B.Com,General,1
3403591,Ojas Barthwal,B.Com,General,1
3403592,Divya Pundir,B.Com,General,1
3403593,Komal Rana,B.Com,General,1
3403594,Ira Nautiyal,B.Com,General,1
3403611,Sanket Pathak,B.Com,General,1
3403612,Harshita Rawat,B.Com,General,1
3403613,Disha A. Kapoor,B.Com,General,1
3403614,Ramya D. Srivastava,B.Com,General,1
3403615,Chaitanya K. Chopra,B.Com,General,1
3403616,Sakshi M. Rautela,B.Com,General,1
3403617,Manish P. Pundir,B.Com,General,1
3403618,Naman R. Mittal,B.Com,General,1
3403619,Arpit S. Shukla,B.Com,General,1
3403620,Riya V. Uniyal,B.Com,General,1
3500365,Surbhi A. Mahajan,BA,Economics,8
3500371,Prachi D. Kothari,BA,Economics,8
3500377,Yogesh K. Mehta,BA,Economics,8
3500381,Siddharth M. Parmar,BA,Economics,8
3500388,Riya P. Agarwal,BA,Economics,8
3500393,Varun R. Kashyap,BA,Economics,8
3500394,Abhay S. Nagi,BA,Economics,8
3500421,Sonal V. Dobhal,BA,Economics,6
3500422,Pallavi A. Pundir,BA,Economics,6
3500423,Vandana D. Thakur,BA,Economics,6
3500424,Aditya K. Mehta,BA,Economics,6
3500425,Naveen M. Kashyap,BA,Economics,6
3500427,Gayatri P. Aggarwal,BA,Economics,7
3500428,Uday R. Bhandula,BA,Economics,6
3500429,Aman S. Singh,BA,Economics,6
3500431,Mehak V. Rastogi,BA,Economics,6
3500432,Aishwarya A. Dangwal,BA,Economics,6
3500434,Nandini D. Nanda,BA,Economics,6
3500435,Hemant K. Jain,BA,Economics,6
3500436,Chaitanya M. Saxena,BA,Economics,6
3500437,Abhay P. Dhiman,BA,Economics,6
3500438,Tanvi R. Basu,BA,Economics,6
3500439,Amit S. Chaudhary,BA,Economics,6
3500440,Nidhi V. Goswami,BA,Economics,6
3500441,Ananya A. Gupta,BA,Economics,6
3500442,Simran D. Bhatt,BA,Economics,6
3500443,Aditya K. Trivedi,BA,Economics,7
3500444,Arjun M. Bansal,BA,Economics,6
3500445,Nidhi P. Walia,BA,Economics,6
3500446,Aryan R. Chaudhary,BA,Economics,6
3500447,Harsh S. Bisht,BA,Economics,6
3500448,Sneha V. Nagi,BA,Economics,6
3500450,Sanchi A. Kothari,BA,Economics,6
3500451,Manav D. Patel,BA,Economics,6
3500452,Ashutosh K. Khanduri,BA,Economics,6
3500453,Ishaan M. Uniyal,BA,Economics,6
3500454,Radhika P. Dubey,BA,Economics,6
3500455,Harsh R. Tripathi,BA,Economics,6
3500456,Kartik S. Thakur,BA,Economics,6
3500501,Naveen V. Sati,BA,Economics,5
3500502,Rahul A. Mishra,BA,Economics,5
3500503,Yamini D. Tomar,BA,Economics,5
3500504,Tarun K. Pokhriyal,BA,Economics,5
3500505,Payal M. Pokhriyal,BA,Economics,5
3500506,Nisha P. Patel,BA,Economics,5
3500507,Shalini R. Bajaj,BA,Economics,5
3500508,Uday S. Pant,BA,Economics,5
3500509,Akash V. Semwal,BA,Economics,5
3500510,Rudra A. Nagi,BA,Economics,5
3500511,Yash D. Goswami,BA,Economics,5
3500512,Sneha K. Aggarwal,BA,Economics,5
3500513,Parth M. Pandey,BA,Economics,5
3500514,Ashutosh P. Nautiyal,BA,Economics,5
3500515,Arnav R. Vats,BA,Economics,5
3500516,Divya S. Srivastava,BA,Economics,5
3500517,Omkar V. Kapoor,BA,Economics,5
3500518,Sanjana A. Aggarwal,BA,Economics,5
3500519,Deepak D. Sood,BA,Economics,5
3500520,Shreya K. Bansal,BA,Economics,5
3500521,Pooja M. Nainwal,BA,Economics,5
3500522,Tripti P. Saxena,BA,Economics,5
3500523,Yash R. Chamoli,BA,Economics,5
3500524,Sahil S. Agarwal,BA,Economics,5
3500526,Archit V. Rastogi,BA,Economics,5
3500527,Deepika A. Agarwal,BA,Economics,5
3500528,Harshita D. Saxena,BA,Economics,5
3500529,Sahil K. Nagi,BA,Economics,5
3500530,Kajal M. Rastogi,BA,Economics,5
3500531,Aarav P. Khanduri,BA,Economics,5
3500532,Archit R. Trivedi,BA,Economics,5
3500533,Arjun S. Pant,BA,Economics,5
3500534,Kamal V. Nautiyal,BA,Economics,5
3500535,Ruchi A. Gaur,BA,Economics,5
3500536,Bhavya D. Tomar,BA,Economics,5
3500537,Aishwarya K. Soni,BA,Economics,5
3500551,Vaishnavi M. Khurana,BA,Economics,3
3500552,Chetan P. Rajput,BA,Economics,3
3500553,Arjun R. Soni,BA,Economics,3
3500554,Garima S. Goswami,BA,Economics,3
3500555,Pulkit V. Yadav,BA,Economics,3
3500556,Palak A. Maithani,BA,Economics,3
3500557,Ishita D. Kukreti,BA,Economics,3
3500558,Sarthak K. Lal,BA,Economics,3
3500559,Sanchi M. Mehta,BA,Economics,3
3500560,Sneha P. Mahajan,BA,Economics,3
3500561,Yashika R. Soni,BA,Economics,3
3500562,Aditi S. Trivedi,BA,Economics,3
3500563,Sanket V. Vats,BA,Economics,3
3500564,Sneha A. Semwal,BA,Economics,3
3500565,Priyanka D. Pant,BA,Economics,3
3500566,Apoorva K. Khurana,BA,Economics,3
3500568,Vipul M. Chauhan,BA,Economics,3
3500569,Rahul P. Bijalwan,BA,Economics,3
3500570,Prateek R. Basu,BA,Economics,3
3500571,Chaitanya S. Aggarwal,BA,Economics,3
3500572,Aishwarya V. Rawal,BA,Economics,3
3500573,Suhani A. Gupta,BA,Economics,2
3500574,Karan D. Parmar,BA,Economics,3
3500575,Prachi K. Bhardwaj,BA,Economics,3
3500576,Nisha M. Rathi,BA,Economics,3
3500577,Sanchi P. Maurya,BA,Economics,3
3500578,Shagun R. Soni,BA,Economics,3
3500579,Deepika S. Rawat,BA,Economics,3
3500580,Madhav V. Shukla,BA,Economics,3
3500582,Disha A. Kandpal,BA,Economics,3
3500583,Madhav D. Rastogi,BA,Economics,3
3500584,Vedant K. Juyal,BA,Economics,3
3500585,Rakesh M. Semwal,BA,Economics,3
3500601,Shivam P. Garg,BA,Economics,1
3500602,Amisha R. Tomar,BA,Economics,1
3500603,Arnav S. Bhandula,BA,Economics,1
3500604,Laksh V. Barthwal,BA,Economics,1
3500605,Vishal A. Yadav,BA,Economics,1
3500606,Jatin D. Trivedi,BA,Economics,1
3500607,Pranav K. Dimri,BA,Economics,1
3500608,Laksh M. Singh,BA,Economics,1
3500609,Harsh P. Chopra,BA,Economics,1
3500610,Preeti R. Rajput,BA,Economics,1
3500611,Ansh S. Rawat,BA,Economics,1
3500612,Vikram V. Nanda,BA,Economics,1
3500613,Bhumika A. Mahajan,BA,Economics,1
3500614,Amit D. Mehra,BA,Economics,1
3500615,Sahil K. Bajaj,BA,Economics,1
3500616,Pranav M. Barthwal,BA,Economics,1
3500617,Sakshi P. Agarwal,BA,Economics,1
3500618,Kunal R. Nanda,BA,Economics,1
3500619,Tanishq S. Aggarwal,BA,Economics,1
3500620,Naman V. Bahuguna,BA,Economics,1
3500621,Navya A. Nautiyal,BA,Economics,1
3500622,Siddharth D. Chauhan,BA,Economics,1
3500623,Arjun K. Dimri,BA,Economics,1
3500624,Ojas M. Nautiyal,BA,Economics,1
3500625,Sanket P. Nagi,BA,Economics,1
3500626,Radhika R. Bajaj,BA,Economics,1
3500627,Devansh S. Tiwari,BA,Economics,1
3500628,Charvi V. Khurana,BA,Economics,1
3500629,Tarun A. Chopra,BA,Economics,1
3500630,Naman D. Goswami,BA,Economics,1
3500631,Vansh K. Chamoli,BA,Economics,1
3500633,Khushi M. Gusain,BA,Economics,1
3500635,Raj P. Chaudhary,BA,Economics,1
3500636,Ansh R. Sharma,BA,Economics,1
3500637,Charvi S. Dimri,BA,Economics,1
3600406,Hemant V. Sati,BA,Psychology,8
3600410,Gunjan A. Bijalwan,BA,Psychology,8
3600421,Priyanka D. Gupta,BA,Psychology,8
3600423,Kamal K. Negi,BA,Psychology,8
3600434,Srishti M. Bijalwan,BA,Psychology,8
3600436,Sachin P. Anand,BA,Psychology,8
3600452,Yogesh R. Bisht,BA,Psychology,8
3600464,Rishabh S. Uniyal,BA,Psychology,8
3600467,Rakesh V. Negi,BA,Psychology,8
3600468,Garima A. Lal,BA,Psychology,8
3600469,Jaya D. Kapoor,BA,Psychology,8
3600472,Pulkit K. Nagi,BA,Psychology,8
3600475,Gunjan M. Tripathi,BA,Psychology,8
3600478,Tripti P. Dubey,BA,Psychology,8
3600501,Anmol R. Pandey,BA,Psychology,7
3600502,Komal S. Nanda,BA,Psychology,6
3600503,Samarth V. Walia,BA,Psychology,7
3600504,Sagar A. Lal,BA,Psychology,7
3600505,Abhinav D. Vats,BA,Psychology,6
3600506,Amit K. Bajaj,BA,Psychology,6
3600507,Ravi M. Walia,BA,Psychology,7
3600508,Ajay P. Mehra,BA,Psychology,7
3600510,Harshita R. Rautela,BA,Psychology,7
3600511,Sumit S. Bhandula,BA,Psychology,6
3600512,Vinay V. Oberoi,BA,Psychology,6
3600513,Hardik A. Semwal,BA,Psychology,6
3600514,Anushka D. Trivedi,BA,Psychology,6
3600515,Ravi K. Maithani,BA,Psychology,6
3600516,Varun M. Maithani,BA,Psychology,7
3600517,Rohit P. Mittal,BA,Psychology,6
3600518,Mehak R. Garg,BA,Psychology,7
3600519,Raj S. Barthwal,BA,Psychology,7
3600520,Aarav V. Srivastava,BA,Psychology,6
3600521,Mehak A. Bhatt,BA,Psychology,6
3600522,Yamini D. Sinha,BA,Psychology,6
3600523,Ira K. Mehta,BA,Psychology,6
3600524,Neha M. Kashyap,BA,Psychology,6
3600525,Ruchi P. Kumar,BA,Psychology,7
3600526,Vidhi R. Kashyap,BA,Psychology,7
3600527,Lavanya S. Singh,BA,Psychology,6
3600528,Nandini V. Kukreti,BA,Psychology,7
3600529,Aryan A. Uniyal,BA,Psychology,7
3600530,Mahima D. Thakur,BA,Psychology,7
3600531,Aditya K. Arora,BA,Psychology,7
3600533,Nidhi M. Parmar,BA,Psychology,6
3600534,Dev P. Nanda,BA,Psychology,7
3600535,Parth R. Pant,BA,Psychology,7
3600536,Aryan S. Kumar,BA,Psychology,6
3600537,Tanishq V. Rajput,BA,Psychology,7
3600538,Ishaan A. Rajput,BA,Psychology,7
3600539,Vinay D. Walia,BA,Psychology,6
3600540,Apoorva K. Joshi,BA,Psychology,7
3600541,Aman M. Agarwal,BA,Psychology,6
3600542,Ansh P. Mehta,BA,Psychology,7
3600543,Ojas R. Patel,BA,Psychology,7
3600544,Saloni S. Verma,BA,Psychology,6
3600545,Tanishq V. Kumar,BA,Psychology,7
3600546,Preeti A. Verma,BA,Psychology,7
3600547,Kabir D. Dabral,BA,Psychology,7
3600548,Naman K. Singh,BA,Psychology,7
3600549,Rajat M. Oberoi,BA,Psychology,7
3600550,Rahul P. Kukreti,BA,Psychology,7
3600551,Sanchi R. Bhandula,BA,Psychology,7
3600552,Amit S. Srivastava,BA,Psychology,6
3600553,Keshav V. Shukla,BA,Psychology,7
3600555,Ruchi A. Rawal,BA,Psychology,7
3600556,Vansh D. Dimri,BA,Psychology,6
3600557,Meera K. Saini,BA,Psychology,7
3600558,Mridul M. Mittal,BA,Psychology,6
3600559,Akshay P. Maithani,BA,Psychology,6
3600560,Naveen R. Garg,BA,Psychology,6
3600562,Keshav S. Dabral,BA,Psychology,7
3600563,Divya V. Negi,BA,Psychology,6
3600564,Simran A. Chopra,BA,Psychology,7
3600565,Ankita D. Lal,BA,Psychology,6
3600566,Anushka K. Dabral,BA,Psychology,6
3600567,Prateek M. Chaudhary,BA,Psychology,7
3600569,Shivani P. Gupta,BA,Psychology,7
3600570,Suhani R. Tripathi,BA,Psychology,6
3600571,Raj S. Sharma,BA,Psychology,7
3600572,Lavanya V. Thakur,BA,Psychology,6
3600573,Disha A. Srivastava,BA,Psychology,6
3600574,Ravi D. Mehta,BA,Psychology,7
3600575,Simran K. Dimri,BA,Psychology,6
3600576,Sarthak M. Shukla,BA,Psychology,6
3600577,Madhav P. Juyal,BA,Psychology,7
3600579,Kunal R. Saini,BA,Psychology,6
3600580,Ishita S. Kimothi,BA,Psychology,6
3600581,Ankit V. Rajput,BA,Psychology,6
3600582,Ayush A. Sinha,BA,Psychology,6
3600583,Sandeep D. Raturi,BA,Psychology,6
3600584,Varun K. Joshi,BA,Psychology,7
3600585,Ruchi M. Rawat,BA,Psychology,6
3600586,Shalini P. Khanduri,BA,Psychology,7
3600587,Rajat R. Barthwal,BA,Psychology,7
3600588,Shalini S. Nautiyal,BA,Psychology,7
3600589,Amit V. Rana,BA,Psychology,7
3600590,Hardik A. Bhardwaj,BA,Psychology,7
3600591,Sumit D. Semwal,BA,Psychology,7
3600593,Archit K. Basu,BA,Psychology,7
3600594,Sarthak M. Thakur,BA,Psychology,7
3600595,Nikhil P. Bijalwan,BA,Psychology,6
3600611,Sachin R. Kukreti,BA,Psychology,5
3600612,Amisha S. Chaudhary,BA,Psychology,5
3600613,Suhani V. Bhardwaj,BA,Psychology,5
3600614,Archit A. Kapoor,BA,Psychology,5
3600615,Shivam D. Semwal,BA,Psychology,5
3600616,Madhav K. Mittal,BA,Psychology,5
3600617,Shubham M. Sinha,BA,Psychology,5
3600618,Mansi P. Tandon,BA,Psychology,5
3600619,Tanvi R. Nagi,BA,Psychology,4
3600620,Parth S. Sharma,BA,Psychology,5
3600621,Hemant V. Kothari,BA,Psychology,5
3600623,Hardik A. Sinha,BA,Psychology,5
3600625,Diksha D. Nanda,BA,Psychology,5
3600626,Harshita K. Sinha,BA,Psychology,5
3600627,Vikas M. Dangwal,BA,Psychology,5
3600628,Kajal P. Kashyap,BA,Psychology,5
3600629,Ankit R. Trivedi,BA,Psychology,5
3600630,Rohit S. Rastogi,BA,Psychology,5
3600631,Ravi V. Mahajan,BA,Psychology,5
3600632,Hardik A. Thapliyal,BA,Psychology,5
3600633,Nandini D. Aggarwal,BA,Psychology,4
3600634,Ayush K. Singh,B.Sc,Psychology,5
3600635,Pranav M. Soni,B.Sc,Psychology,5
3600636,Lakshya P. Kashyap,BA,Psychology,5
3600637,Naveen R. Kandpal,BA,Psychology,5
3600638,Mansi S. Goel,BA,Psychology,5
3600639,Rishabh V. Juyal,BA,Psychology,5
3600640,Yogesh A. Nautiyal,BA,Psychology,5
3600641,Vidhi D. Tomar,BA,Psychology,5
3600642,Aditya K. Sethi,BA,Psychology,5
3600643,Palak M. Maurya,BA,Psychology,5
3600644,Chaitanya P. Rautela,BA,Psychology,5
3600645,Omkar R. Joshi,BA,Psychology,5
3600646,Kunal S. Bansal,BA,Psychology,5
3600647,Disha V. Sinha,BA,Psychology,5
3600648,Sneha A. Trivedi,BA,Psychology,5
3600649,Shruti D. Shukla,BA,Psychology,5
3600651,Manav K. Rathi,BA,Psychology,5
3600652,Pooja M. Gaur,BA,Psychology,5
3600653,Anshika P. Tandon,BA,Psychology,5
3600654,Arjun R. Kapoor,BA,Psychology,5
3600655,Saurabh S. Nanda,BA,Psychology,5
3600656,Rajat V. Dimri,BA,Psychology,5
3600657,Rahul A. Rautela,BA,Psychology,5
3600658,Ruchi D. Srivastava,BA,Psychology,5
3600659,Preeti K. Rathi,BA,Psychology,4
3600660,Udit M. Tripathi,BA,Psychology,5
3600661,Tanvi P. Dabral,BA,Psychology,5
3600662,Himanshu R. Lal,BA,Psychology,5
3600663,Shreya S. Oberoi,BA,Psychology,5
3600664,Ashutosh V. Mishra,BA,Psychology,5
3600665,Amit A. Kapoor,BA,Psychology,5
3600666,Tarun D. Arora,BA,Psychology,5
3600667,Pallavi K. Tripathi,BA,Psychology,5
3600668,Vaishnavi M. Tripathi,BA,Psychology,5
3600669,Akshay P. Tripathi,BA,Psychology,5
3600670,Tarun R. Verma,BA,Psychology,5
3600671,Jaya S. Yadav,BA,Psychology,5
3600672,Anuj V. Nagi,BA,Psychology,5
3600673,Aditi A. Aggarwal,BA,Psychology,5
3600674,Shivani D. Jain,BA,Psychology,5
3600675,Devansh K. Sethi,BA,Psychology,5
3600676,Uday M. Nainwal,BA,Psychology,5
3600677,Alok P. Mehta,BA,Psychology,5
3600678,Sanchi R. Negi,BA,Psychology,5
3600679,Sagar S. Bisht,BA,Psychology,5
3600680,Mayank V. Rawat,BA,Psychology,5
3600682,Saurabh A. Walia,BA,Psychology,5
3600683,Lakshya D. Malhotra,BA,Psychology,5
3600685,Chetan K. Pathak,BA,Psychology,5
3600686,Arnav M. Bijalwan,BA,Psychology,5
3600687,Ananya P. Bahuguna,BA,Psychology,5
3600688,Manav R. Uniyal,BA,Psychology,5
3600689,Tripti S. Kukreti,BA,Psychology,5
3600690,Amisha V. Bajaj,BA,Psychology,5
3600691,Ankit A. Pathak,BA,Psychology,5
3600692,Muskan D. Agarwal,BA,Psychology,5
3600693,Nikhil K. Goswami,BA,Psychology,5
3600694,Dhruv M. Bhardwaj,BA,Psychology,5
3600695,Komal P. Tandon,BA,Psychology,5
3600696,Ankita R. Juyal,BA,Psychology,5
3600697,Suhani S. Chaudhary,BA,Psychology,5
3600698,Yuvraj V. Dhiman,BA,Psychology,5
3600699,Gaurav A. Tandon,BA,Psychology,5
3600700,Anchal D. Vats,B.Sc,Psychology,5
3600701,Aditi K. Dabral,B.Sc,Psychology,5
3600702,Kunal M. Bajaj,B.Sc,Psychology,5
3600703,Mahima P. Malhotra,B.Sc,Psychology,5
3600704,Gautam R. Sati,B.Sc,Psychology,5
3600705,Rudra S. Bhandula,BA,Psychology,5
3600751,Pallavi V. Garg,BA,Psychology,3
3600752,Udit A. Panwar,BA,Psychology,3
3600753,Aditya D. Yadav,BA,Psychology,3
3600754,Simran K. Tiwari,BA,Psychology,3
3600755,Charvi M. Arora,BA,Psychology,3
3600756,Neha P. Sinha,BA,Psychology,3
3600757,Radhika R. Kumar,BA,Psychology,3
3600758,Ojas S. Chaudhary,BA,Psychology,3
3600759,Nandini V. Kapoor,BA,Psychology,3
3600760,Yamini A. Pokhriyal,BA,Psychology,3
3600761,Tanishq D. Kandpal,BA,Psychology,3
3600762,Aditi K. Semwal,BA,Psychology,3
3600763,Jaya M. Shukla,BA,Psychology,3
3600764,Mridul P. Basu,BA,Psychology,3
3600765,Ishita R. Bahuguna,BA,Psychology,3
3600766,Diksha S. Dabral,BA,Psychology,3
3600767,Ashutosh V. Dimri,BA,Psychology,3
3600768,Tanmay A. Yadav,BA,Psychology,3
3600769,Ishaan D. Saxena,BA,Psychology,3
3600770,Sanket K. Bhandari,BA,Psychology,3
3600771,Sahil M. Verma,BA,Psychology,3
3600772,Uday P. Nagi,BA,Psychology,3
3600773,Anchal R. Rawat,BA,Psychology,3
3600774,Rohan S. Pant,BA,Psychology,3
3600775,Amisha V. Patel,BA,Psychology,3
3600776,Sagar A. Bhatt,BA,Psychology,3
3600777,Riya D. Dabral,BA,Psychology,3
3600778,Naveen K. Nainwal,BA,Psychology,3
3600779,Hemant M. Rawal,BA,Psychology,3
3600780,Devansh P. Kimothi,BA,Psychology,3
3600781,Muskan R. Bijalwan,BA,Psychology,3
3600782,Nikhil S. Bajaj,BA,Psychology,3
3600783,Pooja V. Bhandari,BA,Psychology,3
3600784,Mridul A. Yadav,BA,Psychology,3
3600785,Gunjan D. Bhatt,BA,Psychology,3
3600786,Anmol K. Gusain,BA,Psychology,3
3600788,Varun M. Tomar,BA,Psychology,3
3600789,Harshita P. Negi,BA,Psychology,3
3600790,Amisha R. Rautela,BA,Psychology,3
3600791,Tripti S. Lal,BA,Psychology,3
3600792,Chetan V. Sood,BA,Psychology,3
3600793,Kavya A. Mehra,BA,Psychology,3
3600794,Priya D. Parmar,BA,Psychology,3
3600795,Naveen K. Bhandula,BA,Psychology,3
3600796,Chaitanya M. Anand,BA,Psychology,3
3600798,Vaibhav P. Kothari,BA,Psychology,3
3600799,Hemant R. Bisht,BA,Psychology,3
3600800,Jaya S. Barthwal,BA,Psychology,3
3600801,Saurabh V. Nautiyal,BA,Psychology,3
3600802,Soumya A. Uniyal,BA,Psychology,3
3600803,Zoya D. Rawal,BA,Psychology,3
3600804,Aishwarya K. Srivastava,BA,Psychology,3
3600805,Anjali M. Kimothi,BA,Psychology,3
3600806,Rajat P. Kimothi,BA,Psychology,3
3600807,Sneha R. Jain,BA,Psychology,3
3600808,Saurabh S. Barthwal,BA,Psychology,3
3600809,Sachin V. Bhandula,BA,Psychology,3
3600810,Diksha A. Chamoli,BA,Psychology,3
3600811,Chetan D. Dimri,BA,Psychology,3
3600812,Himanshu K. Basu,BA,Psychology,3
3600813,Rohit M. Sharma,BA,Psychology,3
3600814,Aishwarya P. Nautiyal,BA,Psychology,3
3600815,Mayank R. Chauhan,BA,Psychology,3
3600816,Priyanka S. Khurana,BA,Psychology,3
3600817,Saloni V. Saini,BA,Psychology,3
3600818,Sarthak A. Rawal,BA,Psychology,3
3600820,Mayank D. Bansal,BA,Psychology,3
3600821,Sakshi K. Bansal,BA,Psychology,3
3600822,Vivek M. Agarwal,BA,Psychology,3
3600823,Deepika P. Maurya,BA,Psychology,3
3600824,Ramya R. Vats,BA,Psychology,3
3600825,Tripti S. Chamoli,BA,Psychology,3
3600826,Arnav V. Parmar,BA,Psychology,3
3600827,Rishabh A. Pundir,BA,Psychology,3
3600828,Devansh D. Dubey,BA,Psychology,3
3600829,Sakshi K. Rawat,BA,Psychology,3
3600830,Nisha M. Bahuguna,BA,Psychology,3
3600831,Harshita P. Bijalwan,BA,Psychology,3
3600832,Vedant R. Kashyap,BA,Psychology,3
3600833,Vikram S. Basu,BA,Psychology,3
3600834,Saloni V. Bahuguna,BA,Psychology,3
3600835,Rajat A. Goswami,BA,Psychology,3
3600836,Ishita D. Anand,BA,Psychology,3
3600837,Zoya K. Chauhan,BA,Psychology,3
3600838,Ankita M. Khurana,BA,Psychology,3
3600839,Tripti P. Saini,BA,Psychology,3
3600840,Ira R. Chopra,BA,Psychology,3
3600841,Priyanka S. Sood,BA,Psychology,3
3600842,Aryan V. Chauhan,BA,Psychology,3
3600843,Akshay A. Mehra,BA,Psychology,2
3600844,Arpit D. Gaur,BA,Psychology,3
3600845,Garima K. Aggarwal,BA,Psychology,3
3600846,Palak M. Thapliyal,BA,Psychology,3
3600847,Vidhi P. Srivastava,BA,Psychology,3
3600848,Disha R. Pandey,BA,Psychology,3
3600849,Ajay S. Chaudhary,BA,Psychology,2
3600850,Lakshya V. Dhiman,BA,Psychology,3
3600851,Muskan A. Gupta,BA,Psychology,3
3600852,Ravi D. Gusain,BA,Psychology,3
3600853,Radhika K. Nautiyal,BA,Psychology,3
3600854,Ira M. Kimothi,BA,Psychology,3
3600855,Shreya P. Maithani,BA,Psychology,3
3600856,Vikas R. Badoni,BA,Psychology,3
3600859,Tarun S. Bhardwaj,BA,Psychology,3
3600901,Sagar V. Sood,BA,Psychology,1
3600902,Keshav A. Kimothi,BA,Psychology,1
3600903,Sagar D. Jain,BA,Psychology,1
3600904,Rakesh K. Shukla,BA,Psychology,1
3600905,Priyanka M. Kandpal,BA,Psychology,1
3600906,Deepak P. Juyal,BA,Psychology,1
3600907,Anshika R. Chamoli,BA,Psychology,1
3600908,Dev S. Yadav,BA,Psychology,1
3600909,Chaitanya V. Bijalwan,BA,Psychology,1
3600910,Rohit A. Nagi,BA,Psychology,1
3600911,Vikas D. Rawal,BA,Psychology,1
3600912,Hardik K. Kandpal,BA,Psychology,1
3600913,Ajay M. Yadav,BA,Psychology,1
3600914,Ramya P. Sati,BA,Psychology,1
3600915,Aman R. Tiwari,BA,Psychology,1
3600916,Naman S. Verma,BA,Psychology,1
3600917,Dhruv V. Raturi,BA,Psychology,1
3600918,Shubham A. Kumar,BA,Psychology,1
3600919,Pulkit D. Oberoi,BA,Psychology,1
3600920,Sandeep K. Vats,BA,Psychology,1
3600921,Naveen M. Arora,BA,Psychology,1
3600922,Ashutosh P. Sinha,BA,Psychology,1
3600923,Jaya R. Chaudhary,BA,Psychology,1
3600924,Abhinav S. Anand,BA,Psychology,1
3600925,Sara V. Goswami,BA,Psychology,1
3600926,Laksh A. Maurya,BA,Psychology,1
3600927,Prachi D. Garg,BA,Psychology,1
3600928,Mohit K. Bhandari,BA,Psychology,1
3600929,Deepika M. Semwal,BA,Psychology,1
3600930,Ojas P. Rawal,BA,Psychology,1
3600931,Vivek R. Rajput,BA,Psychology,1
3600932,Kartik S. Bajaj,BA,Psychology,1
3600933,Madhav V. Maithani,BA,Psychology,1
3600934,Aishwarya A. Saxena,BA,Psychology,1
3600935,Omkar D. Sati,BA,Psychology,1
3600936,Rudra K. Dimri,BA,Psychology,1
3600937,Archit M. Rathi,BA,Psychology,1
3600938,Rohan P. Soni,BA,Psychology,1
3600939,Vaishnavi R. Oberoi,BA,Psychology,1
3600940,Vishal S. Dangwal,BA,Psychology,1
3600941,Abhinav V. Semwal,BA,Psychology,1
3600942,Sara A. Kashyap,BA,Psychology,1
3600943,Prateek D. Maithani,BA,Psychology,1
3600944,Anuj K. Sharma,BA,Psychology,1
3600945,Ansh M. Srivastava,BA,Psychology,1
3600946,Muskan P. Kapoor,BA,Psychology,1
3600947,Uday R. Juyal,BA,Psychology,1
3600948,Nikhil S. Goel,BA,Psychology,1
3600949,Kajal V. Kapoor,BA,Psychology,1
3600950,Rahul A. Oberoi,BA,Psychology,1
3600951,Lakshya D. Dabral,BA,Psychology,1
3600952,Ananya K. Chauhan,BA,Psychology,1
3600953,Ayush M. Chaudhary,BA,Psychology,1
3600954,Diksha P. Rastogi,BA,Psychology,1
3600955,Kamal R. Bhardwaj,BA,Psychology,1
3600956,Jatin S. Raturi,BA,Psychology,1
3600957,Yamini V. Rawat,BA,Psychology,1
3600958,Jiya A. Rajput,BA,Psychology,1
3600959,Sakshi D. Nanda,BA,Psychology,1
3600960,Devansh K. Bhardwaj,BA,Psychology,1
3600961,Vansh M. Basu,BA,Psychology,1
3600962,Rohit P. Gusain,BA,Psychology,1
3600963,Vedant R. Mehra,BA,Psychology,1
3600964,Simran S. Anand,BA,Psychology,1
3600965,Tushar V. Juyal,BA,Psychology,1
3600966,Tanishq A. Bajaj,BA,Psychology,1
3600967,Madhav D. Bhandari,BA,Psychology,1
3600968,Harsh K. Vats,BA,Psychology,1
3600969,Manish M. Oberoi,BA,Psychology,1
3600970,Ravi P. Agarwal,BA,Psychology,1
3600971,Jatin R. Yadav,BA,Psychology,1
3600972,Meera S. Chauhan,BA,Psychology,1
3600973,Kavya V. Joshi,BA,Psychology,1
3600975,Disha A. Rana,BA,Psychology,1
3600976,Jiya D. Bijalwan,BA,Psychology,1
3600977,Tanishq K. Garg,BA,Psychology,1
3600978,Kabir M. Aggarwal,BA,Psychology,1
3600979,Jiya P. Sharma,BA,Psychology,1
3600980,Mansi R. Yadav,BA,Psychology,1
3600981,Anmol S. Walia,BA,Psychology,1
3600982,Alok V. Srivastava,BA,Psychology,1
3600983,Raghav A. Kandpal,BA,Psychology,1
3600984,Rohan D. Yadav,BA,Psychology,1
3600985,Payal K. Kandpal,BA,Psychology,1
3600986,Aditya M. Tandon,BA,Psychology,1
3600987,Vikram P. Vats,BA,Psychology,1
3600988,Payal R. Nagi,BA,Psychology,1
3600989,Sandeep S. Rana,BA,Psychology,1
3600990,Anshika V. Sethi,BA,Psychology,1
3600991,Anmol A. Maurya,BA,Psychology,1
3600992,Shagun D. Bansal,BA,Psychology,1
3600993,Vedant K. Tiwari,BA,Psychology,1
3600994,Prachi M. Aggarwal,BA,Psychology,1
3600995,Srishti P. Trivedi,BA,Psychology,1
3600996,Parth R. Bijalwan,BA,Psychology,1
3600997,Nidhi S. Rawat,BA,Psychology,1
3600998,Pallavi V. Yadav,BA,Psychology,1
3600999,Muskan A. Dabral,BA,Psychology,1
3601000,Vinay D. Garg,BA,Psychology,1
3601001,Ananya K. Tandon,BA,Psychology,1
3601002,Ramya M. Tripathi,BA,Psychology,1
3601003,Akash P. Khurana,BA,Psychology,1
3601005,Keshav R. Rastogi,BA,Psychology,1
3601006,Prateek S. Rawal,BA,Psychology,1
3601007,Dhruv V. Basu,BA,Psychology,1
3601008,Ansh A. Kothari,BA,Psychology,1
3601009,Shivani D. Bhandula,BA,Psychology,1
3601010,Sonal K. Rana,BA,Psychology,1
3601011,Varun M. Dabral,BA,Psychology,1
3601012,Nandini P. Pathak,BA,Psychology,1
3601013,Mansi R. Tiwari,BA,Psychology,1
3601014,Mahima S. Kapoor,BA,Psychology,1
3601015,Rohit V. Maurya,BA,Psychology,1
3601016,Pallavi A. Tandon,BA,Psychology,1
3601017,Rajat D. Tiwari,BA,Psychology,1
3601018,Disha K. Kothari,BA,Psychology,1
3601019,Sanchi M. Juyal,BA,Psychology,1
3601020,Shalini P. Chamoli,BA,Psychology,1
3601021,Tanmay R. Oberoi,BA,Psychology,1
3601023,Shreya S. Mittal,BA,Psychology,1
3601024,Kajal V. Saxena,BA,Psychology,1
3601025,Nikhil A. Shukla,BA,Psychology,1
3601026,Vipul D. Kandpal,BA,Psychology,1
3601027,Rudra K. Juyal,BA,Psychology,1
3601028,Naveen M. Badoni,BA,Psychology,1
3601029,Komal P. Rajput,BA,Psychology,1
3601030,Palak R. Shukla,BA,Psychology,1
3601031,Anmol S. Tripathi,BA,Psychology,1
3601032,Raghav V. Sood,BA,Psychology,1
3601034,Pulkit A. Bisht,BA,Psychology,1
3601035,Aarav D. Rawal,BA,Psychology,1
3601036,Karan K. Dabral,BA,Psychology,1
3601037,Shivani M. Agarwal,BA,Psychology,1
3601038,Soumya P. Chauhan,BA,Psychology,1
3601039,Divya R. Khurana,BA,Psychology,1
3601040,Vidhi S. Bhatt,BA,Psychology,1
3601041,Anjali V. Mehra,BA,Psychology,1
3601042,Kartik A. Khanduri,BA,Psychology,1
3601043,Nisha D. Nainwal,BA,Psychology,1
3601044,Manav K. Rastogi,BA,Psychology,3
3601045,Ansh M. Kukreti,BA,Psychology,1
3601046,Samarth P. Anand,BA,Psychology,1
3700271,Rahul R. Dangwal,CCHO,General,1
3700272,Pallavi S. Mahajan,CCHO,General,1
3700273,Tanmay V. Goel,CCHO,General,1
3700274,Bhumika A. Saini,CCHO,General,1
3700275,Priya D. Thakur,CCHO,General,1
3700276,Yamini K. Dabral,CCHO,General,1
3700277,Ansh M. Kandpal,CCHO,General,1
3700278,Akanksha P. Bhatt,CCHO,General,1
3700279,Vaibhav R. Semwal,CCHO,General,1
3700280,Sonal S. Chauhan,CCHO,General,1
3700281,Uday V. Aggarwal,CCHO,General,1
3700282,Harshita A. Tomar,CCHO,General,1
3700283,Kabir D. Bijalwan,CCHO,General,1
3700284,Vandana K. Patel,CCHO,General,1
3700285,Sara M. Bajaj,CCHO,General,1
3700286,Madhav P. Rawat,CCHO,General,1
3700287,Shalini R. Dobhal,CCHO,General,1
3700288,Rishabh S. Joshi,CCHO,General,1
3700289,Manish V. Tripathi,CCHO,General,1
3700290,Ruchi A. Mishra,CCHO,General,1
3700291,Yuvraj D. Pokhriyal,CCHO,General,1
3700292,Saloni K. Gaur,CCHO,General,1
3700293,Sarthak M. Panwar,CCHO,General,1
3700294,Anchal P. Rajput,CCHO,General,1
3700295,Ramya R. Barthwal,CCHO,General,1
3700296,Kamal S. Chauhan,CCHO,General,1
3700298,Vinay V. Kothari,CCHO,General,1
3800282,Sachin A. Juyal,B.Sc,Microbiology,5
3800283,Gunjan D. Chopra,B.Sc,Microbiology,6
3800284,Suhani K. Gaur,B.Sc,Microbiology,6
3800285,Shubham M. Nautiyal,B.Sc,Microbiology,6
3800286,Kabir P. Uniyal,B.Sc,Microbiology,6
3800287,Pooja R. Dubey,B.Sc,Microbiology,6
3800288,Samarth S. Negi,B.Sc,Microbiology,6
3800289,Nitin V. Goswami,B.Sc,Microbiology,6
3800290,Pallavi A. Singh,B.Sc,Microbiology,6
3800291,Nitin D. Bhardwaj,B.Sc,Microbiology,6
3800292,Abhay K. Chaudhary,B.Sc,Microbiology,6
3800293,Siddharth M. Kandpal,B.Sc,Microbiology,6
3800294,Ansh P. Arora,B.Sc,Microbiology,6
3800296,Ramya R. Pokhriyal,B.Sc,Microbiology,6
3800297,Ansh S. Agarwal,B.Sc,Microbiology,6
3800298,Mansi V. Kashyap,B.Sc,Microbiology,6
3800299,Vansh A. Barthwal,B.Sc,Microbiology,6
3800300,Muskan D. Srivastava,B.Sc,Microbiology,6
3800302,Akash K. Goel,B.Sc,Microbiology,6
3800303,Neha M. Bahuguna,B.Sc,Microbiology,6
3800304,Ravi P. Mehra,B.Sc,Microbiology,6
3800306,Vishal R. Oberoi,B.Sc,Microbiology,6
3800352,Ishita S. Bhandula,B.Sc,Microbiology,5
3800354,Gautam V. Kashyap,B.Sc,Microbiology,5
3800355,Shubham A. Maurya,B.Sc,Microbiology,5
3800356,Chetan D. Pant,B.Sc,Microbiology,5
3800357,Tanvi K. Uniyal,B.Sc,Microbiology,5
3800359,Amit M. Raturi,B.Sc,Microbiology,5
3800360,Ravi P. Srivastava,B.Sc,Microbiology,5
3800361,Kavya R. Sharma,B.Sc,Microbiology,5
3800362,Vinay S. Kimothi,B.Sc,Microbiology,5
3800363,Jaya V. Oberoi,B.Sc,Microbiology,5
3800364,Nisha A. Kimothi,B.Sc,Microbiology,5
3800365,Hardik D. Oberoi,B.Sc,Microbiology,5
3800366,Sanya K. Nagi,B.Sc,Microbiology,5
3800368,Sanya M. Singh,B.Sc,Microbiology,5
3800369,Akanksha P. Pundir,B.Sc,Microbiology,5
3800370,Shubham R. Rastogi,B.Sc,Microbiology,5
3800371,Ankit S. Bhardwaj,B.Sc,Microbiology,5
3800372,Sanket V. Lal,B.Sc,Microbiology,5
3800373,Prateek A. Pundir,B.Sc,Microbiology,5
3800374,Vaibhav D. Maurya,B.Sc,Microbiology,5
3800375,Kavya K. Sethi,B.Sc,Microbiology,5
3800376,Kamal M. Gusain,B.Sc,Microbiology,5
3800377,Anjali P. Bansal,B.Sc,Microbiology,5
3800378,Akanksha R. Mahajan,B.Sc,Microbiology,4
3800379,Rishabh S. Saini,B.Sc,Microbiology,5
3800380,Rishabh V. Yadav,B.Sc,Microbiology,5
3800381,Shruti A. Thakur,B.Sc,Microbiology,4
3800382,Khushi D. Agarwal,B.Sc,Microbiology,5
3800383,Riya K. Chauhan,B.Sc,Microbiology,5
3800384,Himanshu M. Goswami,B.Sc,Microbiology,5
3800385,Raj P. Anand,B.Sc,Microbiology,5
3800386,Kajal R. Dabral,B.Sc,Microbiology,5
3800388,Anushka S. Dubey,B.Sc,Microbiology,5
3800389,Varun V. Tripathi,B.Sc,Microbiology,5
3800390,Akshay A. Dubey,B.Sc,Microbiology,5
3800391,Nikhil D. Verma,B.Sc,Microbiology,5
3800392,Yash K. Mishra,B.Sc,Microbiology,5
3800393,Rudra M. Sinha,B.Sc,Microbiology,5
3800395,Kajal P. Juyal,B.Sc,Microbiology,5
3800401,Priya R. Nagi,B.Sc,Microbiology,3
3800402,Yogesh S. Mehra,B.Sc,Microbiology,3
3800403,Naman V. Barthwal,B.Sc,Microbiology,3
3800404,Sara A. Mittal,B.Sc,Microbiology,3
3800405,Jatin D. Sati,B.Sc,Microbiology,3
3800406,Payal K. Bhardwaj,B.Sc,Microbiology,3
3800407,Anuj M. Saxena,B.Sc,Microbiology,3
3800408,Sneha P. Mishra,B.Sc,Microbiology,3
3800409,Vedant R. Saxena,B.Sc,Microbiology,3
3800410,Payal S. Panwar,B.Sc,Microbiology,3
3800411,Vinay V. Agarwal,B.Sc,Microbiology,3
3800412,Saloni A. Pokhriyal,B.Sc,Microbiology,3
3800413,Prateek D. Bisht,B.Sc,Microbiology,3
3800414,Tanvi K. Kandpal,B.Sc,Microbiology,3
3800415,Naman M. Chopra,B.Sc,Microbiology,3
3800416,Tanmay P. Goswami,B.Sc,Microbiology,3
3800417,Ajay R. Anand,B.Sc,Microbiology,3
3800418,Ajay S. Walia,B.Sc,Microbiology,3
3800420,Ruchi V. Tiwari,B.Sc,Microbiology,3
3800421,Vinay A. Kumar,B.Sc,Microbiology,3
3800422,Payal D. Dhiman,B.Sc,Microbiology,3
3800423,Shivam K. Verma,B.Sc,Microbiology,3
3800424,Vikas M. Chopra,B.Sc,Microbiology,3
3800425,Anjali P. Gupta,B.Sc,Microbiology,3
3800426,Ishaan R. Nautiyal,B.Sc,Microbiology,3
3800427,Omkar S. Gusain,B.Sc,Microbiology,3
3800428,Tanishq V. Dubey,B.Sc,Microbiology,3
3800429,Simran A. Goel,B.Sc,Microbiology,3
3800430,Tanishq D. Patel,B.Sc,Microbiology,3
3800431,Siddharth K. Arora,B.Sc,Microbiology,3
3800432,Amisha M. Negi,B.Sc,Microbiology,2
3800433,Khushi P. Kandpal,B.Sc,Microbiology,3
3800434,Nitin R. Dhiman,B.Sc,Microbiology,3
3800451,Kriti S. Pathak,B.Sc,Microbiology,1
3800452,Raj V. Malhotra,B.Sc,Microbiology,1
3800453,Siddharth A. Dangwal,B.Sc,Microbiology,1
3800454,Manish D. Bhardwaj,B.Sc,Microbiology,1
3800455,Amisha K. Saini,B.Sc,Microbiology,1
3800456,Dhruv M. Malhotra,B.Sc,Microbiology,1
3800457,Aditya P. Kothari,B.Sc,Microbiology,1
3800458,Himanshu R. Arora,B.Sc,Microbiology,1
3800459,Devansh S. Thakur,B.Sc,Microbiology,1
3800460,Kavya V. Goel,B.Sc,Microbiology,1
3800461,Jatin A. Chopra,B.Sc,Microbiology,1
3800462,Shruti D. Dangwal,B.Sc,Microbiology,1
3800463,Sahil K. Mahajan,B.Sc,Microbiology,1
3800464,Aditi M. Agarwal,B.Sc,Microbiology,1
3800465,Eshaan P. Tandon,B.Sc,Microbiology,1
3800466,Raghav R. Saini,B.Sc,Microbiology,1
3800467,Tanishq S. Kukreti,B.Sc,Microbiology,1
3800468,Palak V. Singh,B.Sc,Microbiology,1
3800469,Yashika A. Yadav,B.Sc,Microbiology,1
3800470,Shivani D. Kandpal,B.Sc,Microbiology,1
3800471,Yogesh K. Nanda,B.Sc,Microbiology,1
3800473,Amit M. Kandpal,B.Sc,Microbiology,1
3800474,Vikram P. Gusain,B.Sc,Microbiology,1
3800475,Mahima R. Thapliyal,B.Sc,Microbiology,1
3800476,Rahul S. Rawal,B.Sc,Microbiology,1
3800477,Devansh V. Tandon,B.Sc,Microbiology,1
3800478,Vikas A. Gaur,B.Sc,Microbiology,1
3900251,Ramya D. Goswami,MHM,Hotel Management,2
3900252,Charvi K. Pundir,MHM,Hotel Management,2
3900253,Sneha M. Pandey,MHM,Hotel Management,2
3900254,Dhruv P. Thakur,MHM,Hotel Management,2
3900255,Jiya R. Rathi,MHM,Hotel Management,2
3900256,Sneha S. Dubey,MHM,Hotel Management,2
3900257,Udit V. Gupta,MHM,Hotel Management,2
3900258,Khushi A. Dimri,MHM,Hotel Management,2
3900259,Parth D. Rathi,MHM,Hotel Management,2
3900260,Sanket K. Badoni,MHM,Hotel Management,2
3900261,Abhay M. Trivedi,MHM,Hotel Management,2
3900262,Charvi P. Nautiyal,MHM,Hotel Management,2
3900263,Vipul R. Kapoor,MHM,Hotel Management,2
3900271,Ira S. Rathi,MHM,Hotel Management,1
3900272,Srishti V. Goswami,MHM,Hotel Management,1
3900273,Ira A. Nagi,MHM,Hotel Management,1
3900274,Sneha D. Chopra,MHM,Hotel Management,1
3900275,Shivam K. Trivedi,MHM,Hotel Management,1
3900276,Tarun M. Bansal,MHM,Hotel Management,1
3900277,Tanvi P. Garg,MHM,Hotel Management,1
3900278,Aman R. Mehra,MHM,Hotel Management,1
3900279,Ashish S. Dangwal,MHM,Hotel Management,1
3900280,Lakshya V. Chauhan,MHM,Hotel Management,1
4000261,Ankit A. Nanda,BA,Political Science,7
4000262,Vivek D. Rawal,BA,Political Science,6
4000264,Arpit K. Bahuguna,BA,Political Science,7
4000265,Ruchi M. Chamoli,BA,Political Science,6
4000266,Shivani P. Tripathi,BA,Political Science,6
4000268,Tanvi R. Lal,BA,Political Science,6
4000269,Payal S. Rawal,BA,Political Science,6
4000270,Akshay V. Aggarwal,BA,Political Science,6
4000272,Abhay A. Mehra,BA,Political Science,6
4000273,Ankit D. Srivastava,BA,Political Science,6
4000274,Gautam K. Gusain,BA,Political Science,6
4000275,Vipul M. Anand,BA,Political Science,6
4000276,Raj P. Parmar,BA,Political Science,6
4000277,Arpit R. Juyal,BA,Political Science,6
4000279,Jaya S. Dhiman,BA,Political Science,6
4000280,Ajay V. Pandey,BA,Political Science,6
4000281,Soumya A. Kukreti,BA,Political Science,6
4000282,Shruti D. Trivedi,BA,Political Science,6
4000283,Vishal K. Sinha,BA,Political Science,7
4000284,Nidhi M. Sethi,BA,Political Science,6
4000285,Sanya P. Saini,BA,Political Science,6
4000286,Gunjan R. Pant,BA,Political Science,6
4000287,Vikas S. Lal,BA,Political Science,6
4000288,Ravi V. Bajaj,BA,Political Science,6
4000289,Bhumika A. Maithani,BA,Political Science,6
4000291,Naman D. Gupta,BA,Political Science,6
4000292,Kriti K. Kumar,BA,Political Science,6
4000293,Arjun M. Basu,BA,Political Science,6
4000294,Arpit P. Mehta,BA,Political Science,7
4000295,Samarth R. Gaur,BA,Political Science,6
4000296,Kunal S. Chopra,BA,Political Science,6
4000297,Shreya V. Bahuguna,BA,Political Science,6
4000298,Naveen A. Rawat,BA,Political Science,6
4000299,Radhika D. Mahajan,BA,Political Science,6
4000301,Arnav K. Sood,BA,Political Science,6
4000302,Bhumika M. Sinha,BA,Political Science,6
4000303,Tanvi P. Anand,BA,Political Science,7
4000304,Ayush R. Bhandula,BA,Political Science,6
4000305,Tripti S. Yadav,BA,Political Science,6
4000306,Aryan V. Bhandula,BA,Political Science,7
4000307,Abhinav A. Nagi,BA,Political Science,6
4000308,Neha D. Sati,BA,Political Science,6
4000309,Ojas K. Nainwal,BA,Political Science,6
4000310,Saloni M. Dimri,BA,Political Science,6
4000351,Nandini P. Chauhan,BA,Political Science,5
4000352,Gayatri R. Bijalwan,BA,Political Science,5
4000353,Surbhi S. Dangwal,BA,Political Science,5
4000355,Rishabh V. Chaudhary,BA,Political Science,5
4000356,Komal A. Sinha,BA,Political Science,5
4000357,Ankita D. Shukla,BA,Political Science,5
4000358,Dev K. Barthwal,BA,Political Science,5
4000359,Jatin M. Bhandari,BA,Political Science,5
4000360,Kriti P. Uniyal,BA,Political Science,5
4000361,Aarav R. Sati,BA,Political Science,5
4000362,Palak S. Soni,BA,Political Science,5
4000363,Kriti V. Panwar,BA,Political Science,5
4000364,Gautam A. Jain,BA,Political Science,5
4000365,Aditi D. Mehra,BA,Political Science,5
4000366,Priyanka K. Anand,BA,Political Science,5
4000367,Vaishnavi M. Chamoli,BA,Political Science,5
4000368,Sagar P. Dubey,BA,Political Science,5
4000369,Deepak R. Badoni,BA,Political Science,5
4000370,Sanjana S. Mishra,BA,Political Science,5
4000371,Shubham V. Basu,BA,Political Science,5
4000372,Rishabh A. Kashyap,BA,Political Science,5
4000373,Anuj D. Srivastava,BA,Political Science,5
4000374,Preeti K. Kapoor,BA,Political Science,5
4000375,Deepika M. Panwar,BA,Political Science,5
4000376,Aryan P. Sinha,BA,Political Science,5
4000377,Shagun R. Juyal,BA,Political Science,5
4000378,Karan S. Mehra,BA,Political Science,5
4000379,Nisha V. Bansal,BA,Political Science,5
4000380,Rudra A. Basu,BA,Political Science,5
4000381,Nisha D. Tiwari,BA,Political Science,5
4000382,Raghav K. Kimothi,BA,Political Science,5
4000401,Naveen M. Oberoi,BA,Political Science,3
4000402,Pranav P. Uniyal,BA,Political Science,3
4000403,Ishaan R. Badoni,BA,Political Science,3
4000404,Tanishq S. Verma,BA,Political Science,3
4000405,Shubham V. Tandon,BA,Political Science,3
4000407,Kunal A. Tandon,BA,Political Science,3
4000408,Vansh D. Dangwal,BA,Political Science,3
4000409,Aishwarya K. Kandpal,BA,Political Science,3
4000410,Ayush M. Goel,BA,Political Science,2
4000411,Ruchi P. Soni,BA,Political Science,3
4000412,Saloni R. Chaudhary,BA,Political Science,3
4000413,Ishaan S. Semwal,BA,Political Science,3
4000414,Chetan V. Tiwari,BA,Political Science,3
4000415,Sanjana A. Tomar,BA,Political Science,3
4000416,Sumit D. Pathak,BA,Political Science,3
4000417,Tanvi K. Panwar,BA,Political Science,3
4000418,Lakshya M. Nainwal,BA,Political Science,3
4000419,Udit P. Kukreti,BA,Political Science,3
4000420,Naveen R. Goswami,BA,Political Science,3
4000421,Radhika S. Sethi,BA,Political Science,3
4000422,Yashika V. Verma,BA,Political Science,3
4000423,Dev A. Kapoor,BA,Political Science,3
4000424,Pranav D. Mittal,BA,Political Science,3
4000425,Kajal K. Tiwari,BA,Political Science,3
4000426,Bhumika M. Kukreti,BA,Political Science,3
4000427,Rakesh P. Pundir,BA,Political Science,3
4000428,Hardik R. Gaur,BA,Political Science,3
4000430,Ashish S. Barthwal,BA,Political Science,3
4000431,Mayank V. Bhardwaj,BA,Political Science,3
4000432,Palak A. Goel,BA,Political Science,3
4000433,Yogesh D. Yadav,BA,Political Science,3
4000434,Shivani K. Juyal,BA,Political Science,3
4000435,Meera M. Bajaj,BA,Political Science,3
4000436,Mansi P. Pathak,BA,Political Science,3
4000437,Shruti R. Mishra,BA,Political Science,3
4000438,Sanket S. Rana,BA,Political Science,3
4000439,Neha V. Dubey,BA,Political Science,3
4000440,Sarthak A. Mahajan,BA,Political Science,3
4000441,Deepika D. Khurana,BA,Political Science,3
4000442,Priyanka K. Kimothi,BA,Political Science,3
4000443,Ayush M. Dhiman,BA,Political Science,3
4000444,Vivek P. Chauhan,BA,Political Science,3
4000445,Kajal R. Anand,BA,Political Science,3
4000446,Dhruv S. Maurya,BA,Political Science,3
4000447,Naman V. Chauhan,BA,Political Science,3
4000448,Mayank A. Khurana,BA,Political Science,3
4000449,Pulkit D. Tomar,BA,Political Science,3
4000450,Hardik K. Garg,BA,Political Science,3
4000451,Shivani M. Anand,BA,Political Science,3
4000471,Gautam P. Verma,BA,Political Science,1
4000472,Anushka R. Lal,BA,Political Science,1
4000473,Sneha S. Nanda,BA,Political Science,1
4000475,Priyanka V. Panwar,BA,Political Science,1
4000476,Kajal A. Mehra,BA,Political Science,1
4000477,Vikram D. Bhandari,BA,Political Science,1
4000478,Lakshya K. Maurya,BA,Political Science,1
4000479,Rahul M. Kimothi,BA,Political Science,1
4000480,Vikram P. Sethi,BA,Political Science,1
4000481,Saloni R. Bijalwan,BA,Political Science,1
4000482,Garima S. Thakur,BA,Political Science,1
4000483,Vishal V. Thakur,BA,Political Science,1
4000484,Jiya A. Kumar,BA,Political Science,1
4000485,Diksha D. Dobhal,BA,Political Science,1
4000486,Shruti K. Semwal,BA,Political Science,1
4000487,Disha M. Mishra,BA,Political Science,1
4000488,Suhani P. Rathi,BA,Political Science,1
4000489,Pranav R. Aggarwal,BA,Political Science,1
4000490,Uday S. Raturi,BA,Political Science,1
4000491,Pooja V. Nanda,BA,Political Science,1
4000492,Yashika A. Malhotra,BA,Political Science,1
4000493,Laksh D. Pundir,BA,Political Science,1
4000494,Aishwarya K. Parmar,BA,Political Science,1
4000496,Tripti M. Goswami,BA,Political Science,1
4000497,Tanmay P. Pandey,BA,Political Science,1
4000498,Shivani R. Gusain,BA,Political Science,1
4000499,Anchal S. Gupta,BA,Political Science,1
4000500,Pooja V. Rathi,BA,Political Science,1
4000501,Anchal A. Dangwal,BA,Political Science,1
4000502,Srishti D. Parmar,BA,Political Science,1
4000503,Bhumika K. Gaur,BA,Political Science,1
4000504,Ansh M. Sati,BA,Political Science,1
4000505,Aishwarya P. Kothari,BA,Political Science,1
4000506,Abhinav R. Uniyal,BA,Political Science,1
4000507,Meera S. Aggarwal,BA,Political Science,1
4000508,Ayush V. Tandon,BA,Political Science,1
4000509,Riya A. Nanda,BA,Political Science,1
4000510,Ashutosh D. Maurya,BA,Political Science,1
4000511,Preeti K. Dubey,BA,Political Science,1
4000513,Yashika M. Rawal,BA,Political Science,1
4000514,Anchal P. Dubey,BA,Political Science,1
4000517,Himanshu R. Dangwal,BA,Political Science,1
4000518,Naman S. Kandpal,BA,Political Science,1
4000519,Komal V. Tiwari,BA,Political Science,1
4000520,Srishti A. Pathak,BA,Political Science,1
4000521,Gaurav D. Kothari,BA,Political Science,1
4000522,Shivani K. Tandon,BA,Political Science,1
4000523,Nikhil M. Gaur,BA,Political Science,1
4000524,Shalini P. Kumar,BA,Political Science,1
4000525,Srishti R. Nautiyal,BA,Political Science,1
4000526,Sarthak S. Bhandari,BA,Political Science,1
4000527,Akanksha V. Nagi,BA,Political Science,1
4000528,Vikas A. Kandpal,BA,Political Science,1
4000529,Vikram D. Sharma,BA,Political Science,1
4000530,Sahil K. Patel,BA,Political Science,1
4000531,Himanshu M. Kothari,BA,Political Science,1
4000532,Sarthak P. Mishra,BA,Political Science,1
4100272,Parth R. Parmar,BA,English,8
4100284,Pulkit S. Nainwal,BA,English,8
4100292,Sagar V. Juyal,BA,English,8
4100321,Gautam A. Pokhriyal,BA,English,6
4100322,Pranav D. Arora,BA,English,6
4100323,Dhruv K. Tomar,BA,English,6
4100325,Payal M. Rajput,BA,English,6
4100327,Suhani P. Nagi,BA,English,6
4100328,Dev R. Oberoi,BA,English,6
4100329,Madhav S. Sood,BA,English,6
4100330,Arnav V. Mishra,BA,English,7
4100332,Vivek A. Kimothi,BA,English,6
4100333,Rahul D. Parmar,BA,English,7
4100334,Shivani K. Rastogi,BA,English,6
4100336,Nandini M. Rawat,BA,English,6
4100337,Mansi P. Rautela,BA,English,6
4100338,Aditi R. Gupta,BA,English,6
4100339,Radhika S. Yadav,BA,English,6
4100340,Kriti V. Mehta,BA,English,6
4100341,Palak A. Rastogi,BA,English,6
4100342,Sanket D. Tiwari,BA,English,6
4100343,Shivani K. Bhandari,BA,English,7
4100344,Tripti M. Basu,BA,English,7
4100345,Dev P. Bijalwan,BA,English,6
4100346,Aditi R. Thapliyal,BA,English,7
4100347,Pulkit S. Kothari,BA,English,6
4100348,Anjali V. Rautela,BA,English,6
4100349,Samarth A. Panwar,BA,English,7
4100350,Vedant D. Rawal,BA,English,6
4100351,Naveen K. Chaudhary,BA,English,6
4100352,Sanchi M. Tomar,BA,English,7
4100353,Vipul P. Dubey,BA,English,6
4100354,Ashutosh R. Mehta,BA,English,6
4100355,Anuj S. Sinha,BA,English,6
4100357,Shagun V. Bhandula,BA,English,7
4100401,Khushi A. Pundir,BA,English,5
4100402,Anchal D. Pant,BA,English,5
4100403,Rohan K. Chaudhary,BA,English,5
4100404,Akanksha M. Rathi,BA,English,5
4100405,Sahil P. Rajput,BA,English,5
4100406,Abhay R. Gaur,BA,English,5
4100407,Pallavi S. Dabral,BA,English,5
4100408,Vansh V. Lal,BA,English,5
4100409,Devansh A. Bijalwan,BA,English,5
4100410,Neha D. Rastogi,BA,English,5
4100411,Bhumika K. Jain,BA,English,5
4100412,Jaya M. Bisht,BA,English,5
4100414,Sumit P. Kandpal,BA,English,5
4100415,Mansi R. Dhiman,BA,English,5
4100416,Abhay S. Basu,BA,English,5
4100417,Shivam V. Dobhal,BA,English,4
4100418,Yuvraj A. Chaudhary,BA,English,5
4100419,Madhav D. Trivedi,BA,English,5
4100420,Divya K. Mittal,BA,English,5
4100421,Akash M. Rautela,BA,English,5
4100422,Omkar P. Vats,BA,English,5
4100423,Siddharth R. Anand,BA,English,5
4100424,Lavanya S. Tandon,BA,English,5
4100425,Palak V. Mehra,BA,English,5
4100426,Lavanya A. Bansal,BA,English,5
4100427,Ojas D. Sethi,BA,English,5
4100428,Vedant K. Chaudhary,BA,English,5
4100429,Sahil M. Oberoi,BA,English,5
4100430,Tripti P. Nautiyal,BA,English,5
4100431,Hemant R. Bajaj,BA,English,5
4100432,Abhay S. Bahuguna,BA,English,5
4100433,Raj V. Tomar,BA,English,5
4100434,Parth A. Soni,BA,English,5
4100435,Sanya D. Lal,BA,English,5
4100436,Soumya K. Nainwal,BA,English,5
4100437,Shubham M. Badoni,BA,English,5
4100438,Palak P. Joshi,BA,English,5
4100439,Rajat R. Kumar,BA,English,5
4100451,Sanchi S. Dangwal,BA,English,3
4100452,Ananya V. Goswami,BA,English,3
4100453,Rajat A. Gaur,BA,English,3
4100454,Lakshya D. Bhatt,BA,English,3
4100455,Charvi K. Pokhriyal,BA,English,3
4100456,Madhav M. Joshi,BA,English,3
4100457,Nandini P. Pokhriyal,BA,English,3
4100459,Ashutosh R. Rautela,BA,English,3
4100460,Diksha S. Chaudhary,BA,English,3
4100461,Ankita V. Rawat,BA,English,3
4100462,Devansh A. Sood,BA,English,3
4100463,Vikram D. Soni,BA,English,3
4100464,Rudra K. Bhardwaj,BA,English,3
4100465,Yogesh M. Bhandula,BA,English,3
4100466,Navya P. Mehra,BA,English,3
4100467,Eshaan R. Patel,BA,English,3
4100468,Hardik S. Kothari,BA,English,3
4100469,Apoorva V. Mehta,BA,English,3
4100470,Saloni A. Pundir,BA,English,3
4100471,Priya D. Dimri,BA,English,3
4100472,Shivani K. Dangwal,BA,English,3
4100473,Ananya M. Bhardwaj,BA,English,3
4100474,Priyanka P. Agarwal,BA,English,3
4100475,Naman R. Rathi,BA,English,3
4100476,Gaurav S. Vats,BA,English,3
4100477,Kriti V. Saini,BA,English,3
4100478,Ramya A. Dhiman,BA,English,3
4100479,Pulkit D. Kumar,BA,English,3
4100480,Mansi K. Mehra,BA,English,3
4100482,Ravi M. Aggarwal,BA,English,3
4100483,Ira P. Thakur,BA,English,3
4100501,Deepak R. Rastogi,BA,English,1
4100502,Ishita S. Tandon,BA,English,1
4100503,Radhika V. Chopra,BA,English,1
4100504,Ravi A. Sati,BA,English,1
4100505,Pooja D. Semwal,BA,English,1
4100506,Yamini K. Parmar,BA,English,1
4100507,Aditi M. Chopra,BA,English,1
4100508,Pooja P. Khanduri,BA,English,1
4100509,Amit R. Bhardwaj,BA,English,1
4100510,Prachi S. Mittal,BA,English,1
4100511,Kriti V. Thakur,BA,English,1
4100512,Manav A. Joshi,BA,English,1
4100513,Nidhi D. Raturi,BA,English,1
4100514,Vikram K. Pokhriyal,BA,English,1
4100515,Abhinav M. Kashyap,BA,English,1
4100516,Dhruv P. Gupta,BA,English,1
4100517,Akash R. Bhandari,BA,English,1
4100518,Tarun S. Patel,BA,English,1
4100519,Rohit V. Verma,BA,English,1
4100520,Vikram A. Mishra,BA,English,1
4100521,Disha D. Tiwari,BA,English,1
4100522,Sanya K. Jain,BA,English,1
4100523,Sandeep M. Kashyap,BA,English,1
4100524,Tripti P. Rautela,BA,English,1
4100525,Gunjan R. Lal,BA,English,1
4100526,Mansi S. Shukla,BA,English,1
4100527,Raj V. Bajaj,BA,English,1
4100528,Bhavya A. Shukla,BA,English,1
4100529,Vedant D. Negi,BA,English,1
4100530,Sara K. Saini,BA,English,1
4100531,Mayank M. Kothari,BA,English,1
4100532,Vipul P. Juyal,BA,English,1
4100533,Hemant R. Mehta,BA,English,1
4100534,Zoya S. Saxena,BA,English,1
4100535,Sumit V. Singh,BA,English,1
4100536,Vaibhav A. Walia,BA,English,1
4100537,Ankita D. Panwar,BA,English,1
4100538,Shivani K. Thakur,BA,English,1
4200081,Navya M. Bhandula,M.Sc,Environmental Science,3
4200082,Anuj P. Uniyal,M.Sc,Environmental Science,3
4200083,Jaya R. Thakur,M.Sc,Environmental Science,3
4300131,Saloni S. Raturi,BA,Arts,6
4300132,Akash V. Anand,BA,Arts,6
4300133,Shalini A. Maurya,BA,Arts,6
4300134,Nidhi D. Basu,BA,Arts,6
4300135,Himanshu K. Kimothi,BA,Arts,6
4300136,Sachin M. Vats,BA,Arts,6
4300137,Sakshi P. Saxena,BA,Arts,6
4300138,Lakshya R. Goel,BA,Arts,6
4300139,Kunal S. Malhotra,BA,Arts,6
4300140,Prachi V. Thakur,BA,Arts,6
4300141,Riya A. Soni,BA,Arts,6
4300142,Zoya D. Kumar,BA,Arts,6
4300143,Saloni K. Negi,BA,Arts,6
4300144,Ankit M. Barthwal,BA,Arts,6
4300146,Ravi P. Negi,BA,Arts,6
4300147,Sachin R. Dobhal,BA,Arts,6
4300148,Ruchi S. Patel,BA,Arts,6
4300149,Mansi V. Rastogi,BA,Arts,6
4300150,Ankita A. Khanduri,BA,Arts,6
4300151,Prachi D. Chauhan,BA,Arts,6
4300152,Srishti K. Pokhriyal,BA,Arts,6
4300153,Mansi M. Pundir,BA,Arts,6
4300154,Tanmay P. Sharma,BA,Arts,6
4300155,Naveen R. Tripathi,BA,Arts,6
4300156,Pallavi S. Patel,BA,Arts,6
4300158,Rudra V. Raturi,BA,Arts,6
4300159,Sahil A. Bijalwan,BA,Arts,6
4300160,Shalini D. Bhandari,BA,Arts,6
4300161,Simran K. Bajaj,BA,Arts,6
4300162,Palak M. Oberoi,BA,Arts,6
4300163,Abhay P. Kapoor,BA,Arts,6
4300165,Akshay R. Thapliyal,BA,Arts,6
4300166,Devansh S. Mittal,BA,Arts,6
4300168,Madhav V. Thakur,BA,Arts,6
4300181,Shalini A. Parmar,BA,Arts,5
4300185,Vishal D. Bisht,BA,Arts,5
4300186,Anjali K. Thapliyal,BA,Arts,5
4300187,Ishaan M. Mahajan,BA,Arts,5
4300188,Sara P. Chauhan,BA,Arts,5
4300189,Shruti R. Saxena,BA,Arts,5
4300191,Nidhi S. Bhandula,BA,Arts,5
4300192,Tanmay V. Verma,BA,Arts,5
4300193,Palak A. Dangwal,BA,Arts,5
4300194,Tanvi D. Juyal,BA,Arts,5
4300195,Rajat K. Rathi,BA,Arts,5
4300196,Sanjana M. Yadav,BA,Arts,5
4300197,Nisha P. Pant,BA,Arts,5
4300211,Yashika R. Bansal,BA,Arts,3
4300212,Rohit S. Saxena,BA,Arts,3
4300213,Vansh V. Bhandari,BA,Arts,3
4300215,Nisha A. Kandpal,BA,Arts,3
4300216,Amit D. Sinha,BA,Arts,3
4300217,Naman K. Mehta,BA,Arts,3
4300218,Yashika M. Agarwal,BA,Arts,3
4300219,Vansh P. Maithani,BA,Arts,3
4300220,Divya R. Garg,BA,Arts,3
4300221,Priya S. Nautiyal,BA,Arts,3
4300222,Ananya V. Mehra,BA,Arts,3
4300223,Dev A. Rawat,BA,Arts,3
4300224,Ashish D. Mishra,BA,Arts,3
4300225,Anushka K. Anand,BA,Arts,3
4300226,Samarth M. Nagi,BA,Arts,3
4300227,Ishita P. Khurana,BA,Arts,3
4300228,Naman R. Sharma,BA,Arts,3
4300230,Mayank S. Dangwal,BA,Arts,3
4300231,Vivek V. Chopra,BA,Arts,3
4300232,Simran A. Kashyap,BA,Arts,3
4300251,Keshav D. Goswami,BA,Arts,1
4300252,Madhav K. Kothari,BA,Arts,1
4300253,Kunal M. Arora,BA,Arts,1
4300254,Sanket P. Maithani,BA,Arts,1
4300255,Chaitanya R. Tandon,BA,Arts,1
4300256,Ayush S. Pandey,BA,Arts,3
4300257,Raghav V. Bijalwan,BA,Arts,1
4300258,Anshika A. Goswami,BA,Arts,1
4300259,Karan D. Malhotra,BA,Arts,1
4300260,Kunal K. Sinha,BA,Arts,1
4300261,Apoorva M. Mishra,BA,Arts,1
4300262,Harshita P. Mehta,BA,Arts,1
4300263,Archit R. Gupta,BA,Arts,1
4300264,Gautam S. Kumar,BA,Arts,1
4300267,Ashutosh V. Shukla,BA,Arts,1
4300268,Riya A. Bhandula,BA,Arts,1
4300269,Akash D. Bisht,BA,Arts,1
4300270,Charvi K. Garg,BA,Arts,1
4300271,Rohit M. Tiwari,BA,Arts,1
4300272,Raj P. Kothari,BA,Arts,1
4300273,Aishwarya R. Mishra,BA,Arts,1
4300274,Rajat S. Saxena,BA,Arts,1
4300275,Sneha V. Rana,BA,Arts,1
4300276,Vikram A. Mittal,BA,Arts,1
4300277,Arjun D. Khanduri,BA,Arts,1
4300278,Surbhi K. Mehra,BA,Arts,1
4300279,Hemant M. Verma,BA,Arts,1
4300280,Sara P. Pandey,BA,Arts,1
4300281,Aishwarya R. Gaur,BA,Arts,1
4300282,Harsh S. Dimri,BA,Arts,1
4300283,Himanshu V. Panwar,BA,Arts,1
4400251,Alok A. Rastogi,B.Sc,Food Technology,3
4400252,Rishabh D. Pandey,B.Sc,Food Technology,3
4400253,Palak K. Kumar,B.Sc,Food Technology,3
4400254,Nidhi M. Nautiyal,B.Sc,Food Technology,3
4400255,Gautam P. Sood,B.Sc,Food Technology,3
4400256,Rahul R. Shukla,B.Sc,Food Technology,3
4400257,Aditi S. Mehta,B.Sc,Food Technology,3
4400258,Nitin V. Chopra,B.Sc,Food Technology,3
4400259,Shreya A. Mahajan,B.Sc,Food Technology,3
4400260,Srishti D. Pundir,B.Sc,Food Technology,3
4400261,Sara K. Bansal,B.Sc,Food Technology,3
4400262,Priya M. Kimothi,B.Sc,Food Technology,3
4400263,Naveen P. Dhiman,B.Sc,Food Technology,3
4400265,Ashish R. Verma,B.Sc,Food Technology,3
4400266,Arjun S. Negi,B.Sc,Food Technology,3
4400267,Nidhi V. Badoni,B.Sc,Food Technology,3
4400268,Mohit A. Kandpal,M.Sc,Food Technology,3
4400269,Lakshya D. Sethi,M.Sc,Food Technology,3
4400270,Mridul K. Khanduri,M.Sc,Food Technology,3
4400271,Sarthak M. Pathak,M.Sc,Food Technology,3
4400272,Pranav P. Negi,M.Sc,Food Technology,3
4400281,Navya R. Rawal,M.Sc,Food Technology,1
4400282,Meera S. Dangwal,M.Sc,Food Technology,1
4400283,Sakshi V. Bhatt,M.Sc,Food Technology,1
4400284,Vishal A. Chaudhary,M.Sc,Food Technology,1
4400285,Yogesh D. Bajaj,M.Sc,Food Technology,1
4400286,Harsh K. Aggarwal,M.Sc,Food Technology,1
4400287,Omkar M. Pundir,M.Sc,Food Technology,1
4400288,Hemant P. Uniyal,M.Sc,Food Technology,1
4400289,Sarthak R. Basu,M.Sc,Food Technology,1
4400290,Khushi S. Uniyal,M.Sc,Food Technology,1
4400291,Tripti V. Pundir,M.Sc,Food Technology,1
4400292,Vikas A. Yadav,M.Sc,Food Technology,1
4400293,Ravi D. Chamoli,M.Sc,Food Technology,1
4400294,Yogesh K. Pant,M.Sc,Food Technology,1
4400295,Ajay M. Rawal,M.Sc,Food Technology,1
4400296,Archit P. Chopra,M.Sc,Food Technology,1
4400297,Shreya R. Kapoor,M.Sc,Food Technology,1
4400298,Nitin S. Tiwari,M.Sc,Food Technology,1
4400299,Harshita V. Vats,M.Sc,Food Technology,1
4400300,Chaitanya A. Trivedi,M.Sc,Food Technology,1
4400301,Ruchi D. Bahuguna,M.Sc,Food Technology,1
4400302,Saurabh K. Mehta,M.Sc,Food Technology,1
4400303,Charvi M. Bhandari,M.Sc,Food Technology,1
4400304,Vikram P. Yadav,M.Sc,Food Technology,1
4400305,Priyanka R. Dubey,M.Sc,Food Technology,1
4500124,Sumit S. Barthwal,MA,Applied Psychology,4
4500125,Rishabh V. Goswami,MA,Applied Psychology,4
4500126,Anshika A. Tiwari,MA,Applied Psychology,4
4500127,Divya D. Sharma,MA,Applied Psychology,4
4500128,Abhay K. Anand,MA,Applied Psychology,4
4500129,Mohit M. Parmar,MA,Applied Psychology,4
4500130,Naman P. Malhotra,MA,Applied Psychology,4
4500131,Sanket R. Khurana,MA,Applied Psychology,4
4500132,Karan S. Badoni,MA,Applied Psychology,4
4500133,Kavya V. Bansal,MA,Applied Psychology,4
4500151,Prachi A. Lal,MA,Applied Psychology,3
4500152,Samarth D. Dhiman,MA,Applied Psychology,3
4500153,Hardik K. Sethi,MA,Applied Psychology,3
4500154,Dhruv M. Soni,MA,Applied Psychology,3
4500155,Neha P. Pundir,MA,Applied Psychology,3
4500156,Ashish R. Gusain,MA,Applied Psychology,3
4500157,Yogesh S. Juyal,MA,Applied Psychology,3
4500158,Saloni V. Rawal,MA,Applied Psychology,3
4500159,Mehak A. Anand,MA,Applied Psychology,3
4500160,Sanya D. Anand,MA,Applied Psychology,3
4500161,Sachin K. Rawal,MA,Applied Psychology,3
4500162,Yamini M. Kimothi,MA,Applied Psychology,3
4500163,Vishal P. Rawat,MA,Applied Psychology,3
4500164,Kunal R. Rawat,MA,Applied Psychology,3
4500165,Saurabh S. Rawat,MA,Applied Psychology,3
4500166,Sagar V. Rathi,MA,Applied Psychology,3
4500167,Ruchi A. Maurya,MA,Applied Psychology,3
4500168,Lakshya D. Verma,MA,Applied Psychology,3
4500169,Vansh K. Raturi,MA,Applied Psychology,3
4500172,Samarth M. Singh,MA,Applied Psychology,3
4500174,Sandeep P. Singh,MA,Applied Psychology,3
4500181,Akash R. Gusain,MA,Applied Psychology,1
4500182,Priyanka S. Arora,MA,Applied Psychology,1
4500183,Tanishq V. Walia,MA,Applied Psychology,1
4500184,Ayush A. Kothari,MA,Applied Psychology,1
4500185,Arpit D. Dimri,MA,Applied Psychology,1
4500186,Sakshi K. Sinha,MA,Applied Psychology,1
4500187,Komal M. Soni,MA,Applied Psychology,1
4500188,Kamal P. Dabral,MA,Applied Psychology,1
4500189,Arpit R. Semwal,MA,Applied Psychology,1
4500190,Akash S. Bahuguna,MA,Applied Psychology,1
4500191,Kabir V. Sood,MA,Applied Psychology,1
4500192,Samarth A. Pandey,MA,Applied Psychology,1
4500193,Rishabh D. Basu,MA,Applied Psychology,1
4500194,Shagun K. Chauhan,MA,Applied Psychology,1
4500195,Arpit M. Soni,MA,Applied Psychology,1
4500197,Ira P. Mehra,MA,Applied Psychology,1
4500198,Jatin R. Kashyap,MA,Applied Psychology,1
4500199,Devansh S. Raturi,MA,Applied Psychology,1
4600031,Vikas V. Pundir,M.Sc,Bioinformatics,3
4600032,Aishwarya A. Goswami,M.Sc,Bioinformatics,3
4600033,Vivek D. Gaur,M.Sc,Bioinformatics,3
4600034,Sachin K. Nagi,M.Sc,Bioinformatics,3
4600035,Meera M. Gupta,M.Sc,Bioinformatics,3
4600036,Vinay P. Khanduri,M.Sc,Bioinformatics,3
4600037,Himanshu R. Chaudhary,M.Sc,Bioinformatics,3
4600038,Rishabh S. Soni,M.Sc,Bioinformatics,3
4600039,Ishaan V. Pokhriyal,M.Sc,Bioinformatics,3
4600040,Karan A. Rawat,M.Sc,Bioinformatics,3
4600041,Rishabh D. Negi,M.Sc,Bioinformatics,3
4600042,Khushi K. Nagi,M.Sc,Bioinformatics,3
4600043,Kajal M. Bijalwan,M.Sc,Bioinformatics,3
4600044,Harshita P. Juyal,M.Sc,Bioinformatics,3
4600045,Ruchi R. Arora,M.Sc,Bioinformatics,3
4600046,Anshika S. Trivedi,M.Sc,Bioinformatics,3
4600047,Tripti V. Raturi,M.Sc,Bioinformatics,3
4600048,Raj A. Rathi,M.Sc,Bioinformatics,3
4600049,Vishal D. Kandpal,M.Sc,Bioinformatics,3
4600050,Raghav K. Pundir,M.Sc,Bioinformatics,3
4600051,Gayatri M. Pokhriyal,M.Sc,Bioinformatics,3
4600052,Sanket P. Malhotra,M.Sc,Bioinformatics,3
4600061,Kartik R. Sood,M.Sc,Bioinformatics,1
4600062,Aarav S. Dhiman,M.Sc,Bioinformatics,1
4600063,Suhani V. Uniyal,M.Sc,Bioinformatics,1
4600064,Tushar A. Agarwal,M.Sc,Bioinformatics,1
4600065,Surbhi D. Pokhriyal,M.Sc,Bioinformatics,1
4600066,Chaitanya K. Srivastava,M.Sc,Bioinformatics,1
4600067,Kriti M. Maithani,M.Sc,Bioinformatics,1
4600068,Sagar P. Nagi,M.Sc,Bioinformatics,1
4600069,Ashish R. Rana,M.Sc,Bioinformatics,1
4600070,Ankita S. Sati,M.Sc,Bioinformatics,1
4600071,Ananya V. Bansal,M.Sc,Bioinformatics,1
4600072,Vaishnavi A. Verma,M.Sc,Bioinformatics,1
4600073,Rajat D. Dubey,M.Sc,Bioinformatics,1
4600074,Nandini K. Basu,M.Sc,Bioinformatics,1
4600075,Aishwarya M. Kukreti,M.Sc,Bioinformatics,1
4600076,Anjali P. Juyal,M.Sc,Bioinformatics,1
4600077,Diksha R. Garg,M.Sc,Bioinformatics,1
4600078,Diksha S. Tripathi,M.Sc,Bioinformatics,1
4600079,Karan V. Pundir,M.Sc,Bioinformatics,1
4600080,Disha A. Vats,M.Sc,Bioinformatics,1
4600081,Ajay D. Bhandari,M.Sc,Bioinformatics,1
4600083,Ravi K. Singh,M.Sc,Bioinformatics,1
4600084,Kartik M. Agarwal,M.Sc,Bioinformatics,1
4600085,Simran P. Rawal,M.Sc,Bioinformatics,1
4600086,Soumya R. Dabral,M.Sc,Bioinformatics,1
4600087,Kriti S. Kothari,M.Sc,Bioinformatics,1
4600088,Meera V. Kashyap,M.Sc,Bioinformatics,1
4700051,Simran A. Goswami,MA,English,4
4700052,Arpit D. Srivastava,MA,English,4
4700053,Gunjan K. Raturi,MA,English,4
4700054,Ishita M. Shukla,MA,English,4
4700055,Alok P. Khanduri,MA,English,4
4700056,Sanya R. Rathi,MA,English,4
4700058,Sandeep S. Tiwari,MA,English,4
4700060,Nandini V. Nautiyal,MA,English,4
4700062,Raj A. Oberoi,MA,English,4
4700063,Lavanya D. Maurya,MA,English,4
4700064,Anchal K. Kothari,MA,English,4
4700065,Meera M. Kothari,MA,English,4
4700066,Prateek P. Chauhan,MA,English,4
4700069,Rudra R. Bajaj,MA,English,4
4700081,Aman S. Sethi,MA,English,3
4700082,Mohit V. Goswami,MA,English,3
4700083,Vaibhav A. Arora,MA,English,3
4700084,Deepak D. Kukreti,MA,English,3
4700085,Bhavya K. Vats,MA,English,3
4700086,Shubham M. Thapliyal,MA,English,3
4700087,Mahima P. Gupta,MA,English,3
4700088,Dev R. Kothari,MA,English,3
4700089,Kunal S. Kashyap,MA,English,3
4700090,Nisha V. Bhatt,MA,English,3
4700091,Gayatri A. Bhandula,MA,English,3
4700092,Kartik D. Kukreti,MA,English,3
4700093,Khushi K. Anand,MA,English,3
4700094,Shruti M. Kothari,MA,English,3
4700095,Akshay P. Nainwal,MA,English,3
4700096,Prateek R. Tripathi,MA,English,3
4700097,Tanishq S. Singh,MA,English,3
4700098,Anshika V. Srivastava,MA,English,3
4700110,Tanvi A. Saxena,MA,English,1
4700111,Parth D. Basu,MA,English,1
4700112,Rakesh K. Bansal,MA,English,1
4700113,Yogesh M. Kapoor,MA,English,1
4700114,Shubham P. Bhatt,MA,English,1
4700115,Aarav R. Maurya,MA,English,1
4700116,Anjali S. Arora,MA,English,1
4700117,Tanmay V. Soni,MA,English,1
4800001,Ananya A. Kapoor,B.Sc,Aerospace,5
4800002,Ankit D. Uniyal,B.Sc,Aerospace,5
4800003,Vishal K. Maithani,B.Sc,Aerospace,5
4800004,Keshav M. Barthwal,B.Sc,Aerospace,5
4800005,Eshaan P. Arora,B.Sc,Aerospace,5
4800007,Abhay R. Kothari,B.Sc,Aerospace,5
4800008,Shalini S. Thakur,B.Sc,Aerospace,5
4800009,Nandini V. Gusain,B.Sc,Aerospace,5
4800010,Vishal A. Chopra,B.Sc,Aerospace,5
4800011,Shubham D. Semwal,B.Sc,Aerospace,5
4800012,Tanishq K. Trivedi,B.Sc,Aerospace,5
4800013,Pallavi M. Kimothi,B.Sc,Aerospace,5
4800014,Shruti P. Saini,B.Sc,Aerospace,5
4800015,Vansh R. Rastogi,B.Sc,Aerospace,5
4800016,Kavya S. Kapoor,B.Sc,Aerospace,5
4900001,Suhani V. Semwal,B.Sc,Clinical Psychology,3
4900002,Shreya A. Chopra,B.Sc,Clinical Psychology,3
4900003,Payal D. Gaur,B.Sc,Clinical Psychology,3
4900004,Chaitanya K. Kumar,B.Sc,Clinical Psychology,3
4900022,Saloni M. Walia,B.Sc,Clinical Psychology,1
4900023,Navya P. Lal,B.Sc,Clinical Psychology,1
4900024,Saurabh R. Chauhan,B.Sc,Clinical Psychology,1
4900025,Ashish S. Pundir,B.Sc,Clinical Psychology,1
4900026,Nikhil V. Kukreti,B.Sc,Clinical Psychology,1
4900027,Abhinav A. Pokhriyal,B.Sc,Clinical Psychology,1
4900028,Tushar D. Khanduri,B.Sc,Clinical Psychology,1
4900029,Payal K. Kothari,B.Sc,Clinical Psychology,1
4900030,Nikhil M. Uniyal,B.Sc,Clinical Psychology,1
4900031,Tripti P. Rawat,B.Sc,Clinical Psychology,1
4900032,Kunal R. Kapoor,B.Sc,Clinical Psychology,1
4900033,Sanket S. Mishra,B.Sc,Clinical Psychology,1
4900034,Garima V. Basu,B.Sc,Clinical Psychology,1
4900035,Pulkit A. Soni,B.Sc,Clinical Psychology,1
4900036,Shreya D. Nainwal,B.Sc,Clinical Psychology,1
4900037,Arpit K. Tiwari,B.Sc,Clinical Psychology,1
4900038,Alok M. Kothari,B.Sc,Clinical Psychology,1
4900039,Tanishq P. Gusain,B.Sc,Clinical Psychology,1
4900040,Khushi R. Pant,B.Sc,Clinical Psychology,1
4900041,Komal S. Patel,B.Sc,Clinical Psychology,1
4900042,Sara V. Gupta,B.Sc,Clinical Psychology,1
4900043,Vinay A. Bhandula,B.Sc,Clinical Psychology,1
4900044,Kunal D. Anand,B.Sc,Clinical Psychology,1
4900045,Varun K. Trivedi,B.Sc,Clinical Psychology,1
4900046,Tushar M. Malhotra,B.Sc,Clinical Psychology,1
4900047,Devansh P. Shukla,B.Sc,Clinical Psychology,1
4900048,Vaibhav R. Pokhriyal,B.Sc,Clinical Psychology,1
4900049,Ashutosh S. Semwal,B.Sc,Clinical Psychology,1
4900050,Naman V. Negi,B.Sc,Clinical Psychology,1
4900051,Vivek A. Nagi,B.Sc,Clinical Psychology,1
4900052,Anchal D. Yadav,B.Sc,Clinical Psychology,1
4900053,Saurabh K. Arora,B.Sc,Clinical Psychology,1
4900054,Rudra M. Aggarwal,B.Sc,Clinical Psychology,1
4900055,Shubham P. Kapoor,B.Sc,Clinical Psychology,1
4900056,Sakshi R. Mishra,B.Sc,Clinical Psychology,1
4900057,Yash S. Dangwal,B.Sc,Clinical Psychology,1
4900058,Abhay V. Sood,B.Sc,Clinical Psychology,1
4900059,Deepika A. Thapliyal,B.Sc,Clinical Psychology,1
4900060,Abhay D. Shukla,B.Sc,Clinical Psychology,1
4900061,Sanchi K. Bijalwan,B.Sc,Clinical Psychology,1
4900062,Kajal M. Basu,B.Sc,Clinical Psychology,1
4900063,Sakshi P. Thakur,B.Sc,Clinical Psychology,1
4900064,Riya R. Anand,B.Sc,Clinical Psychology,1
4900065,Dhruv S. Dubey,B.Sc,Clinical Psychology,1
4900066,Priya V. Gusain,B.Sc,Clinical Psychology,1
4900067,Sanchi A. Tripathi,B.Sc,Clinical Psychology,1
4900068,Siddharth D. Mittal,B.Sc,Clinical Psychology,1
4900069,Sagar K. Saxena,B.Sc,Clinical Psychology,1
4900070,Bhavya M. Bhandula,B.Sc,Clinical Psychology,1
4900071,Naveen P. Bahuguna,B.Sc,Clinical Psychology,1
4900072,Rohit R. Mehra,B.Sc,Clinical Psychology,1
4900073,Garima S. Dubey,B.Sc,Clinical Psychology,1
4900075,Bhavya V. Thapliyal,B.Sc,Clinical Psychology,1
4900076,Mahima A. Mahajan,B.Sc,Clinical Psychology,1
4900077,Akash D. Basu,B.Sc,Clinical Psychology,1
4900078,Kavya K. Tandon,B.Sc,Clinical Psychology,1
4900079,Naveen M. Basu,B.Sc,Clinical Psychology,1
4900080,Pranav P. Chopra,B.Sc,Clinical Psychology,1
4900081,Pulkit R. Pandey,B.Sc,Clinical Psychology,1
4900082,Vishal S. Tandon,B.Sc,Clinical Psychology,1
4900083,Pranav V. Sharma,B.Sc,Clinical Psychology,1
4900084,Tarun A. Bisht,B.Sc,Clinical Psychology,1
4900085,Jatin D. Chaudhary,B.Sc,Clinical Psychology,1
4900086,Jatin K. Bisht,B.Sc,Clinical Psychology,1
4900087,Jiya M. Barthwal,B.Sc,Clinical Psychology,1
4900088,Divya P. Basu,B.Sc,Clinical Psychology,1
4900089,Aryan R. Chamoli,B.Sc,Clinical Psychology,1
4900090,Himanshu S. Nanda,B.Sc,Clinical Psychology,1
4900091,Ajay V. Mittal,B.Sc,Clinical Psychology,1
4900092,Zoya A. Sinha,B.Sc,Clinical Psychology,1
4900093,Rakesh D. Nainwal,B.Sc,Clinical Psychology,1
4900094,Prateek K. Aggarwal,B.Sc,Clinical Psychology,1
4900095,Ravi M. Tiwari,B.Sc,Clinical Psychology,1
4900096,Mohit P. Bisht,B.Sc,Clinical Psychology,1
4900097,Divya R. Dobhal,B.Sc,Clinical Psychology,1
4900098,Himanshu S. Saini,B.Sc,Clinical Psychology,1
4900099,Vansh V. Sharma,B.Sc,Clinical Psychology,1
4900100,Ishita A. Barthwal,B.Sc,Clinical Psychology,1
4900101,Devansh D. Gusain,B.Sc,Clinical Psychology,1
4900102,Gunjan K. Pathak,B.Sc,Clinical Psychology,1
4900103,Sandeep M. Kukreti,B.Sc,Clinical Psychology,1
4900104,Nitin P. Mishra,B.Sc,Clinical Psychology,1
4900105,Vansh R. Aggarwal,B.Sc,Clinical Psychology,1
4900106,Naman S. Tomar,B.Sc,Clinical Psychology,1
4900107,Akshay V. Pathak,B.Sc,Clinical Psychology,1
4900108,Jiya A. Tandon,B.Sc,Clinical Psychology,1
4900109,Ayush D. Nainwal,B.Sc,Clinical Psychology,1
4900110,Arnav K. Lal,B.Sc,Clinical Psychology,1
4900111,Riya M. Trivedi,B.Sc,Clinical Psychology,1
4900112,Sanket P. Agarwal,B.Sc,Clinical Psychology,1
4900113,Raghav R. Sati,B.Sc,Clinical Psychology,1
4900114,Mridul S. Pokhriyal,B.Sc,Clinical Psychology,1
5500051,Meera V. Agarwal,BA,Sociology,5
5500052,Nidhi A. Gupta,BA,Sociology,5
5500071,Siddharth D. Vats,BA,Sociology,3
5500072,Ravi K. Chauhan,BA,Sociology,3
5500073,Mansi M. Sood,BA,Sociology,3
5500075,Sanjana P. Chopra,BA,Sociology,3
5500076,Vipul R. Bhardwaj,BA,Sociology,3
5500077,Yamini S. Thapliyal,BA,Sociology,3
5500091,Sachin V. Maithani,BA,Sociology,1
5500092,Samarth A. Arora,BA,Sociology,1
5500093,Mansi D. Badoni,BA,Sociology,1
5500094,Ashutosh K. Nainwal,BA,Sociology,1
5500095,Nikhil M. Maithani,BA,Sociology,1
5500096,Akash P. Mehta,BA,Sociology,1
5600051,Karan R. Dangwal,B.Sc,Geology,6
5600052,Surbhi S. Goel,B.Sc,Geology,6
5600053,Yuvraj V. Khanduri,B.Sc,Geology,6
5600054,Priya A. Nainwal,B.Sc,Geology,6
5600055,Aryan D. Joshi,B.Sc,Geology,6
5600056,Chetan K. Agarwal,B.Sc,Geology,6
5600057,Vaishnavi M. Basu,B.Sc,Geology,6
5600081,Ankita P. Chamoli,B.Sc,Geology,5
5600082,Sumit R. Chaudhary,B.Sc,Geology,5
5600083,Sarthak S. Srivastava,B.Sc,Geology,5
5600084,Zoya V. Arora,B.Sc,Geology,5
5600085,Kunal A. Walia,B.Sc,Geology,5
5600086,Shubham D. Sethi,B.Sc,Geology,5
5600087,Komal K. Bisht,B.Sc,Geology,5
5600088,Shagun M. Aggarwal,B.Sc,Geology,5
5600101,Ruchi P. Tandon,B.Sc,Geology,3
5600103,Mohit R. Nagi,B.Sc,Geology,3
5600104,Sarthak S. Patel,B.Sc,Geology,3
5600105,Tanishq V. Mishra,B.Sc,Geology,3
5600106,Sonal A. Bisht,B.Sc,Geology,3
5600107,Ajay D. Khurana,B.Sc,Geology,3
5600108,Yogesh K. Dhiman,B.Sc,Geology,3
5600109,Jatin M. Verma,B.Sc,Geology,3
5600121,Alok P. Bhandula,B.Sc,Geology,1
5600122,Gayatri R. Uniyal,B.Sc,Geology,1
5600123,Payal S. Dabral,B.Sc,Geology,1
5600124,Yashika V. Mehra,B.Sc,Geology,1
5600125,Gautam A. Basu,B.Sc,Geology,1
5600126,Nandini D. Sood,B.Sc,Geology,1
5600127,Pulkit K. Srivastava,B.Sc,Geology,1
5600128,Shagun M. Mehra,B.Sc,Geology,1
5600129,Himanshu P. Khanduri,B.Sc,Geology,1
5600130,Neha R. Badoni,B.Sc,Geology,1
5600131,Shreya S. Nautiyal,B.Sc,Geology,1
5700051,Aditi V. Pathak,B.Sc,Nutrition & Dietetics,6
5700052,Sagar A. Anand,B.Sc,Nutrition & Dietetics,6
5700053,Rakesh D. Arora,B.Sc,Nutrition & Dietetics,6
5700054,Vansh K. Parmar,B.Sc,Nutrition & Dietetics,6
5700056,Yamini M. Aggarwal,B.Sc,Nutrition & Dietetics,7
5700057,Akanksha P. Gupta,B.Sc,Nutrition & Dietetics,7
5700058,Aishwarya R. Pundir,B.Sc,Nutrition & Dietetics,7
5700059,Anmol S. Mittal,B.Sc,Nutrition & Dietetics,6
5700060,Arjun V. Sood,B.Sc,Nutrition & Dietetics,6
5700064,Aishwarya A. Maithani,B.Sc,Nutrition & Dietetics,6
5700101,Arjun D. Dabral,B.Sc,Nutrition & Dietetics,5
5700102,Saurabh K. Kimothi,B.Sc,Nutrition & Dietetics,5
5700104,Sanya M. Malhotra,B.Sc,Nutrition & Dietetics,5
5700105,Pooja P. Arora,B.Sc,Nutrition & Dietetics,5
5700106,Amit R. Vats,B.Sc,Nutrition & Dietetics,5
5700107,Ruchi S. Joshi,B.Sc,Nutrition & Dietetics,5
5700108,Kabir V. Juyal,B.Sc,Nutrition & Dietetics,5
5700109,Arnav A. Raturi,B.Sc,Nutrition & Dietetics,5
5700110,Ramya D. Nautiyal,B.Sc,Nutrition & Dietetics,5
5700111,Tanvi K. Yadav,B.Sc,Nutrition & Dietetics,5
5700112,Arjun M. Joshi,B.Sc,Nutrition & Dietetics,5
5700113,Aditi P. Chauhan,B.Sc,Nutrition & Dietetics,5
5700114,Mayank R. Pundir,B.Sc,Nutrition & Dietetics,5
5700115,Mahima S. Mehta,B.Sc,Nutrition & Dietetics,5
5700116,Shivani V. Uniyal,B.Sc,Nutrition & Dietetics,5
5700117,Gautam A. Chauhan,B.Sc,Nutrition & Dietetics,5
5700118,Bhavya D. Pundir,B.Sc,Nutrition & Dietetics,5
5700119,Ramya K. Lal,B.Sc,Nutrition & Dietetics,5
5700120,Akshay M. Nanda,B.Sc,Nutrition & Dietetics,5
5700121,Priyanka P. Rawal,B.Sc,Nutrition & Dietetics,5
5700122,Bhavya R. Bijalwan,B.Sc,Nutrition & Dietetics,5
5700123,Aarav S. Bhandula,B.Sc,Nutrition & Dietetics,5
5700151,Kunal V. Bhatt,B.Sc,Nutrition & Dietetics,3
5700152,Srishti A. Shukla,B.Sc,Nutrition & Dietetics,3
5700153,Himanshu D. Soni,B.Sc,Nutrition & Dietetics,3
5700154,Ashish K. Trivedi,B.Sc,Nutrition & Dietetics,3
5700155,Samarth M. Oberoi,B.Sc,Nutrition & Dietetics,3
5700156,Yuvraj P. Bajaj,B.Sc,Nutrition & Dietetics,3
5700157,Divya R. Arora,B.Sc,Nutrition & Dietetics,3
5700158,Aditya S. Mishra,B.Sc,Nutrition & Dietetics,3
5700159,Aditya V. Tomar,B.Sc,Nutrition & Dietetics,3
5700160,Shruti A. Negi,B.Sc,Nutrition & Dietetics,3
5700161,Sumit D. Yadav,B.Sc,Nutrition & Dietetics,3
5700162,Shivani K. Negi,B.Sc,Nutrition & Dietetics,3
5700163,Deepika M. Malhotra,B.Sc,Nutrition & Dietetics,3
5700164,Keshav P. Srivastava,B.Sc,Nutrition & Dietetics,3
5700165,Eshaan R. Bijalwan,B.Sc,Nutrition & Dietetics,3
5700166,Khushi S. Lal,B.Sc,Nutrition & Dietetics,3
5700167,Pallavi V. Rajput,B.Sc,Nutrition & Dietetics,2
5700168,Ananya A. Shukla,B.Sc,Nutrition & Dietetics,3
5700169,Kajal D. Mahajan,B.Sc,Nutrition & Dietetics,3
5700170,Mehak K. Thakur,B.Sc,Nutrition & Dietetics,3
5700171,Sandeep M. Srivastava,B.Sc,Nutrition & Dietetics,3
5700172,Sneha P. Lal,B.Sc,Nutrition & Dietetics,3
5700173,Raghav R. Garg,B.Sc,Nutrition & Dietetics,3
5700201,Rudra S. Nautiyal,B.Sc,Nutrition & Dietetics,1
5700202,Ramya V. Tomar,B.Sc,Nutrition & Dietetics,1
5700203,Parth A. Malhotra,B.Sc,Nutrition & Dietetics,1
5700204,Sachin D. Goswami,B.Sc,Nutrition & Dietetics,1
5700205,Garima K. Singh,B.Sc,Nutrition & Dietetics,1
5700206,Shreya M. Rautela,B.Sc,Nutrition & Dietetics,1
5700208,Uday P. Bhatt,B.Sc,Nutrition & Dietetics,1
5700209,Surbhi R. Bajaj,B.Sc,Nutrition & Dietetics,1
5700210,Ravi S. Yadav,B.Sc,Nutrition & Dietetics,1
5700211,Palak V. Pandey,B.Sc,Nutrition & Dietetics,1
5700212,Chaitanya A. Bisht,B.Sc,Nutrition & Dietetics,1
5700214,Tushar D. Rajput,B.Sc,Nutrition & Dietetics,1
5700215,Radhika K. Oberoi,B.Sc,Nutrition & Dietetics,1
5700217,Rishabh M. Chopra,B.Sc,Nutrition & Dietetics,1
5700218,Sanket P. Rawat,B.Sc,Nutrition & Dietetics,1
5700219,Laksh R. Dubey,B.Sc,Nutrition & Dietetics,1
5700220,Simran S. Maurya,B.Sc,Nutrition & Dietetics,1
5700221,Suhani V. Tomar,B.Sc,Nutrition & Dietetics,1
5700222,Pulkit A. Bhandari,B.Sc,Nutrition & Dietetics,1
5700223,Anuj D. Parmar,B.Sc,Nutrition & Dietetics,1
5800061,Karan K. Walia,M.Sc,Chemistry,4
5800062,Sachin M. Lal,M.Sc,Chemistry,4
5800063,Aditi P. Bhardwaj,M.Sc,Chemistry,4
5800064,Raghav R. Bansal,M.Sc,Chemistry,4
5800081,Kriti S. Mishra,M.Sc,Chemistry,3
5800082,Vishal V. Khurana,M.Sc,Chemistry,3
5800091,Ashutosh A. Barthwal,M.Sc,Chemistry,1
5800092,Anchal D. Walia,M.Sc,Chemistry,1
5800093,Bhumika K. Basu,M.Sc,Chemistry,1
5900051,Anushka M. Nagi,M.Sc,Applied Geology,4
5900052,Sarthak P. Khanduri,M.Sc,Applied Geology,4
5900053,Ansh R. Verma,M.Sc,Applied Geology,4
5900054,Arpit S. Goswami,M.Sc,Applied Geology,4
5900055,Sagar V. Saini,M.Sc,Applied Geology,4
5900056,Shivani A. Mahajan,M.Sc,Applied Geology,4
5900057,Shivani D. Dimri,M.Sc,Applied Geology,4
5900058,Ashutosh K. Rastogi,M.Sc,Applied Geology,4
5900059,Sanya M. Nanda,M.Sc,Applied Geology,4
5900081,Prateek P. Bhardwaj,M.Sc,Applied Geology,3
5900082,Pranav R. Tripathi,M.Sc,Applied Geology,3
5900083,Alok S. Sood,M.Sc,Applied Geology,3
5900084,Aditya V. Kapoor,M.Sc,Applied Geology,3
5900085,Lavanya A. Kothari,M.Sc,Applied Geology,3
5900086,Rohit D. Khurana,M.Sc,Applied Geology,3
5900087,Tanishq K. Goswami,M.Sc,Applied Geology,3
5900088,Soumya M. Rajput,M.Sc,Applied Geology,3
6200001,Ira P. Juyal,B.Sc,Forensic Science,6
6200002,Manish R. Yadav,B.Sc,Forensic Science,6
6200003,Raj S. Rana,B.Sc,Forensic Science,6
6200004,Sachin V. Aggarwal,B.Sc,Forensic Science,6
6200005,Ashutosh A. Vats,B.Sc,Forensic Science,6
6200006,Amit D. Tiwari,B.Sc,Forensic Science,6
6200007,Shagun K. Barthwal,B.Sc,Forensic Science,6
6200008,Diksha M. Khurana,B.Sc,Forensic Science,6
6200009,Akash P. Goswami,B.Sc,Forensic Science,6
6200010,Priya R. Anand,B.Sc,Forensic Science,6
6200011,Mohit S. Badoni,B.Sc,Forensic Science,6
6200012,Divya V. Mehra,B.Sc,Forensic Science,6
6200013,Lakshya A. Semwal,B.Sc,Forensic Science,6
6200014,Diksha D. Oberoi,B.Sc,Forensic Science,6
6200015,Mridul K. Rautela,B.Sc,Forensic Science,6
6200016,Yogesh M. Thakur,B.Sc,Forensic Science,6
6200017,Riya P. Gaur,B.Sc,Forensic Science,6
6200018,Kabir R. Parmar,B.Sc,Forensic Science,6
6200019,Mridul S. Kothari,B.Sc,Forensic Science,6
6200020,Shagun V. Pathak,B.Sc,Forensic Science,6
6200021,Vandana A. Jain,B.Sc,Forensic Science,6
6200022,Vandana D. Nainwal,B.Sc,Forensic Science,6
6200023,Anmol K. Khurana,B.Sc,Forensic Science,6
6200024,Uday M. Lal,B.Sc,Forensic Science,6
6200025,Lakshya P. Bhandula,B.Sc,Forensic Science,6
6200026,Jiya R. Juyal,B.Sc,Forensic Science,6
6200027,Deepika S. Bhandari,B.Sc,Forensic Science,6
6200051,Surbhi V. Bhandula,B.Sc,Forensic Science,5
6200052,Sanya A. Dobhal,B.Sc,Forensic Science,5
6200053,Charvi D. Rathi,B.Sc,Forensic Science,5
6200054,Vaibhav K. Dangwal,B.Sc,Forensic Science,5
6200055,Shalini M. Juyal,B.Sc,Forensic Science,5
6200056,Siddharth P. Walia,B.Sc,Forensic Science,5
6200057,Ishita R. Pandey,B.Sc,Forensic Science,5
6200058,Uday S. Kapoor,B.Sc,Forensic Science,5
6200059,Dev V. Dabral,B.Sc,Forensic Science,5
6200060,Khushi A. Dhiman,B.Sc,Forensic Science,5
6200061,Pooja D. Anand,B.Sc,Forensic Science,5
6200062,Vandana K. Khanduri,B.Sc,Forensic Science,5
6200063,Vedant M. Kimothi,B.Sc,Forensic Science,5
6200064,Shagun P. Bhatt,B.Sc,Forensic Science,5
6200065,Ishaan R. Mehta,B.Sc,Forensic Science,5
6200066,Gaurav S. Bhatt,B.Sc,Forensic Science,5
6200067,Disha V. Dangwal,B.Sc,Forensic Science,5
6200068,Harshita A. Nagi,B.Sc,Forensic Science,5
6200069,Dhruv D. Lal,B.Sc,Forensic Science,5
6200070,Ishita K. Chopra,B.Sc,Forensic Science,5
6200071,Lavanya M. Rathi,B.Sc,Forensic Science,5
6200072,Preeti P. Maurya,B.Sc,Forensic Science,5
6200073,Akanksha R. Dabral,B.Sc,Forensic Science,5
6200074,Yogesh S. Malhotra,B.Sc,Forensic Science,5
6200075,Aditi V. Soni,B.Sc,Forensic Science,5
6200076,Ajay A. Arora,B.Sc,Forensic Science,5
6200077,Lavanya D. Kandpal,B.Sc,Forensic Science,5
6200078,Lavanya K. Chaudhary,B.Sc,Forensic Science,5
6200079,Manav M. Pathak,B.Sc,Forensic Science,5
6200080,Uday P. Rawal,B.Sc,Forensic Science,5
6200081,Rishabh R. Goel,B.Sc,Forensic Science,5
6200082,Alok S. Mahajan,B.Sc,Forensic Science,5
6200083,Anshika V. Saxena,B.Sc,Forensic Science,5
6200084,Tripti A. Oberoi,B.Sc,Forensic Science,5
6200085,Sagar D. Pandey,B.Sc,Forensic Science,5
6200086,Akshay K. Bhardwaj,B.Sc,Forensic Science,5
6200087,Devansh M. Walia,B.Sc,Forensic Science,5
6200088,Mansi P. Juyal,B.Sc,Forensic Science,5
6200089,Laksh R. Saini,B.Sc,Forensic Science,5
6200090,Yashika S. Nainwal,B.Sc,Forensic Science,5
6200091,Yuvraj V. Agarwal,B.Sc,Forensic Science,5
6200092,Ashish A. Dobhal,B.Sc,Forensic Science,5
6200093,Udit D. Anand,B.Sc,Forensic Science,5
6200094,Ashutosh K. Bisht,B.Sc,Forensic Science,5
6200095,Nisha M. Pandey,B.Sc,Forensic Science,5
6200096,Pooja P. Dhiman,B.Sc,Forensic Science,5
6200097,Gautam R. Pundir,B.Sc,Forensic Science,5
6200098,Ravi S. Juyal,B.Sc,Forensic Science,4
6200099,Sachin V. Dangwal,B.Sc,Forensic Science,5
6200102,Surbhi A. Raturi,B.Sc,Forensic Science,5
6200103,Anshika D. Gaur,B.Sc,Forensic Science,5
6200104,Tripti K. Pandey,B.Sc,Forensic Science,5
6200105,Disha M. Sharma,B.Sc,Forensic Science,5
6200106,Ankita P. Walia,B.Sc,Forensic Science,5
6200107,Gayatri R. Badoni,B.Sc,Forensic Science,5
6200108,Ashish S. Sinha,B.Sc,Forensic Science,5
6200109,Anchal V. Panwar,B.Sc,Forensic Science,5
6200111,Dev A. Garg,B.Sc,Forensic Science,5
6200112,Yash D. Dubey,B.Sc,Forensic Science,5
6200121,Ira K. Bansal,B.Sc,Forensic Science,3
6200122,Shivani M. Pokhriyal,B.Sc,Forensic Science,3
6200123,Simran P. Negi,B.Sc,Forensic Science,3
6200124,Ravi R. Nanda,B.Sc,Forensic Science,3
6200125,Tripti S. Singh,B.Sc,Forensic Science,3
6200126,Riya V. Chopra,B.Sc,Forensic Science,3
6200127,Kriti A. Tiwari,B.Sc,Forensic Science,3
6200128,Prateek D. Dabral,B.Sc,Forensic Science,3
6200129,Dhruv K. Khanduri,B.Sc,Forensic Science,3
6200130,Chaitanya M. Sood,B.Sc,Forensic Science,3
6200131,Amit P. Goel,B.Sc,Forensic Science,3
6200132,Anshika R. Arora,B.Sc,Forensic Science,3
6200133,Hemant S. Lal,B.Sc,Forensic Science,3
6200135,Preeti V. Kothari,B.Sc,Forensic Science,3
6200136,Harsh A. Kandpal,B.Sc,Forensic Science,3
6200137,Sarthak D. Gupta,B.Sc,Forensic Science,3
6200138,Aman K. Khanduri,B.Sc,Forensic Science,3
6200139,Srishti M. Rawat,B.Sc,Forensic Science,3
6200140,Naveen P. Bijalwan,B.Sc,Forensic Science,3
6200141,Aditya R. Raturi,B.Sc,Forensic Science,3
6200142,Sonal S. Mahajan,B.Sc,Forensic Science,3
6200143,Arnav V. Pandey,B.Sc,Forensic Science,3
6200144,Aishwarya A. Shukla,B.Sc,Forensic Science,3
6200145,Sneha D. Rastogi,B.Sc,Forensic Science,3
6200146,Dev K. Sati,B.Sc,Forensic Science,3
6200147,Devansh M. Gaur,B.Sc,Forensic Science,3
6200148,Shagun P. Bhardwaj,B.Sc,Forensic Science,3
6200149,Komal R. Malhotra,B.Sc,Forensic Science,3
6200150,Naveen S. Srivastava,B.Sc,Forensic Science,3
6200151,Kamal V. Anand,B.Sc,Forensic Science,3
6200152,Tanishq A. Chopra,B.Sc,Forensic Science,3
6200153,Palak D. Patel,B.Sc,Forensic Science,3
6200154,Vaishnavi K. Joshi,B.Sc,Forensic Science,3
6200155,Archit M. Malhotra,B.Sc,Forensic Science,3
6200156,Vikram P. Lal,B.Sc,Forensic Science,3
6200157,Yuvraj R. Kandpal,B.Sc,Forensic Science,3
6200158,Divya S. Shukla,B.Sc,Forensic Science,3
6200159,Vipul V. Pandey,B.Sc,Forensic Science,3
6200160,Bhavya A. Panwar,B.Sc,Forensic Science,3
6200161,Diksha D. Dubey,B.Sc,Forensic Science,3
6200162,Surbhi K. Kapoor,B.Sc,Forensic Science,3
6200163,Sonal M. Uniyal,B.Sc,Forensic Science,3
6200164,Dhruv P. Khurana,B.Sc,Forensic Science,3
6200165,Ruchi R. Kothari,B.Sc,Forensic Science,3
6200166,Pallavi S. Saini,B.Sc,Forensic Science,3
6200167,Komal V. Chamoli,B.Sc,Forensic Science,3
6200168,Pallavi A. Raturi,B.Sc,Forensic Science,3
6200169,Ramya D. Panwar,B.Sc,Forensic Science,3
6200170,Sanya K. Bhandari,B.Sc,Forensic Science,3
6200171,Ashish M. Sethi,B.Sc,Forensic Science,3
6200172,Vipul P. Maurya,B.Sc,Forensic Science,3
6200173,Tanmay R. Rawat,B.Sc,Forensic Science,3
6200174,Garima S. Pokhriyal,B.Sc,Forensic Science,3
6200175,Vedant V. Yadav,B.Sc,Forensic Science,3
6200176,Omkar A. Dabral,B.Sc,Forensic Science,3
6200177,Vikas D. Mishra,B.Sc,Forensic Science,3
6200178,Priyanka K. Badoni,B.Sc,Forensic Science,3
6200179,Rahul M. Kashyap,B.Sc,Forensic Science,3
6200180,Zoya P. Nagi,B.Sc,Forensic Science,3
6200181,Disha R. Thakur,B.Sc,Forensic Science,3
6200182,Kabir S. Srivastava,B.Sc,Forensic Science,3
6200183,Pooja V. Rautela,B.Sc,Forensic Science,3
6200184,Keshav A. Sood,B.Sc,Forensic Science,3
6200185,Sahil D. Dobhal,B.Sc,Forensic Science,3
6200186,Vipul K. Panwar,B.Sc,Forensic Science,3
6200187,Vandana M. Parmar,B.Sc,Forensic Science,3
6200188,Garima P. Sethi,B.Sc,Forensic Science,3
6200189,Devansh R. Dabral,B.Sc,Forensic Science,3
6200190,Vaishnavi S. Singh,B.Sc,Forensic Science,3
6200191,Yuvraj V. Negi,B.Sc,Forensic Science,3
6200192,Lavanya A. Bhardwaj,B.Sc,Forensic Science,3
6200193,Vishal D. Sood,B.Sc,Forensic Science,3
6200194,Harsh K. Singh,B.Sc,Forensic Science,3
6200195,Varun M. Yadav,B.Sc,Forensic Science,3
6200196,Dev P. Kukreti,B.Sc,Forensic Science,3
6200197,Nikhil R. Oberoi,B.Sc,Forensic Science,3
6200198,Ansh S. Bisht,B.Sc,Forensic Science,3
6200199,Rudra V. Kukreti,B.Sc,Forensic Science,3
6200200,Shalini A. Rautela,B.Sc,Forensic Science,3
6200201,Parth D. Barthwal,B.Sc,Forensic Science,3
6200202,Hardik K. Maithani,B.Sc,Forensic Science,3
6200203,Mehak M. Bhandari,B.Sc,Forensic Science,3
6200204,Priyanka P. Negi,B.Sc,Forensic Science,3
6200205,Nisha R. Rastogi,B.Sc,Forensic Science,3
6200206,Muskan S. Goswami,B.Sc,Forensic Science,3
6200207,Himanshu V. Thakur,B.Sc,Forensic Science,3
6200208,Vidhi A. Bhandula,B.Sc,Forensic Science,3
6200209,Priya D. Kumar,B.Sc,Forensic Science,3
6200210,Deepak K. Kapoor,B.Sc,Forensic Science,3
6200211,Yash M. Bajaj,B.Sc,Forensic Science,3
6200212,Muskan P. Kandpal,B.Sc,Forensic Science,3
6200252,Zoya R. Gupta,B.Sc,Forensic Science,1
6200253,Anushka S. Rastogi,B.Sc,Forensic Science,1
6200254,Raj V. Bijalwan,B.Sc,Forensic Science,1
6200255,Gaurav A. Bhandula,B.Sc,Forensic Science,1
6200256,Amit D. Rawat,B.Sc,Forensic Science,1
6200257,Deepak K. Goel,B.Sc,Forensic Science,1
6200258,Sahil M. Rawat,B.Sc,Forensic Science,1
6200259,Arpit P. Mishra,B.Sc,Forensic Science,1
6200260,Ayush R. Dobhal,B.Sc,Forensic Science,1
6200261,Pulkit S. Chaudhary,B.Sc,Forensic Science,1
6200262,Mohit V. Semwal,B.Sc,Forensic Science,1
6200263,Rakesh A. Dobhal,B.Sc,Forensic Science,1
6200264,Raj D. Tiwari,B.Sc,Forensic Science,1
6200265,Vikas K. Dobhal,B.Sc,Forensic Science,1
6200266,Tanvi M. Arora,B.Sc,Forensic Science,1
6200267,Siddharth P. Rastogi,B.Sc,Forensic Science,1
6200268,Rohit R. Singh,B.Sc,Forensic Science,1
6200270,Saloni S. Basu,B.Sc,Forensic Science,1
6200271,Charvi V. Tomar,B.Sc,Forensic Science,1
6200272,Mahima A. Bhandari,B.Sc,Forensic Science,1
6200273,Ayush D. Dabral,B.Sc,Forensic Science,1
6200274,Manav K. Rajput,B.Sc,Forensic Science,1
6200275,Kriti M. Barthwal,B.Sc,Forensic Science,1
6200276,Mridul P. Trivedi,B.Sc,Forensic Science,1
6200277,Vaishnavi R. Walia,B.Sc,Forensic Science,1
6200278,Vedant S. Oberoi,B.Sc,Forensic Science,1
6200279,Rahul V. Rajput,B.Sc,Forensic Science,1
6200280,Tushar A. Rawat,B.Sc,Forensic Science,1
6200281,Garima D. Juyal,B.Sc,Forensic Science,1
6200282,Nidhi K. Tripathi,B.Sc,Forensic Science,1
6200284,Amit M. Sood,B.Sc,Forensic Science,1
6200285,Kamal P. Kashyap,B.Sc,Forensic Science,1
6200286,Ansh R. Pandey,B.Sc,Forensic Science,1
6200287,Abhay S. Uniyal,B.Sc,Forensic Science,1
6200288,Charvi V. Goel,B.Sc,Forensic Science,1
6200289,Deepika A. Bisht,B.Sc,Forensic Science,1
6200290,Rahul D. Gaur,B.Sc,Forensic Science,1
6200291,Simran K. Bisht,B.Sc,Forensic Science,1
6200292,Abhay M. Goel,B.Sc,Forensic Science,1
6200293,Rakesh P. Kukreti,B.Sc,Forensic Science,1
6200294,Charvi R. Rana,B.Sc,Forensic Science,1
6200295,Pulkit S. Bajaj,B.Sc,Forensic Science,1
6200296,Nandini V. Saxena,B.Sc,Forensic Science,1
6200297,Archit A. Dobhal,B.Sc,Forensic Science,1
6200298,Jaya D. Bhardwaj,B.Sc,Forensic Science,1
6200299,Anjali K. Oberoi,B.Sc,Forensic Science,1
6200300,Anchal M. Sharma,B.Sc,Forensic Science,1
6200302,Raghav P. Mehta,B.Sc,Forensic Science,1
6200303,Vikram R. Rastogi,B.Sc,Forensic Science,1
6200304,Keshav S. Sethi,B.Sc,Forensic Science,1
6200305,Pallavi V. Lal,B.Sc,Forensic Science,1
6200306,Sonal A. Soni,B.Sc,Forensic Science,1
6200307,Hemant D. Semwal,B.Sc,Forensic Science,1
6200308,Vaishnavi K. Dimri,B.Sc,Forensic Science,1
6200309,Ishita M. Goswami,B.Sc,Forensic Science,1
6200310,Vinay P. Uniyal,B.Sc,Forensic Science,1
6200311,Vishal R. Kimothi,B.Sc,Forensic Science,1
6200312,Yogesh S. Bhardwaj,B.Sc,Forensic Science,1
6200313,Meera V. Pathak,B.Sc,Forensic Science,1
6200314,Rudra A. Lal,B.Sc,Forensic Science,1
6200315,Sahil D. Dubey,B.Sc,Forensic Science,1
6200316,Sakshi K. Tripathi,B.Sc,Forensic Science,1
6200317,Kunal M. Dabral,B.Sc,Forensic Science,1
6200318,Manish P. Sharma,B.Sc,Forensic Science,1
6200319,Simran R. Sharma,B.Sc,Forensic Science,1
6200320,Nidhi S. Gaur,B.Sc,Forensic Science,1
6200321,Anjali V. Bahuguna,B.Sc,Forensic Science,1
6200322,Chaitanya A. Gusain,B.Sc,Forensic Science,1
6200323,Sonal D. Maurya,B.Sc,Forensic Science,1
6200324,Ira K. Mittal,B.Sc,Forensic Science,1
6200325,Himanshu M. Patel,B.Sc,Forensic Science,1
6200326,Sarthak P. Yadav,B.Sc,Forensic Science,1
6200327,Kartik R. Trivedi,B.Sc,Forensic Science,1
6200328,Gaurav S. Basu,B.Sc,Forensic Science,1
6200329,Vipul V. Tandon,B.Sc,Forensic Science,1
6200330,Jatin A. Bhandula,B.Sc,Forensic Science,1
6200331,Ishaan D. Gupta,B.Sc,Forensic Science,1
6200332,Nitin K. Thakur,B.Sc,Forensic Science,1
6200333,Surbhi M. Sood,B.Sc,Forensic Science,1
6200334,Vinay P. Chauhan,B.Sc,Forensic Science,1
6200335,Deepika R. Mahajan,B.Sc,Forensic Science,1
6200336,Pallavi S. Bhandula,B.Sc,Forensic Science,1
6200337,Vikram V. Tandon,B.Sc,Forensic Science,1
6200338,Nisha A. Goel,B.Sc,Forensic Science,1
6200339,Deepika D. Sinha,B.Sc,Forensic Science,1
6200340,Sachin K. Rathi,B.Sc,Forensic Science,1
6200341,Devansh M. Sinha,B.Sc,Forensic Science,1
6200342,Arjun P. Agarwal,B.Sc,Forensic Science,1
6200343,Jatin R. Rathi,B.Sc,Forensic Science,1
6200344,Neha S. Joshi,B.Sc,Forensic Science,1
6200345,Nisha V. Sharma,B.Sc,Forensic Science,1
6200346,Pulkit A. Thakur,B.Sc,Forensic Science,1
6200347,Preeti D. Patel,B.Sc,Forensic Science,1
6200348,Vishal K. Goswami,B.Sc,Forensic Science,1
6200349,Shreya M. Juyal,B.Sc,Forensic Science,1
6200350,Amit P. Negi,B.Sc,Forensic Science,1
6200351,Omkar R. Chopra,B.Sc,Forensic Science,1
6200352,Prachi S. Dobhal,B.Sc,Forensic Science,1
6200353,Vivek V. Maurya,B.Sc,Forensic Science,1
6200354,Lakshya A. Panwar,B.Sc,Forensic Science,1
6200355,Eshaan D. Bhardwaj,B.Sc,Forensic Science,1
6200356,Mehak K. Lal,B.Sc,Forensic Science,1
6200358,Eshaan M. Soni,B.Sc,Forensic Science,1
6200359,Akanksha P. Rawal,B.Sc,Forensic Science,1
6200360,Vipul R. Bajaj,B.Sc,Forensic Science,1
6200362,Sarthak S. Vats,B.Sc,Forensic Science,1
6200363,Deepak V. Chaudhary,B.Sc,Forensic Science,1
6200364,Rishabh A. Mittal,B.Sc,Forensic Science,1
6200365,Naman D. Thakur,B.Sc,Forensic Science,1
6200366,Pulkit K. Kandpal,B.Sc,Forensic Science,1
6200367,Vishal M. Anand,B.Sc,Forensic Science,1
6200368,Prateek P. Trivedi,B.Sc,Forensic Science,1
6200369,Palak R. Raturi,B.Sc,Forensic Science,1
6200370,Yogesh S. Anand,B.Sc,Forensic Science,1
6200371,Ira V. Patel,B.Sc,Forensic Science,1
6200372,Kavya A. Rana,B.Sc,Forensic Science,1
6200373,Disha D. Goswami,B.Sc,Forensic Science,1
6200374,Arpit K. Pundir,B.Sc,Forensic Science,1
6200376,Sonal M. Trivedi,B.Sc,Forensic Science,1
6200377,Rohan P. Saxena,B.Sc,Forensic Science,1
6200378,Mayank R. Pathak,B.Sc,Forensic Science,1
6200379,Yogesh S. Mishra,B.Sc,Forensic Science,1
6700001,Shivani V. Nainwal,BA LLB,Law,3
6700002,Kriti A. Sinha,BA LLB,Law,3
6700003,Abhinav D. Mishra,BA LLB,Law,3
6700004,Vikram K. Sood,BA LLB,Law,3
6700005,Aditya M. Lal,BA LLB,Law,3
6700006,Anjali P. Pant,BA LLB,Law,3
6700007,Vishal R. Bahuguna,BA LLB,Law,3
6700008,Mahima S. Kukreti,BA LLB,Law,3
6700009,Shalini V. Yadav,BA LLB,Law,3
6700010,Vinay A. Sinha,BA LLB,Law,3
6700011,Anmol D. Gaur,BA LLB,Law,3
6700021,Sonal K. Kimothi,BA LLB,Law,1
6700022,Uday M. Trivedi,BA LLB,Law,1
6700023,Ansh P. Semwal,BA LLB,Law,1
6700024,Laksh R. Sharma,BA LLB,Law,1
6700025,Vansh S. Sati,BA LLB,Law,1
6700026,Archit V. Dangwal,BA LLB,Law,1
6800001,Sarthak A. Bahuguna,BBA LLB,Law,3
6800002,Zoya D. Kimothi,BBA LLB,Law,3
6800003,Pallavi K. Basu,BBA LLB,Law,3
6800004,Aman M. Lal,BBA LLB,Law,3
6800005,Nitin P. Badoni,BBA LLB,Law,3
6800006,Komal R. Dhiman,BBA LLB,Law,3
6800007,Nidhi S. Srivastava,BBA LLB,Law,3
6800008,Vaishnavi V. Nanda,BBA LLB,Law,3
6800009,Hardik A. Rastogi,BBA LLB,Law,3
6800010,Sonal D. Nanda,BBA LLB,Law,3
6800021,Manav K. Dhiman,BBA LLB,Law,1
6800022,Nisha M. Maithani,BBA LLB,Law,1
6800023,Pulkit P. Arora,BBA LLB,Law,1
6800024,Sanjana R. Kandpal,BBA LLB,Law,1
6900001,Kavya S. Pandey,MA,Political Science,2
6900002,Tushar V. Tandon,MA,Political Science,3
6900004,Komal A. Aggarwal,MA,Political Science,3
6900005,Arpit D. Mahajan,MA,Political Science,3
6900010,Tanvi K. Kashyap,MA,Political Science,3
6900021,Zoya M. Gusain,MA,Political Science,1
6900022,Shalini P. Patel,MA,Political Science,1
6900023,Tushar R. Gusain,MA,Political Science,1
6900024,Naman S. Kukreti,MA,Political Science,1
6900025,Uday V. Tripathi,MA,Political Science,1
6900026,Shagun A. Rautela,MA,Political Science,1
6900027,Abhinav D. Maurya,MA,Political Science,1
6900028,Shagun K. Patel,MA,Political Science,1
6900029,Yamini M. Dubey,MA,Political Science,1
6900030,Ayush P. Gusain,MA,Political Science,1
6900031,Sachin R. Nautiyal,MA,Political Science,1
7000001,Hemant S. Maurya,MA,Economics,3
7000002,Saloni V. Nagi,MA,Economics,3
7000003,Rahul A. Trivedi,MA,Economics,3
7000011,Divya D. Soni,MA,Economics,1
7000012,Ramya K. Rastogi,MA,Economics,1
7000013,Sandeep M. Sati,MA,Economics,1
7000014,Srishti P. Mehta,MA,Economics,1
7000015,Gayatri R. Goel,MA,Economics,1
7000016,Harshita S. Bhatt,MA,Economics,1
7000017,Suhani V. Maurya,MA,Economics,1
7000018,Charvi A. Thapliyal,MA,Economics,1
7100001,Nikhil D. Pathak,LLM,Law,2
7100011,Tanvi K. Shukla,LLM,Law,1
7100012,Pulkit M. Mishra,LLM,Law,1
7100013,Arjun P. Tandon,LLM,Law,1
7100014,Deepak R. Jain,LLM,Law,1
7300001,Ananya S. Tripathi,B.Sc,Hospitality Management,1
7300002,Navya V. Tandon,B.Sc,Hospitality Management,1
7300003,Shruti A. Mehra,B.Sc,Hospitality Management,1
7300004,Rudra D. Mahajan,B.Sc,Hospitality Management,1
7300005,Vishal K. Joshi,B.Sc,Hospitality Management,1
7300006,Vidhi M. Mishra,B.Sc,Hospitality Management,1
7300007,Sneha P. Kukreti,B.Sc,Hospitality Management,1
7300008,Arjun R. Semwal,B.Sc,Hospitality Management,1
7300009,Shubham S. Dobhal,B.Sc,Hospitality Management,1
7300010,Manish V. Dimri,B.Sc,Hospitality Management,1
7300011,Lavanya A. Parmar,B.Sc,Hospitality Management,1
7300012,Madhav D. Rawal,B.Sc,Hospitality Management,1
7300013,Vandana K. Singh,B.Sc,Hospitality Management,1
7300014,Dev M. Sood,B.Sc,Hospitality Management,1
7300015,Ansh P. Malhotra,B.Sc,Hospitality Management,1
7300016,Ansh R. Kapoor,B.Sc,Hospitality Management,1
7300017,Anuj S. Soni,B.Sc,Hospitality Management,1
7400001,Ojas V. Gusain,B.Com,General,1
7400002,Sahil A. Bisht,B.Com,General,1
7400003,Mansi D. Lal,B.Com,General,1
7400004,Rudra K. Saini,B.Com,General,1
7600001,Tripti M. Verma,M.Sc,Forensic Science,1
7600002,Vaibhav P. Bhardwaj,M.Sc,Forensic Science,1
7600003,Chetan R. Kothari,M.Sc,Forensic Science,1
7600004,Ankit S. Sinha,M.Sc,Forensic Science,1
7600005,Ruchi V. Garg,M.Sc,Forensic Science,1
7600006,Yashika A. Singh,M.Sc,Forensic Science,1
7600007,Tanmay D. Nainwal,M.Sc,Forensic Science,1
7600008,Nidhi K. Bisht,M.Sc,Forensic Science,1
7600009,Pranav M. Pokhriyal,M.Sc,Forensic Science,1
7600010,Surbhi P. Malhotra,M.Sc,Forensic Science,1
7600011,Amisha R. Nainwal,M.Sc,Forensic Science,1
7600012,Sara S. Kumar,M.Sc,Forensic Science,1
7600013,Abhay V. Bhandari,M.Sc,Forensic Science,1
7600014,Shruti A. Kandpal,M.Sc,Forensic Science,1
7600015,Ankit D. Parmar,M.Sc,Forensic Science,1
7600016,Saurabh K. Sati,M.Sc,Forensic Science,1
