subjectcode,semester,branch
TCS101,1,B.Tech CST
TCS102,1,B.Tech CST
TCS103,1,B.Tech CST
TCS104,1,B.Tech CST
TCS105,1,B.Tech CST
TCS106,1,B.Tech CST
TCS107,1,B.Tech CST
TCS108,1,B.Tech CST
TCS109,1,B.Tech CST
TCS110,1,B.Tech CST
TCS111,1,B.Tech CST
TCS112,1,B.Tech CST
TCS113,1,B.Tech CST
TCS114,1,B.Tech CST
TCS115,1,B.Tech CST
TCS201,2,B.Tech CST
TCS202,2,B.Tech CST
TCS203,2,B.Tech CST
TCS204,2,B.Tech CST
TCS205,2,B.Tech CST
TCS206,2,B.Tech CST
TCS207,2,B.Tech CST
TCS208,2,B.Tech CST
TCS209,2,B.Tech CST
TCS210,2,B.Tech CST
TCS211,2,B.Tech CST
TCS212,2,B.Tech CST
TCS213,2,B.Tech CST
TCS214,2,B.Tech CST
TCS215,2,B.Tech CST
TCS301,3,B.Tech CST
TCS302,3,B.Tech CST
TCS303,3,B.Tech CST
TCS304,3,B.Tech CST
TCS305,3,B.Tech CST
TCS306,3,B.Tech CST
TCS307,3,B.Tech CST
TCS308,3,B.Tech CST
TCS309,3,B.Tech CST
TCS310,3,B.Tech CST
TCS311,3,B.Tech CST
TCS312,3,B.Tech CST
TCS313,3,B.Tech CST
TCS331,3,B.Tech CST
TMA316,3,B.Tech CST
TCS401,4,B.Tech CST
TCS402,4,B.Tech CST
TCS403,4,B.Tech CST
TCS404,4,B.Tech CST
TCS405,4,B.Tech CST
TCS406,4,B.Tech CST
TCS407,4,B.Tech CST
TCS408,4,B.Tech CST
TCS409,4,B.Tech CST
TCS410,4,B.Tech CST
TCS411,4,B.Tech CST
TCS412,4,B.Tech CST
TCS413,4,B.Tech CST
TCS433,4,B.Tech CST
TMA402,4,B.Tech CST
TCS501,5,B.Tech CST
TCS502,5,B.Tech CST
TCS503,5,B.Tech CST
TCS504,5,B.Tech CST
TCS505,5,B.Tech CST
TCS506,5,B.Tech CST
TCS507,5,B.Tech CST
TCS508,5,B.Tech CST
TCS509,5,B.Tech CST
TCS510,5,B.Tech CST
TCS511,5,B.Tech CST
TCS512,5,B.Tech CST
TCS521,5,B.Tech CST
TCS523,5,B.Tech CST
TCS524,5,B.Tech CST
TCS601,6,B.Tech CST
TCS602,6,B.Tech CST
TCS603,6,B.Tech CST
TCS604,6,B.Tech CST
TCS605,6,B.Tech CST
TCS606,6,B.Tech CST
TCS607,6,B.Tech CST
TCS608,6,B.Tech CST
TCS609,6,B.Tech CST
TCS610,6,B.Tech CST
TCS611,6,B.Tech CST
TCS622,6,B.Tech CST
TCS624,6,B.Tech CST
TCS671,6,B.Tech CST
TCS693,6,B.Tech CST
TCS701,7,B.Tech CST
TCS702,7,B.Tech CST
TCS703,7,B.Tech CST
TCS704,7,B.Tech CST
TCS705,7,B.Tech CST
TCS717,7,B.Tech CST
TCS722,7,B.Tech CST
TCS726,7,B.Tech CST
TCS727,7,B.Tech CST
TCS731,7,B.Tech CST
TCS756,7,B.Tech CST
TCS791,7,B.Tech CST
TCS799,7,B.Tech CST
TIT704,7,B.Tech CST
TIT721,7,B.Tech CST
TCS801,8,B.Tech CST
TCS802,8,B.Tech CST
TCS803,8,B.Tech CST
TCS821,8,B.Tech CST
TCS822,8,B.Tech CST
TCS823,8,B.Tech CST
TCS824,8,B.Tech CST
TCS826,8,B.Tech CST
TCS844,8,B.Tech CST
TCS845,8,B.Tech CST
TCS851,8,B.Tech CST
TCS852,8,B.Tech CST
TCS855,8,B.Tech CST
TCS857,8,B.Tech CST
TDM881,8,B.Tech CST
TCS101,1,B.Tech Information Technology
TIT101,1,B.Tech Information Technology
TIT102,1,B.Tech Information Technology
TIT103,1,B.Tech Information Technology
TIT104,1,B.Tech Information Technology
TIT105,1,B.Tech Information Technology
TIT106,1,B.Tech Information Technology
TIT107,1,B.Tech Information Technology
TIT108,1,B.Tech Information Technology
TIT109,1,B.Tech Information Technology
TIT110,1,B.Tech Information Technology
TIT111,1,B.Tech Information Technology
TIT112,1,B.Tech Information Technology
TIT113,1,B.Tech Information Technology
TIT114,1,B.Tech Information Technology
TCS201,2,B.Tech Information Technology
TIT201,2,B.Tech Information Technology
TIT202,2,B.Tech Information Technology
TIT203,2,B.Tech Information Technology
TIT204,2,B.Tech Information Technology
TIT205,2,B.Tech Information Technology
TIT206,2,B.Tech Information Technology
TIT207,2,B.Tech Information Technology
TIT208,2,B.Tech Information Technology
TIT209,2,B.Tech Information Technology
TIT210,2,B.Tech Information Technology
TIT211,2,B.Tech Information Technology
TIT212,2,B.Tech Information Technology
TIT213,2,B.Tech Information Technology
TIT214,2,B.Tech Information Technology
TCS301,3,B.Tech Information Technology
TCS307,3,B.Tech Information Technology
TCS351,3,B.Tech Information Technology
TIT301,3,B.Tech Information Technology
TIT302,3,B.Tech Information Technology
TIT303,3,B.Tech Information Technology
TIT304,3,B.Tech Information Technology
TIT305,3,B.Tech Information Technology
TIT306,3,B.Tech Information Technology
TIT307,3,B.Tech Information Technology
TIT308,3,B.Tech Information Technology
TIT309,3,B.Tech Information Technology
TIT310,3,B.Tech Information Technology
TIT311,3,B.Tech Information Technology
TMA316,3,B.Tech Information Technology
TCS402,4,B.Tech Information Technology
TCS404,4,B.Tech Information Technology
TIT401,4,B.Tech Information Technology
TIT402,4,B.Tech Information Technology
TIT403,4,B.Tech Information Technology
TIT404,4,B.Tech Information Technology
TIT405,4,B.Tech Information Technology
TIT406,4,B.Tech Information Technology
TIT407,4,B.Tech Information Technology
TIT408,4,B.Tech Information Technology
TIT409,4,B.Tech Information Technology
TIT410,4,B.Tech Information Technology
TIT411,4,B.Tech Information Technology
TIT412,4,B.Tech Information Technology
TMA402,4,B.Tech Information Technology
TCS502,5,B.Tech Information Technology
TCS503,5,B.Tech Information Technology
TCS505,5,B.Tech Information Technology
TIT501,5,B.Tech Information Technology
TIT502,5,B.Tech Information Technology
TIT503,5,B.Tech Information Technology
TIT504,5,B.Tech Information Technology
TIT505,5,B.Tech Information Technology
TIT506,5,B.Tech Information Technology
TIT507,5,B.Tech Information Technology
TIT508,5,B.Tech Information Technology
TIT509,5,B.Tech Information Technology
TIT510,5,B.Tech Information Technology
TIT511,5,B.Tech Information Technology
TIT512,5,B.Tech Information Technology
TCS601,6,B.Tech Information Technology
TCS604,6,B.Tech Information Technology
TCS691,6,B.Tech Information Technology
TCS693,6,B.Tech Information Technology
TIT601,6,B.Tech Information Technology
TIT602,6,B.Tech Information Technology
TIT603,6,B.Tech Information Technology
TIT604,6,B.Tech Information Technology
TIT605,6,B.Tech Information Technology
TIT606,6,B.Tech Information Technology
TIT607,6,B.Tech Information Technology
TIT608,6,B.Tech Information Technology
TIT609,6,B.Tech Information Technology
TIT610,6,B.Tech Information Technology
TIT611,6,B.Tech Information Technology
TCS701,7,B.Tech Information Technology
TCS703,7,B.Tech Information Technology
TCS717,7,B.Tech Information Technology
TCS761,7,B.Tech Information Technology
TIT701,7,B.Tech Information Technology
TIT702,7,B.Tech Information Technology
TIT704,7,B.Tech Information Technology
TIT751,7,B.Tech Information Technology
TIT753,7,B.Tech Information Technology
TIT754,7,B.Tech Information Technology
TIT755,7,B.Tech Information Technology
TIT756,7,B.Tech Information Technology
TIT757,7,B.Tech Information Technology
TIT758,7,B.Tech Information Technology
TIT759,7,B.Tech Information Technology
TCS853,8,B.Tech Information Technology
TDM881,8,B.Tech Information Technology
TIT801,8,B.Tech Information Technology
TIT802,8,B.Tech Information Technology
TIT803,8,B.Tech Information Technology
TIT804,8,B.Tech Information Technology
TIT805,8,B.Tech Information Technology
TIT806,8,B.Tech Information Technology
TIT807,8,B.Tech Information Technology
TIT808,8,B.Tech Information Technology
TIT851,8,B.Tech Information Technology
TIT852,8,B.Tech Information Technology
TIT854,8,B.Tech Information Technology
TIT855,8,B.Tech Information Technology
TIT857,8,B.Tech Information Technology
TCS101,1,B.Tech Computer Engineering
TCS102,1,B.Tech Computer Engineering
TCS103,1,B.Tech Computer Engineering
TCS104,1,B.Tech Computer Engineering
TCS105,1,B.Tech Computer Engineering
TCS106,1,B.Tech Computer Engineering
TCS107,1,B.Tech Computer Engineering
TCS108,1,B.Tech Computer Engineering
TCS109,1,B.Tech Computer Engineering
TCS110,1,B.Tech Computer Engineering
TCS111,1,B.Tech Computer Engineering
TCS112,1,B.Tech Computer Engineering
TCS113,1,B.Tech Computer Engineering
TCS114,1,B.Tech Computer Engineering
TCS115,1,B.Tech Computer Engineering
TCS201,2,B.Tech Computer Engineering
TCS202,2,B.Tech Computer Engineering
TCS203,2,B.Tech Computer Engineering
TCS204,2,B.Tech Computer Engineering
TCS205,2,B.Tech Computer Engineering
TCS206,2,B.Tech Computer Engineering
TCS207,2,B.Tech Computer Engineering
TCS208,2,B.Tech Computer Engineering
TCS209,2,B.Tech Computer Engineering
TCS210,2,B.Tech Computer Engineering
TCS211,2,B.Tech Computer Engineering
TCS212,2,B.Tech Computer Engineering
TCS213,2,B.Tech Computer Engineering
TCS214,2,B.Tech Computer Engineering
TCS215,2,B.Tech Computer Engineering
TCS301,3,B.Tech Computer Engineering
TCS302,3,B.Tech Computer Engineering
TCS303,3,B.Tech Computer Engineering
TCS304,3,B.Tech Computer Engineering
TCS305,3,B.Tech Computer Engineering
TCS306,3,B.Tech Computer Engineering
TCS307,3,B.Tech Computer Engineering
TCS308,3,B.Tech Computer Engineering
TCS309,3,B.Tech Computer Engineering
TCS310,3,B.Tech Computer Engineering
TCS311,3,B.Tech Computer Engineering
TCS312,3,B.Tech Computer Engineering
TCS313,3,B.Tech Computer Engineering
TCS321,3,B.Tech Computer Engineering
TMA316,3,B.Tech Computer Engineering
TCS401,4,B.Tech Computer Engineering
TCS402,4,B.Tech Computer Engineering
TCS403,4,B.Tech Computer Engineering
TCS404,4,B.Tech Computer Engineering
TCS405,4,B.Tech Computer Engineering
TCS406,4,B.Tech Computer Engineering
TCS407,4,B.Tech Computer Engineering
TCS408,4,B.Tech Computer Engineering
TCS409,4,B.Tech Computer Engineering
TCS410,4,B.Tech Computer Engineering
TCS411,4,B.Tech Computer Engineering
TCS412,4,B.Tech Computer Engineering
TCS413,4,B.Tech Computer Engineering
TCS467,4,B.Tech Computer Engineering
TMA402,4,B.Tech Computer Engineering
TCS501,5,B.Tech Computer Engineering
TCS502,5,B.Tech Computer Engineering
TCS503,5,B.Tech Computer Engineering
TCS504,5,B.Tech Computer Engineering
TCS505,5,B.Tech Computer Engineering
TCS506,5,B.Tech Computer Engineering
TCS507,5,B.Tech Computer Engineering
TCS508,5,B.Tech Computer Engineering
TCS509,5,B.Tech Computer Engineering
TCS510,5,B.Tech Computer Engineering
TCS511,5,B.Tech Computer Engineering
TCS512,5,B.Tech Computer Engineering
TCS521,5,B.Tech Computer Engineering
TCS522,5,B.Tech Computer Engineering
TCS523,5,B.Tech Computer Engineering
TCS601,6,B.Tech Computer Engineering
TCS602,6,B.Tech Computer Engineering
TCS603,6,B.Tech Computer Engineering
TCS604,6,B.Tech Computer Engineering
TCS605,6,B.Tech Computer Engineering
TCS606,6,B.Tech Computer Engineering
TCS607,6,B.Tech Computer Engineering
TCS608,6,B.Tech Computer Engineering
TCS609,6,B.Tech Computer Engineering
TCS610,6,B.Tech Computer Engineering
TCS611,6,B.Tech Computer Engineering
TCS621,6,B.Tech Computer Engineering
TCS622,6,B.Tech Computer Engineering
TCS623,6,B.Tech Computer Engineering
TCS693,6,B.Tech Computer Engineering
TCS701,7,B.Tech Computer Engineering
TCS702,7,B.Tech Computer Engineering
TCS703,7,B.Tech Computer Engineering
TCS704,7,B.Tech Computer Engineering
TCS705,7,B.Tech Computer Engineering
TCS723,7,B.Tech Computer Engineering
TCS725,7,B.Tech Computer Engineering
TCS731,7,B.Tech Computer Engineering
TCS743,7,B.Tech Computer Engineering
TCS756,7,B.Tech Computer Engineering
TCS761,7,B.Tech Computer Engineering
TCS791,7,B.Tech Computer Engineering
TCS799,7,B.Tech Computer Engineering
TIT704,7,B.Tech Computer Engineering
TIT721,7,B.Tech Computer Engineering
TCS801,8,B.Tech Computer Engineering
TCS802,8,B.Tech Computer Engineering
TCS803,8,B.Tech Computer Engineering
TCS804,8,B.Tech Computer Engineering
TCS805,8,B.Tech Computer Engineering
TCS821,8,B.Tech Computer Engineering
TCS822,8,B.Tech Computer Engineering
TCS823,8,B.Tech Computer Engineering
TCS826,8,B.Tech Computer Engineering
TCS827,8,B.Tech Computer Engineering
TCS842,8,B.Tech Computer Engineering
TCS846,8,B.Tech Computer Engineering
TCS851,8,B.Tech Computer Engineering
TCS857,8,B.Tech Computer Engineering
TDM881,8,B.Tech Computer Engineering
TCS101,1,B.Tech Computer Engineering (Software Engineering)
TCS102,1,B.Tech Computer Engineering (Software Engineering)
TCS103,1,B.Tech Computer Engineering (Software Engineering)
TCS104,1,B.Tech Computer Engineering (Software Engineering)
TCS105,1,B.Tech Computer Engineering (Software Engineering)
TCS106,1,B.Tech Computer Engineering (Software Engineering)
TCS107,1,B.Tech Computer Engineering (Software Engineering)
TCS108,1,B.Tech Computer Engineering (Software Engineering)
TCS109,1,B.Tech Computer Engineering (Software Engineering)
TCS110,1,B.Tech Computer Engineering (Software Engineering)
TCS111,1,B.Tech Computer Engineering (Software Engineering)
TCS112,1,B.Tech Computer Engineering (Software Engineering)
TCS113,1,B.Tech Computer Engineering (Software Engineering)
TCS114,1,B.Tech Computer Engineering (Software Engineering)
TCS115,1,B.Tech Computer Engineering (Software Engineering)
TCS201,2,B.Tech Computer Engineering (Software Engineering)
TCS202,2,B.Tech Computer Engineering (Software Engineering)
TCS203,2,B.Tech Computer Engineering (Software Engineering)
TCS204,2,B.Tech Computer Engineering (Software Engineering)
TCS205,2,B.Tech Computer Engineering (Software Engineering)
TCS206,2,B.Tech Computer Engineering (Software Engineering)
TCS207,2,B.Tech Computer Engineering (Software Engineering)
TCS208,2,B.Tech Computer Engineering (Software Engineering)
TCS209,2,B.Tech Computer Engineering (Software Engineering)
TCS210,2,B.Tech Computer Engineering (Software Engineering)
TCS211,2,B.Tech Computer Engineering (Software Engineering)
TCS212,2,B.Tech Computer Engineering (Software Engineering)
TCS213,2,B.Tech Computer Engineering (Software Engineering)
TCS214,2,B.Tech Computer Engineering (Software Engineering)
TCS215,2,B.Tech Computer Engineering (Software Engineering)
TCS301,3,B.Tech Computer Engineering (Software Engineering)
TCS302,3,B.Tech Computer Engineering (Software Engineering)
TCS303,3,B.Tech Computer Engineering (Software Engineering)
TCS304,3,B.Tech Computer Engineering (Software Engineering)
TCS305,3,B.Tech Computer Engineering (Software Engineering)
TCS306,3,B.Tech Computer Engineering (Software Engineering)
TCS307,3,B.Tech Computer Engineering (Software Engineering)
TCS308,3,B.Tech Computer Engineering (Software Engineering)
TCS309,3,B.Tech Computer Engineering (Software Engineering)
TCS310,3,B.Tech Computer Engineering (Software Engineering)
TCS311,3,B.Tech Computer Engineering (Software Engineering)
TCS312,3,B.Tech Computer Engineering (Software Engineering)
TCS313,3,B.Tech Computer Engineering (Software Engineering)
TCS363,3,B.Tech Computer Engineering (Software Engineering)
TMA316,3,B.Tech Computer Engineering (Software Engineering)
TCS401,4,B.Tech Computer Engineering (Software Engineering)
TCS402,4,B.Tech Computer Engineering (Software Engineering)
TCS403,4,B.Tech Computer Engineering (Software Engineering)
TCS404,4,B.Tech Computer Engineering (Software Engineering)
TCS405,4,B.Tech Computer Engineering (Software Engineering)
TCS406,4,B.Tech Computer Engineering (Software Engineering)
TCS407,4,B.Tech Computer Engineering (Software Engineering)
TCS408,4,B.Tech Computer Engineering (Software Engineering)
TCS409,4,B.Tech Computer Engineering (Software Engineering)
TCS410,4,B.Tech Computer Engineering (Software Engineering)
TCS411,4,B.Tech Computer Engineering (Software Engineering)
TCS412,4,B.Tech Computer Engineering (Software Engineering)
TCS413,4,B.Tech Computer Engineering (Software Engineering)
TCS462,4,B.Tech Computer Engineering (Software Engineering)
TMA402,4,B.Tech Computer Engineering (Software Engineering)
TCS501,5,B.Tech Computer Engineering (Software Engineering)
TCS502,5,B.Tech Computer Engineering (Software Engineering)
TCS503,5,B.Tech Computer Engineering (Software Engineering)
TCS504,5,B.Tech Computer Engineering (Software Engineering)
TCS505,5,B.Tech Computer Engineering (Software Engineering)
TCS506,5,B.Tech Computer Engineering (Software Engineering)
TCS507,5,B.Tech Computer Engineering (Software Engineering)
TCS508,5,B.Tech Computer Engineering (Software Engineering)
TCS509,5,B.Tech Computer Engineering (Software Engineering)
TCS531,5,B.Tech Computer Engineering (Software Engineering)
TCS552,5,B.Tech Computer Engineering (Software Engineering)
TCS562,5,B.Tech Computer Engineering (Software Engineering)
TCS567,5,B.Tech Computer Engineering (Software Engineering)
TCS571,5,B.Tech Computer Engineering (Software Engineering)
TCS591,5,B.Tech Computer Engineering (Software Engineering)
TCS601,6,B.Tech Computer Engineering (Software Engineering)
TCS602,6,B.Tech Computer Engineering (Software Engineering)
TCS603,6,B.Tech Computer Engineering (Software Engineering)
TCS604,6,B.Tech Computer Engineering (Software Engineering)
TCS605,6,B.Tech Computer Engineering (Software Engineering)
TCS606,6,B.Tech Computer Engineering (Software Engineering)
TCS607,6,B.Tech Computer Engineering (Software Engineering)
TCS608,6,B.Tech Computer Engineering (Software Engineering)
TCS610,6,B.Tech Computer Engineering (Software Engineering)
TCS619,6,B.Tech Computer Engineering (Software Engineering)
TCS651,6,B.Tech Computer Engineering (Software Engineering)
TCS661,6,B.Tech Computer Engineering (Software Engineering)
TCS671,6,B.Tech Computer Engineering (Software Engineering)
TCS691,6,B.Tech Computer Engineering (Software Engineering)
TCS693,6,B.Tech Computer Engineering (Software Engineering)
TCS703,7,B.Tech Computer Engineering (Software Engineering)
TCS704,7,B.Tech Computer Engineering (Software Engineering)
TCS706,7,B.Tech Computer Engineering (Software Engineering)
TCS710,7,B.Tech Computer Engineering (Software Engineering)
TCS722,7,B.Tech Computer Engineering (Software Engineering)
TCS723,7,B.Tech Computer Engineering (Software Engineering)
TCS731,7,B.Tech Computer Engineering (Software Engineering)
TCS750,7,B.Tech Computer Engineering (Software Engineering)
TCS751,7,B.Tech Computer Engineering (Software Engineering)
TCS756,7,B.Tech Computer Engineering (Software Engineering)
TCS761,7,B.Tech Computer Engineering (Software Engineering)
TCS771,7,B.Tech Computer Engineering (Software Engineering)
TCS781,7,B.Tech Computer Engineering (Software Engineering)
TCS782,7,B.Tech Computer Engineering (Software Engineering)
TCS783,7,B.Tech Computer Engineering (Software Engineering)
TCS791,7,B.Tech Computer Engineering (Software Engineering)
TCS792,7,B.Tech Computer Engineering (Software Engineering)
TIT721,7,B.Tech Computer Engineering (Software Engineering)
TCS801,8,B.Tech Computer Engineering (Software Engineering)
TCS810,8,B.Tech Computer Engineering (Software Engineering)
TCS821,8,B.Tech Computer Engineering (Software Engineering)
TCS822,8,B.Tech Computer Engineering (Software Engineering)
TCS823,8,B.Tech Computer Engineering (Software Engineering)
TCS824,8,B.Tech Computer Engineering (Software Engineering)
TCS825,8,B.Tech Computer Engineering (Software Engineering)
TCS826,8,B.Tech Computer Engineering (Software Engineering)
TCS852,8,B.Tech Computer Engineering (Software Engineering)
TCS857,8,B.Tech Computer Engineering (Software Engineering)
TCS859,8,B.Tech Computer Engineering (Software Engineering)
TCS881,8,B.Tech Computer Engineering (Software Engineering)
TCS885,8,B.Tech Computer Engineering (Software Engineering)
TCS891,8,B.Tech Computer Engineering (Software Engineering)
TDM881,8,B.Tech Computer Engineering (Software Engineering)
IBM101,1,B.Tech CSE (IBM Cloud Computing)
TCS101,1,B.Tech CSE (IBM Cloud Computing)
TCS102,1,B.Tech CSE (IBM Cloud Computing)
TCS103,1,B.Tech CSE (IBM Cloud Computing)
TCS104,1,B.Tech CSE (IBM Cloud Computing)
TCS105,1,B.Tech CSE (IBM Cloud Computing)
TCS106,1,B.Tech CSE (IBM Cloud Computing)
TCS107,1,B.Tech CSE (IBM Cloud Computing)
TCS108,1,B.Tech CSE (IBM Cloud Computing)
TCS109,1,B.Tech CSE (IBM Cloud Computing)
TCS110,1,B.Tech CSE (IBM Cloud Computing)
TCS111,1,B.Tech CSE (IBM Cloud Computing)
TCS112,1,B.Tech CSE (IBM Cloud Computing)
TCS113,1,B.Tech CSE (IBM Cloud Computing)
TCS114,1,B.Tech CSE (IBM Cloud Computing)
IBM201,2,B.Tech CSE (IBM Cloud Computing)
TCS201,2,B.Tech CSE (IBM Cloud Computing)
TCS202,2,B.Tech CSE (IBM Cloud Computing)
TCS203,2,B.Tech CSE (IBM Cloud Computing)
TCS204,2,B.Tech CSE (IBM Cloud Computing)
TCS205,2,B.Tech CSE (IBM Cloud Computing)
TCS206,2,B.Tech CSE (IBM Cloud Computing)
TCS207,2,B.Tech CSE (IBM Cloud Computing)
TCS208,2,B.Tech CSE (IBM Cloud Computing)
TCS209,2,B.Tech CSE (IBM Cloud Computing)
TCS210,2,B.Tech CSE (IBM Cloud Computing)
TCS211,2,B.Tech CSE (IBM Cloud Computing)
TCS212,2,B.Tech CSE (IBM Cloud Computing)
TCS213,2,B.Tech CSE (IBM Cloud Computing)
TCS214,2,B.Tech CSE (IBM Cloud Computing)
IBM301,3,B.Tech CSE (IBM Cloud Computing)
TCS301,3,B.Tech CSE (IBM Cloud Computing)
TCS302,3,B.Tech CSE (IBM Cloud Computing)
TCS303,3,B.Tech CSE (IBM Cloud Computing)
TCS304,3,B.Tech CSE (IBM Cloud Computing)
TCS305,3,B.Tech CSE (IBM Cloud Computing)
TCS306,3,B.Tech CSE (IBM Cloud Computing)
TCS307,3,B.Tech CSE (IBM Cloud Computing)
TCS308,3,B.Tech CSE (IBM Cloud Computing)
TCS309,3,B.Tech CSE (IBM Cloud Computing)
TCS310,3,B.Tech CSE (IBM Cloud Computing)
TCS311,3,B.Tech CSE (IBM Cloud Computing)
TCS361,3,B.Tech CSE (IBM Cloud Computing)
TCS362,3,B.Tech CSE (IBM Cloud Computing)
TMA316,3,B.Tech CSE (IBM Cloud Computing)
IBM401,4,B.Tech CSE (IBM Cloud Computing)
TCS401,4,B.Tech CSE (IBM Cloud Computing)
TCS402,4,B.Tech CSE (IBM Cloud Computing)
TCS403,4,B.Tech CSE (IBM Cloud Computing)
TCS404,4,B.Tech CSE (IBM Cloud Computing)
TCS405,4,B.Tech CSE (IBM Cloud Computing)
TCS406,4,B.Tech CSE (IBM Cloud Computing)
TCS407,4,B.Tech CSE (IBM Cloud Computing)
TCS408,4,B.Tech CSE (IBM Cloud Computing)
TCS409,4,B.Tech CSE (IBM Cloud Computing)
TCS410,4,B.Tech CSE (IBM Cloud Computing)
TCS411,4,B.Tech CSE (IBM Cloud Computing)
TCS412,4,B.Tech CSE (IBM Cloud Computing)
TCS461,4,B.Tech CSE (IBM Cloud Computing)
TMA402,4,B.Tech CSE (IBM Cloud Computing)
TCS501,5,B.Tech CSE (IBM Cloud Computing)
TCS502,5,B.Tech CSE (IBM Cloud Computing)
TCS503,5,B.Tech CSE (IBM Cloud Computing)
TCS504,5,B.Tech CSE (IBM Cloud Computing)
TCS505,5,B.Tech CSE (IBM Cloud Computing)
TCS506,5,B.Tech CSE (IBM Cloud Computing)
TCS507,5,B.Tech CSE (IBM Cloud Computing)
TCS508,5,B.Tech CSE (IBM Cloud Computing)
TCS509,5,B.Tech CSE (IBM Cloud Computing)
TCS510,5,B.Tech CSE (IBM Cloud Computing)
TCS511,5,B.Tech CSE (IBM Cloud Computing)
TCS512,5,B.Tech CSE (IBM Cloud Computing)
TCS561,5,B.Tech CSE (IBM Cloud Computing)
TCS562,5,B.Tech CSE (IBM Cloud Computing)
TCS564,5,B.Tech CSE (IBM Cloud Computing)
TCS601,6,B.Tech CSE (IBM Cloud Computing)
TCS602,6,B.Tech CSE (IBM Cloud Computing)
TCS603,6,B.Tech CSE (IBM Cloud Computing)
TCS604,6,B.Tech CSE (IBM Cloud Computing)
TCS605,6,B.Tech CSE (IBM Cloud Computing)
TCS606,6,B.Tech CSE (IBM Cloud Computing)
TCS607,6,B.Tech CSE (IBM Cloud Computing)
TCS608,6,B.Tech CSE (IBM Cloud Computing)
TCS609,6,B.Tech CSE (IBM Cloud Computing)
TCS610,6,B.Tech CSE (IBM Cloud Computing)
TCS611,6,B.Tech CSE (IBM Cloud Computing)
TCS612,6,B.Tech CSE (IBM Cloud Computing)
TCS613,6,B.Tech CSE (IBM Cloud Computing)
TCS651,6,B.Tech CSE (IBM Cloud Computing)
TCS693,6,B.Tech CSE (IBM Cloud Computing)
TCS701,7,B.Tech CSE (IBM Cloud Computing)
TCS702,7,B.Tech CSE (IBM Cloud Computing)
TCS703,7,B.Tech CSE (IBM Cloud Computing)
TCS704,7,B.Tech CSE (IBM Cloud Computing)
TCS705,7,B.Tech CSE (IBM Cloud Computing)
TCS706,7,B.Tech CSE (IBM Cloud Computing)
TCS707,7,B.Tech CSE (IBM Cloud Computing)
TCS708,7,B.Tech CSE (IBM Cloud Computing)
TCS722,7,B.Tech CSE (IBM Cloud Computing)
TCS731,7,B.Tech CSE (IBM Cloud Computing)
TCS750,7,B.Tech CSE (IBM Cloud Computing)
TCS756,7,B.Tech CSE (IBM Cloud Computing)
TCS771,7,B.Tech CSE (IBM Cloud Computing)
TCS791,7,B.Tech CSE (IBM Cloud Computing)
TIT721,7,B.Tech CSE (IBM Cloud Computing)
TCS801,8,B.Tech CSE (IBM Cloud Computing)
TCS802,8,B.Tech CSE (IBM Cloud Computing)
TCS803,8,B.Tech CSE (IBM Cloud Computing)
TCS810,8,B.Tech CSE (IBM Cloud Computing)
TCS821,8,B.Tech CSE (IBM Cloud Computing)
TCS823,8,B.Tech CSE (IBM Cloud Computing)
TCS824,8,B.Tech CSE (IBM Cloud Computing)
TCS825,8,B.Tech CSE (IBM Cloud Computing)
TCS826,8,B.Tech CSE (IBM Cloud Computing)
TCS851,8,B.Tech CSE (IBM Cloud Computing)
TCS852,8,B.Tech CSE (IBM Cloud Computing)
TCS855,8,B.Tech CSE (IBM Cloud Computing)
TCS857,8,B.Tech CSE (IBM Cloud Computing)
TCS859,8,B.Tech CSE (IBM Cloud Computing)
TCS861,8,B.Tech CSE (IBM Cloud Computing)
IBM101,1,B.Tech CSE (IBM Data Science and AI)
TCS101,1,B.Tech CSE (IBM Data Science and AI)
TCS102,1,B.Tech CSE (IBM Data Science and AI)
TCS103,1,B.Tech CSE (IBM Data Science and AI)
TCS104,1,B.Tech CSE (IBM Data Science and AI)
TCS105,1,B.Tech CSE (IBM Data Science and AI)
TCS106,1,B.Tech CSE (IBM Data Science and AI)
TCS107,1,B.Tech CSE (IBM Data Science and AI)
TCS108,1,B.Tech CSE (IBM Data Science and AI)
TCS109,1,B.Tech CSE (IBM Data Science and AI)
TCS110,1,B.Tech CSE (IBM Data Science and AI)
TCS111,1,B.Tech CSE (IBM Data Science and AI)
TCS112,1,B.Tech CSE (IBM Data Science and AI)
TCS113,1,B.Tech CSE (IBM Data Science and AI)
TCS114,1,B.Tech CSE (IBM Data Science and AI)
IBM201,2,B.Tech CSE (IBM Data Science and AI)
TCS201,2,B.Tech CSE (IBM Data Science and AI)
TCS202,2,B.Tech CSE (IBM Data Science and AI)
TCS203,2,B.Tech CSE (IBM Data Science and AI)
TCS204,2,B.Tech CSE (IBM Data Science and AI)
TCS205,2,B.Tech CSE (IBM Data Science and AI)
TCS206,2,B.Tech CSE (IBM Data Science and AI)
TCS207,2,B.Tech CSE (IBM Data Science and AI)
TCS208,2,B.Tech CSE (IBM Data Science and AI)
TCS209,2,B.Tech CSE (IBM Data Science and AI)
TCS210,2,B.Tech CSE (IBM Data Science and AI)
TCS211,2,B.Tech CSE (IBM Data Science and AI)
TCS212,2,B.Tech CSE (IBM Data Science and AI)
TCS213,2,B.Tech CSE (IBM Data Science and AI)
TCS214,2,B.Tech CSE (IBM Data Science and AI)
IBM311,3,B.Tech CSE (IBM Data Science and AI)
TCS301,3,B.Tech CSE (IBM Data Science and AI)
TCS302,3,B.Tech CSE (IBM Data Science and AI)
TCS303,3,B.Tech CSE (IBM Data Science and AI)
TCS304,3,B.Tech CSE (IBM Data Science and AI)
TCS305,3,B.Tech CSE (IBM Data Science and AI)
TCS306,3,B.Tech CSE (IBM Data Science and AI)
TCS307,3,B.Tech CSE (IBM Data Science and AI)
TCS308,3,B.Tech CSE (IBM Data Science and AI)
TCS309,3,B.Tech CSE (IBM Data Science and AI)
TCS310,3,B.Tech CSE (IBM Data Science and AI)
TCS311,3,B.Tech CSE (IBM Data Science and AI)
TCS361,3,B.Tech CSE (IBM Data Science and AI)
TCS362,3,B.Tech CSE (IBM Data Science and AI)
TMA316,3,B.Tech CSE (IBM Data Science and AI)
IBM401,4,B.Tech CSE (IBM Data Science and AI)
TCS401,4,B.Tech CSE (IBM Data Science and AI)
TCS402,4,B.Tech CSE (IBM Data Science and AI)
TCS403,4,B.Tech CSE (IBM Data Science and AI)
TCS404,4,B.Tech CSE (IBM Data Science and AI)
TCS405,4,B.Tech CSE (IBM Data Science and AI)
TCS406,4,B.Tech CSE (IBM Data Science and AI)
TCS407,4,B.Tech CSE (IBM Data Science and AI)
TCS408,4,B.Tech CSE (IBM Data Science and AI)
TCS409,4,B.Tech CSE (IBM Data Science and AI)
TCS410,4,B.Tech CSE (IBM Data Science and AI)
TCS411,4,B.Tech CSE (IBM Data Science and AI)
TCS412,4,B.Tech CSE (IBM Data Science and AI)
TCS461,4,B.Tech CSE (IBM Data Science and AI)
TMA402,4,B.Tech CSE (IBM Data Science and AI)
TCS501,5,B.Tech CSE (IBM Data Science and AI)
TCS502,5,B.Tech CSE (IBM Data Science and AI)
TCS503,5,B.Tech CSE (IBM Data Science and AI)
TCS504,5,B.Tech CSE (IBM Data Science and AI)
TCS505,5,B.Tech CSE (IBM Data Science and AI)
TCS506,5,B.Tech CSE (IBM Data Science and AI)
TCS507,5,B.Tech CSE (IBM Data Science and AI)
TCS508,5,B.Tech CSE (IBM Data Science and AI)
TCS509,5,B.Tech CSE (IBM Data Science and AI)
TCS510,5,B.Tech CSE (IBM Data Science and AI)
TCS511,5,B.Tech CSE (IBM Data Science and AI)
TCS512,5,B.Tech CSE (IBM Data Science and AI)
TCS513,5,B.Tech CSE (IBM Data Science and AI)
TCS561,5,B.Tech CSE (IBM Data Science and AI)
TCS572,5,B.Tech CSE (IBM Data Science and AI)
TCS601,6,B.Tech CSE (IBM Data Science and AI)
TCS602,6,B.Tech CSE (IBM Data Science and AI)
TCS603,6,B.Tech CSE (IBM Data Science and AI)
TCS604,6,B.Tech CSE (IBM Data Science and AI)
TCS605,6,B.Tech CSE (IBM Data Science and AI)
TCS606,6,B.Tech CSE (IBM Data Science and AI)
TCS607,6,B.Tech CSE (IBM Data Science and AI)
TCS608,6,B.Tech CSE (IBM Data Science and AI)
TCS609,6,B.Tech CSE (IBM Data Science and AI)
TCS610,6,B.Tech CSE (IBM Data Science and AI)
TCS611,6,B.Tech CSE (IBM Data Science and AI)
TCS612,6,B.Tech CSE (IBM Data Science and AI)
TCS613,6,B.Tech CSE (IBM Data Science and AI)
TCS614,6,B.Tech CSE (IBM Data Science and AI)
TCS693,6,B.Tech CSE (IBM Data Science and AI)
TCS701,7,B.Tech CSE (IBM Data Science and AI)
TCS702,7,B.Tech CSE (IBM Data Science and AI)
TCS703,7,B.Tech CSE (IBM Data Science and AI)
TCS704,7,B.Tech CSE (IBM Data Science and AI)
TCS705,7,B.Tech CSE (IBM Data Science and AI)
TCS706,7,B.Tech CSE (IBM Data Science and AI)
TCS707,7,B.Tech CSE (IBM Data Science and AI)
TCS708,7,B.Tech CSE (IBM Data Science and AI)
TCS709,7,B.Tech CSE (IBM Data Science and AI)
TCS722,7,B.Tech CSE (IBM Data Science and AI)
TCS731,7,B.Tech CSE (IBM Data Science and AI)
TCS750,7,B.Tech CSE (IBM Data Science and AI)
TCS756,7,B.Tech CSE (IBM Data Science and AI)
TCS771,7,B.Tech CSE (IBM Data Science and AI)
TCS791,7,B.Tech CSE (IBM Data Science and AI)
TCS801,8,B.Tech CSE (IBM Data Science and AI)
TCS802,8,B.Tech CSE (IBM Data Science and AI)
TCS803,8,B.Tech CSE (IBM Data Science and AI)
TCS810,8,B.Tech CSE (IBM Data Science and AI)
TCS821,8,B.Tech CSE (IBM Data Science and AI)
TCS823,8,B.Tech CSE (IBM Data Science and AI)
TCS824,8,B.Tech CSE (IBM Data Science and AI)
TCS825,8,B.Tech CSE (IBM Data Science and AI)
TCS826,8,B.Tech CSE (IBM Data Science and AI)
TCS851,8,B.Tech CSE (IBM Data Science and AI)
TCS852,8,B.Tech CSE (IBM Data Science and AI)
TCS855,8,B.Tech CSE (IBM Data Science and AI)
TCS857,8,B.Tech CSE (IBM Data Science and AI)
TCS861,8,B.Tech CSE (IBM Data Science and AI)
TIT851,8,B.Tech CSE (IBM Data Science and AI)
IBM101,1,B.Tech CSE (IBM Machine Learning)
TCS101,1,B.Tech CSE (IBM Machine Learning)
TCS102,1,B.Tech CSE (IBM Machine Learning)
TCS103,1,B.Tech CSE (IBM Machine Learning)
TCS104,1,B.Tech CSE (IBM Machine Learning)
TCS105,1,B.Tech CSE (IBM Machine Learning)
TCS106,1,B.Tech CSE (IBM Machine Learning)
TCS107,1,B.Tech CSE (IBM Machine Learning)
TCS108,1,B.Tech CSE (IBM Machine Learning)
TCS109,1,B.Tech CSE (IBM Machine Learning)
TCS110,1,B.Tech CSE (IBM Machine Learning)
TCS111,1,B.Tech CSE (IBM Machine Learning)
TCS112,1,B.Tech CSE (IBM Machine Learning)
TCS113,1,B.Tech CSE (IBM Machine Learning)
TCS114,1,B.Tech CSE (IBM Machine Learning)
IBM201,2,B.Tech CSE (IBM Machine Learning)
TCS201,2,B.Tech CSE (IBM Machine Learning)
TCS202,2,B.Tech CSE (IBM Machine Learning)
TCS203,2,B.Tech CSE (IBM Machine Learning)
TCS204,2,B.Tech CSE (IBM Machine Learning)
TCS205,2,B.Tech CSE (IBM Machine Learning)
TCS206,2,B.Tech CSE (IBM Machine Learning)
TCS207,2,B.Tech CSE (IBM Machine Learning)
TCS208,2,B.Tech CSE (IBM Machine Learning)
TCS209,2,B.Tech CSE (IBM Machine Learning)
TCS210,2,B.Tech CSE (IBM Machine Learning)
TCS211,2,B.Tech CSE (IBM Machine Learning)
TCS212,2,B.Tech CSE (IBM Machine Learning)
TCS213,2,B.Tech CSE (IBM Machine Learning)
TCS214,2,B.Tech CSE (IBM Machine Learning)
IBM331,3,B.Tech CSE (IBM Machine Learning)
TCS301,3,B.Tech CSE (IBM Machine Learning)
TCS302,3,B.Tech CSE (IBM Machine Learning)
TCS303,3,B.Tech CSE (IBM Machine Learning)
TCS304,3,B.Tech CSE (IBM Machine Learning)
TCS305,3,B.Tech CSE (IBM Machine Learning)
TCS306,3,B.Tech CSE (IBM Machine Learning)
TCS307,3,B.Tech CSE (IBM Machine Learning)
TCS308,3,B.Tech CSE (IBM Machine Learning)
TCS309,3,B.Tech CSE (IBM Machine Learning)
TCS310,3,B.Tech CSE (IBM Machine Learning)
TCS311,3,B.Tech CSE (IBM Machine Learning)
TCS361,3,B.Tech CSE (IBM Machine Learning)
TCS362,3,B.Tech CSE (IBM Machine Learning)
TMA316,3,B.Tech CSE (IBM Machine Learning)
IBM431,4,B.Tech CSE (IBM Machine Learning)
TCS401,4,B.Tech CSE (IBM Machine Learning)
TCS402,4,B.Tech CSE (IBM Machine Learning)
TCS403,4,B.Tech CSE (IBM Machine Learning)
TCS404,4,B.Tech CSE (IBM Machine Learning)
TCS405,4,B.Tech CSE (IBM Machine Learning)
TCS406,4,B.Tech CSE (IBM Machine Learning)
TCS407,4,B.Tech CSE (IBM Machine Learning)
TCS408,4,B.Tech CSE (IBM Machine Learning)
TCS409,4,B.Tech CSE (IBM Machine Learning)
TCS410,4,B.Tech CSE (IBM Machine Learning)
TCS411,4,B.Tech CSE (IBM Machine Learning)
TCS412,4,B.Tech CSE (IBM Machine Learning)
TCS461,4,B.Tech CSE (IBM Machine Learning)
TMA402,4,B.Tech CSE (IBM Machine Learning)
TCS501,5,B.Tech CSE (IBM Machine Learning)
TCS502,5,B.Tech CSE (IBM Machine Learning)
TCS503,5,B.Tech CSE (IBM Machine Learning)
TCS504,5,B.Tech CSE (IBM Machine Learning)
TCS505,5,B.Tech CSE (IBM Machine Learning)
TCS506,5,B.Tech CSE (IBM Machine Learning)
TCS507,5,B.Tech CSE (IBM Machine Learning)
TCS508,5,B.Tech CSE (IBM Machine Learning)
TCS509,5,B.Tech CSE (IBM Machine Learning)
TCS510,5,B.Tech CSE (IBM Machine Learning)
TCS511,5,B.Tech CSE (IBM Machine Learning)
TCS512,5,B.Tech CSE (IBM Machine Learning)
TCS513,5,B.Tech CSE (IBM Machine Learning)
TCS561,5,B.Tech CSE (IBM Machine Learning)
TCS572,5,B.Tech CSE (IBM Machine Learning)
TCS601,6,B.Tech CSE (IBM Machine Learning)
TCS602,6,B.Tech CSE (IBM Machine Learning)
TCS603,6,B.Tech CSE (IBM Machine Learning)
TCS604,6,B.Tech CSE (IBM Machine Learning)
TCS605,6,B.Tech CSE (IBM Machine Learning)
TCS606,6,B.Tech CSE (IBM Machine Learning)
TCS607,6,B.Tech CSE (IBM Machine Learning)
TCS608,6,B.Tech CSE (IBM Machine Learning)
TCS609,6,B.Tech CSE (IBM Machine Learning)
TCS610,6,B.Tech CSE (IBM Machine Learning)
TCS611,6,B.Tech CSE (IBM Machine Learning)
TCS612,6,B.Tech CSE (IBM Machine Learning)
TCS613,6,B.Tech CSE (IBM Machine Learning)
TCS614,6,B.Tech CSE (IBM Machine Learning)
TCS693,6,B.Tech CSE (IBM Machine Learning)
TCS701,7,B.Tech CSE (IBM Machine Learning)
TCS702,7,B.Tech CSE (IBM Machine Learning)
TCS703,7,B.Tech CSE (IBM Machine Learning)
TCS704,7,B.Tech CSE (IBM Machine Learning)
TCS705,7,B.Tech CSE (IBM Machine Learning)
TCS706,7,B.Tech CSE (IBM Machine Learning)
TCS707,7,B.Tech CSE (IBM Machine Learning)
TCS708,7,B.Tech CSE (IBM Machine Learning)
TCS709,7,B.Tech CSE (IBM Machine Learning)
TCS722,7,B.Tech CSE (IBM Machine Learning)
TCS731,7,B.Tech CSE (IBM Machine Learning)
TCS750,7,B.Tech CSE (IBM Machine Learning)
TCS756,7,B.Tech CSE (IBM Machine Learning)
TCS771,7,B.Tech CSE (IBM Machine Learning)
TCS791,7,B.Tech CSE (IBM Machine Learning)
TCS801,8,B.Tech CSE (IBM Machine Learning)
TCS802,8,B.Tech CSE (IBM Machine Learning)
TCS803,8,B.Tech CSE (IBM Machine Learning)
TCS810,8,B.Tech CSE (IBM Machine Learning)
TCS821,8,B.Tech CSE (IBM Machine Learning)
TCS823,8,B.Tech CSE (IBM Machine Learning)
TCS824,8,B.Tech CSE (IBM Machine Learning)
TCS825,8,B.Tech CSE (IBM Machine Learning)
TCS826,8,B.Tech CSE (IBM Machine Learning)
TCS851,8,B.Tech CSE (IBM Machine Learning)
TCS852,8,B.Tech CSE (IBM Machine Learning)
TCS855,8,B.Tech CSE (IBM Machine Learning)
TCS857,8,B.Tech CSE (IBM Machine Learning)
TCS861,8,B.Tech CSE (IBM Machine Learning)
TIT851,8,B.Tech CSE (IBM Machine Learning)
TCS101,1,B.Tech in Computer Science and Engineering
TCS102,1,B.Tech in Computer Science and Engineering
TCS103,1,B.Tech in Computer Science and Engineering
TCS104,1,B.Tech in Computer Science and Engineering
TCS105,1,B.Tech in Computer Science and Engineering
TCS106,1,B.Tech in Computer Science and Engineering
TCS107,1,B.Tech in Computer Science and Engineering
TCS108,1,B.Tech in Computer Science and Engineering
TCS109,1,B.Tech in Computer Science and Engineering
TCS110,1,B.Tech in Computer Science and Engineering
TCS111,1,B.Tech in Computer Science and Engineering
TCS112,1,B.Tech in Computer Science and Engineering
TCS113,1,B.Tech in Computer Science and Engineering
TCS114,1,B.Tech in Computer Science and Engineering
TCS115,1,B.Tech in Computer Science and Engineering
TCS201,2,B.Tech in Computer Science and Engineering
TCS202,2,B.Tech in Computer Science and Engineering
TCS203,2,B.Tech in Computer Science and Engineering
TCS204,2,B.Tech in Computer Science and Engineering
TCS205,2,B.Tech in Computer Science and Engineering
TCS206,2,B.Tech in Computer Science and Engineering
TCS207,2,B.Tech in Computer Science and Engineering
TCS208,2,B.Tech in Computer Science and Engineering
TCS209,2,B.Tech in Computer Science and Engineering
TCS210,2,B.Tech in Computer Science and Engineering
TCS211,2,B.Tech in Computer Science and Engineering
TCS212,2,B.Tech in Computer Science and Engineering
TCS213,2,B.Tech in Computer Science and Engineering
TCS214,2,B.Tech in Computer Science and Engineering
TCS215,2,B.Tech in Computer Science and Engineering
TCS301,3,B.Tech in Computer Science and Engineering
TCS302,3,B.Tech in Computer Science and Engineering
TCS303,3,B.Tech in Computer Science and Engineering
TCS304,3,B.Tech in Computer Science and Engineering
TCS305,3,B.Tech in Computer Science and Engineering
TCS306,3,B.Tech in Computer Science and Engineering
TCS307,3,B.Tech in Computer Science and Engineering
TCS308,3,B.Tech in Computer Science and Engineering
TCS331,3,B.Tech in Computer Science and Engineering
TCS332,3,B.Tech in Computer Science and Engineering
TCS333,3,B.Tech in Computer Science and Engineering
TCS341,3,B.Tech in Computer Science and Engineering
TCS351,3,B.Tech in Computer Science and Engineering
TCS391,3,B.Tech in Computer Science and Engineering
TMA316,3,B.Tech in Computer Science and Engineering
TCS401,4,B.Tech in Computer Science and Engineering
TCS402,4,B.Tech in Computer Science and Engineering
TCS403,4,B.Tech in Computer Science and Engineering
TCS404,4,B.Tech in Computer Science and Engineering
TCS405,4,B.Tech in Computer Science and Engineering
TCS406,4,B.Tech in Computer Science and Engineering
TCS408,4,B.Tech in Computer Science and Engineering
TCS431,4,B.Tech in Computer Science and Engineering
TCS432,4,B.Tech in Computer Science and Engineering
TCS434,4,B.Tech in Computer Science and Engineering
TCS441,4,B.Tech in Computer Science and Engineering
TCS451,4,B.Tech in Computer Science and Engineering
TCS471,4,B.Tech in Computer Science and Engineering
TCS491,4,B.Tech in Computer Science and Engineering
TMA402,4,B.Tech in Computer Science and Engineering
TCS501,5,B.Tech in Computer Science and Engineering
TCS502,5,B.Tech in Computer Science and Engineering
TCS503,5,B.Tech in Computer Science and Engineering
TCS504,5,B.Tech in Computer Science and Engineering
TCS505,5,B.Tech in Computer Science and Engineering
TCS506,5,B.Tech in Computer Science and Engineering
TCS507,5,B.Tech in Computer Science and Engineering
TCS509,5,B.Tech in Computer Science and Engineering
TCS510,5,B.Tech in Computer Science and Engineering
TCS531,5,B.Tech in Computer Science and Engineering
TCS532,5,B.Tech in Computer Science and Engineering
TCS541,5,B.Tech in Computer Science and Engineering
TCS552,5,B.Tech in Computer Science and Engineering
TCS571,5,B.Tech in Computer Science and Engineering
TCS591,5,B.Tech in Computer Science and Engineering
TCS601,6,B.Tech in Computer Science and Engineering
TCS602,6,B.Tech in Computer Science and Engineering
TCS603,6,B.Tech in Computer Science and Engineering
TCS604,6,B.Tech in Computer Science and Engineering
TCS605,6,B.Tech in Computer Science and Engineering
TCS606,6,B.Tech in Computer Science and Engineering
TCS607,6,B.Tech in Computer Science and Engineering
TCS610,6,B.Tech in Computer Science and Engineering
TCS619,6,B.Tech in Computer Science and Engineering
TCS631,6,B.Tech in Computer Science and Engineering
TCS632,6,B.Tech in Computer Science and Engineering
TCS641,6,B.Tech in Computer Science and Engineering
TCS651,6,B.Tech in Computer Science and Engineering
TCS671,6,B.Tech in Computer Science and Engineering
TCS693,6,B.Tech in Computer Science and Engineering
TCS703,7,B.Tech in Computer Science and Engineering
TCS704,7,B.Tech in Computer Science and Engineering
TCS706,7,B.Tech in Computer Science and Engineering
TCS710,7,B.Tech in Computer Science and Engineering
TCS711,7,B.Tech in Computer Science and Engineering
TCS722,7,B.Tech in Computer Science and Engineering
TCS723,7,B.Tech in Computer Science and Engineering
TCS731,7,B.Tech in Computer Science and Engineering
TCS732,7,B.Tech in Computer Science and Engineering
TCS733,7,B.Tech in Computer Science and Engineering
TCS741,7,B.Tech in Computer Science and Engineering
TCS750,7,B.Tech in Computer Science and Engineering
TCS751,7,B.Tech in Computer Science and Engineering
TCS756,7,B.Tech in Computer Science and Engineering
TCS761,7,B.Tech in Computer Science and Engineering
TCS771,7,B.Tech in Computer Science and Engineering
TCS791,7,B.Tech in Computer Science and Engineering
TCS792,7,B.Tech in Computer Science and Engineering
TCS797,7,B.Tech in Computer Science and Engineering
TCS798,7,B.Tech in Computer Science and Engineering
TCS799,7,B.Tech in Computer Science and Engineering
TIT721,7,B.Tech in Computer Science and Engineering
TCS810,8,B.Tech in Computer Science and Engineering
TCS821,8,B.Tech in Computer Science and Engineering
TCS822,8,B.Tech in Computer Science and Engineering
TCS823,8,B.Tech in Computer Science and Engineering
TCS824,8,B.Tech in Computer Science and Engineering
TCS825,8,B.Tech in Computer Science and Engineering
TCS826,8,B.Tech in Computer Science and Engineering
TCS831,8,B.Tech in Computer Science and Engineering
TCS832,8,B.Tech in Computer Science and Engineering
TCS841,8,B.Tech in Computer Science and Engineering
TCS844,8,B.Tech in Computer Science and Engineering
TCS852,8,B.Tech in Computer Science and Engineering
TCS855,8,B.Tech in Computer Science and Engineering
TCS857,8,B.Tech in Computer Science and Engineering
TCS859,8,B.Tech in Computer Science and Engineering
TCS891,8,B.Tech in Computer Science and Engineering
TDM881,8,B.Tech in Computer Science and Engineering
TAE101,1,B.Tech in Aerospace Engineering
TAE102,1,B.Tech in Aerospace Engineering
TAE103,1,B.Tech in Aerospace Engineering
TAE104,1,B.Tech in Aerospace Engineering
TAE105,1,B.Tech in Aerospace Engineering
TAE106,1,B.Tech in Aerospace Engineering
TAE107,1,B.Tech in Aerospace Engineering
TAE108,1,B.Tech in Aerospace Engineering
TAE109,1,B.Tech in Aerospace Engineering
TAE110,1,B.Tech in Aerospace Engineering
TAE111,1,B.Tech in Aerospace Engineering
TAE112,1,B.Tech in Aerospace Engineering
TAE113,1,B.Tech in Aerospace Engineering
TAE114,1,B.Tech in Aerospace Engineering
TAE115,1,B.Tech in Aerospace Engineering
TAE201,2,B.Tech in Aerospace Engineering
TAE202,2,B.Tech in Aerospace Engineering
TAE203,2,B.Tech in Aerospace Engineering
TAE204,2,B.Tech in Aerospace Engineering
TAE205,2,B.Tech in Aerospace Engineering
TAE206,2,B.Tech in Aerospace Engineering
TAE207,2,B.Tech in Aerospace Engineering
TAE208,2,B.Tech in Aerospace Engineering
TAE209,2,B.Tech in Aerospace Engineering
TAE210,2,B.Tech in Aerospace Engineering
TAE211,2,B.Tech in Aerospace Engineering
TAE212,2,B.Tech in Aerospace Engineering
TAE213,2,B.Tech in Aerospace Engineering
TAE214,2,B.Tech in Aerospace Engineering
TAE215,2,B.Tech in Aerospace Engineering
TAE301,3,B.Tech in Aerospace Engineering
TAE302,3,B.Tech in Aerospace Engineering
TAE303,3,B.Tech in Aerospace Engineering
TAE304,3,B.Tech in Aerospace Engineering
TAE305,3,B.Tech in Aerospace Engineering
TAE306,3,B.Tech in Aerospace Engineering
TAE307,3,B.Tech in Aerospace Engineering
TAE308,3,B.Tech in Aerospace Engineering
TAE309,3,B.Tech in Aerospace Engineering
TAE310,3,B.Tech in Aerospace Engineering
TAE311,3,B.Tech in Aerospace Engineering
TAE312,3,B.Tech in Aerospace Engineering
TAE313,3,B.Tech in Aerospace Engineering
TAE314,3,B.Tech in Aerospace Engineering
TAE315,3,B.Tech in Aerospace Engineering
TAE401,4,B.Tech in Aerospace Engineering
TAE402,4,B.Tech in Aerospace Engineering
TAE403,4,B.Tech in Aerospace Engineering
TAE404,4,B.Tech in Aerospace Engineering
TAE405,4,B.Tech in Aerospace Engineering
TAE406,4,B.Tech in Aerospace Engineering
TAE407,4,B.Tech in Aerospace Engineering
TAE408,4,B.Tech in Aerospace Engineering
TAE409,4,B.Tech in Aerospace Engineering
TAE410,4,B.Tech in Aerospace Engineering
TAE411,4,B.Tech in Aerospace Engineering
TAE412,4,B.Tech in Aerospace Engineering
TAE413,4,B.Tech in Aerospace Engineering
TAE414,4,B.Tech in Aerospace Engineering
TAE415,4,B.Tech in Aerospace Engineering
TAE501,5,B.Tech in Aerospace Engineering
TAE502,5,B.Tech in Aerospace Engineering
TAE503,5,B.Tech in Aerospace Engineering
TAE504,5,B.Tech in Aerospace Engineering
TAE505,5,B.Tech in Aerospace Engineering
TAE506,5,B.Tech in Aerospace Engineering
TAE507,5,B.Tech in Aerospace Engineering
TAE508,5,B.Tech in Aerospace Engineering
TAE509,5,B.Tech in Aerospace Engineering
TAE510,5,B.Tech in Aerospace Engineering
TAE511,5,B.Tech in Aerospace Engineering
TAE512,5,B.Tech in Aerospace Engineering
TAE513,5,B.Tech in Aerospace Engineering
TAE514,5,B.Tech in Aerospace Engineering
TAE515,5,B.Tech in Aerospace Engineering
TAE601,6,B.Tech in Aerospace Engineering
TAE602,6,B.Tech in Aerospace Engineering
TAE603,6,B.Tech in Aerospace Engineering
TAE604,6,B.Tech in Aerospace Engineering
TAE605,6,B.Tech in Aerospace Engineering
TAE606,6,B.Tech in Aerospace Engineering
TAE607,6,B.Tech in Aerospace Engineering
TAE608,6,B.Tech in Aerospace Engineering
TAE609,6,B.Tech in Aerospace Engineering
TAE610,6,B.Tech in Aerospace Engineering
TAE611,6,B.Tech in Aerospace Engineering
TAE612,6,B.Tech in Aerospace Engineering
TAE613,6,B.Tech in Aerospace Engineering
TAE614,6,B.Tech in Aerospace Engineering
TAE615,6,B.Tech in Aerospace Engineering
TAE701,7,B.Tech in Aerospace Engineering
TAE702,7,B.Tech in Aerospace Engineering
TAE703,7,B.Tech in Aerospace Engineering
TAE704,7,B.Tech in Aerospace Engineering
TAE705,7,B.Tech in Aerospace Engineering
TAE706,7,B.Tech in Aerospace Engineering
TAE707,7,B.Tech in Aerospace Engineering
TAE708,7,B.Tech in Aerospace Engineering
TAE709,7,B.Tech in Aerospace Engineering
TAE710,7,B.Tech in Aerospace Engineering
TAE711,7,B.Tech in Aerospace Engineering
TAE712,7,B.Tech in Aerospace Engineering
TAE713,7,B.Tech in Aerospace Engineering
TAE714,7,B.Tech in Aerospace Engineering
TAE715,7,B.Tech in Aerospace Engineering
TAE801,8,B.Tech in Aerospace Engineering
TAE802,8,B.Tech in Aerospace Engineering
TAE803,8,B.Tech in Aerospace Engineering
TAE804,8,B.Tech in Aerospace Engineering
TAE805,8,B.Tech in Aerospace Engineering
TAE806,8,B.Tech in Aerospace Engineering
TAE807,8,B.Tech in Aerospace Engineering
TAE808,8,B.Tech in Aerospace Engineering
TAE809,8,B.Tech in Aerospace Engineering
TAE810,8,B.Tech in Aerospace Engineering
TAE811,8,B.Tech in Aerospace Engineering
TAE812,8,B.Tech in Aerospace Engineering
TAE813,8,B.Tech in Aerospace Engineering
TAE814,8,B.Tech in Aerospace Engineering
TAE815,8,B.Tech in Aerospace Engineering
BAG101,1,B.Sc. (Honours) Agriculture
BAG102,1,B.Sc. (Honours) Agriculture
BAG103,1,B.Sc. (Honours) Agriculture
BAG104,1,B.Sc. (Honours) Agriculture
BAG105,1,B.Sc. (Honours) Agriculture
BAG106,1,B.Sc. (Honours) Agriculture
BAG107,1,B.Sc. (Honours) Agriculture
BAG108,1,B.Sc. (Honours) Agriculture
BAG109,1,B.Sc. (Honours) Agriculture
BAG110,1,B.Sc. (Honours) Agriculture
BAG111,1,B.Sc. (Honours) Agriculture
BAG112,1,B.Sc. (Honours) Agriculture
BAG113,1,B.Sc. (Honours) Agriculture
BAG114,1,B.Sc. (Honours) Agriculture
BAG115,1,B.Sc. (Honours) Agriculture
BAG201,2,B.Sc. (Honours) Agriculture
BAG202,2,B.Sc. (Honours) Agriculture
BAG203,2,B.Sc. (Honours) Agriculture
BAG204,2,B.Sc. (Honours) Agriculture
BAG205,2,B.Sc. (Honours) Agriculture
BAG206,2,B.Sc. (Honours) Agriculture
BAG207,2,B.Sc. (Honours) Agriculture
BAG208,2,B.Sc. (Honours) Agriculture
BAG209,2,B.Sc. (Honours) Agriculture
BAG210,2,B.Sc. (Honours) Agriculture
BAG211,2,B.Sc. (Honours) Agriculture
BAG212,2,B.Sc. (Honours) Agriculture
BAG213,2,B.Sc. (Honours) Agriculture
BAG214,2,B.Sc. (Honours) Agriculture
BAG215,2,B.Sc. (Honours) Agriculture
BAG301,3,B.Sc. (Honours) Agriculture
BAG302,3,B.Sc. (Honours) Agriculture
BAG303,3,B.Sc. (Honours) Agriculture
BAG304,3,B.Sc. (Honours) Agriculture
BAG305,3,B.Sc. (Honours) Agriculture
BAG306,3,B.Sc. (Honours) Agriculture
BAG307,3,B.Sc. (Honours) Agriculture
BAG308,3,B.Sc. (Honours) Agriculture
BAG309,3,B.Sc. (Honours) Agriculture
BAG310,3,B.Sc. (Honours) Agriculture
BAG311,3,B.Sc. (Honours) Agriculture
BAG312,3,B.Sc. (Honours) Agriculture
BAG313,3,B.Sc. (Honours) Agriculture
BAG314,3,B.Sc. (Honours) Agriculture
BAG315,3,B.Sc. (Honours) Agriculture
BAG401,4,B.Sc. (Honours) Agriculture
BAG402,4,B.Sc. (Honours) Agriculture
BAG403,4,B.Sc. (Honours) Agriculture
BAG404,4,B.Sc. (Honours) Agriculture
BAG405,4,B.Sc. (Honours) Agriculture
BAG406,4,B.Sc. (Honours) Agriculture
BAG407,4,B.Sc. (Honours) Agriculture
BAG408,4,B.Sc. (Honours) Agriculture
BAG409,4,B.Sc. (Honours) Agriculture
BAG410,4,B.Sc. (Honours) Agriculture
BAG411,4,B.Sc. (Honours) Agriculture
BAG412,4,B.Sc. (Honours) Agriculture
BAG413,4,B.Sc. (Honours) Agriculture
BAG414,4,B.Sc. (Honours) Agriculture
BAG415,4,B.Sc. (Honours) Agriculture
BAG501,5,B.Sc. (Honours) Agriculture
BAG502,5,B.Sc. (Honours) Agriculture
BAG503,5,B.Sc. (Honours) Agriculture
BAG504,5,B.Sc. (Honours) Agriculture
BAG505,5,B.Sc. (Honours) Agriculture
BAG506,5,B.Sc. (Honours) Agriculture
BAG507,5,B.Sc. (Honours) Agriculture
BAG508,5,B.Sc. (Honours) Agriculture
BAG509,5,B.Sc. (Honours) Agriculture
BAG510,5,B.Sc. (Honours) Agriculture
BAG511,5,B.Sc. (Honours) Agriculture
BAG512,5,B.Sc. (Honours) Agriculture
BAG513,5,B.Sc. (Honours) Agriculture
BAG514,5,B.Sc. (Honours) Agriculture
BAG515,5,B.Sc. (Honours) Agriculture
BAG601,6,B.Sc. (Honours) Agriculture
BAG602,6,B.Sc. (Honours) Agriculture
BAG603,6,B.Sc. (Honours) Agriculture
BAG604,6,B.Sc. (Honours) Agriculture
BAG605,6,B.Sc. (Honours) Agriculture
BAG606,6,B.Sc. (Honours) Agriculture
BAG607,6,B.Sc. (Honours) Agriculture
BAG608,6,B.Sc. (Honours) Agriculture
BAG609,6,B.Sc. (Honours) Agriculture
BAG610,6,B.Sc. (Honours) Agriculture
BAG611,6,B.Sc. (Honours) Agriculture
BAG612,6,B.Sc. (Honours) Agriculture
BAG613,6,B.Sc. (Honours) Agriculture
BAG614,6,B.Sc. (Honours) Agriculture
BAG615,6,B.Sc. (Honours) Agriculture
BAG701,7,B.Sc. (Honours) Agriculture
BAG702,7,B.Sc. (Honours) Agriculture
BAG703,7,B.Sc. (Honours) Agriculture
BAG704,7,B.Sc. (Honours) Agriculture
BAG705,7,B.Sc. (Honours) Agriculture
BAG706,7,B.Sc. (Honours) Agriculture
BAG707,7,B.Sc. (Honours) Agriculture
BAG708,7,B.Sc. (Honours) Agriculture
BAG709,7,B.Sc. (Honours) Agriculture
BAG710,7,B.Sc. (Honours) Agriculture
BAG711,7,B.Sc. (Honours) Agriculture
BAG712,7,B.Sc. (Honours) Agriculture
BAG713,7,B.Sc. (Honours) Agriculture
BAG714,7,B.Sc. (Honours) Agriculture
BAG715,7,B.Sc. (Honours) Agriculture
BAG801,8,B.Sc. (Honours) Agriculture
BAG802,8,B.Sc. (Honours) Agriculture
BAG803,8,B.Sc. (Honours) Agriculture
BAG804,8,B.Sc. (Honours) Agriculture
BAG805,8,B.Sc. (Honours) Agriculture
BAG806,8,B.Sc. (Honours) Agriculture
BAG807,8,B.Sc. (Honours) Agriculture
BAG808,8,B.Sc. (Honours) Agriculture
BAG809,8,B.Sc. (Honours) Agriculture
BAG810,8,B.Sc. (Honours) Agriculture
BAG811,8,B.Sc. (Honours) Agriculture
BAG812,8,B.Sc. (Honours) Agriculture
BAG813,8,B.Sc. (Honours) Agriculture
BAG814,8,B.Sc. (Honours) Agriculture
BAG815,8,B.Sc. (Honours) Agriculture
BBT101,1,B.Sc (Hons.) Biotechnology
BBT102,1,B.Sc (Hons.) Biotechnology
BBT103,1,B.Sc (Hons.) Biotechnology
BBT104,1,B.Sc (Hons.) Biotechnology
BBT105,1,B.Sc (Hons.) Biotechnology
BBT106,1,B.Sc (Hons.) Biotechnology
BBT107,1,B.Sc (Hons.) Biotechnology
BBT108,1,B.Sc (Hons.) Biotechnology
BBT109,1,B.Sc (Hons.) Biotechnology
BBT110,1,B.Sc (Hons.) Biotechnology
BBT111,1,B.Sc (Hons.) Biotechnology
BBT112,1,B.Sc (Hons.) Biotechnology
BBT113,1,B.Sc (Hons.) Biotechnology
BBT114,1,B.Sc (Hons.) Biotechnology
BBT115,1,B.Sc (Hons.) Biotechnology
BBT201,2,B.Sc (Hons.) Biotechnology
BBT202,2,B.Sc (Hons.) Biotechnology
BBT203,2,B.Sc (Hons.) Biotechnology
BBT204,2,B.Sc (Hons.) Biotechnology
BBT205,2,B.Sc (Hons.) Biotechnology
BBT206,2,B.Sc (Hons.) Biotechnology
BBT207,2,B.Sc (Hons.) Biotechnology
BBT208,2,B.Sc (Hons.) Biotechnology
BBT209,2,B.Sc (Hons.) Biotechnology
BBT210,2,B.Sc (Hons.) Biotechnology
BBT211,2,B.Sc (Hons.) Biotechnology
BBT212,2,B.Sc (Hons.) Biotechnology
BBT213,2,B.Sc (Hons.) Biotechnology
BBT214,2,B.Sc (Hons.) Biotechnology
BBT215,2,B.Sc (Hons.) Biotechnology
BBT301,3,B.Sc (Hons.) Biotechnology
BBT302,3,B.Sc (Hons.) Biotechnology
BBT303,3,B.Sc (Hons.) Biotechnology
BBT304,3,B.Sc (Hons.) Biotechnology
BBT305,3,B.Sc (Hons.) Biotechnology
BBT306,3,B.Sc (Hons.) Biotechnology
BBT307,3,B.Sc (Hons.) Biotechnology
BBT308,3,B.Sc (Hons.) Biotechnology
BBT309,3,B.Sc (Hons.) Biotechnology
BBT310,3,B.Sc (Hons.) Biotechnology
BBT311,3,B.Sc (Hons.) Biotechnology
BBT312,3,B.Sc (Hons.) Biotechnology
BBT313,3,B.Sc (Hons.) Biotechnology
BBT314,3,B.Sc (Hons.) Biotechnology
BBT315,3,B.Sc (Hons.) Biotechnology
BBT401,4,B.Sc (Hons.) Biotechnology
BBT402,4,B.Sc (Hons.) Biotechnology
BBT403,4,B.Sc (Hons.) Biotechnology
BBT404,4,B.Sc (Hons.) Biotechnology
BBT405,4,B.Sc (Hons.) Biotechnology
BBT406,4,B.Sc (Hons.) Biotechnology
BBT407,4,B.Sc (Hons.) Biotechnology
BBT408,4,B.Sc (Hons.) Biotechnology
BBT409,4,B.Sc (Hons.) Biotechnology
BBT410,4,B.Sc (Hons.) Biotechnology
BBT411,4,B.Sc (Hons.) Biotechnology
BBT412,4,B.Sc (Hons.) Biotechnology
BBT413,4,B.Sc (Hons.) Biotechnology
BBT414,4,B.Sc (Hons.) Biotechnology
BBT415,4,B.Sc (Hons.) Biotechnology
BBT501,5,B.Sc (Hons.) Biotechnology
BBT502,5,B.Sc (Hons.) Biotechnology
BBT503,5,B.Sc (Hons.) Biotechnology
BBT504,5,B.Sc (Hons.) Biotechnology
BBT505,5,B.Sc (Hons.) Biotechnology
BBT506,5,B.Sc (Hons.) Biotechnology
BBT507,5,B.Sc (Hons.) Biotechnology
BBT508,5,B.Sc (Hons.) Biotechnology
BBT509,5,B.Sc (Hons.) Biotechnology
BBT510,5,B.Sc (Hons.) Biotechnology
BBT511,5,B.Sc (Hons.) Biotechnology
BBT512,5,B.Sc (Hons.) Biotechnology
BBT513,5,B.Sc (Hons.) Biotechnology
BBT514,5,B.Sc (Hons.) Biotechnology
BBT515,5,B.Sc (Hons.) Biotechnology
BBT601,6,B.Sc (Hons.) Biotechnology
BBT602,6,B.Sc (Hons.) Biotechnology
BBT603,6,B.Sc (Hons.) Biotechnology
BBT604,6,B.Sc (Hons.) Biotechnology
BBT605,6,B.Sc (Hons.) Biotechnology
BBT606,6,B.Sc (Hons.) Biotechnology
BBT607,6,B.Sc (Hons.) Biotechnology
BBT608,6,B.Sc (Hons.) Biotechnology
BBT609,6,B.Sc (Hons.) Biotechnology
BBT610,6,B.Sc (Hons.) Biotechnology
BBT611,6,B.Sc (Hons.) Biotechnology
BBT612,6,B.Sc (Hons.) Biotechnology
BBT613,6,B.Sc (Hons.) Biotechnology
BBT614,6,B.Sc (Hons.) Biotechnology
BBT615,6,B.Sc (Hons.) Biotechnology
BBT701,7,B.Sc (Hons.) Biotechnology
BBT702,7,B.Sc (Hons.) Biotechnology
BBT703,7,B.Sc (Hons.) Biotechnology
BBT704,7,B.Sc (Hons.) Biotechnology
BBT705,7,B.Sc (Hons.) Biotechnology
BBT706,7,B.Sc (Hons.) Biotechnology
BBT707,7,B.Sc (Hons.) Biotechnology
BBT708,7,B.Sc (Hons.) Biotechnology
BBT709,7,B.Sc (Hons.) Biotechnology
BBT710,7,B.Sc (Hons.) Biotechnology
BBT711,7,B.Sc (Hons.) Biotechnology
BBT712,7,B.Sc (Hons.) Biotechnology
BBT713,7,B.Sc (Hons.) Biotechnology
BBT714,7,B.Sc (Hons.) Biotechnology
BBT715,7,B.Sc (Hons.) Biotechnology
BBT801,8,B.Sc (Hons.) Biotechnology
BBT802,8,B.Sc (Hons.) Biotechnology
BBT803,8,B.Sc (Hons.) Biotechnology
BBT804,8,B.Sc (Hons.) Biotechnology
BBT805,8,B.Sc (Hons.) Biotechnology
BBT806,8,B.Sc (Hons.) Biotechnology
BBT807,8,B.Sc (Hons.) Biotechnology
BBT808,8,B.Sc (Hons.) Biotechnology
BBT809,8,B.Sc (Hons.) Biotechnology
BBT810,8,B.Sc (Hons.) Biotechnology
BBT811,8,B.Sc (Hons.) Biotechnology
BBT812,8,B.Sc (Hons.) Biotechnology
BBT813,8,B.Sc (Hons.) Biotechnology
BBT814,8,B.Sc (Hons.) Biotechnology
BBT815,8,B.Sc (Hons.) Biotechnology
BBT101,1,B.Sc Biotechnology
BBT102,1,B.Sc Biotechnology
BBT103,1,B.Sc Biotechnology
BBT104,1,B.Sc Biotechnology
BBT105,1,B.Sc Biotechnology
BBT106,1,B.Sc Biotechnology
BBT107,1,B.Sc Biotechnology
BBT108,1,B.Sc Biotechnology
BBT109,1,B.Sc Biotechnology
BBT110,1,B.Sc Biotechnology
BBT111,1,B.Sc Biotechnology
BBT112,1,B.Sc Biotechnology
BBT113,1,B.Sc Biotechnology
BBT114,1,B.Sc Biotechnology
BBT115,1,B.Sc Biotechnology
BBT201,2,B.Sc Biotechnology
BBT202,2,B.Sc Biotechnology
BBT203,2,B.Sc Biotechnology
BBT204,2,B.Sc Biotechnology
BBT205,2,B.Sc Biotechnology
BBT206,2,B.Sc Biotechnology
BBT207,2,B.Sc Biotechnology
BBT208,2,B.Sc Biotechnology
BBT209,2,B.Sc Biotechnology
BBT210,2,B.Sc Biotechnology
BBT211,2,B.Sc Biotechnology
BBT212,2,B.Sc Biotechnology
BBT213,2,B.Sc Biotechnology
BBT214,2,B.Sc Biotechnology
BBT215,2,B.Sc Biotechnology
BBT301,3,B.Sc Biotechnology
BBT302,3,B.Sc Biotechnology
BBT303,3,B.Sc Biotechnology
BBT304,3,B.Sc Biotechnology
BBT305,3,B.Sc Biotechnology
BBT306,3,B.Sc Biotechnology
BBT307,3,B.Sc Biotechnology
BBT308,3,B.Sc Biotechnology
BBT309,3,B.Sc Biotechnology
BBT310,3,B.Sc Biotechnology
BBT311,3,B.Sc Biotechnology
BBT312,3,B.Sc Biotechnology
BBT313,3,B.Sc Biotechnology
BBT314,3,B.Sc Biotechnology
BBT315,3,B.Sc Biotechnology
BBT401,4,B.Sc Biotechnology
BBT402,4,B.Sc Biotechnology
BBT403,4,B.Sc Biotechnology
BBT404,4,B.Sc Biotechnology
BBT405,4,B.Sc Biotechnology
BBT406,4,B.Sc Biotechnology
BBT407,4,B.Sc Biotechnology
BBT408,4,B.Sc Biotechnology
BBT409,4,B.Sc Biotechnology
BBT410,4,B.Sc Biotechnology
BBT411,4,B.Sc Biotechnology
BBT412,4,B.Sc Biotechnology
BBT413,4,B.Sc Biotechnology
BBT414,4,B.Sc Biotechnology
BBT415,4,B.Sc Biotechnology
BBT501,5,B.Sc Biotechnology
BBT502,5,B.Sc Biotechnology
BBT503,5,B.Sc Biotechnology
BBT504,5,B.Sc Biotechnology
BBT505,5,B.Sc Biotechnology
BBT506,5,B.Sc Biotechnology
BBT507,5,B.Sc Biotechnology
BBT508,5,B.Sc Biotechnology
BBT509,5,B.Sc Biotechnology
BBT510,5,B.Sc Biotechnology
BBT511,5,B.Sc Biotechnology
BBT512,5,B.Sc Biotechnology
BBT513,5,B.Sc Biotechnology
BBT514,5,B.Sc Biotechnology
BBT515,5,B.Sc Biotechnology
BBT601,6,B.Sc Biotechnology
BBT602,6,B.Sc Biotechnology
BBT603,6,B.Sc Biotechnology
BBT604,6,B.Sc Biotechnology
BBT605,6,B.Sc Biotechnology
BBT606,6,B.Sc Biotechnology
BBT607,6,B.Sc Biotechnology
BBT608,6,B.Sc Biotechnology
BBT609,6,B.Sc Biotechnology
BBT610,6,B.Sc Biotechnology
BBT611,6,B.Sc Biotechnology
BBT612,6,B.Sc Biotechnology
BBT613,6,B.Sc Biotechnology
BBT614,6,B.Sc Biotechnology
BBT615,6,B.Sc Biotechnology
BFS101,1,B.Sc Forensic Science
BFS102,1,B.Sc Forensic Science
BFS103,1,B.Sc Forensic Science
BFS104,1,B.Sc Forensic Science
BFS105,1,B.Sc Forensic Science
BFS106,1,B.Sc Forensic Science
BFS107,1,B.Sc Forensic Science
BFS108,1,B.Sc Forensic Science
BFS109,1,B.Sc Forensic Science
BFS110,1,B.Sc Forensic Science
BFS111,1,B.Sc Forensic Science
BFS112,1,B.Sc Forensic Science
BFS113,1,B.Sc Forensic Science
BFS114,1,B.Sc Forensic Science
BFS115,1,B.Sc Forensic Science
BFS201,2,B.Sc Forensic Science
BFS202,2,B.Sc Forensic Science
BFS203,2,B.Sc Forensic Science
BFS204,2,B.Sc Forensic Science
BFS205,2,B.Sc Forensic Science
BFS206,2,B.Sc Forensic Science
BFS207,2,B.Sc Forensic Science
BFS208,2,B.Sc Forensic Science
BFS209,2,B.Sc Forensic Science
BFS210,2,B.Sc Forensic Science
BFS211,2,B.Sc Forensic Science
BFS212,2,B.Sc Forensic Science
BFS213,2,B.Sc Forensic Science
BFS214,2,B.Sc Forensic Science
BFS215,2,B.Sc Forensic Science
BFS301,3,B.Sc Forensic Science
BFS302,3,B.Sc Forensic Science
BFS303,3,B.Sc Forensic Science
BFS304,3,B.Sc Forensic Science
BFS305,3,B.Sc Forensic Science
BFS306,3,B.Sc Forensic Science
BFS307,3,B.Sc Forensic Science
BFS308,3,B.Sc Forensic Science
BFS309,3,B.Sc Forensic Science
BFS310,3,B.Sc Forensic Science
BFS311,3,B.Sc Forensic Science
BFS312,3,B.Sc Forensic Science
BFS313,3,B.Sc Forensic Science
BFS314,3,B.Sc Forensic Science
BFS315,3,B.Sc Forensic Science
BFS401,4,B.Sc Forensic Science
BFS402,4,B.Sc Forensic Science
BFS403,4,B.Sc Forensic Science
BFS404,4,B.Sc Forensic Science
BFS405,4,B.Sc Forensic Science
BFS406,4,B.Sc Forensic Science
BFS407,4,B.Sc Forensic Science
BFS408,4,B.Sc Forensic Science
BFS409,4,B.Sc Forensic Science
BFS410,4,B.Sc Forensic Science
BFS411,4,B.Sc Forensic Science
BFS412,4,B.Sc Forensic Science
BFS413,4,B.Sc Forensic Science
BFS414,4,B.Sc Forensic Science
BFS415,4,B.Sc Forensic Science
BFS501,5,B.Sc Forensic Science
BFS502,5,B.Sc Forensic Science
BFS503,5,B.Sc Forensic Science
BFS504,5,B.Sc Forensic Science
BFS505,5,B.Sc Forensic Science
BFS506,5,B.Sc Forensic Science
BFS507,5,B.Sc Forensic Science
BFS508,5,B.Sc Forensic Science
BFS509,5,B.Sc Forensic Science
BFS510,5,B.Sc Forensic Science
BFS511,5,B.Sc Forensic Science
BFS512,5,B.Sc Forensic Science
BFS513,5,B.Sc Forensic Science
BFS514,5,B.Sc Forensic Science
BFS515,5,B.Sc Forensic Science
BFS601,6,B.Sc Forensic Science
BFS602,6,B.Sc Forensic Science
BFS603,6,B.Sc Forensic Science
BFS604,6,B.Sc Forensic Science
BFS605,6,B.Sc Forensic Science
BFS606,6,B.Sc Forensic Science
BFS607,6,B.Sc Forensic Science
BFS608,6,B.Sc Forensic Science
BFS609,6,B.Sc Forensic Science
BFS610,6,B.Sc Forensic Science
BFS611,6,B.Sc Forensic Science
BFS612,6,B.Sc Forensic Science
BFS613,6,B.Sc Forensic Science
BFS614,6,B.Sc Forensic Science
BFS615,6,B.Sc Forensic Science
BFS101,1,B.Sc. (Hons.) Forensic Science
BFS102,1,B.Sc. (Hons.) Forensic Science
BFS103,1,B.Sc. (Hons.) Forensic Science
BFS104,1,B.Sc. (Hons.) Forensic Science
BFS105,1,B.Sc. (Hons.) Forensic Science
BFS106,1,B.Sc. (Hons.) Forensic Science
BFS107,1,B.Sc. (Hons.) Forensic Science
BFS108,1,B.Sc. (Hons.) Forensic Science
BFS109,1,B.Sc. (Hons.) Forensic Science
BFS110,1,B.Sc. (Hons.) Forensic Science
BFS111,1,B.Sc. (Hons.) Forensic Science
BFS112,1,B.Sc. (Hons.) Forensic Science
BFS113,1,B.Sc. (Hons.) Forensic Science
BFS114,1,B.Sc. (Hons.) Forensic Science
BFS115,1,B.Sc. (Hons.) Forensic Science
BFS201,2,B.Sc. (Hons.) Forensic Science
BFS202,2,B.Sc. (Hons.) Forensic Science
BFS203,2,B.Sc. (Hons.) Forensic Science
BFS204,2,B.Sc. (Hons.) Forensic Science
BFS205,2,B.Sc. (Hons.) Forensic Science
BFS206,2,B.Sc. (Hons.) Forensic Science
BFS207,2,B.Sc. (Hons.) Forensic Science
BFS208,2,B.Sc. (Hons.) Forensic Science
BFS209,2,B.Sc. (Hons.) Forensic Science
BFS210,2,B.Sc. (Hons.) Forensic Science
BFS211,2,B.Sc. (Hons.) Forensic Science
BFS212,2,B.Sc. (Hons.) Forensic Science
BFS213,2,B.Sc. (Hons.) Forensic Science
BFS214,2,B.Sc. (Hons.) Forensic Science
BFS215,2,B.Sc. (Hons.) Forensic Science
BFS301,3,B.Sc. (Hons.) Forensic Science
BFS302,3,B.Sc. (Hons.) Forensic Science
BFS303,3,B.Sc. (Hons.) Forensic Science
BFS304,3,B.Sc. (Hons.) Forensic Science
BFS305,3,B.Sc. (Hons.) Forensic Science
BFS306,3,B.Sc. (Hons.) Forensic Science
BFS307,3,B.Sc. (Hons.) Forensic Science
BFS308,3,B.Sc. (Hons.) Forensic Science
BFS309,3,B.Sc. (Hons.) Forensic Science
BFS310,3,B.Sc. (Hons.) Forensic Science
BFS311,3,B.Sc. (Hons.) Forensic Science
BFS312,3,B.Sc. (Hons.) Forensic Science
BFS313,3,B.Sc. (Hons.) Forensic Science
BFS314,3,B.Sc. (Hons.) Forensic Science
BFS315,3,B.Sc. (Hons.) Forensic Science
BFS401,4,B.Sc. (Hons.) Forensic Science
BFS402,4,B.Sc. (Hons.) Forensic Science
BFS403,4,B.Sc. (Hons.) Forensic Science
BFS404,4,B.Sc. (Hons.) Forensic Science
BFS405,4,B.Sc. (Hons.) Forensic Science
BFS406,4,B.Sc. (Hons.) Forensic Science
BFS407,4,B.Sc. (Hons.) Forensic Science
BFS408,4,B.Sc. (Hons.) Forensic Science
BFS409,4,B.Sc. (Hons.) Forensic Science
BFS410,4,B.Sc. (Hons.) Forensic Science
BFS411,4,B.Sc. (Hons.) Forensic Science
BFS412,4,B.Sc. (Hons.) Forensic Science
BFS413,4,B.Sc. (Hons.) Forensic Science
BFS414,4,B.Sc. (Hons.) Forensic Science
BFS415,4,B.Sc. (Hons.) Forensic Science
BFS501,5,B.Sc. (Hons.) Forensic Science
BFS502,5,B.Sc. (Hons.) Forensic Science
BFS503,5,B.Sc. (Hons.) Forensic Science
BFS504,5,B.Sc. (Hons.) Forensic Science
BFS505,5,B.Sc. (Hons.) Forensic Science
BFS506,5,B.Sc. (Hons.) Forensic Science
BFS507,5,B.Sc. (Hons.) Forensic Science
BFS508,5,B.Sc. (Hons.) Forensic Science
BFS509,5,B.Sc. (Hons.) Forensic Science
BFS510,5,B.Sc. (Hons.) Forensic Science
BFS511,5,B.Sc. (Hons.) Forensic Science
BFS512,5,B.Sc. (Hons.) Forensic Science
BFS513,5,B.Sc. (Hons.) Forensic Science
BFS514,5,B.Sc. (Hons.) Forensic Science
BFS515,5,B.Sc. (Hons.) Forensic Science
BFS601,6,B.Sc. (Hons.) Forensic Science
BFS602,6,B.Sc. (Hons.) Forensic Science
BFS603,6,B.Sc. (Hons.) Forensic Science
BFS604,6,B.Sc. (Hons.) Forensic Science
BFS605,6,B.Sc. (Hons.) Forensic Science
BFS606,6,B.Sc. (Hons.) Forensic Science
BFS607,6,B.Sc. (Hons.) Forensic Science
BFS608,6,B.Sc. (Hons.) Forensic Science
BFS609,6,B.Sc. (Hons.) Forensic Science
BFS610,6,B.Sc. (Hons.) Forensic Science
BFS611,6,B.Sc. (Hons.) Forensic Science
BFS612,6,B.Sc. (Hons.) Forensic Science
BFS613,6,B.Sc. (Hons.) Forensic Science
BFS614,6,B.Sc. (Hons.) Forensic Science
BFS615,6,B.Sc. (Hons.) Forensic Science
BFS701,7,B.Sc. (Hons.) Forensic Science
BFS702,7,B.Sc. (Hons.) Forensic Science
BFS703,7,B.Sc. (Hons.) Forensic Science
BFS704,7,B.Sc. (Hons.) Forensic Science
BFS705,7,B.Sc. (Hons.) Forensic Science
BFS706,7,B.Sc. (Hons.) Forensic Science
BFS707,7,B.Sc. (Hons.) Forensic Science
BFS708,7,B.Sc. (Hons.) Forensic Science
BFS709,7,B.Sc. (Hons.) Forensic Science
BFS710,7,B.Sc. (Hons.) Forensic Science
BFS711,7,B.Sc. (Hons.) Forensic Science
BFS712,7,B.Sc. (Hons.) Forensic Science
BFS713,7,B.Sc. (Hons.) Forensic Science
BFS714,7,B.Sc. (Hons.) Forensic Science
BFS715,7,B.Sc. (Hons.) Forensic Science
BFS801,8,B.Sc. (Hons.) Forensic Science
BFS802,8,B.Sc. (Hons.) Forensic Science
BFS803,8,B.Sc. (Hons.) Forensic Science
BFS804,8,B.Sc. (Hons.) Forensic Science
BFS805,8,B.Sc. (Hons.) Forensic Science
BFS806,8,B.Sc. (Hons.) Forensic Science
BFS807,8,B.Sc. (Hons.) Forensic Science
BFS808,8,B.Sc. (Hons.) Forensic Science
BFS809,8,B.Sc. (Hons.) Forensic Science
BFS810,8,B.Sc. (Hons.) Forensic Science
BFS811,8,B.Sc. (Hons.) Forensic Science
BFS812,8,B.Sc. (Hons.) Forensic Science
BFS813,8,B.Sc. (Hons.) Forensic Science
BFS814,8,B.Sc. (Hons.) Forensic Science
BFS815,8,B.Sc. (Hons.) Forensic Science
TBT101,1,B.Tech Biotechnology
TBT102,1,B.Tech Biotechnology
TBT103,1,B.Tech Biotechnology
TBT104,1,B.Tech Biotechnology
TBT105,1,B.Tech Biotechnology
TBT106,1,B.Tech Biotechnology
TBT107,1,B.Tech Biotechnology
TBT108,1,B.Tech Biotechnology
TBT109,1,B.Tech Biotechnology
TBT110,1,B.Tech Biotechnology
TBT111,1,B.Tech Biotechnology
TBT112,1,B.Tech Biotechnology
TBT113,1,B.Tech Biotechnology
TBT114,1,B.Tech Biotechnology
TBT115,1,B.Tech Biotechnology
TBT201,2,B.Tech Biotechnology
TBT202,2,B.Tech Biotechnology
TBT203,2,B.Tech Biotechnology
TBT204,2,B.Tech Biotechnology
TBT205,2,B.Tech Biotechnology
TBT206,2,B.Tech Biotechnology
TBT207,2,B.Tech Biotechnology
TBT208,2,B.Tech Biotechnology
TBT209,2,B.Tech Biotechnology
TBT210,2,B.Tech Biotechnology
TBT211,2,B.Tech Biotechnology
TBT212,2,B.Tech Biotechnology
TBT213,2,B.Tech Biotechnology
TBT214,2,B.Tech Biotechnology
TBT215,2,B.Tech Biotechnology
TBT301,3,B.Tech Biotechnology
TBT302,3,B.Tech Biotechnology
TBT303,3,B.Tech Biotechnology
TBT304,3,B.Tech Biotechnology
TBT305,3,B.Tech Biotechnology
TBT306,3,B.Tech Biotechnology
TBT307,3,B.Tech Biotechnology
TBT308,3,B.Tech Biotechnology
TBT309,3,B.Tech Biotechnology
TBT310,3,B.Tech Biotechnology
TBT311,3,B.Tech Biotechnology
TBT312,3,B.Tech Biotechnology
TBT313,3,B.Tech Biotechnology
TBT314,3,B.Tech Biotechnology
TBT315,3,B.Tech Biotechnology
TBT401,4,B.Tech Biotechnology
TBT402,4,B.Tech Biotechnology
TBT403,4,B.Tech Biotechnology
TBT404,4,B.Tech Biotechnology
TBT405,4,B.Tech Biotechnology
TBT406,4,B.Tech Biotechnology
TBT407,4,B.Tech Biotechnology
TBT408,4,B.Tech Biotechnology
TBT409,4,B.Tech Biotechnology
TBT410,4,B.Tech Biotechnology
TBT411,4,B.Tech Biotechnology
TBT412,4,B.Tech Biotechnology
TBT413,4,B.Tech Biotechnology
TBT414,4,B.Tech Biotechnology
TBT415,4,B.Tech Biotechnology
TBT501,5,B.Tech Biotechnology
TBT502,5,B.Tech Biotechnology
TBT503,5,B.Tech Biotechnology
TBT504,5,B.Tech Biotechnology
TBT505,5,B.Tech Biotechnology
TBT506,5,B.Tech Biotechnology
TBT507,5,B.Tech Biotechnology
TBT508,5,B.Tech Biotechnology
TBT509,5,B.Tech Biotechnology
TBT510,5,B.Tech Biotechnology
TBT511,5,B.Tech Biotechnology
TBT512,5,B.Tech Biotechnology
TBT513,5,B.Tech Biotechnology
TBT514,5,B.Tech Biotechnology
TBT515,5,B.Tech Biotechnology
TBT601,6,B.Tech Biotechnology
TBT602,6,B.Tech Biotechnology
TBT603,6,B.Tech Biotechnology
TBT604,6,B.Tech Biotechnology
TBT605,6,B.Tech Biotechnology
TBT606,6,B.Tech Biotechnology
TBT607,6,B.Tech Biotechnology
TBT608,6,B.Tech Biotechnology
TBT609,6,B.Tech Biotechnology
TBT610,6,B.Tech Biotechnology
TBT611,6,B.Tech Biotechnology
TBT612,6,B.Tech Biotechnology
TBT613,6,B.Tech Biotechnology
TBT614,6,B.Tech Biotechnology
TBT615,6,B.Tech Biotechnology
TBT701,7,B.Tech Biotechnology
TBT702,7,B.Tech Biotechnology
TBT703,7,B.Tech Biotechnology
TBT704,7,B.Tech Biotechnology
TBT705,7,B.Tech Biotechnology
TBT706,7,B.Tech Biotechnology
TBT707,7,B.Tech Biotechnology
TBT708,7,B.Tech Biotechnology
TBT709,7,B.Tech Biotechnology
TBT710,7,B.Tech Biotechnology
TBT711,7,B.Tech Biotechnology
TBT712,7,B.Tech Biotechnology
TBT713,7,B.Tech Biotechnology
TBT714,7,B.Tech Biotechnology
TBT715,7,B.Tech Biotechnology
TBT801,8,B.Tech Biotechnology
TBT802,8,B.Tech Biotechnology
TBT803,8,B.Tech Biotechnology
TBT804,8,B.Tech Biotechnology
TBT805,8,B.Tech Biotechnology
TBT806,8,B.Tech Biotechnology
TBT807,8,B.Tech Biotechnology
TBT808,8,B.Tech Biotechnology
TBT809,8,B.Tech Biotechnology
TBT810,8,B.Tech Biotechnology
TBT811,8,B.Tech Biotechnology
TBT812,8,B.Tech Biotechnology
TBT813,8,B.Tech Biotechnology
TBT814,8,B.Tech Biotechnology
TBT815,8,B.Tech Biotechnology
TBT101,1,"B.Tech Biotechnology with Specialisation in Sustainable Sciences, Computational Biology and Synthetic Biology"
TBT102,1,"B.Tech Biotechnology with Specialisation in Sustainable Sciences, Computational Biology and Synthetic Biology"
TBT103,1,"B.Tech Biotechnology with Specialisation in Sustainable Sciences, Computational Biology and Synthetic Biology"
TBT104,1,"B.Tech Biotechnology with Specialisation in Sustainable Sciences, Computational Biology and Synthetic Biology"
TBT105,1,"B.Tech Biotechnology with Specialisation in Sustainable Sciences, Computational Biology and Synthetic Biology"
TBT106,1,"B.Tech Biotechnology with Specialisation in Sustainable Sciences, Computational Biology and Synthetic Biology"
TBT107,1,"B.Tech Biotechnology with Specialisation in Sustainable Sciences, Computational Biology and Synthetic Biology"
TBT108,1,"B.Tech Biotechnology with Specialisation in Sustainable Sciences, Computational Biology and Synthetic Biology"
TBT109,1,"B.Tech Biotechnology with Specialisation in Sustainable Sciences, Computational Biology and Synthetic Biology"
TBT110,1,"B.Tech Biotechnology with Specialisation in Sustainable Sciences, Computational Biology and Synthetic Biology"
TBT111,1,"B.Tech Biotechnology with Specialisation in Sustainable Sciences, Computational Biology and Synthetic Biology"
TBT112,1,"B.Tech Biotechnology with Specialisation in Sustainable Sciences, Computational Biology and Synthetic Biology"
TBT113,1,"B.Tech Biotechnology with Specialisation in Sustainable Sciences, Computational Biology and Synthetic Biology"
TBT114,1,"B.Tech Biotechnology with Specialisation in Sustainable Sciences, Computational Biology and Synthetic Biology"
TBT115,1,"B.Tech Biotechnology with Specialisation in Sustainable Sciences, Computational Biology and Synthetic Biology"
TBT201,2,"B.Tech Biotechnology with Specialisation in Sustainable Sciences, Computational Biology and Synthetic Biology"
TBT202,2,"B.Tech Biotechnology with Specialisation in Sustainable Sciences, Computational Biology and Synthetic Biology"
TBT203,2,"B.Tech Biotechnology with Specialisation in Sustainable Sciences, Computational Biology and Synthetic Biology"
TBT204,2,"B.Tech Biotechnology with Specialisation in Sustainable Sciences, Computational Biology and Synthetic Biology"
TBT205,2,"B.Tech Biotechnology with Specialisation in Sustainable Sciences, Computational Biology and Synthetic Biology"
TBT206,2,"B.Tech Biotechnology with Specialisation in Sustainable Sciences, Computational Biology and Synthetic Biology"
TBT207,2,"B.Tech Biotechnology with Specialisation in Sustainable Sciences, Computational Biology and Synthetic Biology"
TBT208,2,"B.Tech Biotechnology with Specialisation in Sustainable Sciences, Computational Biology and Synthetic Biology"
TBT209,2,"B.Tech Biotechnology with Specialisation in Sustainable Sciences, Computational Biology and Synthetic Biology"
TBT210,2,"B.Tech Biotechnology with Specialisation in Sustainable Sciences, Computational Biology and Synthetic Biology"
TBT211,2,"B.Tech Biotechnology with Specialisation in Sustainable Sciences, Computational Biology and Synthetic Biology"
TBT212,2,"B.Tech Biotechnology with Specialisation in Sustainable Sciences, Computational Biology and Synthetic Biology"
TBT213,2,"B.Tech Biotechnology with Specialisation in Sustainable Sciences, Computational Biology and Synthetic Biology"
TBT214,2,"B.Tech Biotechnology with Specialisation in Sustainable Sciences, Computational Biology and Synthetic Biology"
TBT215,2,"B.Tech Biotechnology with Specialisation in Sustainable Sciences, Computational Biology and Synthetic Biology"
TBT301,3,"B.Tech Biotechnology with Specialisation in Sustainable Sciences, Computational Biology and Synthetic Biology"
TBT302,3,"B.Tech Biotechnology with Specialisation in Sustainable Sciences, Computational Biology and Synthetic Biology"
TBT303,3,"B.Tech Biotechnology with Specialisation in Sustainable Sciences, Computational Biology and Synthetic Biology"
TBT304,3,"B.Tech Biotechnology with Specialisation in Sustainable Sciences, Computational Biology and Synthetic Biology"
TBT305,3,"B.Tech Biotechnology with Specialisation in Sustainable Sciences, Computational Biology and Synthetic Biology"
TBT306,3,"B.Tech Biotechnology with Specialisation in Sustainable Sciences, Computational Biology and Synthetic Biology"
TBT307,3,"B.Tech Biotechnology with Specialisation in Sustainable Sciences, Computational Biology and Synthetic Biology"
TBT308,3,"B.Tech Biotechnology with Specialisation in Sustainable Sciences, Computational Biology and Synthetic Biology"
TBT309,3,"B.Tech Biotechnology with Specialisation in Sustainable Sciences, Computational Biology and Synthetic Biology"
TBT310,3,"B.Tech Biotechnology with Specialisation in Sustainable Sciences, Computational Biology and Synthetic Biology"
TBT311,3,"B.Tech Biotechnology with Specialisation in Sustainable Sciences, Computational Biology and Synthetic Biology"
TBT312,3,"B.Tech Biotechnology with Specialisation in Sustainable Sciences, Computational Biology and Synthetic Biology"
TBT313,3,"B.Tech Biotechnology with Specialisation in Sustainable Sciences, Computational Biology and Synthetic Biology"
TBT314,3,"B.Tech Biotechnology with Specialisation in Sustainable Sciences, Computational Biology and Synthetic Biology"
TBT315,3,"B.Tech Biotechnology with Specialisation in Sustainable Sciences, Computational Biology and Synthetic Biology"
TBT401,4,"B.Tech Biotechnology with Specialisation in Sustainable Sciences, Computational Biology and Synthetic Biology"
TBT402,4,"B.Tech Biotechnology with Specialisation in Sustainable Sciences, Computational Biology and Synthetic Biology"
TBT403,4,"B.Tech Biotechnology with Specialisation in Sustainable Sciences, Computational Biology and Synthetic Biology"
TBT404,4,"B.Tech Biotechnology with Specialisation in Sustainable Sciences, Computational Biology and Synthetic Biology"
TBT405,4,"B.Tech Biotechnology with Specialisation in Sustainable Sciences, Computational Biology and Synthetic Biology"
TBT406,4,"B.Tech Biotechnology with Specialisation in Sustainable Sciences, Computational Biology and Synthetic Biology"
TBT407,4,"B.Tech Biotechnology with Specialisation in Sustainable Sciences, Computational Biology and Synthetic Biology"
TBT408,4,"B.Tech Biotechnology with Specialisation in Sustainable Sciences, Computational Biology and Synthetic Biology"
TBT409,4,"B.Tech Biotechnology with Specialisation in Sustainable Sciences, Computational Biology and Synthetic Biology"
TBT410,4,"B.Tech Biotechnology with Specialisation in Sustainable Sciences, Computational Biology and Synthetic Biology"
TBT411,4,"B.Tech Biotechnology with Specialisation in Sustainable Sciences, Computational Biology and Synthetic Biology"
TBT412,4,"B.Tech Biotechnology with Specialisation in Sustainable Sciences, Computational Biology and Synthetic Biology"
TBT413,4,"B.Tech Biotechnology with Specialisation in Sustainable Sciences, Computational Biology and Synthetic Biology"
TBT414,4,"B.Tech Biotechnology with Specialisation in Sustainable Sciences, Computational Biology and Synthetic Biology"
TBT415,4,"B.Tech Biotechnology with Specialisation in Sustainable Sciences, Computational Biology and Synthetic Biology"
TBT501,5,"B.Tech Biotechnology with Specialisation in Sustainable Sciences, Computational Biology and Synthetic Biology"
TBT502,5,"B.Tech Biotechnology with Specialisation in Sustainable Sciences, Computational Biology and Synthetic Biology"
TBT503,5,"B.Tech Biotechnology with Specialisation in Sustainable Sciences, Computational Biology and Synthetic Biology"
TBT504,5,"B.Tech Biotechnology with Specialisation in Sustainable Sciences, Computational Biology and Synthetic Biology"
TBT505,5,"B.Tech Biotechnology with Specialisation in Sustainable Sciences, Computational Biology and Synthetic Biology"
TBT506,5,"B.Tech Biotechnology with Specialisation in Sustainable Sciences, Computational Biology and Synthetic Biology"
TBT507,5,"B.Tech Biotechnology with Specialisation in Sustainable Sciences, Computational Biology and Synthetic Biology"
TBT508,5,"B.Tech Biotechnology with Specialisation in Sustainable Sciences, Computational Biology and Synthetic Biology"
TBT509,5,"B.Tech Biotechnology with Specialisation in Sustainable Sciences, Computational Biology and Synthetic Biology"
TBT510,5,"B.Tech Biotechnology with Specialisation in Sustainable Sciences, Computational Biology and Synthetic Biology"
TBT511,5,"B.Tech Biotechnology with Specialisation in Sustainable Sciences, Computational Biology and Synthetic Biology"
TBT512,5,"B.Tech Biotechnology with Specialisation in Sustainable Sciences, Computational Biology and Synthetic Biology"
TBT513,5,"B.Tech Biotechnology with Specialisation in Sustainable Sciences, Computational Biology and Synthetic Biology"
TBT514,5,"B.Tech Biotechnology with Specialisation in Sustainable Sciences, Computational Biology and Synthetic Biology"
TBT515,5,"B.Tech Biotechnology with Specialisation in Sustainable Sciences, Computational Biology and Synthetic Biology"
TBT601,6,"B.Tech Biotechnology with Specialisation in Sustainable Sciences, Computational Biology and Synthetic Biology"
TBT602,6,"B.Tech Biotechnology with Specialisation in Sustainable Sciences, Computational Biology and Synthetic Biology"
TBT603,6,"B.Tech Biotechnology with Specialisation in Sustainable Sciences, Computational Biology and Synthetic Biology"
TBT604,6,"B.Tech Biotechnology with Specialisation in Sustainable Sciences, Computational Biology and Synthetic Biology"
TBT605,6,"B.Tech Biotechnology with Specialisation in Sustainable Sciences, Computational Biology and Synthetic Biology"
TBT606,6,"B.Tech Biotechnology with Specialisation in Sustainable Sciences, Computational Biology and Synthetic Biology"
TBT607,6,"B.Tech Biotechnology with Specialisation in Sustainable Sciences, Computational Biology and Synthetic Biology"
TBT608,6,"B.Tech Biotechnology with Specialisation in Sustainable Sciences, Computational Biology and Synthetic Biology"
TBT609,6,"B.Tech Biotechnology with Specialisation in Sustainable Sciences, Computational Biology and Synthetic Biology"
TBT610,6,"B.Tech Biotechnology with Specialisation in Sustainable Sciences, Computational Biology and Synthetic Biology"
TBT611,6,"B.Tech Biotechnology with Specialisation in Sustainable Sciences, Computational Biology and Synthetic Biology"
TBT612,6,"B.Tech Biotechnology with Specialisation in Sustainable Sciences, Computational Biology and Synthetic Biology"
TBT613,6,"B.Tech Biotechnology with Specialisation in Sustainable Sciences, Computational Biology and Synthetic Biology"
TBT614,6,"B.Tech Biotechnology with Specialisation in Sustainable Sciences, Computational Biology and Synthetic Biology"
TBT615,6,"B.Tech Biotechnology with Specialisation in Sustainable Sciences, Computational Biology and Synthetic Biology"
TBT701,7,"B.Tech Biotechnology with Specialisation in Sustainable Sciences, Computational Biology and Synthetic Biology"
TBT702,7,"B.Tech Biotechnology with Specialisation in Sustainable Sciences, Computational Biology and Synthetic Biology"
TBT703,7,"B.Tech Biotechnology with Specialisation in Sustainable Sciences, Computational Biology and Synthetic Biology"
TBT704,7,"B.Tech Biotechnology with Specialisation in Sustainable Sciences, Computational Biology and Synthetic Biology"
TBT705,7,"B.Tech Biotechnology with Specialisation in Sustainable Sciences, Computational Biology and Synthetic Biology"
TBT706,7,"B.Tech Biotechnology with Specialisation in Sustainable Sciences, Computational Biology and Synthetic Biology"
TBT707,7,"B.Tech Biotechnology with Specialisation in Sustainable Sciences, Computational Biology and Synthetic Biology"
TBT708,7,"B.Tech Biotechnology with Specialisation in Sustainable Sciences, Computational Biology and Synthetic Biology"
TBT709,7,"B.Tech Biotechnology with Specialisation in Sustainable Sciences, Computational Biology and Synthetic Biology"
TBT710,7,"B.Tech Biotechnology with Specialisation in Sustainable Sciences, Computational Biology and Synthetic Biology"
TBT711,7,"B.Tech Biotechnology with Specialisation in Sustainable Sciences, Computational Biology and Synthetic Biology"
TBT712,7,"B.Tech Biotechnology with Specialisation in Sustainable Sciences, Computational Biology and Synthetic Biology"
TBT713,7,"B.Tech Biotechnology with Specialisation in Sustainable Sciences, Computational Biology and Synthetic Biology"
TBT714,7,"B.Tech Biotechnology with Specialisation in Sustainable Sciences, Computational Biology and Synthetic Biology"
TBT715,7,"B.Tech Biotechnology with Specialisation in Sustainable Sciences, Computational Biology and Synthetic Biology"
TBT801,8,"B.Tech Biotechnology with Specialisation in Sustainable Sciences, Computational Biology and Synthetic Biology"
TBT802,8,"B.Tech Biotechnology with Specialisation in Sustainable Sciences, Computational Biology and Synthetic Biology"
TBT803,8,"B.Tech Biotechnology with Specialisation in Sustainable Sciences, Computational Biology and Synthetic Biology"
TBT804,8,"B.Tech Biotechnology with Specialisation in Sustainable Sciences, Computational Biology and Synthetic Biology"
TBT805,8,"B.Tech Biotechnology with Specialisation in Sustainable Sciences, Computational Biology and Synthetic Biology"
TBT806,8,"B.Tech Biotechnology with Specialisation in Sustainable Sciences, Computational Biology and Synthetic Biology"
TBT807,8,"B.Tech Biotechnology with Specialisation in Sustainable Sciences, Computational Biology and Synthetic Biology"
TBT808,8,"B.Tech Biotechnology with Specialisation in Sustainable Sciences, Computational Biology and Synthetic Biology"
TBT809,8,"B.Tech Biotechnology with Specialisation in Sustainable Sciences, Computational Biology and Synthetic Biology"
TBT810,8,"B.Tech Biotechnology with Specialisation in Sustainable Sciences, Computational Biology and Synthetic Biology"
TBT811,8,"B.Tech Biotechnology with Specialisation in Sustainable Sciences, Computational Biology and Synthetic Biology"
TBT812,8,"B.Tech Biotechnology with Specialisation in Sustainable Sciences, Computational Biology and Synthetic Biology"
TBT813,8,"B.Tech Biotechnology with Specialisation in Sustainable Sciences, Computational Biology and Synthetic Biology"
TBT814,8,"B.Tech Biotechnology with Specialisation in Sustainable Sciences, Computational Biology and Synthetic Biology"
TBT815,8,"B.Tech Biotechnology with Specialisation in Sustainable Sciences, Computational Biology and Synthetic Biology"
TCV101,1,B.Tech in Civil Engineering for Working Professionals
TCV102,1,B.Tech in Civil Engineering for Working Professionals
TCV103,1,B.Tech in Civil Engineering for Working Professionals
TCV104,1,B.Tech in Civil Engineering for Working Professionals
TCV105,1,B.Tech in Civil Engineering for Working Professionals
TCV106,1,B.Tech in Civil Engineering for Working Professionals
TCV107,1,B.Tech in Civil Engineering for Working Professionals
TCV108,1,B.Tech in Civil Engineering for Working Professionals
TCV109,1,B.Tech in Civil Engineering for Working Professionals
TCV110,1,B.Tech in Civil Engineering for Working Professionals
TCV111,1,B.Tech in Civil Engineering for Working Professionals
TCV112,1,B.Tech in Civil Engineering for Working Professionals
TCV113,1,B.Tech in Civil Engineering for Working Professionals
TCV114,1,B.Tech in Civil Engineering for Working Professionals
TCV115,1,B.Tech in Civil Engineering for Working Professionals
TCV201,2,B.Tech in Civil Engineering for Working Professionals
TCV202,2,B.Tech in Civil Engineering for Working Professionals
TCV203,2,B.Tech in Civil Engineering for Working Professionals
TCV204,2,B.Tech in Civil Engineering for Working Professionals
TCV205,2,B.Tech in Civil Engineering for Working Professionals
TCV206,2,B.Tech in Civil Engineering for Working Professionals
TCV207,2,B.Tech in Civil Engineering for Working Professionals
TCV208,2,B.Tech in Civil Engineering for Working Professionals
TCV209,2,B.Tech in Civil Engineering for Working Professionals
TCV210,2,B.Tech in Civil Engineering for Working Professionals
TCV211,2,B.Tech in Civil Engineering for Working Professionals
TCV212,2,B.Tech in Civil Engineering for Working Professionals
TCV213,2,B.Tech in Civil Engineering for Working Professionals
TCV214,2,B.Tech in Civil Engineering for Working Professionals
TCV215,2,B.Tech in Civil Engineering for Working Professionals
TCV301,3,B.Tech in Civil Engineering for Working Professionals
TCV302,3,B.Tech in Civil Engineering for Working Professionals
TCV303,3,B.Tech in Civil Engineering for Working Professionals
TCV304,3,B.Tech in Civil Engineering for Working Professionals
TCV305,3,B.Tech in Civil Engineering for Working Professionals
TCV306,3,B.Tech in Civil Engineering for Working Professionals
TCV307,3,B.Tech in Civil Engineering for Working Professionals
TCV308,3,B.Tech in Civil Engineering for Working Professionals
TCV309,3,B.Tech in Civil Engineering for Working Professionals
TCV310,3,B.Tech in Civil Engineering for Working Professionals
TCV311,3,B.Tech in Civil Engineering for Working Professionals
TCV312,3,B.Tech in Civil Engineering for Working Professionals
TCV313,3,B.Tech in Civil Engineering for Working Professionals
TCV314,3,B.Tech in Civil Engineering for Working Professionals
TCV315,3,B.Tech in Civil Engineering for Working Professionals
TCV401,4,B.Tech in Civil Engineering for Working Professionals
TCV402,4,B.Tech in Civil Engineering for Working Professionals
TCV403,4,B.Tech in Civil Engineering for Working Professionals
TCV404,4,B.Tech in Civil Engineering for Working Professionals
TCV405,4,B.Tech in Civil Engineering for Working Professionals
TCV406,4,B.Tech in Civil Engineering for Working Professionals
TCV407,4,B.Tech in Civil Engineering for Working Professionals
TCV408,4,B.Tech in Civil Engineering for Working Professionals
TCV409,4,B.Tech in Civil Engineering for Working Professionals
TCV410,4,B.Tech in Civil Engineering for Working Professionals
TCV411,4,B.Tech in Civil Engineering for Working Professionals
TCV412,4,B.Tech in Civil Engineering for Working Professionals
TCV413,4,B.Tech in Civil Engineering for Working Professionals
TCV414,4,B.Tech in Civil Engineering for Working Professionals
TCV415,4,B.Tech in Civil Engineering for Working Professionals
TCV501,5,B.Tech in Civil Engineering for Working Professionals
TCV502,5,B.Tech in Civil Engineering for Working Professionals
TCV503,5,B.Tech in Civil Engineering for Working Professionals
TCV504,5,B.Tech in Civil Engineering for Working Professionals
TCV505,5,B.Tech in Civil Engineering for Working Professionals
TCV506,5,B.Tech in Civil Engineering for Working Professionals
TCV507,5,B.Tech in Civil Engineering for Working Professionals
TCV508,5,B.Tech in Civil Engineering for Working Professionals
TCV509,5,B.Tech in Civil Engineering for Working Professionals
TCV510,5,B.Tech in Civil Engineering for Working Professionals
TCV511,5,B.Tech in Civil Engineering for Working Professionals
TCV512,5,B.Tech in Civil Engineering for Working Professionals
TCV513,5,B.Tech in Civil Engineering for Working Professionals
TCV514,5,B.Tech in Civil Engineering for Working Professionals
TCV515,5,B.Tech in Civil Engineering for Working Professionals
TCV601,6,B.Tech in Civil Engineering for Working Professionals
TCV602,6,B.Tech in Civil Engineering for Working Professionals
TCV603,6,B.Tech in Civil Engineering for Working Professionals
TCV604,6,B.Tech in Civil Engineering for Working Professionals
TCV605,6,B.Tech in Civil Engineering for Working Professionals
TCV606,6,B.Tech in Civil Engineering for Working Professionals
TCV607,6,B.Tech in Civil Engineering for Working Professionals
TCV608,6,B.Tech in Civil Engineering for Working Professionals
TCV609,6,B.Tech in Civil Engineering for Working Professionals
TCV610,6,B.Tech in Civil Engineering for Working Professionals
TCV611,6,B.Tech in Civil Engineering for Working Professionals
TCV612,6,B.Tech in Civil Engineering for Working Professionals
TCV613,6,B.Tech in Civil Engineering for Working Professionals
TCV614,6,B.Tech in Civil Engineering for Working Professionals
TCV615,6,B.Tech in Civil Engineering for Working Professionals
TCV701,7,B.Tech in Civil Engineering for Working Professionals
TCV702,7,B.Tech in Civil Engineering for Working Professionals
TCV703,7,B.Tech in Civil Engineering for Working Professionals
TCV704,7,B.Tech in Civil Engineering for Working Professionals
TCV705,7,B.Tech in Civil Engineering for Working Professionals
TCV706,7,B.Tech in Civil Engineering for Working Professionals
TCV707,7,B.Tech in Civil Engineering for Working Professionals
TCV708,7,B.Tech in Civil Engineering for Working Professionals
TCV709,7,B.Tech in Civil Engineering for Working Professionals
TCV710,7,B.Tech in Civil Engineering for Working Professionals
TCV711,7,B.Tech in Civil Engineering for Working Professionals
TCV712,7,B.Tech in Civil Engineering for Working Professionals
TCV713,7,B.Tech in Civil Engineering for Working Professionals
TCV714,7,B.Tech in Civil Engineering for Working Professionals
TCV715,7,B.Tech in Civil Engineering for Working Professionals
TCV801,8,B.Tech in Civil Engineering for Working Professionals
TCV802,8,B.Tech in Civil Engineering for Working Professionals
TCV803,8,B.Tech in Civil Engineering for Working Professionals
TCV804,8,B.Tech in Civil Engineering for Working Professionals
TCV805,8,B.Tech in Civil Engineering for Working Professionals
TCV806,8,B.Tech in Civil Engineering for Working Professionals
TCV807,8,B.Tech in Civil Engineering for Working Professionals
TCV808,8,B.Tech in Civil Engineering for Working Professionals
TCV809,8,B.Tech in Civil Engineering for Working Professionals
TCV810,8,B.Tech in Civil Engineering for Working Professionals
TCV811,8,B.Tech in Civil Engineering for Working Professionals
TCV812,8,B.Tech in Civil Engineering for Working Professionals
TCV813,8,B.Tech in Civil Engineering for Working Professionals
TCV814,8,B.Tech in Civil Engineering for Working Professionals
TCV815,8,B.Tech in Civil Engineering for Working Professionals
TCV101,1,"B.Tech in Civil Engineering with Specialization (Construction Management, GIS and RS)"
TCV102,1,"B.Tech in Civil Engineering with Specialization (Construction Management, GIS and RS)"
TCV103,1,"B.Tech in Civil Engineering with Specialization (Construction Management, GIS and RS)"
TCV104,1,"B.Tech in Civil Engineering with Specialization (Construction Management, GIS and RS)"
TCV105,1,"B.Tech in Civil Engineering with Specialization (Construction Management, GIS and RS)"
TCV106,1,"B.Tech in Civil Engineering with Specialization (Construction Management, GIS and RS)"
TCV107,1,"B.Tech in Civil Engineering with Specialization (Construction Management, GIS and RS)"
TCV108,1,"B.Tech in Civil Engineering with Specialization (Construction Management, GIS and RS)"
TCV109,1,"B.Tech in Civil Engineering with Specialization (Construction Management, GIS and RS)"
TCV110,1,"B.Tech in Civil Engineering with Specialization (Construction Management, GIS and RS)"
TCV111,1,"B.Tech in Civil Engineering with Specialization (Construction Management, GIS and RS)"
TCV112,1,"B.Tech in Civil Engineering with Specialization (Construction Management, GIS and RS)"
TCV113,1,"B.Tech in Civil Engineering with Specialization (Construction Management, GIS and RS)"
TCV114,1,"B.Tech in Civil Engineering with Specialization (Construction Management, GIS and RS)"
TCV115,1,"B.Tech in Civil Engineering with Specialization (Construction Management, GIS and RS)"
TCV201,2,"B.Tech in Civil Engineering with Specialization (Construction Management, GIS and RS)"
TCV202,2,"B.Tech in Civil Engineering with Specialization (Construction Management, GIS and RS)"
TCV203,2,"B.Tech in Civil Engineering with Specialization (Construction Management, GIS and RS)"
TCV204,2,"B.Tech in Civil Engineering with Specialization (Construction Management, GIS and RS)"
TCV205,2,"B.Tech in Civil Engineering with Specialization (Construction Management, GIS and RS)"
TCV206,2,"B.Tech in Civil Engineering with Specialization (Construction Management, GIS and RS)"
TCV207,2,"B.Tech in Civil Engineering with Specialization (Construction Management, GIS and RS)"
TCV208,2,"B.Tech in Civil Engineering with Specialization (Construction Management, GIS and RS)"
TCV209,2,"B.Tech in Civil Engineering with Specialization (Construction Management, GIS and RS)"
TCV210,2,"B.Tech in Civil Engineering with Specialization (Construction Management, GIS and RS)"
TCV211,2,"B.Tech in Civil Engineering with Specialization (Construction Management, GIS and RS)"
TCV212,2,"B.Tech in Civil Engineering with Specialization (Construction Management, GIS and RS)"
TCV213,2,"B.Tech in Civil Engineering with Specialization (Construction Management, GIS and RS)"
TCV214,2,"B.Tech in Civil Engineering with Specialization (Construction Management, GIS and RS)"
TCV215,2,"B.Tech in Civil Engineering with Specialization (Construction Management, GIS and RS)"
TCV301,3,"B.Tech in Civil Engineering with Specialization (Construction Management, GIS and RS)"
TCV302,3,"B.Tech in Civil Engineering with Specialization (Construction Management, GIS and RS)"
TCV303,3,"B.Tech in Civil Engineering with Specialization (Construction Management, GIS and RS)"
TCV304,3,"B.Tech in Civil Engineering with Specialization (Construction Management, GIS and RS)"
TCV305,3,"B.Tech in Civil Engineering with Specialization (Construction Management, GIS and RS)"
TCV306,3,"B.Tech in Civil Engineering with Specialization (Construction Management, GIS and RS)"
TCV307,3,"B.Tech in Civil Engineering with Specialization (Construction Management, GIS and RS)"
TCV308,3,"B.Tech in Civil Engineering with Specialization (Construction Management, GIS and RS)"
TCV309,3,"B.Tech in Civil Engineering with Specialization (Construction Management, GIS and RS)"
TCV310,3,"B.Tech in Civil Engineering with Specialization (Construction Management, GIS and RS)"
TCV311,3,"B.Tech in Civil Engineering with Specialization (Construction Management, GIS and RS)"
TCV312,3,"B.Tech in Civil Engineering with Specialization (Construction Management, GIS and RS)"
TCV313,3,"B.Tech in Civil Engineering with Specialization (Construction Management, GIS and RS)"
TCV314,3,"B.Tech in Civil Engineering with Specialization (Construction Management, GIS and RS)"
TCV315,3,"B.Tech in Civil Engineering with Specialization (Construction Management, GIS and RS)"
TCV401,4,"B.Tech in Civil Engineering with Specialization (Construction Management, GIS and RS)"
TCV402,4,"B.Tech in Civil Engineering with Specialization (Construction Management, GIS and RS)"
TCV403,4,"B.Tech in Civil Engineering with Specialization (Construction Management, GIS and RS)"
TCV404,4,"B.Tech in Civil Engineering with Specialization (Construction Management, GIS and RS)"
TCV405,4,"B.Tech in Civil Engineering with Specialization (Construction Management, GIS and RS)"
TCV406,4,"B.Tech in Civil Engineering with Specialization (Construction Management, GIS and RS)"
TCV407,4,"B.Tech in Civil Engineering with Specialization (Construction Management, GIS and RS)"
TCV408,4,"B.Tech in Civil Engineering with Specialization (Construction Management, GIS and RS)"
TCV409,4,"B.Tech in Civil Engineering with Specialization (Construction Management, GIS and RS)"
TCV410,4,"B.Tech in Civil Engineering with Specialization (Construction Management, GIS and RS)"
TCV411,4,"B.Tech in Civil Engineering with Specialization (Construction Management, GIS and RS)"
TCV412,4,"B.Tech in Civil Engineering with Specialization (Construction Management, GIS and RS)"
TCV413,4,"B.Tech in Civil Engineering with Specialization (Construction Management, GIS and RS)"
TCV414,4,"B.Tech in Civil Engineering with Specialization (Construction Management, GIS and RS)"
TCV415,4,"B.Tech in Civil Engineering with Specialization (Construction Management, GIS and RS)"
TCV501,5,"B.Tech in Civil Engineering with Specialization (Construction Management, GIS and RS)"
TCV502,5,"B.Tech in Civil Engineering with Specialization (Construction Management, GIS and RS)"
TCV503,5,"B.Tech in Civil Engineering with Specialization (Construction Management, GIS and RS)"
TCV504,5,"B.Tech in Civil Engineering with Specialization (Construction Management, GIS and RS)"
TCV505,5,"B.Tech in Civil Engineering with Specialization (Construction Management, GIS and RS)"
TCV506,5,"B.Tech in Civil Engineering with Specialization (Construction Management, GIS and RS)"
TCV507,5,"B.Tech in Civil Engineering with Specialization (Construction Management, GIS and RS)"
TCV508,5,"B.Tech in Civil Engineering with Specialization (Construction Management, GIS and RS)"
TCV509,5,"B.Tech in Civil Engineering with Specialization (Construction Management, GIS and RS)"
TCV510,5,"B.Tech in Civil Engineering with Specialization (Construction Management, GIS and RS)"
TCV511,5,"B.Tech in Civil Engineering with Specialization (Construction Management, GIS and RS)"
TCV512,5,"B.Tech in Civil Engineering with Specialization (Construction Management, GIS and RS)"
TCV513,5,"B.Tech in Civil Engineering with Specialization (Construction Management, GIS and RS)"
TCV514,5,"B.Tech in Civil Engineering with Specialization (Construction Management, GIS and RS)"
TCV515,5,"B.Tech in Civil Engineering with Specialization (Construction Management, GIS and RS)"
TCV601,6,"B.Tech in Civil Engineering with Specialization (Construction Management, GIS and RS)"
TCV602,6,"B.Tech in Civil Engineering with Specialization (Construction Management, GIS and RS)"
TCV603,6,"B.Tech in Civil Engineering with Specialization (Construction Management, GIS and RS)"
TCV604,6,"B.Tech in Civil Engineering with Specialization (Construction Management, GIS and RS)"
TCV605,6,"B.Tech in Civil Engineering with Specialization (Construction Management, GIS and RS)"
TCV606,6,"B.Tech in Civil Engineering with Specialization (Construction Management, GIS and RS)"
TCV607,6,"B.Tech in Civil Engineering with Specialization (Construction Management, GIS and RS)"
TCV608,6,"B.Tech in Civil Engineering with Specialization (Construction Management, GIS and RS)"
TCV609,6,"B.Tech in Civil Engineering with Specialization (Construction Management, GIS and RS)"
TCV610,6,"B.Tech in Civil Engineering with Specialization (Construction Management, GIS and RS)"
TCV611,6,"B.Tech in Civil Engineering with Specialization (Construction Management, GIS and RS)"
TCV612,6,"B.Tech in Civil Engineering with Specialization (Construction Management, GIS and RS)"
TCV613,6,"B.Tech in Civil Engineering with Specialization (Construction Management, GIS and RS)"
TCV614,6,"B.Tech in Civil Engineering with Specialization (Construction Management, GIS and RS)"
TCV615,6,"B.Tech in Civil Engineering with Specialization (Construction Management, GIS and RS)"
TCV701,7,"B.Tech in Civil Engineering with Specialization (Construction Management, GIS and RS)"
TCV702,7,"B.Tech in Civil Engineering with Specialization (Construction Management, GIS and RS)"
TCV703,7,"B.Tech in Civil Engineering with Specialization (Construction Management, GIS and RS)"
TCV704,7,"B.Tech in Civil Engineering with Specialization (Construction Management, GIS and RS)"
TCV705,7,"B.Tech in Civil Engineering with Specialization (Construction Management, GIS and RS)"
TCV706,7,"B.Tech in Civil Engineering with Specialization (Construction Management, GIS and RS)"
TCV707,7,"B.Tech in Civil Engineering with Specialization (Construction Management, GIS and RS)"
TCV708,7,"B.Tech in Civil Engineering with Specialization (Construction Management, GIS and RS)"
TCV709,7,"B.Tech in Civil Engineering with Specialization (Construction Management, GIS and RS)"
TCV710,7,"B.Tech in Civil Engineering with Specialization (Construction Management, GIS and RS)"
TCV711,7,"B.Tech in Civil Engineering with Specialization (Construction Management, GIS and RS)"
TCV712,7,"B.Tech in Civil Engineering with Specialization (Construction Management, GIS and RS)"
TCV713,7,"B.Tech in Civil Engineering with Specialization (Construction Management, GIS and RS)"
TCV714,7,"B.Tech in Civil Engineering with Specialization (Construction Management, GIS and RS)"
TCV715,7,"B.Tech in Civil Engineering with Specialization (Construction Management, GIS and RS)"
TCV801,8,"B.Tech in Civil Engineering with Specialization (Construction Management, GIS and RS)"
TCV802,8,"B.Tech in Civil Engineering with Specialization (Construction Management, GIS and RS)"
TCV803,8,"B.Tech in Civil Engineering with Specialization (Construction Management, GIS and RS)"
TCV804,8,"B.Tech in Civil Engineering with Specialization (Construction Management, GIS and RS)"
TCV805,8,"B.Tech in Civil Engineering with Specialization (Construction Management, GIS and RS)"
TCV806,8,"B.Tech in Civil Engineering with Specialization (Construction Management, GIS and RS)"
TCV807,8,"B.Tech in Civil Engineering with Specialization (Construction Management, GIS and RS)"
TCV808,8,"B.Tech in Civil Engineering with Specialization (Construction Management, GIS and RS)"
TCV809,8,"B.Tech in Civil Engineering with Specialization (Construction Management, GIS and RS)"
TCV810,8,"B.Tech in Civil Engineering with Specialization (Construction Management, GIS and RS)"
TCV811,8,"B.Tech in Civil Engineering with Specialization (Construction Management, GIS and RS)"
TCV812,8,"B.Tech in Civil Engineering with Specialization (Construction Management, GIS and RS)"
TCV813,8,"B.Tech in Civil Engineering with Specialization (Construction Management, GIS and RS)"
TCV814,8,"B.Tech in Civil Engineering with Specialization (Construction Management, GIS and RS)"
TCV815,8,"B.Tech in Civil Engineering with Specialization (Construction Management, GIS and RS)"
BCM101,1,B.Com (Hons.) with Certified Public Accountant
BCM102,1,B.Com (Hons.) with Certified Public Accountant
BCM103,1,B.Com (Hons.) with Certified Public Accountant
BCM104,1,B.Com (Hons.) with Certified Public Accountant
BCM105,1,B.Com (Hons.) with Certified Public Accountant
BCM106,1,B.Com (Hons.) with Certified Public Accountant
BCM107,1,B.Com (Hons.) with Certified Public Accountant
BCM108,1,B.Com (Hons.) with Certified Public Accountant
BCM109,1,B.Com (Hons.) with Certified Public Accountant
BCM110,1,B.Com (Hons.) with Certified Public Accountant
BCM111,1,B.Com (Hons.) with Certified Public Accountant
BCM112,1,B.Com (Hons.) with Certified Public Accountant
BCM113,1,B.Com (Hons.) with Certified Public Accountant
BCM114,1,B.Com (Hons.) with Certified Public Accountant
BCM115,1,B.Com (Hons.) with Certified Public Accountant
BCM201,2,B.Com (Hons.) with Certified Public Accountant
BCM202,2,B.Com (Hons.) with Certified Public Accountant
BCM203,2,B.Com (Hons.) with Certified Public Accountant
BCM204,2,B.Com (Hons.) with Certified Public Accountant
BCM205,2,B.Com (Hons.) with Certified Public Accountant
BCM206,2,B.Com (Hons.) with Certified Public Accountant
BCM207,2,B.Com (Hons.) with Certified Public Accountant
BCM208,2,B.Com (Hons.) with Certified Public Accountant
BCM209,2,B.Com (Hons.) with Certified Public Accountant
BCM210,2,B.Com (Hons.) with Certified Public Accountant
BCM211,2,B.Com (Hons.) with Certified Public Accountant
BCM212,2,B.Com (Hons.) with Certified Public Accountant
BCM213,2,B.Com (Hons.) with Certified Public Accountant
BCM214,2,B.Com (Hons.) with Certified Public Accountant
BCM215,2,B.Com (Hons.) with Certified Public Accountant
BCM301,3,B.Com (Hons.) with Certified Public Accountant
BCM302,3,B.Com (Hons.) with Certified Public Accountant
BCM303,3,B.Com (Hons.) with Certified Public Accountant
BCM304,3,B.Com (Hons.) with Certified Public Accountant
BCM305,3,B.Com (Hons.) with Certified Public Accountant
BCM306,3,B.Com (Hons.) with Certified Public Accountant
BCM307,3,B.Com (Hons.) with Certified Public Accountant
BCM308,3,B.Com (Hons.) with Certified Public Accountant
BCM309,3,B.Com (Hons.) with Certified Public Accountant
BCM310,3,B.Com (Hons.) with Certified Public Accountant
BCM311,3,B.Com (Hons.) with Certified Public Accountant
BCM312,3,B.Com (Hons.) with Certified Public Accountant
BCM313,3,B.Com (Hons.) with Certified Public Accountant
BCM314,3,B.Com (Hons.) with Certified Public Accountant
BCM315,3,B.Com (Hons.) with Certified Public Accountant
BCM401,4,B.Com (Hons.) with Certified Public Accountant
BCM402,4,B.Com (Hons.) with Certified Public Accountant
BCM403,4,B.Com (Hons.) with Certified Public Accountant
BCM404,4,B.Com (Hons.) with Certified Public Accountant
BCM405,4,B.Com (Hons.) with Certified Public Accountant
BCM406,4,B.Com (Hons.) with Certified Public Accountant
BCM407,4,B.Com (Hons.) with Certified Public Accountant
BCM408,4,B.Com (Hons.) with Certified Public Accountant
BCM409,4,B.Com (Hons.) with Certified Public Accountant
BCM410,4,B.Com (Hons.) with Certified Public Accountant
BCM411,4,B.Com (Hons.) with Certified Public Accountant
BCM412,4,B.Com (Hons.) with Certified Public Accountant
BCM413,4,B.Com (Hons.) with Certified Public Accountant
BCM414,4,B.Com (Hons.) with Certified Public Accountant
BCM415,4,B.Com (Hons.) with Certified Public Accountant
BCM501,5,B.Com (Hons.) with Certified Public Accountant
BCM502,5,B.Com (Hons.) with Certified Public Accountant
BCM503,5,B.Com (Hons.) with Certified Public Accountant
BCM504,5,B.Com (Hons.) with Certified Public Accountant
BCM505,5,B.Com (Hons.) with Certified Public Accountant
BCM506,5,B.Com (Hons.) with Certified Public Accountant
BCM507,5,B.Com (Hons.) with Certified Public Accountant
BCM508,5,B.Com (Hons.) with Certified Public Accountant
BCM509,5,B.Com (Hons.) with Certified Public Accountant
BCM510,5,B.Com (Hons.) with Certified Public Accountant
BCM511,5,B.Com (Hons.) with Certified Public Accountant
BCM512,5,B.Com (Hons.) with Certified Public Accountant
BCM513,5,B.Com (Hons.) with Certified Public Accountant
BCM514,5,B.Com (Hons.) with Certified Public Accountant
BCM515,5,B.Com (Hons.) with Certified Public Accountant
BCM601,6,B.Com (Hons.) with Certified Public Accountant
BCM602,6,B.Com (Hons.) with Certified Public Accountant
BCM603,6,B.Com (Hons.) with Certified Public Accountant
BCM604,6,B.Com (Hons.) with Certified Public Accountant
BCM605,6,B.Com (Hons.) with Certified Public Accountant
BCM606,6,B.Com (Hons.) with Certified Public Accountant
BCM607,6,B.Com (Hons.) with Certified Public Accountant
BCM608,6,B.Com (Hons.) with Certified Public Accountant
BCM609,6,B.Com (Hons.) with Certified Public Accountant
BCM610,6,B.Com (Hons.) with Certified Public Accountant
BCM611,6,B.Com (Hons.) with Certified Public Accountant
BCM612,6,B.Com (Hons.) with Certified Public Accountant
BCM613,6,B.Com (Hons.) with Certified Public Accountant
BCM614,6,B.Com (Hons.) with Certified Public Accountant
BCM615,6,B.Com (Hons.) with Certified Public Accountant
BCM701,7,B.Com (Hons.) with Certified Public Accountant
BCM702,7,B.Com (Hons.) with Certified Public Accountant
BCM703,7,B.Com (Hons.) with Certified Public Accountant
BCM704,7,B.Com (Hons.) with Certified Public Accountant
BCM705,7,B.Com (Hons.) with Certified Public Accountant
BCM706,7,B.Com (Hons.) with Certified Public Accountant
BCM707,7,B.Com (Hons.) with Certified Public Accountant
BCM708,7,B.Com (Hons.) with Certified Public Accountant
BCM709,7,B.Com (Hons.) with Certified Public Accountant
BCM710,7,B.Com (Hons.) with Certified Public Accountant
BCM711,7,B.Com (Hons.) with Certified Public Accountant
BCM712,7,B.Com (Hons.) with Certified Public Accountant
BCM713,7,B.Com (Hons.) with Certified Public Accountant
BCM714,7,B.Com (Hons.) with Certified Public Accountant
BCM715,7,B.Com (Hons.) with Certified Public Accountant
BCM801,8,B.Com (Hons.) with Certified Public Accountant
BCM802,8,B.Com (Hons.) with Certified Public Accountant
BCM803,8,B.Com (Hons.) with Certified Public Accountant
BCM804,8,B.Com (Hons.) with Certified Public Accountant
BCM805,8,B.Com (Hons.) with Certified Public Accountant
BCM806,8,B.Com (Hons.) with Certified Public Accountant
BCM807,8,B.Com (Hons.) with Certified Public Accountant
BCM808,8,B.Com (Hons.) with Certified Public Accountant
BCM809,8,B.Com (Hons.) with Certified Public Accountant
BCM810,8,B.Com (Hons.) with Certified Public Accountant
BCM811,8,B.Com (Hons.) with Certified Public Accountant
BCM812,8,B.Com (Hons.) with Certified Public Accountant
BCM813,8,B.Com (Hons.) with Certified Public Accountant
BCM814,8,B.Com (Hons.) with Certified Public Accountant
BCM815,8,B.Com (Hons.) with Certified Public Accountant
BCM101,1,B.Com (Hons.)
BCM102,1,B.Com (Hons.)
BCM103,1,B.Com (Hons.)
BCM104,1,B.Com (Hons.)
BCM105,1,B.Com (Hons.)
BCM106,1,B.Com (Hons.)
BCM107,1,B.Com (Hons.)
BCM108,1,B.Com (Hons.)
BCM109,1,B.Com (Hons.)
BCM110,1,B.Com (Hons.)
BCM111,1,B.Com (Hons.)
BCM112,1,B.Com (Hons.)
BCM113,1,B.Com (Hons.)
BCM114,1,B.Com (Hons.)
BCM115,1,B.Com (Hons.)
BCM201,2,B.Com (Hons.)
BCM202,2,B.Com (Hons.)
BCM203,2,B.Com (Hons.)
BCM204,2,B.Com (Hons.)
BCM205,2,B.Com (Hons.)
BCM206,2,B.Com (Hons.)
BCM207,2,B.Com (Hons.)
BCM208,2,B.Com (Hons.)
BCM209,2,B.Com (Hons.)
BCM210,2,B.Com (Hons.)
BCM211,2,B.Com (Hons.)
BCM212,2,B.Com (Hons.)
BCM213,2,B.Com (Hons.)
BCM214,2,B.Com (Hons.)
BCM215,2,B.Com (Hons.)
BCM301,3,B.Com (Hons.)
BCM302,3,B.Com (Hons.)
BCM303,3,B.Com (Hons.)
BCM304,3,B.Com (Hons.)
BCM305,3,B.Com (Hons.)
BCM306,3,B.Com (Hons.)
BCM307,3,B.Com (Hons.)
BCM308,3,B.Com (Hons.)
BCM309,3,B.Com (Hons.)
BCM310,3,B.Com (Hons.)
BCM311,3,B.Com (Hons.)
BCM312,3,B.Com (Hons.)
BCM313,3,B.Com (Hons.)
BCM314,3,B.Com (Hons.)
BCM315,3,B.Com (Hons.)
BCM401,4,B.Com (Hons.)
BCM402,4,B.Com (Hons.)
BCM403,4,B.Com (Hons.)
BCM404,4,B.Com (Hons.)
BCM405,4,B.Com (Hons.)
BCM406,4,B.Com (Hons.)
BCM407,4,B.Com (Hons.)
BCM408,4,B.Com (Hons.)
BCM409,4,B.Com (Hons.)
BCM410,4,B.Com (Hons.)
BCM411,4,B.Com (Hons.)
BCM412,4,B.Com (Hons.)
BCM413,4,B.Com (Hons.)
BCM414,4,B.Com (Hons.)
BCM415,4,B.Com (Hons.)
BCM501,5,B.Com (Hons.)
BCM502,5,B.Com (Hons.)
BCM503,5,B.Com (Hons.)
BCM504,5,B.Com (Hons.)
BCM505,5,B.Com (Hons.)
BCM506,5,B.Com (Hons.)
BCM507,5,B.Com (Hons.)
BCM508,5,B.Com (Hons.)
BCM509,5,B.Com (Hons.)
BCM510,5,B.Com (Hons.)
BCM511,5,B.Com (Hons.)
BCM512,5,B.Com (Hons.)
BCM513,5,B.Com (Hons.)
BCM514,5,B.Com (Hons.)
BCM515,5,B.Com (Hons.)
BCM601,6,B.Com (Hons.)
BCM602,6,B.Com (Hons.)
BCM603,6,B.Com (Hons.)
BCM604,6,B.Com (Hons.)
BCM605,6,B.Com (Hons.)
BCM606,6,B.Com (Hons.)
BCM607,6,B.Com (Hons.)
BCM608,6,B.Com (Hons.)
BCM609,6,B.Com (Hons.)
BCM610,6,B.Com (Hons.)
BCM611,6,B.Com (Hons.)
BCM612,6,B.Com (Hons.)
BCM613,6,B.Com (Hons.)
BCM614,6,B.Com (Hons.)
BCM615,6,B.Com (Hons.)
BCM701,7,B.Com (Hons.)
BCM702,7,B.Com (Hons.)
BCM703,7,B.Com (Hons.)
BCM704,7,B.Com (Hons.)
BCM705,7,B.Com (Hons.)
BCM706,7,B.Com (Hons.)
BCM707,7,B.Com (Hons.)
BCM708,7,B.Com (Hons.)
BCM709,7,B.Com (Hons.)
BCM710,7,B.Com (Hons.)
BCM711,7,B.Com (Hons.)
BCM712,7,B.Com (Hons.)
BCM713,7,B.Com (Hons.)
BCM714,7,B.Com (Hons.)
BCM715,7,B.Com (Hons.)
BCM801,8,B.Com (Hons.)
BCM802,8,B.Com (Hons.)
BCM803,8,B.Com (Hons.)
BCM804,8,B.Com (Hons.)
BCM805,8,B.Com (Hons.)
BCM806,8,B.Com (Hons.)
BCM807,8,B.Com (Hons.)
BCM808,8,B.Com (Hons.)
BCM809,8,B.Com (Hons.)
BCM810,8,B.Com (Hons.)
BCM811,8,B.Com (Hons.)
BCM812,8,B.Com (Hons.)
BCM813,8,B.Com (Hons.)
BCM814,8,B.Com (Hons.)
BCM815,8,B.Com (Hons.)
BCM101,1,"B.Com (Hons.) Accounting, Auditing and Taxation"
BCM102,1,"B.Com (Hons.) Accounting, Auditing and Taxation"
BCM103,1,"B.Com (Hons.) Accounting, Auditing and Taxation"
BCM104,1,"B.Com (Hons.) Accounting, Auditing and Taxation"
BCM105,1,"B.Com (Hons.) Accounting, Auditing and Taxation"
BCM106,1,"B.Com (Hons.) Accounting, Auditing and Taxation"
BCM107,1,"B.Com (Hons.) Accounting, Auditing and Taxation"
BCM108,1,"B.Com (Hons.) Accounting, Auditing and Taxation"
BCM109,1,"B.Com (Hons.) Accounting, Auditing and Taxation"
BCM110,1,"B.Com (Hons.) Accounting, Auditing and Taxation"
BCM111,1,"B.Com (Hons.) Accounting, Auditing and Taxation"
BCM112,1,"B.Com (Hons.) Accounting, Auditing and Taxation"
BCM113,1,"B.Com (Hons.) Accounting, Auditing and Taxation"
BCM114,1,"B.Com (Hons.) Accounting, Auditing and Taxation"
BCM115,1,"B.Com (Hons.) Accounting, Auditing and Taxation"
BCM201,2,"B.Com (Hons.) Accounting, Auditing and Taxation"
BCM202,2,"B.Com (Hons.) Accounting, Auditing and Taxation"
BCM203,2,"B.Com (Hons.) Accounting, Auditing and Taxation"
BCM204,2,"B.Com (Hons.) Accounting, Auditing and Taxation"
BCM205,2,"B.Com (Hons.) Accounting, Auditing and Taxation"
BCM206,2,"B.Com (Hons.) Accounting, Auditing and Taxation"
BCM207,2,"B.Com (Hons.) Accounting, Auditing and Taxation"
BCM208,2,"B.Com (Hons.) Accounting, Auditing and Taxation"
BCM209,2,"B.Com (Hons.) Accounting, Auditing and Taxation"
BCM210,2,"B.Com (Hons.) Accounting, Auditing and Taxation"
BCM211,2,"B.Com (Hons.) Accounting, Auditing and Taxation"
BCM212,2,"B.Com (Hons.) Accounting, Auditing and Taxation"
BCM213,2,"B.Com (Hons.) Accounting, Auditing and Taxation"
BCM214,2,"B.Com (Hons.) Accounting, Auditing and Taxation"
BCM215,2,"B.Com (Hons.) Accounting, Auditing and Taxation"
BCM301,3,"B.Com (Hons.) Accounting, Auditing and Taxation"
BCM302,3,"B.Com (Hons.) Accounting, Auditing and Taxation"
BCM303,3,"B.Com (Hons.) Accounting, Auditing and Taxation"
BCM304,3,"B.Com (Hons.) Accounting, Auditing and Taxation"
BCM305,3,"B.Com (Hons.) Accounting, Auditing and Taxation"
BCM306,3,"B.Com (Hons.) Accounting, Auditing and Taxation"
BCM307,3,"B.Com (Hons.) Accounting, Auditing and Taxation"
BCM308,3,"B.Com (Hons.) Accounting, Auditing and Taxation"
BCM309,3,"B.Com (Hons.) Accounting, Auditing and Taxation"
BCM310,3,"B.Com (Hons.) Accounting, Auditing and Taxation"
BCM311,3,"B.Com (Hons.) Accounting, Auditing and Taxation"
BCM312,3,"B.Com (Hons.) Accounting, Auditing and Taxation"
BCM313,3,"B.Com (Hons.) Accounting, Auditing and Taxation"
BCM314,3,"B.Com (Hons.) Accounting, Auditing and Taxation"
BCM315,3,"B.Com (Hons.) Accounting, Auditing and Taxation"
BCM401,4,"B.Com (Hons.) Accounting, Auditing and Taxation"
BCM402,4,"B.Com (Hons.) Accounting, Auditing and Taxation"
BCM403,4,"B.Com (Hons.) Accounting, Auditing and Taxation"
BCM404,4,"B.Com (Hons.) Accounting, Auditing and Taxation"
BCM405,4,"B.Com (Hons.) Accounting, Auditing and Taxation"
BCM406,4,"B.Com (Hons.) Accounting, Auditing and Taxation"
BCM407,4,"B.Com (Hons.) Accounting, Auditing and Taxation"
BCM408,4,"B.Com (Hons.) Accounting, Auditing and Taxation"
BCM409,4,"B.Com (Hons.) Accounting, Auditing and Taxation"
BCM410,4,"B.Com (Hons.) Accounting, Auditing and Taxation"
BCM411,4,"B.Com (Hons.) Accounting, Auditing and Taxation"
BCM412,4,"B.Com (Hons.) Accounting, Auditing and Taxation"
BCM413,4,"B.Com (Hons.) Accounting, Auditing and Taxation"
BCM414,4,"B.Com (Hons.) Accounting, Auditing and Taxation"
BCM415,4,"B.Com (Hons.) Accounting, Auditing and Taxation"
BCM501,5,"B.Com (Hons.) Accounting, Auditing and Taxation"
BCM502,5,"B.Com (Hons.) Accounting, Auditing and Taxation"
BCM503,5,"B.Com (Hons.) Accounting, Auditing and Taxation"
BCM504,5,"B.Com (Hons.) Accounting, Auditing and Taxation"
BCM505,5,"B.Com (Hons.) Accounting, Auditing and Taxation"
BCM506,5,"B.Com (Hons.) Accounting, Auditing and Taxation"
BCM507,5,"B.Com (Hons.) Accounting, Auditing and Taxation"
BCM508,5,"B.Com (Hons.) Accounting, Auditing and Taxation"
BCM509,5,"B.Com (Hons.) Accounting, Auditing and Taxation"
BCM510,5,"B.Com (Hons.) Accounting, Auditing and Taxation"
BCM511,5,"B.Com (Hons.) Accounting, Auditing and Taxation"
BCM512,5,"B.Com (Hons.) Accounting, Auditing and Taxation"
BCM513,5,"B.Com (Hons.) Accounting, Auditing and Taxation"
BCM514,5,"B.Com (Hons.) Accounting, Auditing and Taxation"
BCM515,5,"B.Com (Hons.) Accounting, Auditing and Taxation"
BCM601,6,"B.Com (Hons.) Accounting, Auditing and Taxation"
BCM602,6,"B.Com (Hons.) Accounting, Auditing and Taxation"
BCM603,6,"B.Com (Hons.) Accounting, Auditing and Taxation"
BCM604,6,"B.Com (Hons.) Accounting, Auditing and Taxation"
BCM605,6,"B.Com (Hons.) Accounting, Auditing and Taxation"
BCM606,6,"B.Com (Hons.) Accounting, Auditing and Taxation"
BCM607,6,"B.Com (Hons.) Accounting, Auditing and Taxation"
BCM608,6,"B.Com (Hons.) Accounting, Auditing and Taxation"
BCM609,6,"B.Com (Hons.) Accounting, Auditing and Taxation"
BCM610,6,"B.Com (Hons.) Accounting, Auditing and Taxation"
BCM611,6,"B.Com (Hons.) Accounting, Auditing and Taxation"
BCM612,6,"B.Com (Hons.) Accounting, Auditing and Taxation"
BCM613,6,"B.Com (Hons.) Accounting, Auditing and Taxation"
BCM614,6,"B.Com (Hons.) Accounting, Auditing and Taxation"
BCM615,6,"B.Com (Hons.) Accounting, Auditing and Taxation"
BCM701,7,"B.Com (Hons.) Accounting, Auditing and Taxation"
BCM702,7,"B.Com (Hons.) Accounting, Auditing and Taxation"
BCM703,7,"B.Com (Hons.) Accounting, Auditing and Taxation"
BCM704,7,"B.Com (Hons.) Accounting, Auditing and Taxation"
BCM705,7,"B.Com (Hons.) Accounting, Auditing and Taxation"
BCM706,7,"B.Com (Hons.) Accounting, Auditing and Taxation"
BCM707,7,"B.Com (Hons.) Accounting, Auditing and Taxation"
BCM708,7,"B.Com (Hons.) Accounting, Auditing and Taxation"
BCM709,7,"B.Com (Hons.) Accounting, Auditing and Taxation"
BCM710,7,"B.Com (Hons.) Accounting, Auditing and Taxation"
BCM711,7,"B.Com (Hons.) Accounting, Auditing and Taxation"
BCM712,7,"B.Com (Hons.) Accounting, Auditing and Taxation"
BCM713,7,"B.Com (Hons.) Accounting, Auditing and Taxation"
BCM714,7,"B.Com (Hons.) Accounting, Auditing and Taxation"
BCM715,7,"B.Com (Hons.) Accounting, Auditing and Taxation"
BCM801,8,"B.Com (Hons.) Accounting, Auditing and Taxation"
BCM802,8,"B.Com (Hons.) Accounting, Auditing and Taxation"
BCM803,8,"B.Com (Hons.) Accounting, Auditing and Taxation"
BCM804,8,"B.Com (Hons.) Accounting, Auditing and Taxation"
BCM805,8,"B.Com (Hons.) Accounting, Auditing and Taxation"
BCM806,8,"B.Com (Hons.) Accounting, Auditing and Taxation"
BCM807,8,"B.Com (Hons.) Accounting, Auditing and Taxation"
BCM808,8,"B.Com (Hons.) Accounting, Auditing and Taxation"
BCM809,8,"B.Com (Hons.) Accounting, Auditing and Taxation"
BCM810,8,"B.Com (Hons.) Accounting, Auditing and Taxation"
BCM811,8,"B.Com (Hons.) Accounting, Auditing and Taxation"
BCM812,8,"B.Com (Hons.) Accounting, Auditing and Taxation"
BCM813,8,"B.Com (Hons.) Accounting, Auditing and Taxation"
BCM814,8,"B.Com (Hons.) Accounting, Auditing and Taxation"
BCM815,8,"B.Com (Hons.) Accounting, Auditing and Taxation"
BCM101,1,B.Com (Hons.) Banking and Finance
BCM102,1,B.Com (Hons.) Banking and Finance
BCM103,1,B.Com (Hons.) Banking and Finance
BCM104,1,B.Com (Hons.) Banking and Finance
BCM105,1,B.Com (Hons.) Banking and Finance
BCM106,1,B.Com (Hons.) Banking and Finance
BCM107,1,B.Com (Hons.) Banking and Finance
BCM108,1,B.Com (Hons.) Banking and Finance
BCM109,1,B.Com (Hons.) Banking and Finance
BCM110,1,B.Com (Hons.) Banking and Finance
BCM111,1,B.Com (Hons.) Banking and Finance
BCM112,1,B.Com (Hons.) Banking and Finance
BCM113,1,B.Com (Hons.) Banking and Finance
BCM114,1,B.Com (Hons.) Banking and Finance
BCM115,1,B.Com (Hons.) Banking and Finance
BCM201,2,B.Com (Hons.) Banking and Finance
BCM202,2,B.Com (Hons.) Banking and Finance
BCM203,2,B.Com (Hons.) Banking and Finance
BCM204,2,B.Com (Hons.) Banking and Finance
BCM205,2,B.Com (Hons.) Banking and Finance
BCM206,2,B.Com (Hons.) Banking and Finance
BCM207,2,B.Com (Hons.) Banking and Finance
BCM208,2,B.Com (Hons.) Banking and Finance
BCM209,2,B.Com (Hons.) Banking and Finance
BCM210,2,B.Com (Hons.) Banking and Finance
BCM211,2,B.Com (Hons.) Banking and Finance
BCM212,2,B.Com (Hons.) Banking and Finance
BCM213,2,B.Com (Hons.) Banking and Finance
BCM214,2,B.Com (Hons.) Banking and Finance
BCM215,2,B.Com (Hons.) Banking and Finance
BCM301,3,B.Com (Hons.) Banking and Finance
BCM302,3,B.Com (Hons.) Banking and Finance
BCM303,3,B.Com (Hons.) Banking and Finance
BCM304,3,B.Com (Hons.) Banking and Finance
BCM305,3,B.Com (Hons.) Banking and Finance
BCM306,3,B.Com (Hons.) Banking and Finance
BCM307,3,B.Com (Hons.) Banking and Finance
BCM308,3,B.Com (Hons.) Banking and Finance
BCM309,3,B.Com (Hons.) Banking and Finance
BCM310,3,B.Com (Hons.) Banking and Finance
BCM311,3,B.Com (Hons.) Banking and Finance
BCM312,3,B.Com (Hons.) Banking and Finance
BCM313,3,B.Com (Hons.) Banking and Finance
BCM314,3,B.Com (Hons.) Banking and Finance
BCM315,3,B.Com (Hons.) Banking and Finance
BCM401,4,B.Com (Hons.) Banking and Finance
BCM402,4,B.Com (Hons.) Banking and Finance
BCM403,4,B.Com (Hons.) Banking and Finance
BCM404,4,B.Com (Hons.) Banking and Finance
BCM405,4,B.Com (Hons.) Banking and Finance
BCM406,4,B.Com (Hons.) Banking and Finance
BCM407,4,B.Com (Hons.) Banking and Finance
BCM408,4,B.Com (Hons.) Banking and Finance
BCM409,4,B.Com (Hons.) Banking and Finance
BCM410,4,B.Com (Hons.) Banking and Finance
BCM411,4,B.Com (Hons.) Banking and Finance
BCM412,4,B.Com (Hons.) Banking and Finance
BCM413,4,B.Com (Hons.) Banking and Finance
BCM414,4,B.Com (Hons.) Banking and Finance
BCM415,4,B.Com (Hons.) Banking and Finance
BCM501,5,B.Com (Hons.) Banking and Finance
BCM502,5,B.Com (Hons.) Banking and Finance
BCM503,5,B.Com (Hons.) Banking and Finance
BCM504,5,B.Com (Hons.) Banking and Finance
BCM505,5,B.Com (Hons.) Banking and Finance
BCM506,5,B.Com (Hons.) Banking and Finance
BCM507,5,B.Com (Hons.) Banking and Finance
BCM508,5,B.Com (Hons.) Banking and Finance
BCM509,5,B.Com (Hons.) Banking and Finance
BCM510,5,B.Com (Hons.) Banking and Finance
BCM511,5,B.Com (Hons.) Banking and Finance
BCM512,5,B.Com (Hons.) Banking and Finance
BCM513,5,B.Com (Hons.) Banking and Finance
BCM514,5,B.Com (Hons.) Banking and Finance
BCM515,5,B.Com (Hons.) Banking and Finance
BCM601,6,B.Com (Hons.) Banking and Finance
BCM602,6,B.Com (Hons.) Banking and Finance
BCM603,6,B.Com (Hons.) Banking and Finance
BCM604,6,B.Com (Hons.) Banking and Finance
BCM605,6,B.Com (Hons.) Banking and Finance
BCM606,6,B.Com (Hons.) Banking and Finance
BCM607,6,B.Com (Hons.) Banking and Finance
BCM608,6,B.Com (Hons.) Banking and Finance
BCM609,6,B.Com (Hons.) Banking and Finance
BCM610,6,B.Com (Hons.) Banking and Finance
BCM611,6,B.Com (Hons.) Banking and Finance
BCM612,6,B.Com (Hons.) Banking and Finance
BCM613,6,B.Com (Hons.) Banking and Finance
BCM614,6,B.Com (Hons.) Banking and Finance
BCM615,6,B.Com (Hons.) Banking and Finance
BCM701,7,B.Com (Hons.) Banking and Finance
BCM702,7,B.Com (Hons.) Banking and Finance
BCM703,7,B.Com (Hons.) Banking and Finance
BCM704,7,B.Com (Hons.) Banking and Finance
BCM705,7,B.Com (Hons.) Banking and Finance
BCM706,7,B.Com (Hons.) Banking and Finance
BCM707,7,B.Com (Hons.) Banking and Finance
BCM708,7,B.Com (Hons.) Banking and Finance
BCM709,7,B.Com (Hons.) Banking and Finance
BCM710,7,B.Com (Hons.) Banking and Finance
BCM711,7,B.Com (Hons.) Banking and Finance
BCM712,7,B.Com (Hons.) Banking and Finance
BCM713,7,B.Com (Hons.) Banking and Finance
BCM714,7,B.Com (Hons.) Banking and Finance
BCM715,7,B.Com (Hons.) Banking and Finance
BCM801,8,B.Com (Hons.) Banking and Finance
BCM802,8,B.Com (Hons.) Banking and Finance
BCM803,8,B.Com (Hons.) Banking and Finance
BCM804,8,B.Com (Hons.) Banking and Finance
BCM805,8,B.Com (Hons.) Banking and Finance
BCM806,8,B.Com (Hons.) Banking and Finance
BCM807,8,B.Com (Hons.) Banking and Finance
BCM808,8,B.Com (Hons.) Banking and Finance
BCM809,8,B.Com (Hons.) Banking and Finance
BCM810,8,B.Com (Hons.) Banking and Finance
BCM811,8,B.Com (Hons.) Banking and Finance
BCM812,8,B.Com (Hons.) Banking and Finance
BCM813,8,B.Com (Hons.) Banking and Finance
BCM814,8,B.Com (Hons.) Banking and Finance
BCM815,8,B.Com (Hons.) Banking and Finance
BCM101,1,B.Com (Hons.) International Finance and Accounting with ACCA
BCM102,1,B.Com (Hons.) International Finance and Accounting with ACCA
BCM103,1,B.Com (Hons.) International Finance and Accounting with ACCA
BCM104,1,B.Com (Hons.) International Finance and Accounting with ACCA
BCM105,1,B.Com (Hons.) International Finance and Accounting with ACCA
BCM106,1,B.Com (Hons.) International Finance and Accounting with ACCA
BCM107,1,B.Com (Hons.) International Finance and Accounting with ACCA
BCM108,1,B.Com (Hons.) International Finance and Accounting with ACCA
BCM109,1,B.Com (Hons.) International Finance and Accounting with ACCA
BCM110,1,B.Com (Hons.) International Finance and Accounting with ACCA
BCM111,1,B.Com (Hons.) International Finance and Accounting with ACCA
BCM112,1,B.Com (Hons.) International Finance and Accounting with ACCA
BCM113,1,B.Com (Hons.) International Finance and Accounting with ACCA
BCM114,1,B.Com (Hons.) International Finance and Accounting with ACCA
BCM115,1,B.Com (Hons.) International Finance and Accounting with ACCA
BCM201,2,B.Com (Hons.) International Finance and Accounting with ACCA
BCM202,2,B.Com (Hons.) International Finance and Accounting with ACCA
BCM203,2,B.Com (Hons.) International Finance and Accounting with ACCA
BCM204,2,B.Com (Hons.) International Finance and Accounting with ACCA
BCM205,2,B.Com (Hons.) International Finance and Accounting with ACCA
BCM206,2,B.Com (Hons.) International Finance and Accounting with ACCA
BCM207,2,B.Com (Hons.) International Finance and Accounting with ACCA
BCM208,2,B.Com (Hons.) International Finance and Accounting with ACCA
BCM209,2,B.Com (Hons.) International Finance and Accounting with ACCA
BCM210,2,B.Com (Hons.) International Finance and Accounting with ACCA
BCM211,2,B.Com (Hons.) International Finance and Accounting with ACCA
BCM212,2,B.Com (Hons.) International Finance and Accounting with ACCA
BCM213,2,B.Com (Hons.) International Finance and Accounting with ACCA
BCM214,2,B.Com (Hons.) International Finance and Accounting with ACCA
BCM215,2,B.Com (Hons.) International Finance and Accounting with ACCA
BCM301,3,B.Com (Hons.) International Finance and Accounting with ACCA
BCM302,3,B.Com (Hons.) International Finance and Accounting with ACCA
BCM303,3,B.Com (Hons.) International Finance and Accounting with ACCA
BCM304,3,B.Com (Hons.) International Finance and Accounting with ACCA
BCM305,3,B.Com (Hons.) International Finance and Accounting with ACCA
BCM306,3,B.Com (Hons.) International Finance and Accounting with ACCA
BCM307,3,B.Com (Hons.) International Finance and Accounting with ACCA
BCM308,3,B.Com (Hons.) International Finance and Accounting with ACCA
BCM309,3,B.Com (Hons.) International Finance and Accounting with ACCA
BCM310,3,B.Com (Hons.) International Finance and Accounting with ACCA
BCM311,3,B.Com (Hons.) International Finance and Accounting with ACCA
BCM312,3,B.Com (Hons.) International Finance and Accounting with ACCA
BCM313,3,B.Com (Hons.) International Finance and Accounting with ACCA
BCM314,3,B.Com (Hons.) International Finance and Accounting with ACCA
BCM315,3,B.Com (Hons.) International Finance and Accounting with ACCA
BCM401,4,B.Com (Hons.) International Finance and Accounting with ACCA
BCM402,4,B.Com (Hons.) International Finance and Accounting with ACCA
BCM403,4,B.Com (Hons.) International Finance and Accounting with ACCA
BCM404,4,B.Com (Hons.) International Finance and Accounting with ACCA
BCM405,4,B.Com (Hons.) International Finance and Accounting with ACCA
BCM406,4,B.Com (Hons.) International Finance and Accounting with ACCA
BCM407,4,B.Com (Hons.) International Finance and Accounting with ACCA
BCM408,4,B.Com (Hons.) International Finance and Accounting with ACCA
BCM409,4,B.Com (Hons.) International Finance and Accounting with ACCA
BCM410,4,B.Com (Hons.) International Finance and Accounting with ACCA
BCM411,4,B.Com (Hons.) International Finance and Accounting with ACCA
BCM412,4,B.Com (Hons.) International Finance and Accounting with ACCA
BCM413,4,B.Com (Hons.) International Finance and Accounting with ACCA
BCM414,4,B.Com (Hons.) International Finance and Accounting with ACCA
BCM415,4,B.Com (Hons.) International Finance and Accounting with ACCA
BCM501,5,B.Com (Hons.) International Finance and Accounting with ACCA
BCM502,5,B.Com (Hons.) International Finance and Accounting with ACCA
BCM503,5,B.Com (Hons.) International Finance and Accounting with ACCA
BCM504,5,B.Com (Hons.) International Finance and Accounting with ACCA
BCM505,5,B.Com (Hons.) International Finance and Accounting with ACCA
BCM506,5,B.Com (Hons.) International Finance and Accounting with ACCA
BCM507,5,B.Com (Hons.) International Finance and Accounting with ACCA
BCM508,5,B.Com (Hons.) International Finance and Accounting with ACCA
BCM509,5,B.Com (Hons.) International Finance and Accounting with ACCA
BCM510,5,B.Com (Hons.) International Finance and Accounting with ACCA
BCM511,5,B.Com (Hons.) International Finance and Accounting with ACCA
BCM512,5,B.Com (Hons.) International Finance and Accounting with ACCA
BCM513,5,B.Com (Hons.) International Finance and Accounting with ACCA
BCM514,5,B.Com (Hons.) International Finance and Accounting with ACCA
BCM515,5,B.Com (Hons.) International Finance and Accounting with ACCA
BCM601,6,B.Com (Hons.) International Finance and Accounting with ACCA
BCM602,6,B.Com (Hons.) International Finance and Accounting with ACCA
BCM603,6,B.Com (Hons.) International Finance and Accounting with ACCA
BCM604,6,B.Com (Hons.) International Finance and Accounting with ACCA
BCM605,6,B.Com (Hons.) International Finance and Accounting with ACCA
BCM606,6,B.Com (Hons.) International Finance and Accounting with ACCA
BCM607,6,B.Com (Hons.) International Finance and Accounting with ACCA
BCM608,6,B.Com (Hons.) International Finance and Accounting with ACCA
BCM609,6,B.Com (Hons.) International Finance and Accounting with ACCA
BCM610,6,B.Com (Hons.) International Finance and Accounting with ACCA
BCM611,6,B.Com (Hons.) International Finance and Accounting with ACCA
BCM612,6,B.Com (Hons.) International Finance and Accounting with ACCA
BCM613,6,B.Com (Hons.) International Finance and Accounting with ACCA
BCM614,6,B.Com (Hons.) International Finance and Accounting with ACCA
BCM615,6,B.Com (Hons.) International Finance and Accounting with ACCA
BCM701,7,B.Com (Hons.) International Finance and Accounting with ACCA
BCM702,7,B.Com (Hons.) International Finance and Accounting with ACCA
BCM703,7,B.Com (Hons.) International Finance and Accounting with ACCA
BCM704,7,B.Com (Hons.) International Finance and Accounting with ACCA
BCM705,7,B.Com (Hons.) International Finance and Accounting with ACCA
BCM706,7,B.Com (Hons.) International Finance and Accounting with ACCA
BCM707,7,B.Com (Hons.) International Finance and Accounting with ACCA
BCM708,7,B.Com (Hons.) International Finance and Accounting with ACCA
BCM709,7,B.Com (Hons.) International Finance and Accounting with ACCA
BCM710,7,B.Com (Hons.) International Finance and Accounting with ACCA
BCM711,7,B.Com (Hons.) International Finance and Accounting with ACCA
BCM712,7,B.Com (Hons.) International Finance and Accounting with ACCA
BCM713,7,B.Com (Hons.) International Finance and Accounting with ACCA
BCM714,7,B.Com (Hons.) International Finance and Accounting with ACCA
BCM715,7,B.Com (Hons.) International Finance and Accounting with ACCA
BCM801,8,B.Com (Hons.) International Finance and Accounting with ACCA
BCM802,8,B.Com (Hons.) International Finance and Accounting with ACCA
BCM803,8,B.Com (Hons.) International Finance and Accounting with ACCA
BCM804,8,B.Com (Hons.) International Finance and Accounting with ACCA
BCM805,8,B.Com (Hons.) International Finance and Accounting with ACCA
BCM806,8,B.Com (Hons.) International Finance and Accounting with ACCA
BCM807,8,B.Com (Hons.) International Finance and Accounting with ACCA
BCM808,8,B.Com (Hons.) International Finance and Accounting with ACCA
BCM809,8,B.Com (Hons.) International Finance and Accounting with ACCA
BCM810,8,B.Com (Hons.) International Finance and Accounting with ACCA
BCM811,8,B.Com (Hons.) International Finance and Accounting with ACCA
BCM812,8,B.Com (Hons.) International Finance and Accounting with ACCA
BCM813,8,B.Com (Hons.) International Finance and Accounting with ACCA
BCM814,8,B.Com (Hons.) International Finance and Accounting with ACCA
BCM815,8,B.Com (Hons.) International Finance and Accounting with ACCA
BCM101,1,B.Com (Hons.) in Financial Analytics and Business Intelligence
BCM102,1,B.Com (Hons.) in Financial Analytics and Business Intelligence
BCM103,1,B.Com (Hons.) in Financial Analytics and Business Intelligence
BCM104,1,B.Com (Hons.) in Financial Analytics and Business Intelligence
BCM105,1,B.Com (Hons.) in Financial Analytics and Business Intelligence
BCM106,1,B.Com (Hons.) in Financial Analytics and Business Intelligence
BCM107,1,B.Com (Hons.) in Financial Analytics and Business Intelligence
BCM108,1,B.Com (Hons.) in Financial Analytics and Business Intelligence
BCM109,1,B.Com (Hons.) in Financial Analytics and Business Intelligence
BCM110,1,B.Com (Hons.) in Financial Analytics and Business Intelligence
BCM111,1,B.Com (Hons.) in Financial Analytics and Business Intelligence
BCM112,1,B.Com (Hons.) in Financial Analytics and Business Intelligence
BCM113,1,B.Com (Hons.) in Financial Analytics and Business Intelligence
BCM114,1,B.Com (Hons.) in Financial Analytics and Business Intelligence
BCM115,1,B.Com (Hons.) in Financial Analytics and Business Intelligence
BCM201,2,B.Com (Hons.) in Financial Analytics and Business Intelligence
BCM202,2,B.Com (Hons.) in Financial Analytics and Business Intelligence
BCM203,2,B.Com (Hons.) in Financial Analytics and Business Intelligence
BCM204,2,B.Com (Hons.) in Financial Analytics and Business Intelligence
BCM205,2,B.Com (Hons.) in Financial Analytics and Business Intelligence
BCM206,2,B.Com (Hons.) in Financial Analytics and Business Intelligence
BCM207,2,B.Com (Hons.) in Financial Analytics and Business Intelligence
BCM208,2,B.Com (Hons.) in Financial Analytics and Business Intelligence
BCM209,2,B.Com (Hons.) in Financial Analytics and Business Intelligence
BCM210,2,B.Com (Hons.) in Financial Analytics and Business Intelligence
BCM211,2,B.Com (Hons.) in Financial Analytics and Business Intelligence
BCM212,2,B.Com (Hons.) in Financial Analytics and Business Intelligence
BCM213,2,B.Com (Hons.) in Financial Analytics and Business Intelligence
BCM214,2,B.Com (Hons.) in Financial Analytics and Business Intelligence
BCM215,2,B.Com (Hons.) in Financial Analytics and Business Intelligence
BCM301,3,B.Com (Hons.) in Financial Analytics and Business Intelligence
BCM302,3,B.Com (Hons.) in Financial Analytics and Business Intelligence
BCM303,3,B.Com (Hons.) in Financial Analytics and Business Intelligence
BCM304,3,B.Com (Hons.) in Financial Analytics and Business Intelligence
BCM305,3,B.Com (Hons.) in Financial Analytics and Business Intelligence
BCM306,3,B.Com (Hons.) in Financial Analytics and Business Intelligence
BCM307,3,B.Com (Hons.) in Financial Analytics and Business Intelligence
BCM308,3,B.Com (Hons.) in Financial Analytics and Business Intelligence
BCM309,3,B.Com (Hons.) in Financial Analytics and Business Intelligence
BCM310,3,B.Com (Hons.) in Financial Analytics and Business Intelligence
BCM311,3,B.Com (Hons.) in Financial Analytics and Business Intelligence
BCM312,3,B.Com (Hons.) in Financial Analytics and Business Intelligence
BCM313,3,B.Com (Hons.) in Financial Analytics and Business Intelligence
BCM314,3,B.Com (Hons.) in Financial Analytics and Business Intelligence
BCM315,3,B.Com (Hons.) in Financial Analytics and Business Intelligence
BCM401,4,B.Com (Hons.) in Financial Analytics and Business Intelligence
BCM402,4,B.Com (Hons.) in Financial Analytics and Business Intelligence
BCM403,4,B.Com (Hons.) in Financial Analytics and Business Intelligence
BCM404,4,B.Com (Hons.) in Financial Analytics and Business Intelligence
BCM405,4,B.Com (Hons.) in Financial Analytics and Business Intelligence
BCM406,4,B.Com (Hons.) in Financial Analytics and Business Intelligence
BCM407,4,B.Com (Hons.) in Financial Analytics and Business Intelligence
BCM408,4,B.Com (Hons.) in Financial Analytics and Business Intelligence
BCM409,4,B.Com (Hons.) in Financial Analytics and Business Intelligence
BCM410,4,B.Com (Hons.) in Financial Analytics and Business Intelligence
BCM411,4,B.Com (Hons.) in Financial Analytics and Business Intelligence
BCM412,4,B.Com (Hons.) in Financial Analytics and Business Intelligence
BCM413,4,B.Com (Hons.) in Financial Analytics and Business Intelligence
BCM414,4,B.Com (Hons.) in Financial Analytics and Business Intelligence
BCM415,4,B.Com (Hons.) in Financial Analytics and Business Intelligence
BCM501,5,B.Com (Hons.) in Financial Analytics and Business Intelligence
BCM502,5,B.Com (Hons.) in Financial Analytics and Business Intelligence
BCM503,5,B.Com (Hons.) in Financial Analytics and Business Intelligence
BCM504,5,B.Com (Hons.) in Financial Analytics and Business Intelligence
BCM505,5,B.Com (Hons.) in Financial Analytics and Business Intelligence
BCM506,5,B.Com (Hons.) in Financial Analytics and Business Intelligence
BCM507,5,B.Com (Hons.) in Financial Analytics and Business Intelligence
BCM508,5,B.Com (Hons.) in Financial Analytics and Business Intelligence
BCM509,5,B.Com (Hons.) in Financial Analytics and Business Intelligence
BCM510,5,B.Com (Hons.) in Financial Analytics and Business Intelligence
BCM511,5,B.Com (Hons.) in Financial Analytics and Business Intelligence
BCM512,5,B.Com (Hons.) in Financial Analytics and Business Intelligence
BCM513,5,B.Com (Hons.) in Financial Analytics and Business Intelligence
BCM514,5,B.Com (Hons.) in Financial Analytics and Business Intelligence
BCM515,5,B.Com (Hons.) in Financial Analytics and Business Intelligence
BCM601,6,B.Com (Hons.) in Financial Analytics and Business Intelligence
BCM602,6,B.Com (Hons.) in Financial Analytics and Business Intelligence
BCM603,6,B.Com (Hons.) in Financial Analytics and Business Intelligence
BCM604,6,B.Com (Hons.) in Financial Analytics and Business Intelligence
BCM605,6,B.Com (Hons.) in Financial Analytics and Business Intelligence
BCM606,6,B.Com (Hons.) in Financial Analytics and Business Intelligence
BCM607,6,B.Com (Hons.) in Financial Analytics and Business Intelligence
BCM608,6,B.Com (Hons.) in Financial Analytics and Business Intelligence
BCM609,6,B.Com (Hons.) in Financial Analytics and Business Intelligence
BCM610,6,B.Com (Hons.) in Financial Analytics and Business Intelligence
BCM611,6,B.Com (Hons.) in Financial Analytics and Business Intelligence
BCM612,6,B.Com (Hons.) in Financial Analytics and Business Intelligence
BCM613,6,B.Com (Hons.) in Financial Analytics and Business Intelligence
BCM614,6,B.Com (Hons.) in Financial Analytics and Business Intelligence
BCM615,6,B.Com (Hons.) in Financial Analytics and Business Intelligence
BCM701,7,B.Com (Hons.) in Financial Analytics and Business Intelligence
BCM702,7,B.Com (Hons.) in Financial Analytics and Business Intelligence
BCM703,7,B.Com (Hons.) in Financial Analytics and Business Intelligence
BCM704,7,B.Com (Hons.) in Financial Analytics and Business Intelligence
BCM705,7,B.Com (Hons.) in Financial Analytics and Business Intelligence
BCM706,7,B.Com (Hons.) in Financial Analytics and Business Intelligence
BCM707,7,B.Com (Hons.) in Financial Analytics and Business Intelligence
BCM708,7,B.Com (Hons.) in Financial Analytics and Business Intelligence
BCM709,7,B.Com (Hons.) in Financial Analytics and Business Intelligence
BCM710,7,B.Com (Hons.) in Financial Analytics and Business Intelligence
BCM711,7,B.Com (Hons.) in Financial Analytics and Business Intelligence
BCM712,7,B.Com (Hons.) in Financial Analytics and Business Intelligence
BCM713,7,B.Com (Hons.) in Financial Analytics and Business Intelligence
BCM714,7,B.Com (Hons.) in Financial Analytics and Business Intelligence
BCM715,7,B.Com (Hons.) in Financial Analytics and Business Intelligence
BCM801,8,B.Com (Hons.) in Financial Analytics and Business Intelligence
BCM802,8,B.Com (Hons.) in Financial Analytics and Business Intelligence
BCM803,8,B.Com (Hons.) in Financial Analytics and Business Intelligence
BCM804,8,B.Com (Hons.) in Financial Analytics and Business Intelligence
BCM805,8,B.Com (Hons.) in Financial Analytics and Business Intelligence
BCM806,8,B.Com (Hons.) in Financial Analytics and Business Intelligence
BCM807,8,B.Com (Hons.) in Financial Analytics and Business Intelligence
BCM808,8,B.Com (Hons.) in Financial Analytics and Business Intelligence
BCM809,8,B.Com (Hons.) in Financial Analytics and Business Intelligence
BCM810,8,B.Com (Hons.) in Financial Analytics and Business Intelligence
BCM811,8,B.Com (Hons.) in Financial Analytics and Business Intelligence
BCM812,8,B.Com (Hons.) in Financial Analytics and Business Intelligence
BCM813,8,B.Com (Hons.) in Financial Analytics and Business Intelligence
BCM814,8,B.Com (Hons.) in Financial Analytics and Business Intelligence
BCM815,8,B.Com (Hons.) in Financial Analytics and Business Intelligence
BCM101,1,B.Com (Hons.) with Certified Management Accountant
BCM102,1,B.Com (Hons.) with Certified Management Accountant
BCM103,1,B.Com (Hons.) with Certified Management Accountant
BCM104,1,B.Com (Hons.) with Certified Management Accountant
BCM105,1,B.Com (Hons.) with Certified Management Accountant
BCM106,1,B.Com (Hons.) with Certified Management Accountant
BCM107,1,B.Com (Hons.) with Certified Management Accountant
BCM108,1,B.Com (Hons.) with Certified Management Accountant
BCM109,1,B.Com (Hons.) with Certified Management Accountant
BCM110,1,B.Com (Hons.) with Certified Management Accountant
BCM111,1,B.Com (Hons.) with Certified Management Accountant
BCM112,1,B.Com (Hons.) with Certified Management Accountant
BCM113,1,B.Com (Hons.) with Certified Management Accountant
BCM114,1,B.Com (Hons.) with Certified Management Accountant
BCM115,1,B.Com (Hons.) with Certified Management Accountant
BCM201,2,B.Com (Hons.) with Certified Management Accountant
BCM202,2,B.Com (Hons.) with Certified Management Accountant
BCM203,2,B.Com (Hons.) with Certified Management Accountant
BCM204,2,B.Com (Hons.) with Certified Management Accountant
BCM205,2,B.Com (Hons.) with Certified Management Accountant
BCM206,2,B.Com (Hons.) with Certified Management Accountant
BCM207,2,B.Com (Hons.) with Certified Management Accountant
BCM208,2,B.Com (Hons.) with Certified Management Accountant
BCM209,2,B.Com (Hons.) with Certified Management Accountant
BCM210,2,B.Com (Hons.) with Certified Management Accountant
BCM211,2,B.Com (Hons.) with Certified Management Accountant
BCM212,2,B.Com (Hons.) with Certified Management Accountant
BCM213,2,B.Com (Hons.) with Certified Management Accountant
BCM214,2,B.Com (Hons.) with Certified Management Accountant
BCM215,2,B.Com (Hons.) with Certified Management Accountant
BCM301,3,B.Com (Hons.) with Certified Management Accountant
BCM302,3,B.Com (Hons.) with Certified Management Accountant
BCM303,3,B.Com (Hons.) with Certified Management Accountant
BCM304,3,B.Com (Hons.) with Certified Management Accountant
BCM305,3,B.Com (Hons.) with Certified Management Accountant
BCM306,3,B.Com (Hons.) with Certified Management Accountant
BCM307,3,B.Com (Hons.) with Certified Management Accountant
BCM308,3,B.Com (Hons.) with Certified Management Accountant
BCM309,3,B.Com (Hons.) with Certified Management Accountant
BCM310,3,B.Com (Hons.) with Certified Management Accountant
BCM311,3,B.Com (Hons.) with Certified Management Accountant
BCM312,3,B.Com (Hons.) with Certified Management Accountant
BCM313,3,B.Com (Hons.) with Certified Management Accountant
BCM314,3,B.Com (Hons.) with Certified Management Accountant
BCM315,3,B.Com (Hons.) with Certified Management Accountant
BCM401,4,B.Com (Hons.) with Certified Management Accountant
BCM402,4,B.Com (Hons.) with Certified Management Accountant
BCM403,4,B.Com (Hons.) with Certified Management Accountant
BCM404,4,B.Com (Hons.) with Certified Management Accountant
BCM405,4,B.Com (Hons.) with Certified Management Accountant
BCM406,4,B.Com (Hons.) with Certified Management Accountant
BCM407,4,B.Com (Hons.) with Certified Management Accountant
BCM408,4,B.Com (Hons.) with Certified Management Accountant
BCM409,4,B.Com (Hons.) with Certified Management Accountant
BCM410,4,B.Com (Hons.) with Certified Management Accountant
BCM411,4,B.Com (Hons.) with Certified Management Accountant
BCM412,4,B.Com (Hons.) with Certified Management Accountant
BCM413,4,B.Com (Hons.) with Certified Management Accountant
BCM414,4,B.Com (Hons.) with Certified Management Accountant
BCM415,4,B.Com (Hons.) with Certified Management Accountant
BCM501,5,B.Com (Hons.) with Certified Management Accountant
BCM502,5,B.Com (Hons.) with Certified Management Accountant
BCM503,5,B.Com (Hons.) with Certified Management Accountant
BCM504,5,B.Com (Hons.) with Certified Management Accountant
BCM505,5,B.Com (Hons.) with Certified Management Accountant
BCM506,5,B.Com (Hons.) with Certified Management Accountant
BCM507,5,B.Com (Hons.) with Certified Management Accountant
BCM508,5,B.Com (Hons.) with Certified Management Accountant
BCM509,5,B.Com (Hons.) with Certified Management Accountant
BCM510,5,B.Com (Hons.) with Certified Management Accountant
BCM511,5,B.Com (Hons.) with Certified Management Accountant
BCM512,5,B.Com (Hons.) with Certified Management Accountant
BCM513,5,B.Com (Hons.) with Certified Management Accountant
BCM514,5,B.Com (Hons.) with Certified Management Accountant
BCM515,5,B.Com (Hons.) with Certified Management Accountant
BCM601,6,B.Com (Hons.) with Certified Management Accountant
BCM602,6,B.Com (Hons.) with Certified Management Accountant
BCM603,6,B.Com (Hons.) with Certified Management Accountant
BCM604,6,B.Com (Hons.) with Certified Management Accountant
BCM605,6,B.Com (Hons.) with Certified Management Accountant
BCM606,6,B.Com (Hons.) with Certified Management Accountant
BCM607,6,B.Com (Hons.) with Certified Management Accountant
BCM608,6,B.Com (Hons.) with Certified Management Accountant
BCM609,6,B.Com (Hons.) with Certified Management Accountant
BCM610,6,B.Com (Hons.) with Certified Management Accountant
BCM611,6,B.Com (Hons.) with Certified Management Accountant
BCM612,6,B.Com (Hons.) with Certified Management Accountant
BCM613,6,B.Com (Hons.) with Certified Management Accountant
BCM614,6,B.Com (Hons.) with Certified Management Accountant
BCM615,6,B.Com (Hons.) with Certified Management Accountant
BCM701,7,B.Com (Hons.) with Certified Management Accountant
BCM702,7,B.Com (Hons.) with Certified Management Accountant
BCM703,7,B.Com (Hons.) with Certified Management Accountant
BCM704,7,B.Com (Hons.) with Certified Management Accountant
BCM705,7,B.Com (Hons.) with Certified Management Accountant
BCM706,7,B.Com (Hons.) with Certified Management Accountant
BCM707,7,B.Com (Hons.) with Certified Management Accountant
BCM708,7,B.Com (Hons.) with Certified Management Accountant
BCM709,7,B.Com (Hons.) with Certified Management Accountant
BCM710,7,B.Com (Hons.) with Certified Management Accountant
BCM711,7,B.Com (Hons.) with Certified Management Accountant
BCM712,7,B.Com (Hons.) with Certified Management Accountant
BCM713,7,B.Com (Hons.) with Certified Management Accountant
BCM714,7,B.Com (Hons.) with Certified Management Accountant
BCM715,7,B.Com (Hons.) with Certified Management Accountant
BCM801,8,B.Com (Hons.) with Certified Management Accountant
BCM802,8,B.Com (Hons.) with Certified Management Accountant
BCM803,8,B.Com (Hons.) with Certified Management Accountant
BCM804,8,B.Com (Hons.) with Certified Management Accountant
BCM805,8,B.Com (Hons.) with Certified Management Accountant
BCM806,8,B.Com (Hons.) with Certified Management Accountant
BCM807,8,B.Com (Hons.) with Certified Management Accountant
BCM808,8,B.Com (Hons.) with Certified Management Accountant
BCM809,8,B.Com (Hons.) with Certified Management Accountant
BCM810,8,B.Com (Hons.) with Certified Management Accountant
BCM811,8,B.Com (Hons.) with Certified Management Accountant
BCM812,8,B.Com (Hons.) with Certified Management Accountant
BCM813,8,B.Com (Hons.) with Certified Management Accountant
BCM814,8,B.Com (Hons.) with Certified Management Accountant
BCM815,8,B.Com (Hons.) with Certified Management Accountant
BCM101,1,B.Com (Hons.) with Research
BCM102,1,B.Com (Hons.) with Research
BCM103,1,B.Com (Hons.) with Research
BCM104,1,B.Com (Hons.) with Research
BCM105,1,B.Com (Hons.) with Research
BCM106,1,B.Com (Hons.) with Research
BCM107,1,B.Com (Hons.) with Research
BCM108,1,B.Com (Hons.) with Research
BCM109,1,B.Com (Hons.) with Research
BCM110,1,B.Com (Hons.) with Research
BCM111,1,B.Com (Hons.) with Research
BCM112,1,B.Com (Hons.) with Research
BCM113,1,B.Com (Hons.) with Research
BCM114,1,B.Com (Hons.) with Research
BCM115,1,B.Com (Hons.) with Research
BCM201,2,B.Com (Hons.) with Research
BCM202,2,B.Com (Hons.) with Research
BCM203,2,B.Com (Hons.) with Research
BCM204,2,B.Com (Hons.) with Research
BCM205,2,B.Com (Hons.) with Research
BCM206,2,B.Com (Hons.) with Research
BCM207,2,B.Com (Hons.) with Research
BCM208,2,B.Com (Hons.) with Research
BCM209,2,B.Com (Hons.) with Research
BCM210,2,B.Com (Hons.) with Research
BCM211,2,B.Com (Hons.) with Research
BCM212,2,B.Com (Hons.) with Research
BCM213,2,B.Com (Hons.) with Research
BCM214,2,B.Com (Hons.) with Research
BCM215,2,B.Com (Hons.) with Research
BCM301,3,B.Com (Hons.) with Research
BCM302,3,B.Com (Hons.) with Research
BCM303,3,B.Com (Hons.) with Research
BCM304,3,B.Com (Hons.) with Research
BCM305,3,B.Com (Hons.) with Research
BCM306,3,B.Com (Hons.) with Research
BCM307,3,B.Com (Hons.) with Research
BCM308,3,B.Com (Hons.) with Research
BCM309,3,B.Com (Hons.) with Research
BCM310,3,B.Com (Hons.) with Research
BCM311,3,B.Com (Hons.) with Research
BCM312,3,B.Com (Hons.) with Research
BCM313,3,B.Com (Hons.) with Research
BCM314,3,B.Com (Hons.) with Research
BCM315,3,B.Com (Hons.) with Research
BCM401,4,B.Com (Hons.) with Research
BCM402,4,B.Com (Hons.) with Research
BCM403,4,B.Com (Hons.) with Research
BCM404,4,B.Com (Hons.) with Research
BCM405,4,B.Com (Hons.) with Research
BCM406,4,B.Com (Hons.) with Research
BCM407,4,B.Com (Hons.) with Research
BCM408,4,B.Com (Hons.) with Research
BCM409,4,B.Com (Hons.) with Research
BCM410,4,B.Com (Hons.) with Research
BCM411,4,B.Com (Hons.) with Research
BCM412,4,B.Com (Hons.) with Research
BCM413,4,B.Com (Hons.) with Research
BCM414,4,B.Com (Hons.) with Research
BCM415,4,B.Com (Hons.) with Research
BCM501,5,B.Com (Hons.) with Research
BCM502,5,B.Com (Hons.) with Research
BCM503,5,B.Com (Hons.) with Research
BCM504,5,B.Com (Hons.) with Research
BCM505,5,B.Com (Hons.) with Research
BCM506,5,B.Com (Hons.) with Research
BCM507,5,B.Com (Hons.) with Research
BCM508,5,B.Com (Hons.) with Research
BCM509,5,B.Com (Hons.) with Research
BCM510,5,B.Com (Hons.) with Research
BCM511,5,B.Com (Hons.) with Research
BCM512,5,B.Com (Hons.) with Research
BCM513,5,B.Com (Hons.) with Research
BCM514,5,B.Com (Hons.) with Research
BCM515,5,B.Com (Hons.) with Research
BCM601,6,B.Com (Hons.) with Research
BCM602,6,B.Com (Hons.) with Research
BCM603,6,B.Com (Hons.) with Research
BCM604,6,B.Com (Hons.) with Research
BCM605,6,B.Com (Hons.) with Research
BCM606,6,B.Com (Hons.) with Research
BCM607,6,B.Com (Hons.) with Research
BCM608,6,B.Com (Hons.) with Research
BCM609,6,B.Com (Hons.) with Research
BCM610,6,B.Com (Hons.) with Research
BCM611,6,B.Com (Hons.) with Research
BCM612,6,B.Com (Hons.) with Research
BCM613,6,B.Com (Hons.) with Research
BCM614,6,B.Com (Hons.) with Research
BCM615,6,B.Com (Hons.) with Research
BCM701,7,B.Com (Hons.) with Research
BCM702,7,B.Com (Hons.) with Research
BCM703,7,B.Com (Hons.) with Research
BCM704,7,B.Com (Hons.) with Research
BCM705,7,B.Com (Hons.) with Research
BCM706,7,B.Com (Hons.) with Research
BCM707,7,B.Com (Hons.) with Research
BCM708,7,B.Com (Hons.) with Research
BCM709,7,B.Com (Hons.) with Research
BCM710,7,B.Com (Hons.) with Research
BCM711,7,B.Com (Hons.) with Research
BCM712,7,B.Com (Hons.) with Research
BCM713,7,B.Com (Hons.) with Research
BCM714,7,B.Com (Hons.) with Research
BCM715,7,B.Com (Hons.) with Research
BCM801,8,B.Com (Hons.) with Research
BCM802,8,B.Com (Hons.) with Research
BCM803,8,B.Com (Hons.) with Research
BCM804,8,B.Com (Hons.) with Research
BCM805,8,B.Com (Hons.) with Research
BCM806,8,B.Com (Hons.) with Research
BCM807,8,B.Com (Hons.) with Research
BCM808,8,B.Com (Hons.) with Research
BCM809,8,B.Com (Hons.) with Research
BCM810,8,B.Com (Hons.) with Research
BCM811,8,B.Com (Hons.) with Research
BCM812,8,B.Com (Hons.) with Research
BCM813,8,B.Com (Hons.) with Research
BCM814,8,B.Com (Hons.) with Research
BCM815,8,B.Com (Hons.) with Research
BBA101,1,BBA (Hons.) E-commerce and Digital Marketing
BBA102,1,BBA (Hons.) E-commerce and Digital Marketing
BBA103,1,BBA (Hons.) E-commerce and Digital Marketing
BBA104,1,BBA (Hons.) E-commerce and Digital Marketing
BBA105,1,BBA (Hons.) E-commerce and Digital Marketing
BBA106,1,BBA (Hons.) E-commerce and Digital Marketing
BBA107,1,BBA (Hons.) E-commerce and Digital Marketing
BBA108,1,BBA (Hons.) E-commerce and Digital Marketing
BBA109,1,BBA (Hons.) E-commerce and Digital Marketing
BBA110,1,BBA (Hons.) E-commerce and Digital Marketing
BBA111,1,BBA (Hons.) E-commerce and Digital Marketing
BBA112,1,BBA (Hons.) E-commerce and Digital Marketing
BBA113,1,BBA (Hons.) E-commerce and Digital Marketing
BBA114,1,BBA (Hons.) E-commerce and Digital Marketing
BBA115,1,BBA (Hons.) E-commerce and Digital Marketing
BBA201,2,BBA (Hons.) E-commerce and Digital Marketing
BBA202,2,BBA (Hons.) E-commerce and Digital Marketing
BBA203,2,BBA (Hons.) E-commerce and Digital Marketing
BBA204,2,BBA (Hons.) E-commerce and Digital Marketing
BBA205,2,BBA (Hons.) E-commerce and Digital Marketing
BBA206,2,BBA (Hons.) E-commerce and Digital Marketing
BBA207,2,BBA (Hons.) E-commerce and Digital Marketing
BBA208,2,BBA (Hons.) E-commerce and Digital Marketing
BBA209,2,BBA (Hons.) E-commerce and Digital Marketing
BBA210,2,BBA (Hons.) E-commerce and Digital Marketing
BBA211,2,BBA (Hons.) E-commerce and Digital Marketing
BBA212,2,BBA (Hons.) E-commerce and Digital Marketing
BBA213,2,BBA (Hons.) E-commerce and Digital Marketing
BBA214,2,BBA (Hons.) E-commerce and Digital Marketing
BBA215,2,BBA (Hons.) E-commerce and Digital Marketing
BBA301,3,BBA (Hons.) E-commerce and Digital Marketing
BBA302,3,BBA (Hons.) E-commerce and Digital Marketing
BBA303,3,BBA (Hons.) E-commerce and Digital Marketing
BBA304,3,BBA (Hons.) E-commerce and Digital Marketing
BBA305,3,BBA (Hons.) E-commerce and Digital Marketing
BBA306,3,BBA (Hons.) E-commerce and Digital Marketing
BBA307,3,BBA (Hons.) E-commerce and Digital Marketing
BBA308,3,BBA (Hons.) E-commerce and Digital Marketing
BBA309,3,BBA (Hons.) E-commerce and Digital Marketing
BBA310,3,BBA (Hons.) E-commerce and Digital Marketing
BBA311,3,BBA (Hons.) E-commerce and Digital Marketing
BBA312,3,BBA (Hons.) E-commerce and Digital Marketing
BBA313,3,BBA (Hons.) E-commerce and Digital Marketing
BBA314,3,BBA (Hons.) E-commerce and Digital Marketing
BBA315,3,BBA (Hons.) E-commerce and Digital Marketing
BBA401,4,BBA (Hons.) E-commerce and Digital Marketing
BBA402,4,BBA (Hons.) E-commerce and Digital Marketing
BBA403,4,BBA (Hons.) E-commerce and Digital Marketing
BBA404,4,BBA (Hons.) E-commerce and Digital Marketing
BBA405,4,BBA (Hons.) E-commerce and Digital Marketing
BBA406,4,BBA (Hons.) E-commerce and Digital Marketing
BBA407,4,BBA (Hons.) E-commerce and Digital Marketing
BBA408,4,BBA (Hons.) E-commerce and Digital Marketing
BBA409,4,BBA (Hons.) E-commerce and Digital Marketing
BBA410,4,BBA (Hons.) E-commerce and Digital Marketing
BBA411,4,BBA (Hons.) E-commerce and Digital Marketing
BBA412,4,BBA (Hons.) E-commerce and Digital Marketing
BBA413,4,BBA (Hons.) E-commerce and Digital Marketing
BBA414,4,BBA (Hons.) E-commerce and Digital Marketing
BBA415,4,BBA (Hons.) E-commerce and Digital Marketing
BBA501,5,BBA (Hons.) E-commerce and Digital Marketing
BBA502,5,BBA (Hons.) E-commerce and Digital Marketing
BBA503,5,BBA (Hons.) E-commerce and Digital Marketing
BBA504,5,BBA (Hons.) E-commerce and Digital Marketing
BBA505,5,BBA (Hons.) E-commerce and Digital Marketing
BBA506,5,BBA (Hons.) E-commerce and Digital Marketing
BBA507,5,BBA (Hons.) E-commerce and Digital Marketing
BBA508,5,BBA (Hons.) E-commerce and Digital Marketing
BBA509,5,BBA (Hons.) E-commerce and Digital Marketing
BBA510,5,BBA (Hons.) E-commerce and Digital Marketing
BBA511,5,BBA (Hons.) E-commerce and Digital Marketing
BBA512,5,BBA (Hons.) E-commerce and Digital Marketing
BBA513,5,BBA (Hons.) E-commerce and Digital Marketing
BBA514,5,BBA (Hons.) E-commerce and Digital Marketing
BBA515,5,BBA (Hons.) E-commerce and Digital Marketing
BBA601,6,BBA (Hons.) E-commerce and Digital Marketing
BBA602,6,BBA (Hons.) E-commerce and Digital Marketing
BBA603,6,BBA (Hons.) E-commerce and Digital Marketing
BBA604,6,BBA (Hons.) E-commerce and Digital Marketing
BBA605,6,BBA (Hons.) E-commerce and Digital Marketing
BBA606,6,BBA (Hons.) E-commerce and Digital Marketing
BBA607,6,BBA (Hons.) E-commerce and Digital Marketing
BBA608,6,BBA (Hons.) E-commerce and Digital Marketing
BBA609,6,BBA (Hons.) E-commerce and Digital Marketing
BBA610,6,BBA (Hons.) E-commerce and Digital Marketing
BBA611,6,BBA (Hons.) E-commerce and Digital Marketing
BBA612,6,BBA (Hons.) E-commerce and Digital Marketing
BBA613,6,BBA (Hons.) E-commerce and Digital Marketing
BBA614,6,BBA (Hons.) E-commerce and Digital Marketing
BBA615,6,BBA (Hons.) E-commerce and Digital Marketing
BBA701,7,BBA (Hons.) E-commerce and Digital Marketing
BBA702,7,BBA (Hons.) E-commerce and Digital Marketing
BBA703,7,BBA (Hons.) E-commerce and Digital Marketing
BBA704,7,BBA (Hons.) E-commerce and Digital Marketing
BBA705,7,BBA (Hons.) E-commerce and Digital Marketing
BBA706,7,BBA (Hons.) E-commerce and Digital Marketing
BBA707,7,BBA (Hons.) E-commerce and Digital Marketing
BBA708,7,BBA (Hons.) E-commerce and Digital Marketing
BBA709,7,BBA (Hons.) E-commerce and Digital Marketing
BBA710,7,BBA (Hons.) E-commerce and Digital Marketing
BBA711,7,BBA (Hons.) E-commerce and Digital Marketing
BBA712,7,BBA (Hons.) E-commerce and Digital Marketing
BBA713,7,BBA (Hons.) E-commerce and Digital Marketing
BBA714,7,BBA (Hons.) E-commerce and Digital Marketing
BBA715,7,BBA (Hons.) E-commerce and Digital Marketing
BBA801,8,BBA (Hons.) E-commerce and Digital Marketing
BBA802,8,BBA (Hons.) E-commerce and Digital Marketing
BBA803,8,BBA (Hons.) E-commerce and Digital Marketing
BBA804,8,BBA (Hons.) E-commerce and Digital Marketing
BBA805,8,BBA (Hons.) E-commerce and Digital Marketing
BBA806,8,BBA (Hons.) E-commerce and Digital Marketing
BBA807,8,BBA (Hons.) E-commerce and Digital Marketing
BBA808,8,BBA (Hons.) E-commerce and Digital Marketing
BBA809,8,BBA (Hons.) E-commerce and Digital Marketing
BBA810,8,BBA (Hons.) E-commerce and Digital Marketing
BBA811,8,BBA (Hons.) E-commerce and Digital Marketing
BBA812,8,BBA (Hons.) E-commerce and Digital Marketing
BBA813,8,BBA (Hons.) E-commerce and Digital Marketing
BBA814,8,BBA (Hons.) E-commerce and Digital Marketing
BBA815,8,BBA (Hons.) E-commerce and Digital Marketing
BBA101,1,BBA International Finance and Accounting with ACCA
BBA102,1,BBA International Finance and Accounting with ACCA
BBA103,1,BBA International Finance and Accounting with ACCA
BBA104,1,BBA International Finance and Accounting with ACCA
BBA105,1,BBA International Finance and Accounting with ACCA
BBA106,1,BBA International Finance and Accounting with ACCA
BBA107,1,BBA International Finance and Accounting with ACCA
BBA108,1,BBA International Finance and Accounting with ACCA
BBA109,1,BBA International Finance and Accounting with ACCA
BBA110,1,BBA International Finance and Accounting with ACCA
BBA111,1,BBA International Finance and Accounting with ACCA
BBA112,1,BBA International Finance and Accounting with ACCA
BBA113,1,BBA International Finance and Accounting with ACCA
BBA114,1,BBA International Finance and Accounting with ACCA
BBA115,1,BBA International Finance and Accounting with ACCA
BBA201,2,BBA International Finance and Accounting with ACCA
BBA202,2,BBA International Finance and Accounting with ACCA
BBA203,2,BBA International Finance and Accounting with ACCA
BBA204,2,BBA International Finance and Accounting with ACCA
BBA205,2,BBA International Finance and Accounting with ACCA
BBA206,2,BBA International Finance and Accounting with ACCA
BBA207,2,BBA International Finance and Accounting with ACCA
BBA208,2,BBA International Finance and Accounting with ACCA
BBA209,2,BBA International Finance and Accounting with ACCA
BBA210,2,BBA International Finance and Accounting with ACCA
BBA211,2,BBA International Finance and Accounting with ACCA
BBA212,2,BBA International Finance and Accounting with ACCA
BBA213,2,BBA International Finance and Accounting with ACCA
BBA214,2,BBA International Finance and Accounting with ACCA
BBA215,2,BBA International Finance and Accounting with ACCA
BBA301,3,BBA International Finance and Accounting with ACCA
BBA302,3,BBA International Finance and Accounting with ACCA
BBA303,3,BBA International Finance and Accounting with ACCA
BBA304,3,BBA International Finance and Accounting with ACCA
BBA305,3,BBA International Finance and Accounting with ACCA
BBA306,3,BBA International Finance and Accounting with ACCA
BBA307,3,BBA International Finance and Accounting with ACCA
BBA308,3,BBA International Finance and Accounting with ACCA
BBA309,3,BBA International Finance and Accounting with ACCA
BBA310,3,BBA International Finance and Accounting with ACCA
BBA311,3,BBA International Finance and Accounting with ACCA
BBA312,3,BBA International Finance and Accounting with ACCA
BBA313,3,BBA International Finance and Accounting with ACCA
BBA314,3,BBA International Finance and Accounting with ACCA
BBA315,3,BBA International Finance and Accounting with ACCA
BBA401,4,BBA International Finance and Accounting with ACCA
BBA402,4,BBA International Finance and Accounting with ACCA
BBA403,4,BBA International Finance and Accounting with ACCA
BBA404,4,BBA International Finance and Accounting with ACCA
BBA405,4,BBA International Finance and Accounting with ACCA
BBA406,4,BBA International Finance and Accounting with ACCA
BBA407,4,BBA International Finance and Accounting with ACCA
BBA408,4,BBA International Finance and Accounting with ACCA
BBA409,4,BBA International Finance and Accounting with ACCA
BBA410,4,BBA International Finance and Accounting with ACCA
BBA411,4,BBA International Finance and Accounting with ACCA
BBA412,4,BBA International Finance and Accounting with ACCA
BBA413,4,BBA International Finance and Accounting with ACCA
BBA414,4,BBA International Finance and Accounting with ACCA
BBA415,4,BBA International Finance and Accounting with ACCA
BBA501,5,BBA International Finance and Accounting with ACCA
BBA502,5,BBA International Finance and Accounting with ACCA
BBA503,5,BBA International Finance and Accounting with ACCA
BBA504,5,BBA International Finance and Accounting with ACCA
BBA505,5,BBA International Finance and Accounting with ACCA
BBA506,5,BBA International Finance and Accounting with ACCA
BBA507,5,BBA International Finance and Accounting with ACCA
BBA508,5,BBA International Finance and Accounting with ACCA
BBA509,5,BBA International Finance and Accounting with ACCA
BBA510,5,BBA International Finance and Accounting with ACCA
BBA511,5,BBA International Finance and Accounting with ACCA
BBA512,5,BBA International Finance and Accounting with ACCA
BBA513,5,BBA International Finance and Accounting with ACCA
BBA514,5,BBA International Finance and Accounting with ACCA
BBA515,5,BBA International Finance and Accounting with ACCA
BBA601,6,BBA International Finance and Accounting with ACCA
BBA602,6,BBA International Finance and Accounting with ACCA
BBA603,6,BBA International Finance and Accounting with ACCA
BBA604,6,BBA International Finance and Accounting with ACCA
BBA605,6,BBA International Finance and Accounting with ACCA
BBA606,6,BBA International Finance and Accounting with ACCA
BBA607,6,BBA International Finance and Accounting with ACCA
BBA608,6,BBA International Finance and Accounting with ACCA
BBA609,6,BBA International Finance and Accounting with ACCA
BBA610,6,BBA International Finance and Accounting with ACCA
BBA611,6,BBA International Finance and Accounting with ACCA
BBA612,6,BBA International Finance and Accounting with ACCA
BBA613,6,BBA International Finance and Accounting with ACCA
BBA614,6,BBA International Finance and Accounting with ACCA
BBA615,6,BBA International Finance and Accounting with ACCA
BBA101,1,BBA in Aviation Management
BBA102,1,BBA in Aviation Management
BBA103,1,BBA in Aviation Management
BBA104,1,BBA in Aviation Management
BBA105,1,BBA in Aviation Management
BBA106,1,BBA in Aviation Management
BBA107,1,BBA in Aviation Management
BBA108,1,BBA in Aviation Management
BBA109,1,BBA in Aviation Management
BBA110,1,BBA in Aviation Management
BBA111,1,BBA in Aviation Management
BBA112,1,BBA in Aviation Management
BBA113,1,BBA in Aviation Management
BBA114,1,BBA in Aviation Management
BBA115,1,BBA in Aviation Management
BBA201,2,BBA in Aviation Management
BBA202,2,BBA in Aviation Management
BBA203,2,BBA in Aviation Management
BBA204,2,BBA in Aviation Management
BBA205,2,BBA in Aviation Management
BBA206,2,BBA in Aviation Management
BBA207,2,BBA in Aviation Management
BBA208,2,BBA in Aviation Management
BBA209,2,BBA in Aviation Management
BBA210,2,BBA in Aviation Management
BBA211,2,BBA in Aviation Management
BBA212,2,BBA in Aviation Management
BBA213,2,BBA in Aviation Management
BBA214,2,BBA in Aviation Management
BBA215,2,BBA in Aviation Management
BBA301,3,BBA in Aviation Management
BBA302,3,BBA in Aviation Management
BBA303,3,BBA in Aviation Management
BBA304,3,BBA in Aviation Management
BBA305,3,BBA in Aviation Management
BBA306,3,BBA in Aviation Management
BBA307,3,BBA in Aviation Management
BBA308,3,BBA in Aviation Management
BBA309,3,BBA in Aviation Management
BBA310,3,BBA in Aviation Management
BBA311,3,BBA in Aviation Management
BBA312,3,BBA in Aviation Management
BBA313,3,BBA in Aviation Management
BBA314,3,BBA in Aviation Management
BBA315,3,BBA in Aviation Management
BBA401,4,BBA in Aviation Management
BBA402,4,BBA in Aviation Management
BBA403,4,BBA in Aviation Management
BBA404,4,BBA in Aviation Management
BBA405,4,BBA in Aviation Management
BBA406,4,BBA in Aviation Management
BBA407,4,BBA in Aviation Management
BBA408,4,BBA in Aviation Management
BBA409,4,BBA in Aviation Management
BBA410,4,BBA in Aviation Management
BBA411,4,BBA in Aviation Management
BBA412,4,BBA in Aviation Management
BBA413,4,BBA in Aviation Management
BBA414,4,BBA in Aviation Management
BBA415,4,BBA in Aviation Management
BBA501,5,BBA in Aviation Management
BBA502,5,BBA in Aviation Management
BBA503,5,BBA in Aviation Management
BBA504,5,BBA in Aviation Management
BBA505,5,BBA in Aviation Management
BBA506,5,BBA in Aviation Management
BBA507,5,BBA in Aviation Management
BBA508,5,BBA in Aviation Management
BBA509,5,BBA in Aviation Management
BBA510,5,BBA in Aviation Management
BBA511,5,BBA in Aviation Management
BBA512,5,BBA in Aviation Management
BBA513,5,BBA in Aviation Management
BBA514,5,BBA in Aviation Management
BBA515,5,BBA in Aviation Management
BBA601,6,BBA in Aviation Management
BBA602,6,BBA in Aviation Management
BBA603,6,BBA in Aviation Management
BBA604,6,BBA in Aviation Management
BBA605,6,BBA in Aviation Management
BBA606,6,BBA in Aviation Management
BBA607,6,BBA in Aviation Management
BBA608,6,BBA in Aviation Management
BBA609,6,BBA in Aviation Management
BBA610,6,BBA in Aviation Management
BBA611,6,BBA in Aviation Management
BBA612,6,BBA in Aviation Management
BBA613,6,BBA in Aviation Management
BBA614,6,BBA in Aviation Management
BBA615,6,BBA in Aviation Management
BBA101,1,BBA in Entrepreneurship
BBA102,1,BBA in Entrepreneurship
BBA103,1,BBA in Entrepreneurship
BBA104,1,BBA in Entrepreneurship
BBA105,1,BBA in Entrepreneurship
BBA106,1,BBA in Entrepreneurship
BBA107,1,BBA in Entrepreneurship
BBA108,1,BBA in Entrepreneurship
BBA109,1,BBA in Entrepreneurship
BBA110,1,BBA in Entrepreneurship
BBA111,1,BBA in Entrepreneurship
BBA112,1,BBA in Entrepreneurship
BBA113,1,BBA in Entrepreneurship
BBA114,1,BBA in Entrepreneurship
BBA115,1,BBA in Entrepreneurship
BBA201,2,BBA in Entrepreneurship
BBA202,2,BBA in Entrepreneurship
BBA203,2,BBA in Entrepreneurship
BBA204,2,BBA in Entrepreneurship
BBA205,2,BBA in Entrepreneurship
BBA206,2,BBA in Entrepreneurship
BBA207,2,BBA in Entrepreneurship
BBA208,2,BBA in Entrepreneurship
BBA209,2,BBA in Entrepreneurship
BBA210,2,BBA in Entrepreneurship
BBA211,2,BBA in Entrepreneurship
BBA212,2,BBA in Entrepreneurship
BBA213,2,BBA in Entrepreneurship
BBA214,2,BBA in Entrepreneurship
BBA215,2,BBA in Entrepreneurship
BBA301,3,BBA in Entrepreneurship
BBA302,3,BBA in Entrepreneurship
BBA303,3,BBA in Entrepreneurship
BBA304,3,BBA in Entrepreneurship
BBA305,3,BBA in Entrepreneurship
BBA306,3,BBA in Entrepreneurship
BBA307,3,BBA in Entrepreneurship
BBA308,3,BBA in Entrepreneurship
BBA309,3,BBA in Entrepreneurship
BBA310,3,BBA in Entrepreneurship
BBA311,3,BBA in Entrepreneurship
BBA312,3,BBA in Entrepreneurship
BBA313,3,BBA in Entrepreneurship
BBA314,3,BBA in Entrepreneurship
BBA315,3,BBA in Entrepreneurship
BBA401,4,BBA in Entrepreneurship
BBA402,4,BBA in Entrepreneurship
BBA403,4,BBA in Entrepreneurship
BBA404,4,BBA in Entrepreneurship
BBA405,4,BBA in Entrepreneurship
BBA406,4,BBA in Entrepreneurship
BBA407,4,BBA in Entrepreneurship
BBA408,4,BBA in Entrepreneurship
BBA409,4,BBA in Entrepreneurship
BBA410,4,BBA in Entrepreneurship
BBA411,4,BBA in Entrepreneurship
BBA412,4,BBA in Entrepreneurship
BBA413,4,BBA in Entrepreneurship
BBA414,4,BBA in Entrepreneurship
BBA415,4,BBA in Entrepreneurship
BBA501,5,BBA in Entrepreneurship
BBA502,5,BBA in Entrepreneurship
BBA503,5,BBA in Entrepreneurship
BBA504,5,BBA in Entrepreneurship
BBA505,5,BBA in Entrepreneurship
BBA506,5,BBA in Entrepreneurship
BBA507,5,BBA in Entrepreneurship
BBA508,5,BBA in Entrepreneurship
BBA509,5,BBA in Entrepreneurship
BBA510,5,BBA in Entrepreneurship
BBA511,5,BBA in Entrepreneurship
BBA512,5,BBA in Entrepreneurship
BBA513,5,BBA in Entrepreneurship
BBA514,5,BBA in Entrepreneurship
BBA515,5,BBA in Entrepreneurship
BBA601,6,BBA in Entrepreneurship
BBA602,6,BBA in Entrepreneurship
BBA603,6,BBA in Entrepreneurship
BBA604,6,BBA in Entrepreneurship
BBA605,6,BBA in Entrepreneurship
BBA606,6,BBA in Entrepreneurship
BBA607,6,BBA in Entrepreneurship
BBA608,6,BBA in Entrepreneurship
BBA609,6,BBA in Entrepreneurship
BBA610,6,BBA in Entrepreneurship
BBA611,6,BBA in Entrepreneurship
BBA612,6,BBA in Entrepreneurship
BBA613,6,BBA in Entrepreneurship
BBA614,6,BBA in Entrepreneurship
BBA615,6,BBA in Entrepreneurship
BBA101,1,BBA in Hospital Administration
BBA102,1,BBA in Hospital Administration
BBA103,1,BBA in Hospital Administration
BBA104,1,BBA in Hospital Administration
BBA105,1,BBA in Hospital Administration
BBA106,1,BBA in Hospital Administration
BBA107,1,BBA in Hospital Administration
BBA108,1,BBA in Hospital Administration
BBA109,1,BBA in Hospital Administration
BBA110,1,BBA in Hospital Administration
BBA111,1,BBA in Hospital Administration
BBA112,1,BBA in Hospital Administration
BBA113,1,BBA in Hospital Administration
BBA114,1,BBA in Hospital Administration
BBA115,1,BBA in Hospital Administration
BBA201,2,BBA in Hospital Administration
BBA202,2,BBA in Hospital Administration
BBA203,2,BBA in Hospital Administration
BBA204,2,BBA in Hospital Administration
BBA205,2,BBA in Hospital Administration
BBA206,2,BBA in Hospital Administration
BBA207,2,BBA in Hospital Administration
BBA208,2,BBA in Hospital Administration
BBA209,2,BBA in Hospital Administration
BBA210,2,BBA in Hospital Administration
BBA211,2,BBA in Hospital Administration
BBA212,2,BBA in Hospital Administration
BBA213,2,BBA in Hospital Administration
BBA214,2,BBA in Hospital Administration
BBA215,2,BBA in Hospital Administration
BBA301,3,BBA in Hospital Administration
BBA302,3,BBA in Hospital Administration
BBA303,3,BBA in Hospital Administration
BBA304,3,BBA in Hospital Administration
BBA305,3,BBA in Hospital Administration
BBA306,3,BBA in Hospital Administration
BBA307,3,BBA in Hospital Administration
BBA308,3,BBA in Hospital Administration
BBA309,3,BBA in Hospital Administration
BBA310,3,BBA in Hospital Administration
BBA311,3,BBA in Hospital Administration
BBA312,3,BBA in Hospital Administration
BBA313,3,BBA in Hospital Administration
BBA314,3,BBA in Hospital Administration
BBA315,3,BBA in Hospital Administration
BBA401,4,BBA in Hospital Administration
BBA402,4,BBA in Hospital Administration
BBA403,4,BBA in Hospital Administration
BBA404,4,BBA in Hospital Administration
BBA405,4,BBA in Hospital Administration
BBA406,4,BBA in Hospital Administration
BBA407,4,BBA in Hospital Administration
BBA408,4,BBA in Hospital Administration
BBA409,4,BBA in Hospital Administration
BBA410,4,BBA in Hospital Administration
BBA411,4,BBA in Hospital Administration
BBA412,4,BBA in Hospital Administration
BBA413,4,BBA in Hospital Administration
BBA414,4,BBA in Hospital Administration
BBA415,4,BBA in Hospital Administration
BBA501,5,BBA in Hospital Administration
BBA502,5,BBA in Hospital Administration
BBA503,5,BBA in Hospital Administration
BBA504,5,BBA in Hospital Administration
BBA505,5,BBA in Hospital Administration
BBA506,5,BBA in Hospital Administration
BBA507,5,BBA in Hospital Administration
BBA508,5,BBA in Hospital Administration
BBA509,5,BBA in Hospital Administration
BBA510,5,BBA in Hospital Administration
BBA511,5,BBA in Hospital Administration
BBA512,5,BBA in Hospital Administration
BBA513,5,BBA in Hospital Administration
BBA514,5,BBA in Hospital Administration
BBA515,5,BBA in Hospital Administration
BBA601,6,BBA in Hospital Administration
BBA602,6,BBA in Hospital Administration
BBA603,6,BBA in Hospital Administration
BBA604,6,BBA in Hospital Administration
BBA605,6,BBA in Hospital Administration
BBA606,6,BBA in Hospital Administration
BBA607,6,BBA in Hospital Administration
BBA608,6,BBA in Hospital Administration
BBA609,6,BBA in Hospital Administration
BBA610,6,BBA in Hospital Administration
BBA611,6,BBA in Hospital Administration
BBA612,6,BBA in Hospital Administration
BBA613,6,BBA in Hospital Administration
BBA614,6,BBA in Hospital Administration
BBA615,6,BBA in Hospital Administration
BBA101,1,BBA with Business Analytics
BBA102,1,BBA with Business Analytics
BBA103,1,BBA with Business Analytics
BBA104,1,BBA with Business Analytics
BBA105,1,BBA with Business Analytics
BBA106,1,BBA with Business Analytics
BBA107,1,BBA with Business Analytics
BBA108,1,BBA with Business Analytics
BBA109,1,BBA with Business Analytics
BBA110,1,BBA with Business Analytics
BBA111,1,BBA with Business Analytics
BBA112,1,BBA with Business Analytics
BBA113,1,BBA with Business Analytics
BBA114,1,BBA with Business Analytics
BBA115,1,BBA with Business Analytics
BBA201,2,BBA with Business Analytics
BBA202,2,BBA with Business Analytics
BBA203,2,BBA with Business Analytics
BBA204,2,BBA with Business Analytics
BBA205,2,BBA with Business Analytics
BBA206,2,BBA with Business Analytics
BBA207,2,BBA with Business Analytics
BBA208,2,BBA with Business Analytics
BBA209,2,BBA with Business Analytics
BBA210,2,BBA with Business Analytics
BBA211,2,BBA with Business Analytics
BBA212,2,BBA with Business Analytics
BBA213,2,BBA with Business Analytics
BBA214,2,BBA with Business Analytics
BBA215,2,BBA with Business Analytics
BBA301,3,BBA with Business Analytics
BBA302,3,BBA with Business Analytics
BBA303,3,BBA with Business Analytics
BBA304,3,BBA with Business Analytics
BBA305,3,BBA with Business Analytics
BBA306,3,BBA with Business Analytics
BBA307,3,BBA with Business Analytics
BBA308,3,BBA with Business Analytics
BBA309,3,BBA with Business Analytics
BBA310,3,BBA with Business Analytics
BBA311,3,BBA with Business Analytics
BBA312,3,BBA with Business Analytics
BBA313,3,BBA with Business Analytics
BBA314,3,BBA with Business Analytics
BBA315,3,BBA with Business Analytics
BBA401,4,BBA with Business Analytics
BBA402,4,BBA with Business Analytics
BBA403,4,BBA with Business Analytics
BBA404,4,BBA with Business Analytics
BBA405,4,BBA with Business Analytics
BBA406,4,BBA with Business Analytics
BBA407,4,BBA with Business Analytics
BBA408,4,BBA with Business Analytics
BBA409,4,BBA with Business Analytics
BBA410,4,BBA with Business Analytics
BBA411,4,BBA with Business Analytics
BBA412,4,BBA with Business Analytics
BBA413,4,BBA with Business Analytics
BBA414,4,BBA with Business Analytics
BBA415,4,BBA with Business Analytics
BBA501,5,BBA with Business Analytics
BBA502,5,BBA with Business Analytics
BBA503,5,BBA with Business Analytics
BBA504,5,BBA with Business Analytics
BBA505,5,BBA with Business Analytics
BBA506,5,BBA with Business Analytics
BBA507,5,BBA with Business Analytics
BBA508,5,BBA with Business Analytics
BBA509,5,BBA with Business Analytics
BBA510,5,BBA with Business Analytics
BBA511,5,BBA with Business Analytics
BBA512,5,BBA with Business Analytics
BBA513,5,BBA with Business Analytics
BBA514,5,BBA with Business Analytics
BBA515,5,BBA with Business Analytics
BBA601,6,BBA with Business Analytics
BBA602,6,BBA with Business Analytics
BBA603,6,BBA with Business Analytics
BBA604,6,BBA with Business Analytics
BBA605,6,BBA with Business Analytics
BBA606,6,BBA with Business Analytics
BBA607,6,BBA with Business Analytics
BBA608,6,BBA with Business Analytics
BBA609,6,BBA with Business Analytics
BBA610,6,BBA with Business Analytics
BBA611,6,BBA with Business Analytics
BBA612,6,BBA with Business Analytics
BBA613,6,BBA with Business Analytics
BBA614,6,BBA with Business Analytics
BBA615,6,BBA with Business Analytics
BBA101,1,BBA with Specialization in Finance/Marketing/HR
BBA102,1,BBA with Specialization in Finance/Marketing/HR
BBA103,1,BBA with Specialization in Finance/Marketing/HR
BBA104,1,BBA with Specialization in Finance/Marketing/HR
BBA105,1,BBA with Specialization in Finance/Marketing/HR
BBA106,1,BBA with Specialization in Finance/Marketing/HR
BBA107,1,BBA with Specialization in Finance/Marketing/HR
BBA108,1,BBA with Specialization in Finance/Marketing/HR
BBA109,1,BBA with Specialization in Finance/Marketing/HR
BBA110,1,BBA with Specialization in Finance/Marketing/HR
BBA111,1,BBA with Specialization in Finance/Marketing/HR
BBA112,1,BBA with Specialization in Finance/Marketing/HR
BBA113,1,BBA with Specialization in Finance/Marketing/HR
BBA114,1,BBA with Specialization in Finance/Marketing/HR
BBA115,1,BBA with Specialization in Finance/Marketing/HR
BBA201,2,BBA with Specialization in Finance/Marketing/HR
BBA202,2,BBA with Specialization in Finance/Marketing/HR
BBA203,2,BBA with Specialization in Finance/Marketing/HR
BBA204,2,BBA with Specialization in Finance/Marketing/HR
BBA205,2,BBA with Specialization in Finance/Marketing/HR
BBA206,2,BBA with Specialization in Finance/Marketing/HR
BBA207,2,BBA with Specialization in Finance/Marketing/HR
BBA208,2,BBA with Specialization in Finance/Marketing/HR
BBA209,2,BBA with Specialization in Finance/Marketing/HR
BBA210,2,BBA with Specialization in Finance/Marketing/HR
BBA211,2,BBA with Specialization in Finance/Marketing/HR
BBA212,2,BBA with Specialization in Finance/Marketing/HR
BBA213,2,BBA with Specialization in Finance/Marketing/HR
BBA214,2,BBA with Specialization in Finance/Marketing/HR
BBA215,2,BBA with Specialization in Finance/Marketing/HR
BBA301,3,BBA with Specialization in Finance/Marketing/HR
BBA302,3,BBA with Specialization in Finance/Marketing/HR
BBA303,3,BBA with Specialization in Finance/Marketing/HR
BBA304,3,BBA with Specialization in Finance/Marketing/HR
BBA305,3,BBA with Specialization in Finance/Marketing/HR
BBA306,3,BBA with Specialization in Finance/Marketing/HR
BBA307,3,BBA with Specialization in Finance/Marketing/HR
BBA308,3,BBA with Specialization in Finance/Marketing/HR
BBA309,3,BBA with Specialization in Finance/Marketing/HR
BBA310,3,BBA with Specialization in Finance/Marketing/HR
BBA311,3,BBA with Specialization in Finance/Marketing/HR
BBA312,3,BBA with Specialization in Finance/Marketing/HR
BBA313,3,BBA with Specialization in Finance/Marketing/HR
BBA314,3,BBA with Specialization in Finance/Marketing/HR
BBA315,3,BBA with Specialization in Finance/Marketing/HR
BBA401,4,BBA with Specialization in Finance/Marketing/HR
BBA402,4,BBA with Specialization in Finance/Marketing/HR
BBA403,4,BBA with Specialization in Finance/Marketing/HR
BBA404,4,BBA with Specialization in Finance/Marketing/HR
BBA405,4,BBA with Specialization in Finance/Marketing/HR
BBA406,4,BBA with Specialization in Finance/Marketing/HR
BBA407,4,BBA with Specialization in Finance/Marketing/HR
BBA408,4,BBA with Specialization in Finance/Marketing/HR
BBA409,4,BBA with Specialization in Finance/Marketing/HR
BBA410,4,BBA with Specialization in Finance/Marketing/HR
BBA411,4,BBA with Specialization in Finance/Marketing/HR
BBA412,4,BBA with Specialization in Finance/Marketing/HR
BBA413,4,BBA with Specialization in Finance/Marketing/HR
BBA414,4,BBA with Specialization in Finance/Marketing/HR
BBA415,4,BBA with Specialization in Finance/Marketing/HR
BBA501,5,BBA with Specialization in Finance/Marketing/HR
BBA502,5,BBA with Specialization in Finance/Marketing/HR
BBA503,5,BBA with Specialization in Finance/Marketing/HR
BBA504,5,BBA with Specialization in Finance/Marketing/HR
BBA505,5,BBA with Specialization in Finance/Marketing/HR
BBA506,5,BBA with Specialization in Finance/Marketing/HR
BBA507,5,BBA with Specialization in Finance/Marketing/HR
BBA508,5,BBA with Specialization in Finance/Marketing/HR
BBA509,5,BBA with Specialization in Finance/Marketing/HR
BBA510,5,BBA with Specialization in Finance/Marketing/HR
BBA511,5,BBA with Specialization in Finance/Marketing/HR
BBA512,5,BBA with Specialization in Finance/Marketing/HR
BBA513,5,BBA with Specialization in Finance/Marketing/HR
BBA514,5,BBA with Specialization in Finance/Marketing/HR
BBA515,5,BBA with Specialization in Finance/Marketing/HR
BBA601,6,BBA with Specialization in Finance/Marketing/HR
BBA602,6,BBA with Specialization in Finance/Marketing/HR
BBA603,6,BBA with Specialization in Finance/Marketing/HR
BBA604,6,BBA with Specialization in Finance/Marketing/HR
BBA605,6,BBA with Specialization in Finance/Marketing/HR
BBA606,6,BBA with Specialization in Finance/Marketing/HR
BBA607,6,BBA with Specialization in Finance/Marketing/HR
BBA608,6,BBA with Specialization in Finance/Marketing/HR
BBA609,6,BBA with Specialization in Finance/Marketing/HR
BBA610,6,BBA with Specialization in Finance/Marketing/HR
BBA611,6,BBA with Specialization in Finance/Marketing/HR
BBA612,6,BBA with Specialization in Finance/Marketing/HR
BBA613,6,BBA with Specialization in Finance/Marketing/HR
BBA614,6,BBA with Specialization in Finance/Marketing/HR
BBA615,6,BBA with Specialization in Finance/Marketing/HR
BBA101,1,BBA with Specialization in Financial Technology (Fin Tech)
BBA102,1,BBA with Specialization in Financial Technology (Fin Tech)
BBA103,1,BBA with Specialization in Financial Technology (Fin Tech)
BBA104,1,BBA with Specialization in Financial Technology (Fin Tech)
BBA105,1,BBA with Specialization in Financial Technology (Fin Tech)
BBA106,1,BBA with Specialization in Financial Technology (Fin Tech)
BBA107,1,BBA with Specialization in Financial Technology (Fin Tech)
BBA108,1,BBA with Specialization in Financial Technology (Fin Tech)
BBA109,1,BBA with Specialization in Financial Technology (Fin Tech)
BBA110,1,BBA with Specialization in Financial Technology (Fin Tech)
BBA111,1,BBA with Specialization in Financial Technology (Fin Tech)
BBA112,1,BBA with Specialization in Financial Technology (Fin Tech)
BBA113,1,BBA with Specialization in Financial Technology (Fin Tech)
BBA114,1,BBA with Specialization in Financial Technology (Fin Tech)
BBA115,1,BBA with Specialization in Financial Technology (Fin Tech)
BBA201,2,BBA with Specialization in Financial Technology (Fin Tech)
BBA202,2,BBA with Specialization in Financial Technology (Fin Tech)
BBA203,2,BBA with Specialization in Financial Technology (Fin Tech)
BBA204,2,BBA with Specialization in Financial Technology (Fin Tech)
BBA205,2,BBA with Specialization in Financial Technology (Fin Tech)
BBA206,2,BBA with Specialization in Financial Technology (Fin Tech)
BBA207,2,BBA with Specialization in Financial Technology (Fin Tech)
BBA208,2,BBA with Specialization in Financial Technology (Fin Tech)
BBA209,2,BBA with Specialization in Financial Technology (Fin Tech)
BBA210,2,BBA with Specialization in Financial Technology (Fin Tech)
BBA211,2,BBA with Specialization in Financial Technology (Fin Tech)
BBA212,2,BBA with Specialization in Financial Technology (Fin Tech)
BBA213,2,BBA with Specialization in Financial Technology (Fin Tech)
BBA214,2,BBA with Specialization in Financial Technology (Fin Tech)
BBA215,2,BBA with Specialization in Financial Technology (Fin Tech)
BBA301,3,BBA with Specialization in Financial Technology (Fin Tech)
BBA302,3,BBA with Specialization in Financial Technology (Fin Tech)
BBA303,3,BBA with Specialization in Financial Technology (Fin Tech)
BBA304,3,BBA with Specialization in Financial Technology (Fin Tech)
BBA305,3,BBA with Specialization in Financial Technology (Fin Tech)
BBA306,3,BBA with Specialization in Financial Technology (Fin Tech)
BBA307,3,BBA with Specialization in Financial Technology (Fin Tech)
BBA308,3,BBA with Specialization in Financial Technology (Fin Tech)
BBA309,3,BBA with Specialization in Financial Technology (Fin Tech)
BBA310,3,BBA with Specialization in Financial Technology (Fin Tech)
BBA311,3,BBA with Specialization in Financial Technology (Fin Tech)
BBA312,3,BBA with Specialization in Financial Technology (Fin Tech)
BBA313,3,BBA with Specialization in Financial Technology (Fin Tech)
BBA314,3,BBA with Specialization in Financial Technology (Fin Tech)
BBA315,3,BBA with Specialization in Financial Technology (Fin Tech)
BBA401,4,BBA with Specialization in Financial Technology (Fin Tech)
BBA402,4,BBA with Specialization in Financial Technology (Fin Tech)
BBA403,4,BBA with Specialization in Financial Technology (Fin Tech)
BBA404,4,BBA with Specialization in Financial Technology (Fin Tech)
BBA405,4,BBA with Specialization in Financial Technology (Fin Tech)
BBA406,4,BBA with Specialization in Financial Technology (Fin Tech)
BBA407,4,BBA with Specialization in Financial Technology (Fin Tech)
BBA408,4,BBA with Specialization in Financial Technology (Fin Tech)
BBA409,4,BBA with Specialization in Financial Technology (Fin Tech)
BBA410,4,BBA with Specialization in Financial Technology (Fin Tech)
BBA411,4,BBA with Specialization in Financial Technology (Fin Tech)
BBA412,4,BBA with Specialization in Financial Technology (Fin Tech)
BBA413,4,BBA with Specialization in Financial Technology (Fin Tech)
BBA414,4,BBA with Specialization in Financial Technology (Fin Tech)
BBA415,4,BBA with Specialization in Financial Technology (Fin Tech)
BBA501,5,BBA with Specialization in Financial Technology (Fin Tech)
BBA502,5,BBA with Specialization in Financial Technology (Fin Tech)
BBA503,5,BBA with Specialization in Financial Technology (Fin Tech)
BBA504,5,BBA with Specialization in Financial Technology (Fin Tech)
BBA505,5,BBA with Specialization in Financial Technology (Fin Tech)
BBA506,5,BBA with Specialization in Financial Technology (Fin Tech)
BBA507,5,BBA with Specialization in Financial Technology (Fin Tech)
BBA508,5,BBA with Specialization in Financial Technology (Fin Tech)
BBA509,5,BBA with Specialization in Financial Technology (Fin Tech)
BBA510,5,BBA with Specialization in Financial Technology (Fin Tech)
BBA511,5,BBA with Specialization in Financial Technology (Fin Tech)
BBA512,5,BBA with Specialization in Financial Technology (Fin Tech)
BBA513,5,BBA with Specialization in Financial Technology (Fin Tech)
BBA514,5,BBA with Specialization in Financial Technology (Fin Tech)
BBA515,5,BBA with Specialization in Financial Technology (Fin Tech)
BBA601,6,BBA with Specialization in Financial Technology (Fin Tech)
BBA602,6,BBA with Specialization in Financial Technology (Fin Tech)
BBA603,6,BBA with Specialization in Financial Technology (Fin Tech)
BBA604,6,BBA with Specialization in Financial Technology (Fin Tech)
BBA605,6,BBA with Specialization in Financial Technology (Fin Tech)
BBA606,6,BBA with Specialization in Financial Technology (Fin Tech)
BBA607,6,BBA with Specialization in Financial Technology (Fin Tech)
BBA608,6,BBA with Specialization in Financial Technology (Fin Tech)
BBA609,6,BBA with Specialization in Financial Technology (Fin Tech)
BBA610,6,BBA with Specialization in Financial Technology (Fin Tech)
BBA611,6,BBA with Specialization in Financial Technology (Fin Tech)
BBA612,6,BBA with Specialization in Financial Technology (Fin Tech)
BBA613,6,BBA with Specialization in Financial Technology (Fin Tech)
BBA614,6,BBA with Specialization in Financial Technology (Fin Tech)
BBA615,6,BBA with Specialization in Financial Technology (Fin Tech)
BBA101,1,BBA with specialization in AI&DS
BBA102,1,BBA with specialization in AI&DS
BBA103,1,BBA with specialization in AI&DS
BBA104,1,BBA with specialization in AI&DS
BBA105,1,BBA with specialization in AI&DS
BBA106,1,BBA with specialization in AI&DS
BBA107,1,BBA with specialization in AI&DS
BBA108,1,BBA with specialization in AI&DS
BBA109,1,BBA with specialization in AI&DS
BBA110,1,BBA with specialization in AI&DS
BBA111,1,BBA with specialization in AI&DS
BBA112,1,BBA with specialization in AI&DS
BBA113,1,BBA with specialization in AI&DS
BBA114,1,BBA with specialization in AI&DS
BBA115,1,BBA with specialization in AI&DS
BBA201,2,BBA with specialization in AI&DS
BBA202,2,BBA with specialization in AI&DS
BBA203,2,BBA with specialization in AI&DS
BBA204,2,BBA with specialization in AI&DS
BBA205,2,BBA with specialization in AI&DS
BBA206,2,BBA with specialization in AI&DS
BBA207,2,BBA with specialization in AI&DS
BBA208,2,BBA with specialization in AI&DS
BBA209,2,BBA with specialization in AI&DS
BBA210,2,BBA with specialization in AI&DS
BBA211,2,BBA with specialization in AI&DS
BBA212,2,BBA with specialization in AI&DS
BBA213,2,BBA with specialization in AI&DS
BBA214,2,BBA with specialization in AI&DS
BBA215,2,BBA with specialization in AI&DS
BBA301,3,BBA with specialization in AI&DS
BBA302,3,BBA with specialization in AI&DS
BBA303,3,BBA with specialization in AI&DS
BBA304,3,BBA with specialization in AI&DS
BBA305,3,BBA with specialization in AI&DS
BBA306,3,BBA with specialization in AI&DS
BBA307,3,BBA with specialization in AI&DS
BBA308,3,BBA with specialization in AI&DS
BBA309,3,BBA with specialization in AI&DS
BBA310,3,BBA with specialization in AI&DS
BBA311,3,BBA with specialization in AI&DS
BBA312,3,BBA with specialization in AI&DS
BBA313,3,BBA with specialization in AI&DS
BBA314,3,BBA with specialization in AI&DS
BBA315,3,BBA with specialization in AI&DS
BBA401,4,BBA with specialization in AI&DS
BBA402,4,BBA with specialization in AI&DS
BBA403,4,BBA with specialization in AI&DS
BBA404,4,BBA with specialization in AI&DS
BBA405,4,BBA with specialization in AI&DS
BBA406,4,BBA with specialization in AI&DS
BBA407,4,BBA with specialization in AI&DS
BBA408,4,BBA with specialization in AI&DS
BBA409,4,BBA with specialization in AI&DS
BBA410,4,BBA with specialization in AI&DS
BBA411,4,BBA with specialization in AI&DS
BBA412,4,BBA with specialization in AI&DS
BBA413,4,BBA with specialization in AI&DS
BBA414,4,BBA with specialization in AI&DS
BBA415,4,BBA with specialization in AI&DS
BBA501,5,BBA with specialization in AI&DS
BBA502,5,BBA with specialization in AI&DS
BBA503,5,BBA with specialization in AI&DS
BBA504,5,BBA with specialization in AI&DS
BBA505,5,BBA with specialization in AI&DS
BBA506,5,BBA with specialization in AI&DS
BBA507,5,BBA with specialization in AI&DS
BBA508,5,BBA with specialization in AI&DS
BBA509,5,BBA with specialization in AI&DS
BBA510,5,BBA with specialization in AI&DS
BBA511,5,BBA with specialization in AI&DS
BBA512,5,BBA with specialization in AI&DS
BBA513,5,BBA with specialization in AI&DS
BBA514,5,BBA with specialization in AI&DS
BBA515,5,BBA with specialization in AI&DS
BBA601,6,BBA with specialization in AI&DS
BBA602,6,BBA with specialization in AI&DS
BBA603,6,BBA with specialization in AI&DS
BBA604,6,BBA with specialization in AI&DS
BBA605,6,BBA with specialization in AI&DS
BBA606,6,BBA with specialization in AI&DS
BBA607,6,BBA with specialization in AI&DS
BBA608,6,BBA with specialization in AI&DS
BBA609,6,BBA with specialization in AI&DS
BBA610,6,BBA with specialization in AI&DS
BBA611,6,BBA with specialization in AI&DS
BBA612,6,BBA with specialization in AI&DS
BBA613,6,BBA with specialization in AI&DS
BBA614,6,BBA with specialization in AI&DS
BBA615,6,BBA with specialization in AI&DS
BCS101,1,B.Sc. (Hons.) Computer Science
BCS102,1,B.Sc. (Hons.) Computer Science
BCS103,1,B.Sc. (Hons.) Computer Science
BCS104,1,B.Sc. (Hons.) Computer Science
BCS105,1,B.Sc. (Hons.) Computer Science
BCS106,1,B.Sc. (Hons.) Computer Science
BCS107,1,B.Sc. (Hons.) Computer Science
BCS108,1,B.Sc. (Hons.) Computer Science
BCS109,1,B.Sc. (Hons.) Computer Science
BCS110,1,B.Sc. (Hons.) Computer Science
BCS111,1,B.Sc. (Hons.) Computer Science
BCS112,1,B.Sc. (Hons.) Computer Science
BCS113,1,B.Sc. (Hons.) Computer Science
BCS114,1,B.Sc. (Hons.) Computer Science
BCS115,1,B.Sc. (Hons.) Computer Science
BCS201,2,B.Sc. (Hons.) Computer Science
BCS202,2,B.Sc. (Hons.) Computer Science
BCS203,2,B.Sc. (Hons.) Computer Science
BCS204,2,B.Sc. (Hons.) Computer Science
BCS205,2,B.Sc. (Hons.) Computer Science
BCS206,2,B.Sc. (Hons.) Computer Science
BCS207,2,B.Sc. (Hons.) Computer Science
BCS208,2,B.Sc. (Hons.) Computer Science
BCS209,2,B.Sc. (Hons.) Computer Science
BCS210,2,B.Sc. (Hons.) Computer Science
BCS211,2,B.Sc. (Hons.) Computer Science
BCS212,2,B.Sc. (Hons.) Computer Science
BCS213,2,B.Sc. (Hons.) Computer Science
BCS214,2,B.Sc. (Hons.) Computer Science
BCS215,2,B.Sc. (Hons.) Computer Science
BCS301,3,B.Sc. (Hons.) Computer Science
BCS302,3,B.Sc. (Hons.) Computer Science
BCS303,3,B.Sc. (Hons.) Computer Science
BCS304,3,B.Sc. (Hons.) Computer Science
BCS305,3,B.Sc. (Hons.) Computer Science
BCS306,3,B.Sc. (Hons.) Computer Science
BCS307,3,B.Sc. (Hons.) Computer Science
BCS308,3,B.Sc. (Hons.) Computer Science
BCS309,3,B.Sc. (Hons.) Computer Science
BCS310,3,B.Sc. (Hons.) Computer Science
BCS311,3,B.Sc. (Hons.) Computer Science
BCS312,3,B.Sc. (Hons.) Computer Science
BCS313,3,B.Sc. (Hons.) Computer Science
BCS314,3,B.Sc. (Hons.) Computer Science
BCS315,3,B.Sc. (Hons.) Computer Science
BCS401,4,B.Sc. (Hons.) Computer Science
BCS402,4,B.Sc. (Hons.) Computer Science
BCS403,4,B.Sc. (Hons.) Computer Science
BCS404,4,B.Sc. (Hons.) Computer Science
BCS405,4,B.Sc. (Hons.) Computer Science
BCS406,4,B.Sc. (Hons.) Computer Science
BCS407,4,B.Sc. (Hons.) Computer Science
BCS408,4,B.Sc. (Hons.) Computer Science
BCS409,4,B.Sc. (Hons.) Computer Science
BCS410,4,B.Sc. (Hons.) Computer Science
BCS411,4,B.Sc. (Hons.) Computer Science
BCS412,4,B.Sc. (Hons.) Computer Science
BCS413,4,B.Sc. (Hons.) Computer Science
BCS414,4,B.Sc. (Hons.) Computer Science
BCS415,4,B.Sc. (Hons.) Computer Science
BCS501,5,B.Sc. (Hons.) Computer Science
BCS502,5,B.Sc. (Hons.) Computer Science
BCS503,5,B.Sc. (Hons.) Computer Science
BCS504,5,B.Sc. (Hons.) Computer Science
BCS505,5,B.Sc. (Hons.) Computer Science
BCS506,5,B.Sc. (Hons.) Computer Science
BCS507,5,B.Sc. (Hons.) Computer Science
BCS508,5,B.Sc. (Hons.) Computer Science
BCS509,5,B.Sc. (Hons.) Computer Science
BCS510,5,B.Sc. (Hons.) Computer Science
BCS511,5,B.Sc. (Hons.) Computer Science
BCS512,5,B.Sc. (Hons.) Computer Science
BCS513,5,B.Sc. (Hons.) Computer Science
BCS514,5,B.Sc. (Hons.) Computer Science
BCS515,5,B.Sc. (Hons.) Computer Science
BCS601,6,B.Sc. (Hons.) Computer Science
BCS602,6,B.Sc. (Hons.) Computer Science
BCS603,6,B.Sc. (Hons.) Computer Science
BCS604,6,B.Sc. (Hons.) Computer Science
BCS605,6,B.Sc. (Hons.) Computer Science
BCS606,6,B.Sc. (Hons.) Computer Science
BCS607,6,B.Sc. (Hons.) Computer Science
BCS608,6,B.Sc. (Hons.) Computer Science
BCS609,6,B.Sc. (Hons.) Computer Science
BCS610,6,B.Sc. (Hons.) Computer Science
BCS611,6,B.Sc. (Hons.) Computer Science
BCS612,6,B.Sc. (Hons.) Computer Science
BCS613,6,B.Sc. (Hons.) Computer Science
BCS614,6,B.Sc. (Hons.) Computer Science
BCS615,6,B.Sc. (Hons.) Computer Science
BCS701,7,B.Sc. (Hons.) Computer Science
BCS702,7,B.Sc. (Hons.) Computer Science
BCS703,7,B.Sc. (Hons.) Computer Science
BCS704,7,B.Sc. (Hons.) Computer Science
BCS705,7,B.Sc. (Hons.) Computer Science
BCS706,7,B.Sc. (Hons.) Computer Science
BCS707,7,B.Sc. (Hons.) Computer Science
BCS708,7,B.Sc. (Hons.) Computer Science
BCS709,7,B.Sc. (Hons.) Computer Science
BCS710,7,B.Sc. (Hons.) Computer Science
BCS711,7,B.Sc. (Hons.) Computer Science
BCS712,7,B.Sc. (Hons.) Computer Science
BCS713,7,B.Sc. (Hons.) Computer Science
BCS714,7,B.Sc. (Hons.) Computer Science
BCS715,7,B.Sc. (Hons.) Computer Science
BCS801,8,B.Sc. (Hons.) Computer Science
BCS802,8,B.Sc. (Hons.) Computer Science
BCS803,8,B.Sc. (Hons.) Computer Science
BCS804,8,B.Sc. (Hons.) Computer Science
BCS805,8,B.Sc. (Hons.) Computer Science
BCS806,8,B.Sc. (Hons.) Computer Science
BCS807,8,B.Sc. (Hons.) Computer Science
BCS808,8,B.Sc. (Hons.) Computer Science
BCS809,8,B.Sc. (Hons.) Computer Science
BCS810,8,B.Sc. (Hons.) Computer Science
BCS811,8,B.Sc. (Hons.) Computer Science
BCS812,8,B.Sc. (Hons.) Computer Science
BCS813,8,B.Sc. (Hons.) Computer Science
BCS814,8,B.Sc. (Hons.) Computer Science
BCS815,8,B.Sc. (Hons.) Computer Science
BIT101,1,B.Sc. (Hons.) IT
BIT102,1,B.Sc. (Hons.) IT
BIT103,1,B.Sc. (Hons.) IT
BIT104,1,B.Sc. (Hons.) IT
BIT105,1,B.Sc. (Hons.) IT
BIT106,1,B.Sc. (Hons.) IT
BIT107,1,B.Sc. (Hons.) IT
BIT108,1,B.Sc. (Hons.) IT
BIT109,1,B.Sc. (Hons.) IT
BIT110,1,B.Sc. (Hons.) IT
BIT111,1,B.Sc. (Hons.) IT
BIT112,1,B.Sc. (Hons.) IT
BIT113,1,B.Sc. (Hons.) IT
BIT114,1,B.Sc. (Hons.) IT
BIT115,1,B.Sc. (Hons.) IT
BIT201,2,B.Sc. (Hons.) IT
BIT202,2,B.Sc. (Hons.) IT
BIT203,2,B.Sc. (Hons.) IT
BIT204,2,B.Sc. (Hons.) IT
BIT205,2,B.Sc. (Hons.) IT
BIT206,2,B.Sc. (Hons.) IT
BIT207,2,B.Sc. (Hons.) IT
BIT208,2,B.Sc. (Hons.) IT
BIT209,2,B.Sc. (Hons.) IT
BIT210,2,B.Sc. (Hons.) IT
BIT211,2,B.Sc. (Hons.) IT
BIT212,2,B.Sc. (Hons.) IT
BIT213,2,B.Sc. (Hons.) IT
BIT214,2,B.Sc. (Hons.) IT
BIT215,2,B.Sc. (Hons.) IT
BIT301,3,B.Sc. (Hons.) IT
BIT302,3,B.Sc. (Hons.) IT
BIT303,3,B.Sc. (Hons.) IT
BIT304,3,B.Sc. (Hons.) IT
BIT305,3,B.Sc. (Hons.) IT
BIT306,3,B.Sc. (Hons.) IT
BIT307,3,B.Sc. (Hons.) IT
BIT308,3,B.Sc. (Hons.) IT
BIT309,3,B.Sc. (Hons.) IT
BIT310,3,B.Sc. (Hons.) IT
BIT311,3,B.Sc. (Hons.) IT
BIT312,3,B.Sc. (Hons.) IT
BIT313,3,B.Sc. (Hons.) IT
BIT314,3,B.Sc. (Hons.) IT
BIT315,3,B.Sc. (Hons.) IT
BIT401,4,B.Sc. (Hons.) IT
BIT402,4,B.Sc. (Hons.) IT
BIT403,4,B.Sc. (Hons.) IT
BIT404,4,B.Sc. (Hons.) IT
BIT405,4,B.Sc. (Hons.) IT
BIT406,4,B.Sc. (Hons.) IT
BIT407,4,B.Sc. (Hons.) IT
BIT408,4,B.Sc. (Hons.) IT
BIT409,4,B.Sc. (Hons.) IT
BIT410,4,B.Sc. (Hons.) IT
BIT411,4,B.Sc. (Hons.) IT
BIT412,4,B.Sc. (Hons.) IT
BIT413,4,B.Sc. (Hons.) IT
BIT414,4,B.Sc. (Hons.) IT
BIT415,4,B.Sc. (Hons.) IT
BIT501,5,B.Sc. (Hons.) IT
BIT502,5,B.Sc. (Hons.) IT
BIT503,5,B.Sc. (Hons.) IT
BIT504,5,B.Sc. (Hons.) IT
BIT505,5,B.Sc. (Hons.) IT
BIT506,5,B.Sc. (Hons.) IT
BIT507,5,B.Sc. (Hons.) IT
BIT508,5,B.Sc. (Hons.) IT
BIT509,5,B.Sc. (Hons.) IT
BIT510,5,B.Sc. (Hons.) IT
BIT511,5,B.Sc. (Hons.) IT
BIT512,5,B.Sc. (Hons.) IT
BIT513,5,B.Sc. (Hons.) IT
BIT514,5,B.Sc. (Hons.) IT
BIT515,5,B.Sc. (Hons.) IT
BIT601,6,B.Sc. (Hons.) IT
BIT602,6,B.Sc. (Hons.) IT
BIT603,6,B.Sc. (Hons.) IT
BIT604,6,B.Sc. (Hons.) IT
BIT605,6,B.Sc. (Hons.) IT
BIT606,6,B.Sc. (Hons.) IT
BIT607,6,B.Sc. (Hons.) IT
BIT608,6,B.Sc. (Hons.) IT
BIT609,6,B.Sc. (Hons.) IT
BIT610,6,B.Sc. (Hons.) IT
BIT611,6,B.Sc. (Hons.) IT
BIT612,6,B.Sc. (Hons.) IT
BIT613,6,B.Sc. (Hons.) IT
BIT614,6,B.Sc. (Hons.) IT
BIT615,6,B.Sc. (Hons.) IT
BIT701,7,B.Sc. (Hons.) IT
BIT702,7,B.Sc. (Hons.) IT
BIT703,7,B.Sc. (Hons.) IT
BIT704,7,B.Sc. (Hons.) IT
BIT705,7,B.Sc. (Hons.) IT
BIT706,7,B.Sc. (Hons.) IT
BIT707,7,B.Sc. (Hons.) IT
BIT708,7,B.Sc. (Hons.) IT
BIT709,7,B.Sc. (Hons.) IT
BIT710,7,B.Sc. (Hons.) IT
BIT711,7,B.Sc. (Hons.) IT
BIT712,7,B.Sc. (Hons.) IT
BIT713,7,B.Sc. (Hons.) IT
BIT714,7,B.Sc. (Hons.) IT
BIT715,7,B.Sc. (Hons.) IT
BIT801,8,B.Sc. (Hons.) IT
BIT802,8,B.Sc. (Hons.) IT
BIT803,8,B.Sc. (Hons.) IT
BIT804,8,B.Sc. (Hons.) IT
BIT805,8,B.Sc. (Hons.) IT
BIT806,8,B.Sc. (Hons.) IT
BIT807,8,B.Sc. (Hons.) IT
BIT808,8,B.Sc. (Hons.) IT
BIT809,8,B.Sc. (Hons.) IT
BIT810,8,B.Sc. (Hons.) IT
BIT811,8,B.Sc. (Hons.) IT
BIT812,8,B.Sc. (Hons.) IT
BIT813,8,B.Sc. (Hons.) IT
BIT814,8,B.Sc. (Hons.) IT
BIT815,8,B.Sc. (Hons.) IT
BCA101,1,BCA (Artificial Intelligence and Data Science)
BCA102,1,BCA (Artificial Intelligence and Data Science)
BCA103,1,BCA (Artificial Intelligence and Data Science)
BCA104,1,BCA (Artificial Intelligence and Data Science)
BCA105,1,BCA (Artificial Intelligence and Data Science)
BCA106,1,BCA (Artificial Intelligence and Data Science)
BCA107,1,BCA (Artificial Intelligence and Data Science)
BCA108,1,BCA (Artificial Intelligence and Data Science)
BCA109,1,BCA (Artificial Intelligence and Data Science)
BCA110,1,BCA (Artificial Intelligence and Data Science)
BCA111,1,BCA (Artificial Intelligence and Data Science)
BCA112,1,BCA (Artificial Intelligence and Data Science)
BCA113,1,BCA (Artificial Intelligence and Data Science)
BCA114,1,BCA (Artificial Intelligence and Data Science)
BCA115,1,BCA (Artificial Intelligence and Data Science)
BCA201,2,BCA (Artificial Intelligence and Data Science)
BCA202,2,BCA (Artificial Intelligence and Data Science)
BCA203,2,BCA (Artificial Intelligence and Data Science)
BCA204,2,BCA (Artificial Intelligence and Data Science)
BCA205,2,BCA (Artificial Intelligence and Data Science)
BCA206,2,BCA (Artificial Intelligence and Data Science)
BCA207,2,BCA (Artificial Intelligence and Data Science)
BCA208,2,BCA (Artificial Intelligence and Data Science)
BCA209,2,BCA (Artificial Intelligence and Data Science)
BCA210,2,BCA (Artificial Intelligence and Data Science)
BCA211,2,BCA (Artificial Intelligence and Data Science)
BCA212,2,BCA (Artificial Intelligence and Data Science)
BCA213,2,BCA (Artificial Intelligence and Data Science)
BCA214,2,BCA (Artificial Intelligence and Data Science)
BCA215,2,BCA (Artificial Intelligence and Data Science)
BCA301,3,BCA (Artificial Intelligence and Data Science)
BCA302,3,BCA (Artificial Intelligence and Data Science)
BCA303,3,BCA (Artificial Intelligence and Data Science)
BCA304,3,BCA (Artificial Intelligence and Data Science)
BCA305,3,BCA (Artificial Intelligence and Data Science)
BCA306,3,BCA (Artificial Intelligence and Data Science)
BCA307,3,BCA (Artificial Intelligence and Data Science)
BCA308,3,BCA (Artificial Intelligence and Data Science)
BCA309,3,BCA (Artificial Intelligence and Data Science)
BCA310,3,BCA (Artificial Intelligence and Data Science)
BCA311,3,BCA (Artificial Intelligence and Data Science)
BCA312,3,BCA (Artificial Intelligence and Data Science)
BCA313,3,BCA (Artificial Intelligence and Data Science)
BCA314,3,BCA (Artificial Intelligence and Data Science)
BCA315,3,BCA (Artificial Intelligence and Data Science)
BCA401,4,BCA (Artificial Intelligence and Data Science)
BCA402,4,BCA (Artificial Intelligence and Data Science)
BCA403,4,BCA (Artificial Intelligence and Data Science)
BCA404,4,BCA (Artificial Intelligence and Data Science)
BCA405,4,BCA (Artificial Intelligence and Data Science)
BCA406,4,BCA (Artificial Intelligence and Data Science)
BCA407,4,BCA (Artificial Intelligence and Data Science)
BCA408,4,BCA (Artificial Intelligence and Data Science)
BCA409,4,BCA (Artificial Intelligence and Data Science)
BCA410,4,BCA (Artificial Intelligence and Data Science)
BCA411,4,BCA (Artificial Intelligence and Data Science)
BCA412,4,BCA (Artificial Intelligence and Data Science)
BCA413,4,BCA (Artificial Intelligence and Data Science)
BCA414,4,BCA (Artificial Intelligence and Data Science)
BCA415,4,BCA (Artificial Intelligence and Data Science)
BCA501,5,BCA (Artificial Intelligence and Data Science)
BCA502,5,BCA (Artificial Intelligence and Data Science)
BCA503,5,BCA (Artificial Intelligence and Data Science)
BCA504,5,BCA (Artificial Intelligence and Data Science)
BCA505,5,BCA (Artificial Intelligence and Data Science)
BCA506,5,BCA (Artificial Intelligence and Data Science)
BCA507,5,BCA (Artificial Intelligence and Data Science)
BCA508,5,BCA (Artificial Intelligence and Data Science)
BCA509,5,BCA (Artificial Intelligence and Data Science)
BCA510,5,BCA (Artificial Intelligence and Data Science)
BCA511,5,BCA (Artificial Intelligence and Data Science)
BCA512,5,BCA (Artificial Intelligence and Data Science)
BCA513,5,BCA (Artificial Intelligence and Data Science)
BCA514,5,BCA (Artificial Intelligence and Data Science)
BCA515,5,BCA (Artificial Intelligence and Data Science)
BCA601,6,BCA (Artificial Intelligence and Data Science)
BCA602,6,BCA (Artificial Intelligence and Data Science)
BCA603,6,BCA (Artificial Intelligence and Data Science)
BCA604,6,BCA (Artificial Intelligence and Data Science)
BCA605,6,BCA (Artificial Intelligence and Data Science)
BCA606,6,BCA (Artificial Intelligence and Data Science)
BCA607,6,BCA (Artificial Intelligence and Data Science)
BCA608,6,BCA (Artificial Intelligence and Data Science)
BCA609,6,BCA (Artificial Intelligence and Data Science)
BCA610,6,BCA (Artificial Intelligence and Data Science)
BCA611,6,BCA (Artificial Intelligence and Data Science)
BCA612,6,BCA (Artificial Intelligence and Data Science)
BCA613,6,BCA (Artificial Intelligence and Data Science)
BCA614,6,BCA (Artificial Intelligence and Data Science)
BCA615,6,BCA (Artificial Intelligence and Data Science)
BCA101,1,BCA (Cyber Security)
BCA102,1,BCA (Cyber Security)
BCA103,1,BCA (Cyber Security)
BCA104,1,BCA (Cyber Security)
BCA105,1,BCA (Cyber Security)
BCA106,1,BCA (Cyber Security)
BCA107,1,BCA (Cyber Security)
BCA108,1,BCA (Cyber Security)
BCA109,1,BCA (Cyber Security)
BCA110,1,BCA (Cyber Security)
BCA111,1,BCA (Cyber Security)
BCA112,1,BCA (Cyber Security)
BCA113,1,BCA (Cyber Security)
BCA114,1,BCA (Cyber Security)
BCA115,1,BCA (Cyber Security)
BCA201,2,BCA (Cyber Security)
BCA202,2,BCA (Cyber Security)
BCA203,2,BCA (Cyber Security)
BCA204,2,BCA (Cyber Security)
BCA205,2,BCA (Cyber Security)
BCA206,2,BCA (Cyber Security)
BCA207,2,BCA (Cyber Security)
BCA208,2,BCA (Cyber Security)
BCA209,2,BCA (Cyber Security)
BCA210,2,BCA (Cyber Security)
BCA211,2,BCA (Cyber Security)
BCA212,2,BCA (Cyber Security)
BCA213,2,BCA (Cyber Security)
BCA214,2,BCA (Cyber Security)
BCA215,2,BCA (Cyber Security)
BCA301,3,BCA (Cyber Security)
BCA302,3,BCA (Cyber Security)
BCA303,3,BCA (Cyber Security)
BCA304,3,BCA (Cyber Security)
BCA305,3,BCA (Cyber Security)
BCA306,3,BCA (Cyber Security)
BCA307,3,BCA (Cyber Security)
BCA308,3,BCA (Cyber Security)
BCA309,3,BCA (Cyber Security)
BCA310,3,BCA (Cyber Security)
BCA311,3,BCA (Cyber Security)
BCA312,3,BCA (Cyber Security)
BCA313,3,BCA (Cyber Security)
BCA314,3,BCA (Cyber Security)
BCA315,3,BCA (Cyber Security)
BCA401,4,BCA (Cyber Security)
BCA402,4,BCA (Cyber Security)
BCA403,4,BCA (Cyber Security)
BCA404,4,BCA (Cyber Security)
BCA405,4,BCA (Cyber Security)
BCA406,4,BCA (Cyber Security)
BCA407,4,BCA (Cyber Security)
BCA408,4,BCA (Cyber Security)
BCA409,4,BCA (Cyber Security)
BCA410,4,BCA (Cyber Security)
BCA411,4,BCA (Cyber Security)
BCA412,4,BCA (Cyber Security)
BCA413,4,BCA (Cyber Security)
BCA414,4,BCA (Cyber Security)
BCA415,4,BCA (Cyber Security)
BCA501,5,BCA (Cyber Security)
BCA502,5,BCA (Cyber Security)
BCA503,5,BCA (Cyber Security)
BCA504,5,BCA (Cyber Security)
BCA505,5,BCA (Cyber Security)
BCA506,5,BCA (Cyber Security)
BCA507,5,BCA (Cyber Security)
BCA508,5,BCA (Cyber Security)
BCA509,5,BCA (Cyber Security)
BCA510,5,BCA (Cyber Security)
BCA511,5,BCA (Cyber Security)
BCA512,5,BCA (Cyber Security)
BCA513,5,BCA (Cyber Security)
BCA514,5,BCA (Cyber Security)
BCA515,5,BCA (Cyber Security)
BCA601,6,BCA (Cyber Security)
BCA602,6,BCA (Cyber Security)
BCA603,6,BCA (Cyber Security)
BCA604,6,BCA (Cyber Security)
BCA605,6,BCA (Cyber Security)
BCA606,6,BCA (Cyber Security)
BCA607,6,BCA (Cyber Security)
BCA608,6,BCA (Cyber Security)
BCA609,6,BCA (Cyber Security)
BCA610,6,BCA (Cyber Security)
BCA611,6,BCA (Cyber Security)
BCA612,6,BCA (Cyber Security)
BCA613,6,BCA (Cyber Security)
BCA614,6,BCA (Cyber Security)
BCA615,6,BCA (Cyber Security)
BCA101,1,BCA (Hons.) (Artificial Intelligence and Data Science)
BCA102,1,BCA (Hons.) (Artificial Intelligence and Data Science)
BCA103,1,BCA (Hons.) (Artificial Intelligence and Data Science)
BCA104,1,BCA (Hons.) (Artificial Intelligence and Data Science)
BCA105,1,BCA (Hons.) (Artificial Intelligence and Data Science)
BCA106,1,BCA (Hons.) (Artificial Intelligence and Data Science)
BCA107,1,BCA (Hons.) (Artificial Intelligence and Data Science)
BCA108,1,BCA (Hons.) (Artificial Intelligence and Data Science)
BCA109,1,BCA (Hons.) (Artificial Intelligence and Data Science)
BCA110,1,BCA (Hons.) (Artificial Intelligence and Data Science)
BCA111,1,BCA (Hons.) (Artificial Intelligence and Data Science)
BCA112,1,BCA (Hons.) (Artificial Intelligence and Data Science)
BCA113,1,BCA (Hons.) (Artificial Intelligence and Data Science)
BCA114,1,BCA (Hons.) (Artificial Intelligence and Data Science)
BCA115,1,BCA (Hons.) (Artificial Intelligence and Data Science)
BCA201,2,BCA (Hons.) (Artificial Intelligence and Data Science)
BCA202,2,BCA (Hons.) (Artificial Intelligence and Data Science)
BCA203,2,BCA (Hons.) (Artificial Intelligence and Data Science)
BCA204,2,BCA (Hons.) (Artificial Intelligence and Data Science)
BCA205,2,BCA (Hons.) (Artificial Intelligence and Data Science)
BCA206,2,BCA (Hons.) (Artificial Intelligence and Data Science)
BCA207,2,BCA (Hons.) (Artificial Intelligence and Data Science)
BCA208,2,BCA (Hons.) (Artificial Intelligence and Data Science)
BCA209,2,BCA (Hons.) (Artificial Intelligence and Data Science)
BCA210,2,BCA (Hons.) (Artificial Intelligence and Data Science)
BCA211,2,BCA (Hons.) (Artificial Intelligence and Data Science)
BCA212,2,BCA (Hons.) (Artificial Intelligence and Data Science)
BCA213,2,BCA (Hons.) (Artificial Intelligence and Data Science)
BCA214,2,BCA (Hons.) (Artificial Intelligence and Data Science)
BCA215,2,BCA (Hons.) (Artificial Intelligence and Data Science)
BCA301,3,BCA (Hons.) (Artificial Intelligence and Data Science)
BCA302,3,BCA (Hons.) (Artificial Intelligence and Data Science)
BCA303,3,BCA (Hons.) (Artificial Intelligence and Data Science)
BCA304,3,BCA (Hons.) (Artificial Intelligence and Data Science)
BCA305,3,BCA (Hons.) (Artificial Intelligence and Data Science)
BCA306,3,BCA (Hons.) (Artificial Intelligence and Data Science)
BCA307,3,BCA (Hons.) (Artificial Intelligence and Data Science)
BCA308,3,BCA (Hons.) (Artificial Intelligence and Data Science)
BCA309,3,BCA (Hons.) (Artificial Intelligence and Data Science)
BCA310,3,BCA (Hons.) (Artificial Intelligence and Data Science)
BCA311,3,BCA (Hons.) (Artificial Intelligence and Data Science)
BCA312,3,BCA (Hons.) (Artificial Intelligence and Data Science)
BCA313,3,BCA (Hons.) (Artificial Intelligence and Data Science)
BCA314,3,BCA (Hons.) (Artificial Intelligence and Data Science)
BCA315,3,BCA (Hons.) (Artificial Intelligence and Data Science)
BCA401,4,BCA (Hons.) (Artificial Intelligence and Data Science)
BCA402,4,BCA (Hons.) (Artificial Intelligence and Data Science)
BCA403,4,BCA (Hons.) (Artificial Intelligence and Data Science)
BCA404,4,BCA (Hons.) (Artificial Intelligence and Data Science)
BCA405,4,BCA (Hons.) (Artificial Intelligence and Data Science)
BCA406,4,BCA (Hons.) (Artificial Intelligence and Data Science)
BCA407,4,BCA (Hons.) (Artificial Intelligence and Data Science)
BCA408,4,BCA (Hons.) (Artificial Intelligence and Data Science)
BCA409,4,BCA (Hons.) (Artificial Intelligence and Data Science)
BCA410,4,BCA (Hons.) (Artificial Intelligence and Data Science)
BCA411,4,BCA (Hons.) (Artificial Intelligence and Data Science)
BCA412,4,BCA (Hons.) (Artificial Intelligence and Data Science)
BCA413,4,BCA (Hons.) (Artificial Intelligence and Data Science)
BCA414,4,BCA (Hons.) (Artificial Intelligence and Data Science)
BCA415,4,BCA (Hons.) (Artificial Intelligence and Data Science)
BCA501,5,BCA (Hons.) (Artificial Intelligence and Data Science)
BCA502,5,BCA (Hons.) (Artificial Intelligence and Data Science)
BCA503,5,BCA (Hons.) (Artificial Intelligence and Data Science)
BCA504,5,BCA (Hons.) (Artificial Intelligence and Data Science)
BCA505,5,BCA (Hons.) (Artificial Intelligence and Data Science)
BCA506,5,BCA (Hons.) (Artificial Intelligence and Data Science)
BCA507,5,BCA (Hons.) (Artificial Intelligence and Data Science)
BCA508,5,BCA (Hons.) (Artificial Intelligence and Data Science)
BCA509,5,BCA (Hons.) (Artificial Intelligence and Data Science)
BCA510,5,BCA (Hons.) (Artificial Intelligence and Data Science)
BCA511,5,BCA (Hons.) (Artificial Intelligence and Data Science)
BCA512,5,BCA (Hons.) (Artificial Intelligence and Data Science)
BCA513,5,BCA (Hons.) (Artificial Intelligence and Data Science)
BCA514,5,BCA (Hons.) (Artificial Intelligence and Data Science)
BCA515,5,BCA (Hons.) (Artificial Intelligence and Data Science)
BCA601,6,BCA (Hons.) (Artificial Intelligence and Data Science)
BCA602,6,BCA (Hons.) (Artificial Intelligence and Data Science)
BCA603,6,BCA (Hons.) (Artificial Intelligence and Data Science)
BCA604,6,BCA (Hons.) (Artificial Intelligence and Data Science)
BCA605,6,BCA (Hons.) (Artificial Intelligence and Data Science)
BCA606,6,BCA (Hons.) (Artificial Intelligence and Data Science)
BCA607,6,BCA (Hons.) (Artificial Intelligence and Data Science)
BCA608,6,BCA (Hons.) (Artificial Intelligence and Data Science)
BCA609,6,BCA (Hons.) (Artificial Intelligence and Data Science)
BCA610,6,BCA (Hons.) (Artificial Intelligence and Data Science)
BCA611,6,BCA (Hons.) (Artificial Intelligence and Data Science)
BCA612,6,BCA (Hons.) (Artificial Intelligence and Data Science)
BCA613,6,BCA (Hons.) (Artificial Intelligence and Data Science)
BCA614,6,BCA (Hons.) (Artificial Intelligence and Data Science)
BCA615,6,BCA (Hons.) (Artificial Intelligence and Data Science)
BCA701,7,BCA (Hons.) (Artificial Intelligence and Data Science)
BCA702,7,BCA (Hons.) (Artificial Intelligence and Data Science)
BCA703,7,BCA (Hons.) (Artificial Intelligence and Data Science)
BCA704,7,BCA (Hons.) (Artificial Intelligence and Data Science)
BCA705,7,BCA (Hons.) (Artificial Intelligence and Data Science)
BCA706,7,BCA (Hons.) (Artificial Intelligence and Data Science)
BCA707,7,BCA (Hons.) (Artificial Intelligence and Data Science)
BCA708,7,BCA (Hons.) (Artificial Intelligence and Data Science)
BCA709,7,BCA (Hons.) (Artificial Intelligence and Data Science)
BCA710,7,BCA (Hons.) (Artificial Intelligence and Data Science)
BCA711,7,BCA (Hons.) (Artificial Intelligence and Data Science)
BCA712,7,BCA (Hons.) (Artificial Intelligence and Data Science)
BCA713,7,BCA (Hons.) (Artificial Intelligence and Data Science)
BCA714,7,BCA (Hons.) (Artificial Intelligence and Data Science)
BCA715,7,BCA (Hons.) (Artificial Intelligence and Data Science)
BCA801,8,BCA (Hons.) (Artificial Intelligence and Data Science)
BCA802,8,BCA (Hons.) (Artificial Intelligence and Data Science)
BCA803,8,BCA (Hons.) (Artificial Intelligence and Data Science)
BCA804,8,BCA (Hons.) (Artificial Intelligence and Data Science)
BCA805,8,BCA (Hons.) (Artificial Intelligence and Data Science)
BCA806,8,BCA (Hons.) (Artificial Intelligence and Data Science)
BCA807,8,BCA (Hons.) (Artificial Intelligence and Data Science)
BCA808,8,BCA (Hons.) (Artificial Intelligence and Data Science)
BCA809,8,BCA (Hons.) (Artificial Intelligence and Data Science)
BCA810,8,BCA (Hons.) (Artificial Intelligence and Data Science)
BCA811,8,BCA (Hons.) (Artificial Intelligence and Data Science)
BCA812,8,BCA (Hons.) (Artificial Intelligence and Data Science)
BCA813,8,BCA (Hons.) (Artificial Intelligence and Data Science)
BCA814,8,BCA (Hons.) (Artificial Intelligence and Data Science)
BCA815,8,BCA (Hons.) (Artificial Intelligence and Data Science)
BCA101,1,BCA (Hons.) Cyber Security
BCA102,1,BCA (Hons.) Cyber Security
BCA103,1,BCA (Hons.) Cyber Security
BCA104,1,BCA (Hons.) Cyber Security
BCA105,1,BCA (Hons.) Cyber Security
BCA106,1,BCA (Hons.) Cyber Security
BCA107,1,BCA (Hons.) Cyber Security
BCA108,1,BCA (Hons.) Cyber Security
BCA109,1,BCA (Hons.) Cyber Security
BCA110,1,BCA (Hons.) Cyber Security
BCA111,1,BCA (Hons.) Cyber Security
BCA112,1,BCA (Hons.) Cyber Security
BCA113,1,BCA (Hons.) Cyber Security
BCA114,1,BCA (Hons.) Cyber Security
BCA115,1,BCA (Hons.) Cyber Security
BCA201,2,BCA (Hons.) Cyber Security
BCA202,2,BCA (Hons.) Cyber Security
BCA203,2,BCA (Hons.) Cyber Security
BCA204,2,BCA (Hons.) Cyber Security
BCA205,2,BCA (Hons.) Cyber Security
BCA206,2,BCA (Hons.) Cyber Security
BCA207,2,BCA (Hons.) Cyber Security
BCA208,2,BCA (Hons.) Cyber Security
BCA209,2,BCA (Hons.) Cyber Security
BCA210,2,BCA (Hons.) Cyber Security
BCA211,2,BCA (Hons.) Cyber Security
BCA212,2,BCA (Hons.) Cyber Security
BCA213,2,BCA (Hons.) Cyber Security
BCA214,2,BCA (Hons.) Cyber Security
BCA215,2,BCA (Hons.) Cyber Security
BCA301,3,BCA (Hons.) Cyber Security
BCA302,3,BCA (Hons.) Cyber Security
BCA303,3,BCA (Hons.) Cyber Security
BCA304,3,BCA (Hons.) Cyber Security
BCA305,3,BCA (Hons.) Cyber Security
BCA306,3,BCA (Hons.) Cyber Security
BCA307,3,BCA (Hons.) Cyber Security
BCA308,3,BCA (Hons.) Cyber Security
BCA309,3,BCA (Hons.) Cyber Security
BCA310,3,BCA (Hons.) Cyber Security
BCA311,3,BCA (Hons.) Cyber Security
BCA312,3,BCA (Hons.) Cyber Security
BCA313,3,BCA (Hons.) Cyber Security
BCA314,3,BCA (Hons.) Cyber Security
BCA315,3,BCA (Hons.) Cyber Security
BCA401,4,BCA (Hons.) Cyber Security
BCA402,4,BCA (Hons.) Cyber Security
BCA403,4,BCA (Hons.) Cyber Security
BCA404,4,BCA (Hons.) Cyber Security
BCA405,4,BCA (Hons.) Cyber Security
BCA406,4,BCA (Hons.) Cyber Security
BCA407,4,BCA (Hons.) Cyber Security
BCA408,4,BCA (Hons.) Cyber Security
BCA409,4,BCA (Hons.) Cyber Security
BCA410,4,BCA (Hons.) Cyber Security
BCA411,4,BCA (Hons.) Cyber Security
BCA412,4,BCA (Hons.) Cyber Security
BCA413,4,BCA (Hons.) Cyber Security
BCA414,4,BCA (Hons.) Cyber Security
BCA415,4,BCA (Hons.) Cyber Security
BCA501,5,BCA (Hons.) Cyber Security
BCA502,5,BCA (Hons.) Cyber Security
BCA503,5,BCA (Hons.) Cyber Security
BCA504,5,BCA (Hons.) Cyber Security
BCA505,5,BCA (Hons.) Cyber Security
BCA506,5,BCA (Hons.) Cyber Security
BCA507,5,BCA (Hons.) Cyber Security
BCA508,5,BCA (Hons.) Cyber Security
BCA509,5,BCA (Hons.) Cyber Security
BCA510,5,BCA (Hons.) Cyber Security
BCA511,5,BCA (Hons.) Cyber Security
BCA512,5,BCA (Hons.) Cyber Security
BCA513,5,BCA (Hons.) Cyber Security
BCA514,5,BCA (Hons.) Cyber Security
BCA515,5,BCA (Hons.) Cyber Security
BCA601,6,BCA (Hons.) Cyber Security
BCA602,6,BCA (Hons.) Cyber Security
BCA603,6,BCA (Hons.) Cyber Security
BCA604,6,BCA (Hons.) Cyber Security
BCA605,6,BCA (Hons.) Cyber Security
BCA606,6,BCA (Hons.) Cyber Security
BCA607,6,BCA (Hons.) Cyber Security
BCA608,6,BCA (Hons.) Cyber Security
BCA609,6,BCA (Hons.) Cyber Security
BCA610,6,BCA (Hons.) Cyber Security
BCA611,6,BCA (Hons.) Cyber Security
BCA612,6,BCA (Hons.) Cyber Security
BCA613,6,BCA (Hons.) Cyber Security
BCA614,6,BCA (Hons.) Cyber Security
BCA615,6,BCA (Hons.) Cyber Security
BCA701,7,BCA (Hons.) Cyber Security
BCA702,7,BCA (Hons.) Cyber Security
BCA703,7,BCA (Hons.) Cyber Security
BCA704,7,BCA (Hons.) Cyber Security
BCA705,7,BCA (Hons.) Cyber Security
BCA706,7,BCA (Hons.) Cyber Security
BCA707,7,BCA (Hons.) Cyber Security
BCA708,7,BCA (Hons.) Cyber Security
BCA709,7,BCA (Hons.) Cyber Security
BCA710,7,BCA (Hons.) Cyber Security
BCA711,7,BCA (Hons.) Cyber Security
BCA712,7,BCA (Hons.) Cyber Security
BCA713,7,BCA (Hons.) Cyber Security
BCA714,7,BCA (Hons.) Cyber Security
BCA715,7,BCA (Hons.) Cyber Security
BCA801,8,BCA (Hons.) Cyber Security
BCA802,8,BCA (Hons.) Cyber Security
BCA803,8,BCA (Hons.) Cyber Security
BCA804,8,BCA (Hons.) Cyber Security
BCA805,8,BCA (Hons.) Cyber Security
BCA806,8,BCA (Hons.) Cyber Security
BCA807,8,BCA (Hons.) Cyber Security
BCA808,8,BCA (Hons.) Cyber Security
BCA809,8,BCA (Hons.) Cyber Security
BCA810,8,BCA (Hons.) Cyber Security
BCA811,8,BCA (Hons.) Cyber Security
BCA812,8,BCA (Hons.) Cyber Security
BCA813,8,BCA (Hons.) Cyber Security
BCA814,8,BCA (Hons.) Cyber Security
BCA815,8,BCA (Hons.) Cyber Security
BCA101,1,Bachelor of Computer Applications (BCA)
BCA102,1,Bachelor of Computer Applications (BCA)
BCA103,1,Bachelor of Computer Applications (BCA)
BCA104,1,Bachelor of Computer Applications (BCA)
BCA105,1,Bachelor of Computer Applications (BCA)
BCA106,1,Bachelor of Computer Applications (BCA)
BCA107,1,Bachelor of Computer Applications (BCA)
BCA108,1,Bachelor of Computer Applications (BCA)
BCA109,1,Bachelor of Computer Applications (BCA)
BCA110,1,Bachelor of Computer Applications (BCA)
BCA111,1,Bachelor of Computer Applications (BCA)
BCA112,1,Bachelor of Computer Applications (BCA)
BCA113,1,Bachelor of Computer Applications (BCA)
BCA114,1,Bachelor of Computer Applications (BCA)
BCA115,1,Bachelor of Computer Applications (BCA)
BCA201,2,Bachelor of Computer Applications (BCA)
BCA202,2,Bachelor of Computer Applications (BCA)
BCA203,2,Bachelor of Computer Applications (BCA)
BCA204,2,Bachelor of Computer Applications (BCA)
BCA205,2,Bachelor of Computer Applications (BCA)
BCA206,2,Bachelor of Computer Applications (BCA)
BCA207,2,Bachelor of Computer Applications (BCA)
BCA208,2,Bachelor of Computer Applications (BCA)
BCA209,2,Bachelor of Computer Applications (BCA)
BCA210,2,Bachelor of Computer Applications (BCA)
BCA211,2,Bachelor of Computer Applications (BCA)
BCA212,2,Bachelor of Computer Applications (BCA)
BCA213,2,Bachelor of Computer Applications (BCA)
BCA214,2,Bachelor of Computer Applications (BCA)
BCA215,2,Bachelor of Computer Applications (BCA)
BCA301,3,Bachelor of Computer Applications (BCA)
BCA302,3,Bachelor of Computer Applications (BCA)
BCA303,3,Bachelor of Computer Applications (BCA)
BCA304,3,Bachelor of Computer Applications (BCA)
BCA305,3,Bachelor of Computer Applications (BCA)
BCA306,3,Bachelor of Computer Applications (BCA)
BCA307,3,Bachelor of Computer Applications (BCA)
BCA308,3,Bachelor of Computer Applications (BCA)
BCA309,3,Bachelor of Computer Applications (BCA)
BCA310,3,Bachelor of Computer Applications (BCA)
BCA311,3,Bachelor of Computer Applications (BCA)
BCA312,3,Bachelor of Computer Applications (BCA)
BCA313,3,Bachelor of Computer Applications (BCA)
BCA314,3,Bachelor of Computer Applications (BCA)
BCA315,3,Bachelor of Computer Applications (BCA)
BCA401,4,Bachelor of Computer Applications (BCA)
BCA402,4,Bachelor of Computer Applications (BCA)
BCA403,4,Bachelor of Computer Applications (BCA)
BCA404,4,Bachelor of Computer Applications (BCA)
BCA405,4,Bachelor of Computer Applications (BCA)
BCA406,4,Bachelor of Computer Applications (BCA)
BCA407,4,Bachelor of Computer Applications (BCA)
BCA408,4,Bachelor of Computer Applications (BCA)
BCA409,4,Bachelor of Computer Applications (BCA)
BCA410,4,Bachelor of Computer Applications (BCA)
BCA411,4,Bachelor of Computer Applications (BCA)
BCA412,4,Bachelor of Computer Applications (BCA)
BCA413,4,Bachelor of Computer Applications (BCA)
BCA414,4,Bachelor of Computer Applications (BCA)
BCA415,4,Bachelor of Computer Applications (BCA)
BCA501,5,Bachelor of Computer Applications (BCA)
BCA502,5,Bachelor of Computer Applications (BCA)
BCA503,5,Bachelor of Computer Applications (BCA)
BCA504,5,Bachelor of Computer Applications (BCA)
BCA505,5,Bachelor of Computer Applications (BCA)
BCA506,5,Bachelor of Computer Applications (BCA)
BCA507,5,Bachelor of Computer Applications (BCA)
BCA508,5,Bachelor of Computer Applications (BCA)
BCA509,5,Bachelor of Computer Applications (BCA)
BCA510,5,Bachelor of Computer Applications (BCA)
BCA511,5,Bachelor of Computer Applications (BCA)
BCA512,5,Bachelor of Computer Applications (BCA)
BCA513,5,Bachelor of Computer Applications (BCA)
BCA514,5,Bachelor of Computer Applications (BCA)
BCA515,5,Bachelor of Computer Applications (BCA)
BCA601,6,Bachelor of Computer Applications (BCA)
BCA602,6,Bachelor of Computer Applications (BCA)
BCA603,6,Bachelor of Computer Applications (BCA)
BCA604,6,Bachelor of Computer Applications (BCA)
BCA605,6,Bachelor of Computer Applications (BCA)
BCA606,6,Bachelor of Computer Applications (BCA)
BCA607,6,Bachelor of Computer Applications (BCA)
BCA608,6,Bachelor of Computer Applications (BCA)
BCA609,6,Bachelor of Computer Applications (BCA)
BCA610,6,Bachelor of Computer Applications (BCA)
BCA611,6,Bachelor of Computer Applications (BCA)
BCA612,6,Bachelor of Computer Applications (BCA)
BCA613,6,Bachelor of Computer Applications (BCA)
BCA614,6,Bachelor of Computer Applications (BCA)
BCA615,6,Bachelor of Computer Applications (BCA)
BCA101,1,Bachelor of Computer Applications (Hons.)
BCA102,1,Bachelor of Computer Applications (Hons.)
BCA103,1,Bachelor of Computer Applications (Hons.)
BCA104,1,Bachelor of Computer Applications (Hons.)
BCA105,1,Bachelor of Computer Applications (Hons.)
BCA106,1,Bachelor of Computer Applications (Hons.)
BCA107,1,Bachelor of Computer Applications (Hons.)
BCA108,1,Bachelor of Computer Applications (Hons.)
BCA109,1,Bachelor of Computer Applications (Hons.)
BCA110,1,Bachelor of Computer Applications (Hons.)
BCA111,1,Bachelor of Computer Applications (Hons.)
BCA112,1,Bachelor of Computer Applications (Hons.)
BCA113,1,Bachelor of Computer Applications (Hons.)
BCA114,1,Bachelor of Computer Applications (Hons.)
BCA115,1,Bachelor of Computer Applications (Hons.)
BCA201,2,Bachelor of Computer Applications (Hons.)
BCA202,2,Bachelor of Computer Applications (Hons.)
BCA203,2,Bachelor of Computer Applications (Hons.)
BCA204,2,Bachelor of Computer Applications (Hons.)
BCA205,2,Bachelor of Computer Applications (Hons.)
BCA206,2,Bachelor of Computer Applications (Hons.)
BCA207,2,Bachelor of Computer Applications (Hons.)
BCA208,2,Bachelor of Computer Applications (Hons.)
BCA209,2,Bachelor of Computer Applications (Hons.)
BCA210,2,Bachelor of Computer Applications (Hons.)
BCA211,2,Bachelor of Computer Applications (Hons.)
BCA212,2,Bachelor of Computer Applications (Hons.)
BCA213,2,Bachelor of Computer Applications (Hons.)
BCA214,2,Bachelor of Computer Applications (Hons.)
BCA215,2,Bachelor of Computer Applications (Hons.)
BCA301,3,Bachelor of Computer Applications (Hons.)
BCA302,3,Bachelor of Computer Applications (Hons.)
BCA303,3,Bachelor of Computer Applications (Hons.)
BCA304,3,Bachelor of Computer Applications (Hons.)
BCA305,3,Bachelor of Computer Applications (Hons.)
BCA306,3,Bachelor of Computer Applications (Hons.)
BCA307,3,Bachelor of Computer Applications (Hons.)
BCA308,3,Bachelor of Computer Applications (Hons.)
BCA309,3,Bachelor of Computer Applications (Hons.)
BCA310,3,Bachelor of Computer Applications (Hons.)
BCA311,3,Bachelor of Computer Applications (Hons.)
BCA312,3,Bachelor of Computer Applications (Hons.)
BCA313,3,Bachelor of Computer Applications (Hons.)
BCA314,3,Bachelor of Computer Applications (Hons.)
BCA315,3,Bachelor of Computer Applications (Hons.)
BCA401,4,Bachelor of Computer Applications (Hons.)
BCA402,4,Bachelor of Computer Applications (Hons.)
BCA403,4,Bachelor of Computer Applications (Hons.)
BCA404,4,Bachelor of Computer Applications (Hons.)
BCA405,4,Bachelor of Computer Applications (Hons.)
BCA406,4,Bachelor of Computer Applications (Hons.)
BCA407,4,Bachelor of Computer Applications (Hons.)
BCA408,4,Bachelor of Computer Applications (Hons.)
BCA409,4,Bachelor of Computer Applications (Hons.)
BCA410,4,Bachelor of Computer Applications (Hons.)
BCA411,4,Bachelor of Computer Applications (Hons.)
BCA412,4,Bachelor of Computer Applications (Hons.)
BCA413,4,Bachelor of Computer Applications (Hons.)
BCA414,4,Bachelor of Computer Applications (Hons.)
BCA415,4,Bachelor of Computer Applications (Hons.)
BCA501,5,Bachelor of Computer Applications (Hons.)
BCA502,5,Bachelor of Computer Applications (Hons.)
BCA503,5,Bachelor of Computer Applications (Hons.)
BCA504,5,Bachelor of Computer Applications (Hons.)
BCA505,5,Bachelor of Computer Applications (Hons.)
BCA506,5,Bachelor of Computer Applications (Hons.)
BCA507,5,Bachelor of Computer Applications (Hons.)
BCA508,5,Bachelor of Computer Applications (Hons.)
BCA509,5,Bachelor of Computer Applications (Hons.)
BCA510,5,Bachelor of Computer Applications (Hons.)
BCA511,5,Bachelor of Computer Applications (Hons.)
BCA512,5,Bachelor of Computer Applications (Hons.)
BCA513,5,Bachelor of Computer Applications (Hons.)
BCA514,5,Bachelor of Computer Applications (Hons.)
BCA515,5,Bachelor of Computer Applications (Hons.)
BCA601,6,Bachelor of Computer Applications (Hons.)
BCA602,6,Bachelor of Computer Applications (Hons.)
BCA603,6,Bachelor of Computer Applications (Hons.)
BCA604,6,Bachelor of Computer Applications (Hons.)
BCA605,6,Bachelor of Computer Applications (Hons.)
BCA606,6,Bachelor of Computer Applications (Hons.)
BCA607,6,Bachelor of Computer Applications (Hons.)
BCA608,6,Bachelor of Computer Applications (Hons.)
BCA609,6,Bachelor of Computer Applications (Hons.)
BCA610,6,Bachelor of Computer Applications (Hons.)
BCA611,6,Bachelor of Computer Applications (Hons.)
BCA612,6,Bachelor of Computer Applications (Hons.)
BCA613,6,Bachelor of Computer Applications (Hons.)
BCA614,6,Bachelor of Computer Applications (Hons.)
BCA615,6,Bachelor of Computer Applications (Hons.)
BCA701,7,Bachelor of Computer Applications (Hons.)
BCA702,7,Bachelor of Computer Applications (Hons.)
BCA703,7,Bachelor of Computer Applications (Hons.)
BCA704,7,Bachelor of Computer Applications (Hons.)
BCA705,7,Bachelor of Computer Applications (Hons.)
BCA706,7,Bachelor of Computer Applications (Hons.)
BCA707,7,Bachelor of Computer Applications (Hons.)
BCA708,7,Bachelor of Computer Applications (Hons.)
BCA709,7,Bachelor of Computer Applications (Hons.)
BCA710,7,Bachelor of Computer Applications (Hons.)
BCA711,7,Bachelor of Computer Applications (Hons.)
BCA712,7,Bachelor of Computer Applications (Hons.)
BCA713,7,Bachelor of Computer Applications (Hons.)
BCA714,7,Bachelor of Computer Applications (Hons.)
BCA715,7,Bachelor of Computer Applications (Hons.)
BCA801,8,Bachelor of Computer Applications (Hons.)
BCA802,8,Bachelor of Computer Applications (Hons.)
BCA803,8,Bachelor of Computer Applications (Hons.)
BCA804,8,Bachelor of Computer Applications (Hons.)
BCA805,8,Bachelor of Computer Applications (Hons.)
BCA806,8,Bachelor of Computer Applications (Hons.)
BCA807,8,Bachelor of Computer Applications (Hons.)
BCA808,8,Bachelor of Computer Applications (Hons.)
BCA809,8,Bachelor of Computer Applications (Hons.)
BCA810,8,Bachelor of Computer Applications (Hons.)
BCA811,8,Bachelor of Computer Applications (Hons.)
BCA812,8,Bachelor of Computer Applications (Hons.)
BCA813,8,Bachelor of Computer Applications (Hons.)
BCA814,8,Bachelor of Computer Applications (Hons.)
BCA815,8,Bachelor of Computer Applications (Hons.)
BIT101,1,Bachelor of Science in Information Technology
BIT102,1,Bachelor of Science in Information Technology
BIT103,1,Bachelor of Science in Information Technology
BIT104,1,Bachelor of Science in Information Technology
BIT105,1,Bachelor of Science in Information Technology
BIT106,1,Bachelor of Science in Information Technology
BIT107,1,Bachelor of Science in Information Technology
BIT108,1,Bachelor of Science in Information Technology
BIT109,1,Bachelor of Science in Information Technology
BIT110,1,Bachelor of Science in Information Technology
BIT111,1,Bachelor of Science in Information Technology
BIT112,1,Bachelor of Science in Information Technology
BIT113,1,Bachelor of Science in Information Technology
BIT114,1,Bachelor of Science in Information Technology
BIT115,1,Bachelor of Science in Information Technology
BIT201,2,Bachelor of Science in Information Technology
BIT202,2,Bachelor of Science in Information Technology
BIT203,2,Bachelor of Science in Information Technology
BIT204,2,Bachelor of Science in Information Technology
BIT205,2,Bachelor of Science in Information Technology
BIT206,2,Bachelor of Science in Information Technology
BIT207,2,Bachelor of Science in Information Technology
BIT208,2,Bachelor of Science in Information Technology
BIT209,2,Bachelor of Science in Information Technology
BIT210,2,Bachelor of Science in Information Technology
BIT211,2,Bachelor of Science in Information Technology
BIT212,2,Bachelor of Science in Information Technology
BIT213,2,Bachelor of Science in Information Technology
BIT214,2,Bachelor of Science in Information Technology
BIT215,2,Bachelor of Science in Information Technology
BIT301,3,Bachelor of Science in Information Technology
BIT302,3,Bachelor of Science in Information Technology
BIT303,3,Bachelor of Science in Information Technology
BIT304,3,Bachelor of Science in Information Technology
BIT305,3,Bachelor of Science in Information Technology
BIT306,3,Bachelor of Science in Information Technology
BIT307,3,Bachelor of Science in Information Technology
BIT308,3,Bachelor of Science in Information Technology
BIT309,3,Bachelor of Science in Information Technology
BIT310,3,Bachelor of Science in Information Technology
BIT311,3,Bachelor of Science in Information Technology
BIT312,3,Bachelor of Science in Information Technology
BIT313,3,Bachelor of Science in Information Technology
BIT314,3,Bachelor of Science in Information Technology
BIT315,3,Bachelor of Science in Information Technology
BIT401,4,Bachelor of Science in Information Technology
BIT402,4,Bachelor of Science in Information Technology
BIT403,4,Bachelor of Science in Information Technology
BIT404,4,Bachelor of Science in Information Technology
BIT405,4,Bachelor of Science in Information Technology
BIT406,4,Bachelor of Science in Information Technology
BIT407,4,Bachelor of Science in Information Technology
BIT408,4,Bachelor of Science in Information Technology
BIT409,4,Bachelor of Science in Information Technology
BIT410,4,Bachelor of Science in Information Technology
BIT411,4,Bachelor of Science in Information Technology
BIT412,4,Bachelor of Science in Information Technology
BIT413,4,Bachelor of Science in Information Technology
BIT414,4,Bachelor of Science in Information Technology
BIT415,4,Bachelor of Science in Information Technology
BIT501,5,Bachelor of Science in Information Technology
BIT502,5,Bachelor of Science in Information Technology
BIT503,5,Bachelor of Science in Information Technology
BIT504,5,Bachelor of Science in Information Technology
BIT505,5,Bachelor of Science in Information Technology
BIT506,5,Bachelor of Science in Information Technology
BIT507,5,Bachelor of Science in Information Technology
BIT508,5,Bachelor of Science in Information Technology
BIT509,5,Bachelor of Science in Information Technology
BIT510,5,Bachelor of Science in Information Technology
BIT511,5,Bachelor of Science in Information Technology
BIT512,5,Bachelor of Science in Information Technology
BIT513,5,Bachelor of Science in Information Technology
BIT514,5,Bachelor of Science in Information Technology
BIT515,5,Bachelor of Science in Information Technology
BIT601,6,Bachelor of Science in Information Technology
BIT602,6,Bachelor of Science in Information Technology
BIT603,6,Bachelor of Science in Information Technology
BIT604,6,Bachelor of Science in Information Technology
BIT605,6,Bachelor of Science in Information Technology
BIT606,6,Bachelor of Science in Information Technology
BIT607,6,Bachelor of Science in Information Technology
BIT608,6,Bachelor of Science in Information Technology
BIT609,6,Bachelor of Science in Information Technology
BIT610,6,Bachelor of Science in Information Technology
BIT611,6,Bachelor of Science in Information Technology
BIT612,6,Bachelor of Science in Information Technology
BIT613,6,Bachelor of Science in Information Technology
BIT614,6,Bachelor of Science in Information Technology
BIT615,6,Bachelor of Science in Information Technology
TCS101,1,B.Tech Computer Science and Engineering (AI&DS / AI&ML / Cybersecurity)
TCS102,1,B.Tech Computer Science and Engineering (AI&DS / AI&ML / Cybersecurity)
TCS103,1,B.Tech Computer Science and Engineering (AI&DS / AI&ML / Cybersecurity)
TCS104,1,B.Tech Computer Science and Engineering (AI&DS / AI&ML / Cybersecurity)
TCS105,1,B.Tech Computer Science and Engineering (AI&DS / AI&ML / Cybersecurity)
TCS106,1,B.Tech Computer Science and Engineering (AI&DS / AI&ML / Cybersecurity)
TCS107,1,B.Tech Computer Science and Engineering (AI&DS / AI&ML / Cybersecurity)
TCS108,1,B.Tech Computer Science and Engineering (AI&DS / AI&ML / Cybersecurity)
TCS109,1,B.Tech Computer Science and Engineering (AI&DS / AI&ML / Cybersecurity)
TCS110,1,B.Tech Computer Science and Engineering (AI&DS / AI&ML / Cybersecurity)
TCS111,1,B.Tech Computer Science and Engineering (AI&DS / AI&ML / Cybersecurity)
TCS112,1,B.Tech Computer Science and Engineering (AI&DS / AI&ML / Cybersecurity)
TCS113,1,B.Tech Computer Science and Engineering (AI&DS / AI&ML / Cybersecurity)
TCS114,1,B.Tech Computer Science and Engineering (AI&DS / AI&ML / Cybersecurity)
TCS115,1,B.Tech Computer Science and Engineering (AI&DS / AI&ML / Cybersecurity)
TCS201,2,B.Tech Computer Science and Engineering (AI&DS / AI&ML / Cybersecurity)
TCS202,2,B.Tech Computer Science and Engineering (AI&DS / AI&ML / Cybersecurity)
TCS203,2,B.Tech Computer Science and Engineering (AI&DS / AI&ML / Cybersecurity)
TCS204,2,B.Tech Computer Science and Engineering (AI&DS / AI&ML / Cybersecurity)
TCS205,2,B.Tech Computer Science and Engineering (AI&DS / AI&ML / Cybersecurity)
TCS206,2,B.Tech Computer Science and Engineering (AI&DS / AI&ML / Cybersecurity)
TCS207,2,B.Tech Computer Science and Engineering (AI&DS / AI&ML / Cybersecurity)
TCS208,2,B.Tech Computer Science and Engineering (AI&DS / AI&ML / Cybersecurity)
TCS209,2,B.Tech Computer Science and Engineering (AI&DS / AI&ML / Cybersecurity)
TCS210,2,B.Tech Computer Science and Engineering (AI&DS / AI&ML / Cybersecurity)
TCS211,2,B.Tech Computer Science and Engineering (AI&DS / AI&ML / Cybersecurity)
TCS212,2,B.Tech Computer Science and Engineering (AI&DS / AI&ML / Cybersecurity)
TCS213,2,B.Tech Computer Science and Engineering (AI&DS / AI&ML / Cybersecurity)
TCS214,2,B.Tech Computer Science and Engineering (AI&DS / AI&ML / Cybersecurity)
TCS215,2,B.Tech Computer Science and Engineering (AI&DS / AI&ML / Cybersecurity)
TCS301,3,B.Tech Computer Science and Engineering (AI&DS / AI&ML / Cybersecurity)
TCS302,3,B.Tech Computer Science and Engineering (AI&DS / AI&ML / Cybersecurity)
TCS303,3,B.Tech Computer Science and Engineering (AI&DS / AI&ML / Cybersecurity)
TCS304,3,B.Tech Computer Science and Engineering (AI&DS / AI&ML / Cybersecurity)
TCS305,3,B.Tech Computer Science and Engineering (AI&DS / AI&ML / Cybersecurity)
TCS306,3,B.Tech Computer Science and Engineering (AI&DS / AI&ML / Cybersecurity)
TCS307,3,B.Tech Computer Science and Engineering (AI&DS / AI&ML / Cybersecurity)
TCS308,3,B.Tech Computer Science and Engineering (AI&DS / AI&ML / Cybersecurity)
TCS331,3,B.Tech Computer Science and Engineering (AI&DS / AI&ML / Cybersecurity)
TCS332,3,B.Tech Computer Science and Engineering (AI&DS / AI&ML / Cybersecurity)
TCS333,3,B.Tech Computer Science and Engineering (AI&DS / AI&ML / Cybersecurity)
TCS341,3,B.Tech Computer Science and Engineering (AI&DS / AI&ML / Cybersecurity)
TCS351,3,B.Tech Computer Science and Engineering (AI&DS / AI&ML / Cybersecurity)
TCS391,3,B.Tech Computer Science and Engineering (AI&DS / AI&ML / Cybersecurity)
TMA316,3,B.Tech Computer Science and Engineering (AI&DS / AI&ML / Cybersecurity)
TCS401,4,B.Tech Computer Science and Engineering (AI&DS / AI&ML / Cybersecurity)
TCS402,4,B.Tech Computer Science and Engineering (AI&DS / AI&ML / Cybersecurity)
TCS403,4,B.Tech Computer Science and Engineering (AI&DS / AI&ML / Cybersecurity)
TCS404,4,B.Tech Computer Science and Engineering (AI&DS / AI&ML / Cybersecurity)
TCS405,4,B.Tech Computer Science and Engineering (AI&DS / AI&ML / Cybersecurity)
TCS406,4,B.Tech Computer Science and Engineering (AI&DS / AI&ML / Cybersecurity)
TCS408,4,B.Tech Computer Science and Engineering (AI&DS / AI&ML / Cybersecurity)
TCS431,4,B.Tech Computer Science and Engineering (AI&DS / AI&ML / Cybersecurity)
TCS432,4,B.Tech Computer Science and Engineering (AI&DS / AI&ML / Cybersecurity)
TCS434,4,B.Tech Computer Science and Engineering (AI&DS / AI&ML / Cybersecurity)
TCS441,4,B.Tech Computer Science and Engineering (AI&DS / AI&ML / Cybersecurity)
TCS451,4,B.Tech Computer Science and Engineering (AI&DS / AI&ML / Cybersecurity)
TCS471,4,B.Tech Computer Science and Engineering (AI&DS / AI&ML / Cybersecurity)
TCS491,4,B.Tech Computer Science and Engineering (AI&DS / AI&ML / Cybersecurity)
TMA402,4,B.Tech Computer Science and Engineering (AI&DS / AI&ML / Cybersecurity)
TCS501,5,B.Tech Computer Science and Engineering (AI&DS / AI&ML / Cybersecurity)
TCS502,5,B.Tech Computer Science and Engineering (AI&DS / AI&ML / Cybersecurity)
TCS503,5,B.Tech Computer Science and Engineering (AI&DS / AI&ML / Cybersecurity)
TCS504,5,B.Tech Computer Science and Engineering (AI&DS / AI&ML / Cybersecurity)
TCS505,5,B.Tech Computer Science and Engineering (AI&DS / AI&ML / Cybersecurity)
TCS506,5,B.Tech Computer Science and Engineering (AI&DS / AI&ML / Cybersecurity)
TCS507,5,B.Tech Computer Science and Engineering (AI&DS / AI&ML / Cybersecurity)
TCS509,5,B.Tech Computer Science and Engineering (AI&DS / AI&ML / Cybersecurity)
TCS510,5,B.Tech Computer Science and Engineering (AI&DS / AI&ML / Cybersecurity)
TCS531,5,B.Tech Computer Science and Engineering (AI&DS / AI&ML / Cybersecurity)
TCS532,5,B.Tech Computer Science and Engineering (AI&DS / AI&ML / Cybersecurity)
TCS541,5,B.Tech Computer Science and Engineering (AI&DS / AI&ML / Cybersecurity)
TCS552,5,B.Tech Computer Science and Engineering (AI&DS / AI&ML / Cybersecurity)
TCS571,5,B.Tech Computer Science and Engineering (AI&DS / AI&ML / Cybersecurity)
TCS591,5,B.Tech Computer Science and Engineering (AI&DS / AI&ML / Cybersecurity)
TCS601,6,B.Tech Computer Science and Engineering (AI&DS / AI&ML / Cybersecurity)
TCS602,6,B.Tech Computer Science and Engineering (AI&DS / AI&ML / Cybersecurity)
TCS603,6,B.Tech Computer Science and Engineering (AI&DS / AI&ML / Cybersecurity)
TCS604,6,B.Tech Computer Science and Engineering (AI&DS / AI&ML / Cybersecurity)
TCS605,6,B.Tech Computer Science and Engineering (AI&DS / AI&ML / Cybersecurity)
TCS606,6,B.Tech Computer Science and Engineering (AI&DS / AI&ML / Cybersecurity)
TCS607,6,B.Tech Computer Science and Engineering (AI&DS / AI&ML / Cybersecurity)
TCS610,6,B.Tech Computer Science and Engineering (AI&DS / AI&ML / Cybersecurity)
TCS619,6,B.Tech Computer Science and Engineering (AI&DS / AI&ML / Cybersecurity)
TCS631,6,B.Tech Computer Science and Engineering (AI&DS / AI&ML / Cybersecurity)
TCS632,6,B.Tech Computer Science and Engineering (AI&DS / AI&ML / Cybersecurity)
TCS641,6,B.Tech Computer Science and Engineering (AI&DS / AI&ML / Cybersecurity)
TCS651,6,B.Tech Computer Science and Engineering (AI&DS / AI&ML / Cybersecurity)
TCS671,6,B.Tech Computer Science and Engineering (AI&DS / AI&ML / Cybersecurity)
TCS693,6,B.Tech Computer Science and Engineering (AI&DS / AI&ML / Cybersecurity)
TCS703,7,B.Tech Computer Science and Engineering (AI&DS / AI&ML / Cybersecurity)
TCS704,7,B.Tech Computer Science and Engineering (AI&DS / AI&ML / Cybersecurity)
TCS706,7,B.Tech Computer Science and Engineering (AI&DS / AI&ML / Cybersecurity)
TCS710,7,B.Tech Computer Science and Engineering (AI&DS / AI&ML / Cybersecurity)
TCS711,7,B.Tech Computer Science and Engineering (AI&DS / AI&ML / Cybersecurity)
TCS722,7,B.Tech Computer Science and Engineering (AI&DS / AI&ML / Cybersecurity)
TCS723,7,B.Tech Computer Science and Engineering (AI&DS / AI&ML / Cybersecurity)
TCS731,7,B.Tech Computer Science and Engineering (AI&DS / AI&ML / Cybersecurity)
TCS732,7,B.Tech Computer Science and Engineering (AI&DS / AI&ML / Cybersecurity)
TCS733,7,B.Tech Computer Science and Engineering (AI&DS / AI&ML / Cybersecurity)
TCS741,7,B.Tech Computer Science and Engineering (AI&DS / AI&ML / Cybersecurity)
TCS750,7,B.Tech Computer Science and Engineering (AI&DS / AI&ML / Cybersecurity)
TCS751,7,B.Tech Computer Science and Engineering (AI&DS / AI&ML / Cybersecurity)
TCS756,7,B.Tech Computer Science and Engineering (AI&DS / AI&ML / Cybersecurity)
TCS761,7,B.Tech Computer Science and Engineering (AI&DS / AI&ML / Cybersecurity)
TCS771,7,B.Tech Computer Science and Engineering (AI&DS / AI&ML / Cybersecurity)
TCS791,7,B.Tech Computer Science and Engineering (AI&DS / AI&ML / Cybersecurity)
TCS792,7,B.Tech Computer Science and Engineering (AI&DS / AI&ML / Cybersecurity)
TCS797,7,B.Tech Computer Science and Engineering (AI&DS / AI&ML / Cybersecurity)
TCS798,7,B.Tech Computer Science and Engineering (AI&DS / AI&ML / Cybersecurity)
TCS799,7,B.Tech Computer Science and Engineering (AI&DS / AI&ML / Cybersecurity)
TIT721,7,B.Tech Computer Science and Engineering (AI&DS / AI&ML / Cybersecurity)
TCS810,8,B.Tech Computer Science and Engineering (AI&DS / AI&ML / Cybersecurity)
TCS821,8,B.Tech Computer Science and Engineering (AI&DS / AI&ML / Cybersecurity)
TCS822,8,B.Tech Computer Science and Engineering (AI&DS / AI&ML / Cybersecurity)
TCS823,8,B.Tech Computer Science and Engineering (AI&DS / AI&ML / Cybersecurity)
TCS824,8,B.Tech Computer Science and Engineering (AI&DS / AI&ML / Cybersecurity)
TCS825,8,B.Tech Computer Science and Engineering (AI&DS / AI&ML / Cybersecurity)
TCS826,8,B.Tech Computer Science and Engineering (AI&DS / AI&ML / Cybersecurity)
TCS831,8,B.Tech Computer Science and Engineering (AI&DS / AI&ML / Cybersecurity)
TCS832,8,B.Tech Computer Science and Engineering (AI&DS / AI&ML / Cybersecurity)
TCS841,8,B.Tech Computer Science and Engineering (AI&DS / AI&ML / Cybersecurity)
TCS844,8,B.Tech Computer Science and Engineering (AI&DS / AI&ML / Cybersecurity)
TCS852,8,B.Tech Computer Science and Engineering (AI&DS / AI&ML / Cybersecurity)
TCS855,8,B.Tech Computer Science and Engineering (AI&DS / AI&ML / Cybersecurity)
TCS857,8,B.Tech Computer Science and Engineering (AI&DS / AI&ML / Cybersecurity)
TCS859,8,B.Tech Computer Science and Engineering (AI&DS / AI&ML / Cybersecurity)
TCS891,8,B.Tech Computer Science and Engineering (AI&DS / AI&ML / Cybersecurity)
TDM881,8,B.Tech Computer Science and Engineering (AI&DS / AI&ML / Cybersecurity)
TCS101,1,B.Tech Computer Science and Engineering (Hons.) with specialization in AI&DS / AI&ML / Cybersecurity
TCS102,1,B.Tech Computer Science and Engineering (Hons.) with specialization in AI&DS / AI&ML / Cybersecurity
TCS103,1,B.Tech Computer Science and Engineering (Hons.) with specialization in AI&DS / AI&ML / Cybersecurity
TCS104,1,B.Tech Computer Science and Engineering (Hons.) with specialization in AI&DS / AI&ML / Cybersecurity
TCS105,1,B.Tech Computer Science and Engineering (Hons.) with specialization in AI&DS / AI&ML / Cybersecurity
TCS106,1,B.Tech Computer Science and Engineering (Hons.) with specialization in AI&DS / AI&ML / Cybersecurity
TCS107,1,B.Tech Computer Science and Engineering (Hons.) with specialization in AI&DS / AI&ML / Cybersecurity
TCS108,1,B.Tech Computer Science and Engineering (Hons.) with specialization in AI&DS / AI&ML / Cybersecurity
TCS109,1,B.Tech Computer Science and Engineering (Hons.) with specialization in AI&DS / AI&ML / Cybersecurity
TCS110,1,B.Tech Computer Science and Engineering (Hons.) with specialization in AI&DS / AI&ML / Cybersecurity
TCS111,1,B.Tech Computer Science and Engineering (Hons.) with specialization in AI&DS / AI&ML / Cybersecurity
TCS112,1,B.Tech Computer Science and Engineering (Hons.) with specialization in AI&DS / AI&ML / Cybersecurity
TCS113,1,B.Tech Computer Science and Engineering (Hons.) with specialization in AI&DS / AI&ML / Cybersecurity
TCS114,1,B.Tech Computer Science and Engineering (Hons.) with specialization in AI&DS / AI&ML / Cybersecurity
TCS115,1,B.Tech Computer Science and Engineering (Hons.) with specialization in AI&DS / AI&ML / Cybersecurity
TCS201,2,B.Tech Computer Science and Engineering (Hons.) with specialization in AI&DS / AI&ML / Cybersecurity
TCS202,2,B.Tech Computer Science and Engineering (Hons.) with specialization in AI&DS / AI&ML / Cybersecurity
TCS203,2,B.Tech Computer Science and Engineering (Hons.) with specialization in AI&DS / AI&ML / Cybersecurity
TCS204,2,B.Tech Computer Science and Engineering (Hons.) with specialization in AI&DS / AI&ML / Cybersecurity
TCS205,2,B.Tech Computer Science and Engineering (Hons.) with specialization in AI&DS / AI&ML / Cybersecurity
TCS206,2,B.Tech Computer Science and Engineering (Hons.) with specialization in AI&DS / AI&ML / Cybersecurity
TCS207,2,B.Tech Computer Science and Engineering (Hons.) with specialization in AI&DS / AI&ML / Cybersecurity
TCS208,2,B.Tech Computer Science and Engineering (Hons.) with specialization in AI&DS / AI&ML / Cybersecurity
TCS209,2,B.Tech Computer Science and Engineering (Hons.) with specialization in AI&DS / AI&ML / Cybersecurity
TCS210,2,B.Tech Computer Science and Engineering (Hons.) with specialization in AI&DS / AI&ML / Cybersecurity
TCS211,2,B.Tech Computer Science and Engineering (Hons.) with specialization in AI&DS / AI&ML / Cybersecurity
TCS212,2,B.Tech Computer Science and Engineering (Hons.) with specialization in AI&DS / AI&ML / Cybersecurity
TCS213,2,B.Tech Computer Science and Engineering (Hons.) with specialization in AI&DS / AI&ML / Cybersecurity
TCS214,2,B.Tech Computer Science and Engineering (Hons.) with specialization in AI&DS / AI&ML / Cybersecurity
TCS215,2,B.Tech Computer Science and Engineering (Hons.) with specialization in AI&DS / AI&ML / Cybersecurity
TCS301,3,B.Tech Computer Science and Engineering (Hons.) with specialization in AI&DS / AI&ML / Cybersecurity
TCS302,3,B.Tech Computer Science and Engineering (Hons.) with specialization in AI&DS / AI&ML / Cybersecurity
TCS303,3,B.Tech Computer Science and Engineering (Hons.) with specialization in AI&DS / AI&ML / Cybersecurity
TCS304,3,B.Tech Computer Science and Engineering (Hons.) with specialization in AI&DS / AI&ML / Cybersecurity
TCS305,3,B.Tech Computer Science and Engineering (Hons.) with specialization in AI&DS / AI&ML / Cybersecurity
TCS306,3,B.Tech Computer Science and Engineering (Hons.) with specialization in AI&DS / AI&ML / Cybersecurity
TCS307,3,B.Tech Computer Science and Engineering (Hons.) with specialization in AI&DS / AI&ML / Cybersecurity
TCS308,3,B.Tech Computer Science and Engineering (Hons.) with specialization in AI&DS / AI&ML / Cybersecurity
TCS331,3,B.Tech Computer Science and Engineering (Hons.) with specialization in AI&DS / AI&ML / Cybersecurity
TCS332,3,B.Tech Computer Science and Engineering (Hons.) with specialization in AI&DS / AI&ML / Cybersecurity
TCS333,3,B.Tech Computer Science and Engineering (Hons.) with specialization in AI&DS / AI&ML / Cybersecurity
TCS341,3,B.Tech Computer Science and Engineering (Hons.) with specialization in AI&DS / AI&ML / Cybersecurity
TCS351,3,B.Tech Computer Science and Engineering (Hons.) with specialization in AI&DS / AI&ML / Cybersecurity
TCS391,3,B.Tech Computer Science and Engineering (Hons.) with specialization in AI&DS / AI&ML / Cybersecurity
TMA316,3,B.Tech Computer Science and Engineering (Hons.) with specialization in AI&DS / AI&ML / Cybersecurity
TCS401,4,B.Tech Computer Science and Engineering (Hons.) with specialization in AI&DS / AI&ML / Cybersecurity
TCS402,4,B.Tech Computer Science and Engineering (Hons.) with specialization in AI&DS / AI&ML / Cybersecurity
TCS403,4,B.Tech Computer Science and Engineering (Hons.) with specialization in AI&DS / AI&ML / Cybersecurity
TCS404,4,B.Tech Computer Science and Engineering (Hons.) with specialization in AI&DS / AI&ML / Cybersecurity
TCS405,4,B.Tech Computer Science and Engineering (Hons.) with specialization in AI&DS / AI&ML / Cybersecurity
TCS406,4,B.Tech Computer Science and Engineering (Hons.) with specialization in AI&DS / AI&ML / Cybersecurity
TCS408,4,B.Tech Computer Science and Engineering (Hons.) with specialization in AI&DS / AI&ML / Cybersecurity
TCS431,4,B.Tech Computer Science and Engineering (Hons.) with specialization in AI&DS / AI&ML / Cybersecurity
TCS432,4,B.Tech Computer Science and Engineering (Hons.) with specialization in AI&DS / AI&ML / Cybersecurity
TCS434,4,B.Tech Computer Science and Engineering (Hons.) with specialization in AI&DS / AI&ML / Cybersecurity
TCS441,4,B.Tech Computer Science and Engineering (Hons.) with specialization in AI&DS / AI&ML / Cybersecurity
TCS451,4,B.Tech Computer Science and Engineering (Hons.) with specialization in AI&DS / AI&ML / Cybersecurity
TCS471,4,B.Tech Computer Science and Engineering (Hons.) with specialization in AI&DS / AI&ML / Cybersecurity
TCS491,4,B.Tech Computer Science and Engineering (Hons.) with specialization in AI&DS / AI&ML / Cybersecurity
TMA402,4,B.Tech Computer Science and Engineering (Hons.) with specialization in AI&DS / AI&ML / Cybersecurity
TCS501,5,B.Tech Computer Science and Engineering (Hons.) with specialization in AI&DS / AI&ML / Cybersecurity
TCS502,5,B.Tech Computer Science and Engineering (Hons.) with specialization in AI&DS / AI&ML / Cybersecurity
TCS503,5,B.Tech Computer Science and Engineering (Hons.) with specialization in AI&DS / AI&ML / Cybersecurity
TCS504,5,B.Tech Computer Science and Engineering (Hons.) with specialization in AI&DS / AI&ML / Cybersecurity
TCS505,5,B.Tech Computer Science and Engineering (Hons.) with specialization in AI&DS / AI&ML / Cybersecurity
TCS506,5,B.Tech Computer Science and Engineering (Hons.) with specialization in AI&DS / AI&ML / Cybersecurity
TCS507,5,B.Tech Computer Science and Engineering (Hons.) with specialization in AI&DS / AI&ML / Cybersecurity
TCS509,5,B.Tech Computer Science and Engineering (Hons.) with specialization in AI&DS / AI&ML / Cybersecurity
TCS510,5,B.Tech Computer Science and Engineering (Hons.) with specialization in AI&DS / AI&ML / Cybersecurity
TCS531,5,B.Tech Computer Science and Engineering (Hons.) with specialization in AI&DS / AI&ML / Cybersecurity
TCS532,5,B.Tech Computer Science and Engineering (Hons.) with specialization in AI&DS / AI&ML / Cybersecurity
TCS541,5,B.Tech Computer Science and Engineering (Hons.) with specialization in AI&DS / AI&ML / Cybersecurity
TCS552,5,B.Tech Computer Science and Engineering (Hons.) with specialization in AI&DS / AI&ML / Cybersecurity
TCS571,5,B.Tech Computer Science and Engineering (Hons.) with specialization in AI&DS / AI&ML / Cybersecurity
TCS591,5,B.Tech Computer Science and Engineering (Hons.) with specialization in AI&DS / AI&ML / Cybersecurity
TCS601,6,B.Tech Computer Science and Engineering (Hons.) with specialization in AI&DS / AI&ML / Cybersecurity
TCS602,6,B.Tech Computer Science and Engineering (Hons.) with specialization in AI&DS / AI&ML / Cybersecurity
TCS603,6,B.Tech Computer Science and Engineering (Hons.) with specialization in AI&DS / AI&ML / Cybersecurity
TCS604,6,B.Tech Computer Science and Engineering (Hons.) with specialization in AI&DS / AI&ML / Cybersecurity
TCS605,6,B.Tech Computer Science and Engineering (Hons.) with specialization in AI&DS / AI&ML / Cybersecurity
TCS606,6,B.Tech Computer Science and Engineering (Hons.) with specialization in AI&DS / AI&ML / Cybersecurity
TCS607,6,B.Tech Computer Science and Engineering (Hons.) with specialization in AI&DS / AI&ML / Cybersecurity
TCS610,6,B.Tech Computer Science and Engineering (Hons.) with specialization in AI&DS / AI&ML / Cybersecurity
TCS619,6,B.Tech Computer Science and Engineering (Hons.) with specialization in AI&DS / AI&ML / Cybersecurity
TCS631,6,B.Tech Computer Science and Engineering (Hons.) with specialization in AI&DS / AI&ML / Cybersecurity
TCS632,6,B.Tech Computer Science and Engineering (Hons.) with specialization in AI&DS / AI&ML / Cybersecurity
TCS641,6,B.Tech Computer Science and Engineering (Hons.) with specialization in AI&DS / AI&ML / Cybersecurity
TCS651,6,B.Tech Computer Science and Engineering (Hons.) with specialization in AI&DS / AI&ML / Cybersecurity
TCS671,6,B.Tech Computer Science and Engineering (Hons.) with specialization in AI&DS / AI&ML / Cybersecurity
TCS693,6,B.Tech Computer Science and Engineering (Hons.) with specialization in AI&DS / AI&ML / Cybersecurity
TCS703,7,B.Tech Computer Science and Engineering (Hons.) with specialization in AI&DS / AI&ML / Cybersecurity
TCS704,7,B.Tech Computer Science and Engineering (Hons.) with specialization in AI&DS / AI&ML / Cybersecurity
TCS706,7,B.Tech Computer Science and Engineering (Hons.) with specialization in AI&DS / AI&ML / Cybersecurity
TCS710,7,B.Tech Computer Science and Engineering (Hons.) with specialization in AI&DS / AI&ML / Cybersecurity
TCS711,7,B.Tech Computer Science and Engineering (Hons.) with specialization in AI&DS / AI&ML / Cybersecurity
TCS722,7,B.Tech Computer Science and Engineering (Hons.) with specialization in AI&DS / AI&ML / Cybersecurity
TCS723,7,B.Tech Computer Science and Engineering (Hons.) with specialization in AI&DS / AI&ML / Cybersecurity
TCS731,7,B.Tech Computer Science and Engineering (Hons.) with specialization in AI&DS / AI&ML / Cybersecurity
TCS732,7,B.Tech Computer Science and Engineering (Hons.) with specialization in AI&DS / AI&ML / Cybersecurity
TCS733,7,B.Tech Computer Science and Engineering (Hons.) with specialization in AI&DS / AI&ML / Cybersecurity
TCS741,7,B.Tech Computer Science and Engineering (Hons.) with specialization in AI&DS / AI&ML / Cybersecurity
TCS750,7,B.Tech Computer Science and Engineering (Hons.) with specialization in AI&DS / AI&ML / Cybersecurity
TCS751,7,B.Tech Computer Science and Engineering (Hons.) with specialization in AI&DS / AI&ML / Cybersecurity
TCS756,7,B.Tech Computer Science and Engineering (Hons.) with specialization in AI&DS / AI&ML / Cybersecurity
TCS761,7,B.Tech Computer Science and Engineering (Hons.) with specialization in AI&DS / AI&ML / Cybersecurity
TCS771,7,B.Tech Computer Science and Engineering (Hons.) with specialization in AI&DS / AI&ML / Cybersecurity
TCS791,7,B.Tech Computer Science and Engineering (Hons.) with specialization in AI&DS / AI&ML / Cybersecurity
TCS792,7,B.Tech Computer Science and Engineering (Hons.) with specialization in AI&DS / AI&ML / Cybersecurity
TCS797,7,B.Tech Computer Science and Engineering (Hons.) with specialization in AI&DS / AI&ML / Cybersecurity
TCS798,7,B.Tech Computer Science and Engineering (Hons.) with specialization in AI&DS / AI&ML / Cybersecurity
TCS799,7,B.Tech Computer Science and Engineering (Hons.) with specialization in AI&DS / AI&ML / Cybersecurity
TIT721,7,B.Tech Computer Science and Engineering (Hons.) with specialization in AI&DS / AI&ML / Cybersecurity
TCS810,8,B.Tech Computer Science and Engineering (Hons.) with specialization in AI&DS / AI&ML / Cybersecurity
TCS821,8,B.Tech Computer Science and Engineering (Hons.) with specialization in AI&DS / AI&ML / Cybersecurity
TCS822,8,B.Tech Computer Science and Engineering (Hons.) with specialization in AI&DS / AI&ML / Cybersecurity
TCS823,8,B.Tech Computer Science and Engineering (Hons.) with specialization in AI&DS / AI&ML / Cybersecurity
TCS824,8,B.Tech Computer Science and Engineering (Hons.) with specialization in AI&DS / AI&ML / Cybersecurity
TCS825,8,B.Tech Computer Science and Engineering (Hons.) with specialization in AI&DS / AI&ML / Cybersecurity
TCS826,8,B.Tech Computer Science and Engineering (Hons.) with specialization in AI&DS / AI&ML / Cybersecurity
TCS831,8,B.Tech Computer Science and Engineering (Hons.) with specialization in AI&DS / AI&ML / Cybersecurity
TCS832,8,B.Tech Computer Science and Engineering (Hons.) with specialization in AI&DS / AI&ML / Cybersecurity
TCS841,8,B.Tech Computer Science and Engineering (Hons.) with specialization in AI&DS / AI&ML / Cybersecurity
TCS844,8,B.Tech Computer Science and Engineering (Hons.) with specialization in AI&DS / AI&ML / Cybersecurity
TCS852,8,B.Tech Computer Science and Engineering (Hons.) with specialization in AI&DS / AI&ML / Cybersecurity
TCS855,8,B.Tech Computer Science and Engineering (Hons.) with specialization in AI&DS / AI&ML / Cybersecurity
TCS857,8,B.Tech Computer Science and Engineering (Hons.) with specialization in AI&DS / AI&ML / Cybersecurity
TCS859,8,B.Tech Computer Science and Engineering (Hons.) with specialization in AI&DS / AI&ML / Cybersecurity
TCS891,8,B.Tech Computer Science and Engineering (Hons.) with specialization in AI&DS / AI&ML / Cybersecurity
TDM881,8,B.Tech Computer Science and Engineering (Hons.) with specialization in AI&DS / AI&ML / Cybersecurity
TCS101,1,B.Tech Computer Science and Engineering (Regional Language Quota)
TCS102,1,B.Tech Computer Science and Engineering (Regional Language Quota)
TCS103,1,B.Tech Computer Science and Engineering (Regional Language Quota)
TCS104,1,B.Tech Computer Science and Engineering (Regional Language Quota)
TCS105,1,B.Tech Computer Science and Engineering (Regional Language Quota)
TCS106,1,B.Tech Computer Science and Engineering (Regional Language Quota)
TCS107,1,B.Tech Computer Science and Engineering (Regional Language Quota)
TCS108,1,B.Tech Computer Science and Engineering (Regional Language Quota)
TCS109,1,B.Tech Computer Science and Engineering (Regional Language Quota)
TCS110,1,B.Tech Computer Science and Engineering (Regional Language Quota)
TCS111,1,B.Tech Computer Science and Engineering (Regional Language Quota)
TCS112,1,B.Tech Computer Science and Engineering (Regional Language Quota)
TCS113,1,B.Tech Computer Science and Engineering (Regional Language Quota)
TCS114,1,B.Tech Computer Science and Engineering (Regional Language Quota)
TCS115,1,B.Tech Computer Science and Engineering (Regional Language Quota)
TCS201,2,B.Tech Computer Science and Engineering (Regional Language Quota)
TCS202,2,B.Tech Computer Science and Engineering (Regional Language Quota)
TCS203,2,B.Tech Computer Science and Engineering (Regional Language Quota)
TCS204,2,B.Tech Computer Science and Engineering (Regional Language Quota)
TCS205,2,B.Tech Computer Science and Engineering (Regional Language Quota)
TCS206,2,B.Tech Computer Science and Engineering (Regional Language Quota)
TCS207,2,B.Tech Computer Science and Engineering (Regional Language Quota)
TCS208,2,B.Tech Computer Science and Engineering (Regional Language Quota)
TCS209,2,B.Tech Computer Science and Engineering (Regional Language Quota)
TCS210,2,B.Tech Computer Science and Engineering (Regional Language Quota)
TCS211,2,B.Tech Computer Science and Engineering (Regional Language Quota)
TCS212,2,B.Tech Computer Science and Engineering (Regional Language Quota)
TCS213,2,B.Tech Computer Science and Engineering (Regional Language Quota)
TCS214,2,B.Tech Computer Science and Engineering (Regional Language Quota)
TCS215,2,B.Tech Computer Science and Engineering (Regional Language Quota)
TCS301,3,B.Tech Computer Science and Engineering (Regional Language Quota)
TCS302,3,B.Tech Computer Science and Engineering (Regional Language Quota)
TCS303,3,B.Tech Computer Science and Engineering (Regional Language Quota)
TCS304,3,B.Tech Computer Science and Engineering (Regional Language Quota)
TCS305,3,B.Tech Computer Science and Engineering (Regional Language Quota)
TCS306,3,B.Tech Computer Science and Engineering (Regional Language Quota)
TCS307,3,B.Tech Computer Science and Engineering (Regional Language Quota)
TCS308,3,B.Tech Computer Science and Engineering (Regional Language Quota)
TCS331,3,B.Tech Computer Science and Engineering (Regional Language Quota)
TCS332,3,B.Tech Computer Science and Engineering (Regional Language Quota)
TCS333,3,B.Tech Computer Science and Engineering (Regional Language Quota)
TCS341,3,B.Tech Computer Science and Engineering (Regional Language Quota)
TCS351,3,B.Tech Computer Science and Engineering (Regional Language Quota)
TCS391,3,B.Tech Computer Science and Engineering (Regional Language Quota)
TMA316,3,B.Tech Computer Science and Engineering (Regional Language Quota)
TCS401,4,B.Tech Computer Science and Engineering (Regional Language Quota)
TCS402,4,B.Tech Computer Science and Engineering (Regional Language Quota)
TCS403,4,B.Tech Computer Science and Engineering (Regional Language Quota)
TCS404,4,B.Tech Computer Science and Engineering (Regional Language Quota)
TCS405,4,B.Tech Computer Science and Engineering (Regional Language Quota)
TCS406,4,B.Tech Computer Science and Engineering (Regional Language Quota)
TCS408,4,B.Tech Computer Science and Engineering (Regional Language Quota)
TCS431,4,B.Tech Computer Science and Engineering (Regional Language Quota)
TCS432,4,B.Tech Computer Science and Engineering (Regional Language Quota)
TCS434,4,B.Tech Computer Science and Engineering (Regional Language Quota)
TCS441,4,B.Tech Computer Science and Engineering (Regional Language Quota)
TCS451,4,B.Tech Computer Science and Engineering (Regional Language Quota)
TCS471,4,B.Tech Computer Science and Engineering (Regional Language Quota)
TCS491,4,B.Tech Computer Science and Engineering (Regional Language Quota)
TMA402,4,B.Tech Computer Science and Engineering (Regional Language Quota)
TCS501,5,B.Tech Computer Science and Engineering (Regional Language Quota)
TCS502,5,B.Tech Computer Science and Engineering (Regional Language Quota)
TCS503,5,B.Tech Computer Science and Engineering (Regional Language Quota)
TCS504,5,B.Tech Computer Science and Engineering (Regional Language Quota)
TCS505,5,B.Tech Computer Science and Engineering (Regional Language Quota)
TCS506,5,B.Tech Computer Science and Engineering (Regional Language Quota)
TCS507,5,B.Tech Computer Science and Engineering (Regional Language Quota)
TCS509,5,B.Tech Computer Science and Engineering (Regional Language Quota)
TCS510,5,B.Tech Computer Science and Engineering (Regional Language Quota)
TCS531,5,B.Tech Computer Science and Engineering (Regional Language Quota)
TCS532,5,B.Tech Computer Science and Engineering (Regional Language Quota)
TCS541,5,B.Tech Computer Science and Engineering (Regional Language Quota)
TCS552,5,B.Tech Computer Science and Engineering (Regional Language Quota)
TCS571,5,B.Tech Computer Science and Engineering (Regional Language Quota)
TCS591,5,B.Tech Computer Science and Engineering (Regional Language Quota)
TCS601,6,B.Tech Computer Science and Engineering (Regional Language Quota)
TCS602,6,B.Tech Computer Science and Engineering (Regional Language Quota)
TCS603,6,B.Tech Computer Science and Engineering (Regional Language Quota)
TCS604,6,B.Tech Computer Science and Engineering (Regional Language Quota)
TCS605,6,B.Tech Computer Science and Engineering (Regional Language Quota)
TCS606,6,B.Tech Computer Science and Engineering (Regional Language Quota)
TCS607,6,B.Tech Computer Science and Engineering (Regional Language Quota)
TCS610,6,B.Tech Computer Science and Engineering (Regional Language Quota)
TCS619,6,B.Tech Computer Science and Engineering (Regional Language Quota)
TCS631,6,B.Tech Computer Science and Engineering (Regional Language Quota)
TCS632,6,B.Tech Computer Science and Engineering (Regional Language Quota)
TCS641,6,B.Tech Computer Science and Engineering (Regional Language Quota)
TCS651,6,B.Tech Computer Science and Engineering (Regional Language Quota)
TCS671,6,B.Tech Computer Science and Engineering (Regional Language Quota)
TCS693,6,B.Tech Computer Science and Engineering (Regional Language Quota)
TCS703,7,B.Tech Computer Science and Engineering (Regional Language Quota)
TCS704,7,B.Tech Computer Science and Engineering (Regional Language Quota)
TCS706,7,B.Tech Computer Science and Engineering (Regional Language Quota)
TCS710,7,B.Tech Computer Science and Engineering (Regional Language Quota)
TCS711,7,B.Tech Computer Science and Engineering (Regional Language Quota)
TCS722,7,B.Tech Computer Science and Engineering (Regional Language Quota)
TCS723,7,B.Tech Computer Science and Engineering (Regional Language Quota)
TCS731,7,B.Tech Computer Science and Engineering (Regional Language Quota)
TCS732,7,B.Tech Computer Science and Engineering (Regional Language Quota)
TCS733,7,B.Tech Computer Science and Engineering (Regional Language Quota)
TCS741,7,B.Tech Computer Science and Engineering (Regional Language Quota)
TCS750,7,B.Tech Computer Science and Engineering (Regional Language Quota)
TCS751,7,B.Tech Computer Science and Engineering (Regional Language Quota)
TCS756,7,B.Tech Computer Science and Engineering (Regional Language Quota)
TCS761,7,B.Tech Computer Science and Engineering (Regional Language Quota)
TCS771,7,B.Tech Computer Science and Engineering (Regional Language Quota)
TCS791,7,B.Tech Computer Science and Engineering (Regional Language Quota)
TCS792,7,B.Tech Computer Science and Engineering (Regional Language Quota)
TCS797,7,B.Tech Computer Science and Engineering (Regional Language Quota)
TCS798,7,B.Tech Computer Science and Engineering (Regional Language Quota)
TCS799,7,B.Tech Computer Science and Engineering (Regional Language Quota)
TIT721,7,B.Tech Computer Science and Engineering (Regional Language Quota)
TCS810,8,B.Tech Computer Science and Engineering (Regional Language Quota)
TCS821,8,B.Tech Computer Science and Engineering (Regional Language Quota)
TCS822,8,B.Tech Computer Science and Engineering (Regional Language Quota)
TCS823,8,B.Tech Computer Science and Engineering (Regional Language Quota)
TCS824,8,B.Tech Computer Science and Engineering (Regional Language Quota)
TCS825,8,B.Tech Computer Science and Engineering (Regional Language Quota)
TCS826,8,B.Tech Computer Science and Engineering (Regional Language Quota)
TCS831,8,B.Tech Computer Science and Engineering (Regional Language Quota)
TCS832,8,B.Tech Computer Science and Engineering (Regional Language Quota)
TCS841,8,B.Tech Computer Science and Engineering (Regional Language Quota)
TCS844,8,B.Tech Computer Science and Engineering (Regional Language Quota)
TCS852,8,B.Tech Computer Science and Engineering (Regional Language Quota)
TCS855,8,B.Tech Computer Science and Engineering (Regional Language Quota)
TCS857,8,B.Tech Computer Science and Engineering (Regional Language Quota)
TCS859,8,B.Tech Computer Science and Engineering (Regional Language Quota)
TCS891,8,B.Tech Computer Science and Engineering (Regional Language Quota)
TDM881,8,B.Tech Computer Science and Engineering (Regional Language Quota)
TCS101,1,B.Tech Computer Science and Engineering (Internet of Things)
TCS102,1,B.Tech Computer Science and Engineering (Internet of Things)
TCS103,1,B.Tech Computer Science and Engineering (Internet of Things)
TCS104,1,B.Tech Computer Science and Engineering (Internet of Things)
TCS105,1,B.Tech Computer Science and Engineering (Internet of Things)
TCS106,1,B.Tech Computer Science and Engineering (Internet of Things)
TCS107,1,B.Tech Computer Science and Engineering (Internet of Things)
TCS108,1,B.Tech Computer Science and Engineering (Internet of Things)
TCS109,1,B.Tech Computer Science and Engineering (Internet of Things)
TCS110,1,B.Tech Computer Science and Engineering (Internet of Things)
TCS111,1,B.Tech Computer Science and Engineering (Internet of Things)
TCS112,1,B.Tech Computer Science and Engineering (Internet of Things)
TCS113,1,B.Tech Computer Science and Engineering (Internet of Things)
TCS114,1,B.Tech Computer Science and Engineering (Internet of Things)
TCS115,1,B.Tech Computer Science and Engineering (Internet of Things)
TCS201,2,B.Tech Computer Science and Engineering (Internet of Things)
TCS202,2,B.Tech Computer Science and Engineering (Internet of Things)
TCS203,2,B.Tech Computer Science and Engineering (Internet of Things)
TCS204,2,B.Tech Computer Science and Engineering (Internet of Things)
TCS205,2,B.Tech Computer Science and Engineering (Internet of Things)
TCS206,2,B.Tech Computer Science and Engineering (Internet of Things)
TCS207,2,B.Tech Computer Science and Engineering (Internet of Things)
TCS208,2,B.Tech Computer Science and Engineering (Internet of Things)
TCS209,2,B.Tech Computer Science and Engineering (Internet of Things)
TCS210,2,B.Tech Computer Science and Engineering (Internet of Things)
TCS211,2,B.Tech Computer Science and Engineering (Internet of Things)
TCS212,2,B.Tech Computer Science and Engineering (Internet of Things)
TCS213,2,B.Tech Computer Science and Engineering (Internet of Things)
TCS214,2,B.Tech Computer Science and Engineering (Internet of Things)
TCS215,2,B.Tech Computer Science and Engineering (Internet of Things)
TCS301,3,B.Tech Computer Science and Engineering (Internet of Things)
TCS302,3,B.Tech Computer Science and Engineering (Internet of Things)
TCS303,3,B.Tech Computer Science and Engineering (Internet of Things)
TCS304,3,B.Tech Computer Science and Engineering (Internet of Things)
TCS305,3,B.Tech Computer Science and Engineering (Internet of Things)
TCS306,3,B.Tech Computer Science and Engineering (Internet of Things)
TCS307,3,B.Tech Computer Science and Engineering (Internet of Things)
TCS308,3,B.Tech Computer Science and Engineering (Internet of Things)
TCS331,3,B.Tech Computer Science and Engineering (Internet of Things)
TCS332,3,B.Tech Computer Science and Engineering (Internet of Things)
TCS333,3,B.Tech Computer Science and Engineering (Internet of Things)
TCS341,3,B.Tech Computer Science and Engineering (Internet of Things)
TCS351,3,B.Tech Computer Science and Engineering (Internet of Things)
TCS391,3,B.Tech Computer Science and Engineering (Internet of Things)
TMA316,3,B.Tech Computer Science and Engineering (Internet of Things)
TCS401,4,B.Tech Computer Science and Engineering (Internet of Things)
TCS402,4,B.Tech Computer Science and Engineering (Internet of Things)
TCS403,4,B.Tech Computer Science and Engineering (Internet of Things)
TCS404,4,B.Tech Computer Science and Engineering (Internet of Things)
TCS405,4,B.Tech Computer Science and Engineering (Internet of Things)
TCS406,4,B.Tech Computer Science and Engineering (Internet of Things)
TCS408,4,B.Tech Computer Science and Engineering (Internet of Things)
TCS431,4,B.Tech Computer Science and Engineering (Internet of Things)
TCS432,4,B.Tech Computer Science and Engineering (Internet of Things)
TCS434,4,B.Tech Computer Science and Engineering (Internet of Things)
TCS441,4,B.Tech Computer Science and Engineering (Internet of Things)
TCS451,4,B.Tech Computer Science and Engineering (Internet of Things)
TCS471,4,B.Tech Computer Science and Engineering (Internet of Things)
TCS491,4,B.Tech Computer Science and Engineering (Internet of Things)
TMA402,4,B.Tech Computer Science and Engineering (Internet of Things)
TCS501,5,B.Tech Computer Science and Engineering (Internet of Things)
TCS502,5,B.Tech Computer Science and Engineering (Internet of Things)
TCS503,5,B.Tech Computer Science and Engineering (Internet of Things)
TCS504,5,B.Tech Computer Science and Engineering (Internet of Things)
TCS505,5,B.Tech Computer Science and Engineering (Internet of Things)
TCS506,5,B.Tech Computer Science and Engineering (Internet of Things)
TCS507,5,B.Tech Computer Science and Engineering (Internet of Things)
TCS509,5,B.Tech Computer Science and Engineering (Internet of Things)
TCS510,5,B.Tech Computer Science and Engineering (Internet of Things)
TCS531,5,B.Tech Computer Science and Engineering (Internet of Things)
TCS532,5,B.Tech Computer Science and Engineering (Internet of Things)
TCS541,5,B.Tech Computer Science and Engineering (Internet of Things)
TCS552,5,B.Tech Computer Science and Engineering (Internet of Things)
TCS571,5,B.Tech Computer Science and Engineering (Internet of Things)
TCS591,5,B.Tech Computer Science and Engineering (Internet of Things)
TCS601,6,B.Tech Computer Science and Engineering (Internet of Things)
TCS602,6,B.Tech Computer Science and Engineering (Internet of Things)
TCS603,6,B.Tech Computer Science and Engineering (Internet of Things)
TCS604,6,B.Tech Computer Science and Engineering (Internet of Things)
TCS605,6,B.Tech Computer Science and Engineering (Internet of Things)
TCS606,6,B.Tech Computer Science and Engineering (Internet of Things)
TCS607,6,B.Tech Computer Science and Engineering (Internet of Things)
TCS610,6,B.Tech Computer Science and Engineering (Internet of Things)
TCS619,6,B.Tech Computer Science and Engineering (Internet of Things)
TCS631,6,B.Tech Computer Science and Engineering (Internet of Things)
TCS632,6,B.Tech Computer Science and Engineering (Internet of Things)
TCS641,6,B.Tech Computer Science and Engineering (Internet of Things)
TCS651,6,B.Tech Computer Science and Engineering (Internet of Things)
TCS671,6,B.Tech Computer Science and Engineering (Internet of Things)
TCS693,6,B.Tech Computer Science and Engineering (Internet of Things)
TCS703,7,B.Tech Computer Science and Engineering (Internet of Things)
TCS704,7,B.Tech Computer Science and Engineering (Internet of Things)
TCS706,7,B.Tech Computer Science and Engineering (Internet of Things)
TCS710,7,B.Tech Computer Science and Engineering (Internet of Things)
TCS711,7,B.Tech Computer Science and Engineering (Internet of Things)
TCS722,7,B.Tech Computer Science and Engineering (Internet of Things)
TCS723,7,B.Tech Computer Science and Engineering (Internet of Things)
TCS731,7,B.Tech Computer Science and Engineering (Internet of Things)
TCS732,7,B.Tech Computer Science and Engineering (Internet of Things)
TCS733,7,B.Tech Computer Science and Engineering (Internet of Things)
TCS741,7,B.Tech Computer Science and Engineering (Internet of Things)
TCS750,7,B.Tech Computer Science and Engineering (Internet of Things)
TCS751,7,B.Tech Computer Science and Engineering (Internet of Things)
TCS756,7,B.Tech Computer Science and Engineering (Internet of Things)
TCS761,7,B.Tech Computer Science and Engineering (Internet of Things)
TCS771,7,B.Tech Computer Science and Engineering (Internet of Things)
TCS791,7,B.Tech Computer Science and Engineering (Internet of Things)
TCS792,7,B.Tech Computer Science and Engineering (Internet of Things)
TCS797,7,B.Tech Computer Science and Engineering (Internet of Things)
TCS798,7,B.Tech Computer Science and Engineering (Internet of Things)
TCS799,7,B.Tech Computer Science and Engineering (Internet of Things)
TIT721,7,B.Tech Computer Science and Engineering (Internet of Things)
TCS810,8,B.Tech Computer Science and Engineering (Internet of Things)
TCS821,8,B.Tech Computer Science and Engineering (Internet of Things)
TCS822,8,B.Tech Computer Science and Engineering (Internet of Things)
TCS823,8,B.Tech Computer Science and Engineering (Internet of Things)
TCS824,8,B.Tech Computer Science and Engineering (Internet of Things)
TCS825,8,B.Tech Computer Science and Engineering (Internet of Things)
TCS826,8,B.Tech Computer Science and Engineering (Internet of Things)
TCS831,8,B.Tech Computer Science and Engineering (Internet of Things)
TCS832,8,B.Tech Computer Science and Engineering (Internet of Things)
TCS841,8,B.Tech Computer Science and Engineering (Internet of Things)
TCS844,8,B.Tech Computer Science and Engineering (Internet of Things)
TCS852,8,B.Tech Computer Science and Engineering (Internet of Things)
TCS855,8,B.Tech Computer Science and Engineering (Internet of Things)
TCS857,8,B.Tech Computer Science and Engineering (Internet of Things)
TCS859,8,B.Tech Computer Science and Engineering (Internet of Things)
TCS891,8,B.Tech Computer Science and Engineering (Internet of Things)
TDM881,8,B.Tech Computer Science and Engineering (Internet of Things)
TEE101,1,B.Tech in Electrical and Computer Engineering
TEE102,1,B.Tech in Electrical and Computer Engineering
TEE103,1,B.Tech in Electrical and Computer Engineering
TEE104,1,B.Tech in Electrical and Computer Engineering
TEE105,1,B.Tech in Electrical and Computer Engineering
TEE106,1,B.Tech in Electrical and Computer Engineering
TEE107,1,B.Tech in Electrical and Computer Engineering
TEE108,1,B.Tech in Electrical and Computer Engineering
TEE109,1,B.Tech in Electrical and Computer Engineering
TEE110,1,B.Tech in Electrical and Computer Engineering
TEE111,1,B.Tech in Electrical and Computer Engineering
TEE112,1,B.Tech in Electrical and Computer Engineering
TEE113,1,B.Tech in Electrical and Computer Engineering
TEE114,1,B.Tech in Electrical and Computer Engineering
TEE115,1,B.Tech in Electrical and Computer Engineering
TEE201,2,B.Tech in Electrical and Computer Engineering
TEE202,2,B.Tech in Electrical and Computer Engineering
TEE203,2,B.Tech in Electrical and Computer Engineering
TEE204,2,B.Tech in Electrical and Computer Engineering
TEE205,2,B.Tech in Electrical and Computer Engineering
TEE206,2,B.Tech in Electrical and Computer Engineering
TEE207,2,B.Tech in Electrical and Computer Engineering
TEE208,2,B.Tech in Electrical and Computer Engineering
TEE209,2,B.Tech in Electrical and Computer Engineering
TEE210,2,B.Tech in Electrical and Computer Engineering
TEE211,2,B.Tech in Electrical and Computer Engineering
TEE212,2,B.Tech in Electrical and Computer Engineering
TEE213,2,B.Tech in Electrical and Computer Engineering
TEE214,2,B.Tech in Electrical and Computer Engineering
TEE215,2,B.Tech in Electrical and Computer Engineering
TEE301,3,B.Tech in Electrical and Computer Engineering
TEE302,3,B.Tech in Electrical and Computer Engineering
TEE303,3,B.Tech in Electrical and Computer Engineering
TEE304,3,B.Tech in Electrical and Computer Engineering
TEE305,3,B.Tech in Electrical and Computer Engineering
TEE306,3,B.Tech in Electrical and Computer Engineering
TEE307,3,B.Tech in Electrical and Computer Engineering
TEE308,3,B.Tech in Electrical and Computer Engineering
TEE309,3,B.Tech in Electrical and Computer Engineering
TEE310,3,B.Tech in Electrical and Computer Engineering
TEE311,3,B.Tech in Electrical and Computer Engineering
TEE312,3,B.Tech in Electrical and Computer Engineering
TEE313,3,B.Tech in Electrical and Computer Engineering
TEE314,3,B.Tech in Electrical and Computer Engineering
TEE315,3,B.Tech in Electrical and Computer Engineering
TEE401,4,B.Tech in Electrical and Computer Engineering
TEE402,4,B.Tech in Electrical and Computer Engineering
TEE403,4,B.Tech in Electrical and Computer Engineering
TEE404,4,B.Tech in Electrical and Computer Engineering
TEE405,4,B.Tech in Electrical and Computer Engineering
TEE406,4,B.Tech in Electrical and Computer Engineering
TEE407,4,B.Tech in Electrical and Computer Engineering
TEE408,4,B.Tech in Electrical and Computer Engineering
TEE409,4,B.Tech in Electrical and Computer Engineering
TEE410,4,B.Tech in Electrical and Computer Engineering
TEE411,4,B.Tech in Electrical and Computer Engineering
TEE412,4,B.Tech in Electrical and Computer Engineering
TEE413,4,B.Tech in Electrical and Computer Engineering
TEE414,4,B.Tech in Electrical and Computer Engineering
TEE415,4,B.Tech in Electrical and Computer Engineering
TEE501,5,B.Tech in Electrical and Computer Engineering
TEE502,5,B.Tech in Electrical and Computer Engineering
TEE503,5,B.Tech in Electrical and Computer Engineering
TEE504,5,B.Tech in Electrical and Computer Engineering
TEE505,5,B.Tech in Electrical and Computer Engineering
TEE506,5,B.Tech in Electrical and Computer Engineering
TEE507,5,B.Tech in Electrical and Computer Engineering
TEE508,5,B.Tech in Electrical and Computer Engineering
TEE509,5,B.Tech in Electrical and Computer Engineering
TEE510,5,B.Tech in Electrical and Computer Engineering
TEE511,5,B.Tech in Electrical and Computer Engineering
TEE512,5,B.Tech in Electrical and Computer Engineering
TEE513,5,B.Tech in Electrical and Computer Engineering
TEE514,5,B.Tech in Electrical and Computer Engineering
TEE515,5,B.Tech in Electrical and Computer Engineering
TEE601,6,B.Tech in Electrical and Computer Engineering
TEE602,6,B.Tech in Electrical and Computer Engineering
TEE603,6,B.Tech in Electrical and Computer Engineering
TEE604,6,B.Tech in Electrical and Computer Engineering
TEE605,6,B.Tech in Electrical and Computer Engineering
TEE606,6,B.Tech in Electrical and Computer Engineering
TEE607,6,B.Tech in Electrical and Computer Engineering
TEE608,6,B.Tech in Electrical and Computer Engineering
TEE609,6,B.Tech in Electrical and Computer Engineering
TEE610,6,B.Tech in Electrical and Computer Engineering
TEE611,6,B.Tech in Electrical and Computer Engineering
TEE612,6,B.Tech in Electrical and Computer Engineering
TEE613,6,B.Tech in Electrical and Computer Engineering
TEE614,6,B.Tech in Electrical and Computer Engineering
TEE615,6,B.Tech in Electrical and Computer Engineering
TEE701,7,B.Tech in Electrical and Computer Engineering
TEE702,7,B.Tech in Electrical and Computer Engineering
TEE703,7,B.Tech in Electrical and Computer Engineering
TEE704,7,B.Tech in Electrical and Computer Engineering
TEE705,7,B.Tech in Electrical and Computer Engineering
TEE706,7,B.Tech in Electrical and Computer Engineering
TEE707,7,B.Tech in Electrical and Computer Engineering
TEE708,7,B.Tech in Electrical and Computer Engineering
TEE709,7,B.Tech in Electrical and Computer Engineering
TEE710,7,B.Tech in Electrical and Computer Engineering
TEE711,7,B.Tech in Electrical and Computer Engineering
TEE712,7,B.Tech in Electrical and Computer Engineering
TEE713,7,B.Tech in Electrical and Computer Engineering
TEE714,7,B.Tech in Electrical and Computer Engineering
TEE715,7,B.Tech in Electrical and Computer Engineering
TEE801,8,B.Tech in Electrical and Computer Engineering
TEE802,8,B.Tech in Electrical and Computer Engineering
TEE803,8,B.Tech in Electrical and Computer Engineering
TEE804,8,B.Tech in Electrical and Computer Engineering
TEE805,8,B.Tech in Electrical and Computer Engineering
TEE806,8,B.Tech in Electrical and Computer Engineering
TEE807,8,B.Tech in Electrical and Computer Engineering
TEE808,8,B.Tech in Electrical and Computer Engineering
TEE809,8,B.Tech in Electrical and Computer Engineering
TEE810,8,B.Tech in Electrical and Computer Engineering
TEE811,8,B.Tech in Electrical and Computer Engineering
TEE812,8,B.Tech in Electrical and Computer Engineering
TEE813,8,B.Tech in Electrical and Computer Engineering
TEE814,8,B.Tech in Electrical and Computer Engineering
TEE815,8,B.Tech in Electrical and Computer Engineering
TEE101,1,B.Tech in Electrical and Computer Engineering with specialisation in Electric Vehicle
TEE102,1,B.Tech in Electrical and Computer Engineering with specialisation in Electric Vehicle
TEE103,1,B.Tech in Electrical and Computer Engineering with specialisation in Electric Vehicle
TEE104,1,B.Tech in Electrical and Computer Engineering with specialisation in Electric Vehicle
TEE105,1,B.Tech in Electrical and Computer Engineering with specialisation in Electric Vehicle
TEE106,1,B.Tech in Electrical and Computer Engineering with specialisation in Electric Vehicle
TEE107,1,B.Tech in Electrical and Computer Engineering with specialisation in Electric Vehicle
TEE108,1,B.Tech in Electrical and Computer Engineering with specialisation in Electric Vehicle
TEE109,1,B.Tech in Electrical and Computer Engineering with specialisation in Electric Vehicle
TEE110,1,B.Tech in Electrical and Computer Engineering with specialisation in Electric Vehicle
TEE111,1,B.Tech in Electrical and Computer Engineering with specialisation in Electric Vehicle
TEE112,1,B.Tech in Electrical and Computer Engineering with specialisation in Electric Vehicle
TEE113,1,B.Tech in Electrical and Computer Engineering with specialisation in Electric Vehicle
TEE114,1,B.Tech in Electrical and Computer Engineering with specialisation in Electric Vehicle
TEE115,1,B.Tech in Electrical and Computer Engineering with specialisation in Electric Vehicle
TEE201,2,B.Tech in Electrical and Computer Engineering with specialisation in Electric Vehicle
TEE202,2,B.Tech in Electrical and Computer Engineering with specialisation in Electric Vehicle
TEE203,2,B.Tech in Electrical and Computer Engineering with specialisation in Electric Vehicle
TEE204,2,B.Tech in Electrical and Computer Engineering with specialisation in Electric Vehicle
TEE205,2,B.Tech in Electrical and Computer Engineering with specialisation in Electric Vehicle
TEE206,2,B.Tech in Electrical and Computer Engineering with specialisation in Electric Vehicle
TEE207,2,B.Tech in Electrical and Computer Engineering with specialisation in Electric Vehicle
TEE208,2,B.Tech in Electrical and Computer Engineering with specialisation in Electric Vehicle
TEE209,2,B.Tech in Electrical and Computer Engineering with specialisation in Electric Vehicle
TEE210,2,B.Tech in Electrical and Computer Engineering with specialisation in Electric Vehicle
TEE211,2,B.Tech in Electrical and Computer Engineering with specialisation in Electric Vehicle
TEE212,2,B.Tech in Electrical and Computer Engineering with specialisation in Electric Vehicle
TEE213,2,B.Tech in Electrical and Computer Engineering with specialisation in Electric Vehicle
TEE214,2,B.Tech in Electrical and Computer Engineering with specialisation in Electric Vehicle
TEE215,2,B.Tech in Electrical and Computer Engineering with specialisation in Electric Vehicle
TEE301,3,B.Tech in Electrical and Computer Engineering with specialisation in Electric Vehicle
TEE302,3,B.Tech in Electrical and Computer Engineering with specialisation in Electric Vehicle
TEE303,3,B.Tech in Electrical and Computer Engineering with specialisation in Electric Vehicle
TEE304,3,B.Tech in Electrical and Computer Engineering with specialisation in Electric Vehicle
TEE305,3,B.Tech in Electrical and Computer Engineering with specialisation in Electric Vehicle
TEE306,3,B.Tech in Electrical and Computer Engineering with specialisation in Electric Vehicle
TEE307,3,B.Tech in Electrical and Computer Engineering with specialisation in Electric Vehicle
TEE308,3,B.Tech in Electrical and Computer Engineering with specialisation in Electric Vehicle
TEE309,3,B.Tech in Electrical and Computer Engineering with specialisation in Electric Vehicle
TEE310,3,B.Tech in Electrical and Computer Engineering with specialisation in Electric Vehicle
TEE311,3,B.Tech in Electrical and Computer Engineering with specialisation in Electric Vehicle
TEE312,3,B.Tech in Electrical and Computer Engineering with specialisation in Electric Vehicle
TEE313,3,B.Tech in Electrical and Computer Engineering with specialisation in Electric Vehicle
TEE314,3,B.Tech in Electrical and Computer Engineering with specialisation in Electric Vehicle
TEE315,3,B.Tech in Electrical and Computer Engineering with specialisation in Electric Vehicle
TEE401,4,B.Tech in Electrical and Computer Engineering with specialisation in Electric Vehicle
TEE402,4,B.Tech in Electrical and Computer Engineering with specialisation in Electric Vehicle
TEE403,4,B.Tech in Electrical and Computer Engineering with specialisation in Electric Vehicle
TEE404,4,B.Tech in Electrical and Computer Engineering with specialisation in Electric Vehicle
TEE405,4,B.Tech in Electrical and Computer Engineering with specialisation in Electric Vehicle
TEE406,4,B.Tech in Electrical and Computer Engineering with specialisation in Electric Vehicle
TEE407,4,B.Tech in Electrical and Computer Engineering with specialisation in Electric Vehicle
TEE408,4,B.Tech in Electrical and Computer Engineering with specialisation in Electric Vehicle
TEE409,4,B.Tech in Electrical and Computer Engineering with specialisation in Electric Vehicle
TEE410,4,B.Tech in Electrical and Computer Engineering with specialisation in Electric Vehicle
TEE411,4,B.Tech in Electrical and Computer Engineering with specialisation in Electric Vehicle
TEE412,4,B.Tech in Electrical and Computer Engineering with specialisation in Electric Vehicle
TEE413,4,B.Tech in Electrical and Computer Engineering with specialisation in Electric Vehicle
TEE414,4,B.Tech in Electrical and Computer Engineering with specialisation in Electric Vehicle
TEE415,4,B.Tech in Electrical and Computer Engineering with specialisation in Electric Vehicle
TEE501,5,B.Tech in Electrical and Computer Engineering with specialisation in Electric Vehicle
TEE502,5,B.Tech in Electrical and Computer Engineering with specialisation in Electric Vehicle
TEE503,5,B.Tech in Electrical and Computer Engineering with specialisation in Electric Vehicle
TEE504,5,B.Tech in Electrical and Computer Engineering with specialisation in Electric Vehicle
TEE505,5,B.Tech in Electrical and Computer Engineering with specialisation in Electric Vehicle
TEE506,5,B.Tech in Electrical and Computer Engineering with specialisation in Electric Vehicle
TEE507,5,B.Tech in Electrical and Computer Engineering with specialisation in Electric Vehicle
TEE508,5,B.Tech in Electrical and Computer Engineering with specialisation in Electric Vehicle
TEE509,5,B.Tech in Electrical and Computer Engineering with specialisation in Electric Vehicle
TEE510,5,B.Tech in Electrical and Computer Engineering with specialisation in Electric Vehicle
TEE511,5,B.Tech in Electrical and Computer Engineering with specialisation in Electric Vehicle
TEE512,5,B.Tech in Electrical and Computer Engineering with specialisation in Electric Vehicle
TEE513,5,B.Tech in Electrical and Computer Engineering with specialisation in Electric Vehicle
TEE514,5,B.Tech in Electrical and Computer Engineering with specialisation in Electric Vehicle
TEE515,5,B.Tech in Electrical and Computer Engineering with specialisation in Electric Vehicle
TEE601,6,B.Tech in Electrical and Computer Engineering with specialisation in Electric Vehicle
TEE602,6,B.Tech in Electrical and Computer Engineering with specialisation in Electric Vehicle
TEE603,6,B.Tech in Electrical and Computer Engineering with specialisation in Electric Vehicle
TEE604,6,B.Tech in Electrical and Computer Engineering with specialisation in Electric Vehicle
TEE605,6,B.Tech in Electrical and Computer Engineering with specialisation in Electric Vehicle
TEE606,6,B.Tech in Electrical and Computer Engineering with specialisation in Electric Vehicle
TEE607,6,B.Tech in Electrical and Computer Engineering with specialisation in Electric Vehicle
TEE608,6,B.Tech in Electrical and Computer Engineering with specialisation in Electric Vehicle
TEE609,6,B.Tech in Electrical and Computer Engineering with specialisation in Electric Vehicle
TEE610,6,B.Tech in Electrical and Computer Engineering with specialisation in Electric Vehicle
TEE611,6,B.Tech in Electrical and Computer Engineering with specialisation in Electric Vehicle
TEE612,6,B.Tech in Electrical and Computer Engineering with specialisation in Electric Vehicle
TEE613,6,B.Tech in Electrical and Computer Engineering with specialisation in Electric Vehicle
TEE614,6,B.Tech in Electrical and Computer Engineering with specialisation in Electric Vehicle
TEE615,6,B.Tech in Electrical and Computer Engineering with specialisation in Electric Vehicle
TEE701,7,B.Tech in Electrical and Computer Engineering with specialisation in Electric Vehicle
TEE702,7,B.Tech in Electrical and Computer Engineering with specialisation in Electric Vehicle
TEE703,7,B.Tech in Electrical and Computer Engineering with specialisation in Electric Vehicle
TEE704,7,B.Tech in Electrical and Computer Engineering with specialisation in Electric Vehicle
TEE705,7,B.Tech in Electrical and Computer Engineering with specialisation in Electric Vehicle
TEE706,7,B.Tech in Electrical and Computer Engineering with specialisation in Electric Vehicle
TEE707,7,B.Tech in Electrical and Computer Engineering with specialisation in Electric Vehicle
TEE708,7,B.Tech in Electrical and Computer Engineering with specialisation in Electric Vehicle
TEE709,7,B.Tech in Electrical and Computer Engineering with specialisation in Electric Vehicle
TEE710,7,B.Tech in Electrical and Computer Engineering with specialisation in Electric Vehicle
TEE711,7,B.Tech in Electrical and Computer Engineering with specialisation in Electric Vehicle
TEE712,7,B.Tech in Electrical and Computer Engineering with specialisation in Electric Vehicle
TEE713,7,B.Tech in Electrical and Computer Engineering with specialisation in Electric Vehicle
TEE714,7,B.Tech in Electrical and Computer Engineering with specialisation in Electric Vehicle
TEE715,7,B.Tech in Electrical and Computer Engineering with specialisation in Electric Vehicle
TEE801,8,B.Tech in Electrical and Computer Engineering with specialisation in Electric Vehicle
TEE802,8,B.Tech in Electrical and Computer Engineering with specialisation in Electric Vehicle
TEE803,8,B.Tech in Electrical and Computer Engineering with specialisation in Electric Vehicle
TEE804,8,B.Tech in Electrical and Computer Engineering with specialisation in Electric Vehicle
TEE805,8,B.Tech in Electrical and Computer Engineering with specialisation in Electric Vehicle
TEE806,8,B.Tech in Electrical and Computer Engineering with specialisation in Electric Vehicle
TEE807,8,B.Tech in Electrical and Computer Engineering with specialisation in Electric Vehicle
TEE808,8,B.Tech in Electrical and Computer Engineering with specialisation in Electric Vehicle
TEE809,8,B.Tech in Electrical and Computer Engineering with specialisation in Electric Vehicle
TEE810,8,B.Tech in Electrical and Computer Engineering with specialisation in Electric Vehicle
TEE811,8,B.Tech in Electrical and Computer Engineering with specialisation in Electric Vehicle
TEE812,8,B.Tech in Electrical and Computer Engineering with specialisation in Electric Vehicle
TEE813,8,B.Tech in Electrical and Computer Engineering with specialisation in Electric Vehicle
TEE814,8,B.Tech in Electrical and Computer Engineering with specialisation in Electric Vehicle
TEE815,8,B.Tech in Electrical and Computer Engineering with specialisation in Electric Vehicle
TEC101,1,B.Tech in Electronics Engineering (VLSI Design and Technology)
TEC102,1,B.Tech in Electronics Engineering (VLSI Design and Technology)
TEC103,1,B.Tech in Electronics Engineering (VLSI Design and Technology)
TEC104,1,B.Tech in Electronics Engineering (VLSI Design and Technology)
TEC105,1,B.Tech in Electronics Engineering (VLSI Design and Technology)
TEC106,1,B.Tech in Electronics Engineering (VLSI Design and Technology)
TEC107,1,B.Tech in Electronics Engineering (VLSI Design and Technology)
TEC108,1,B.Tech in Electronics Engineering (VLSI Design and Technology)
TEC109,1,B.Tech in Electronics Engineering (VLSI Design and Technology)
TEC110,1,B.Tech in Electronics Engineering (VLSI Design and Technology)
TEC111,1,B.Tech in Electronics Engineering (VLSI Design and Technology)
TEC112,1,B.Tech in Electronics Engineering (VLSI Design and Technology)
TEC113,1,B.Tech in Electronics Engineering (VLSI Design and Technology)
TEC114,1,B.Tech in Electronics Engineering (VLSI Design and Technology)
TEC115,1,B.Tech in Electronics Engineering (VLSI Design and Technology)
TEC201,2,B.Tech in Electronics Engineering (VLSI Design and Technology)
TEC202,2,B.Tech in Electronics Engineering (VLSI Design and Technology)
TEC203,2,B.Tech in Electronics Engineering (VLSI Design and Technology)
TEC204,2,B.Tech in Electronics Engineering (VLSI Design and Technology)
TEC205,2,B.Tech in Electronics Engineering (VLSI Design and Technology)
TEC206,2,B.Tech in Electronics Engineering (VLSI Design and Technology)
TEC207,2,B.Tech in Electronics Engineering (VLSI Design and Technology)
TEC208,2,B.Tech in Electronics Engineering (VLSI Design and Technology)
TEC209,2,B.Tech in Electronics Engineering (VLSI Design and Technology)
TEC210,2,B.Tech in Electronics Engineering (VLSI Design and Technology)
TEC211,2,B.Tech in Electronics Engineering (VLSI Design and Technology)
TEC212,2,B.Tech in Electronics Engineering (VLSI Design and Technology)
TEC213,2,B.Tech in Electronics Engineering (VLSI Design and Technology)
TEC214,2,B.Tech in Electronics Engineering (VLSI Design and Technology)
TEC215,2,B.Tech in Electronics Engineering (VLSI Design and Technology)
TEC301,3,B.Tech in Electronics Engineering (VLSI Design and Technology)
TEC302,3,B.Tech in Electronics Engineering (VLSI Design and Technology)
TEC303,3,B.Tech in Electronics Engineering (VLSI Design and Technology)
TEC304,3,B.Tech in Electronics Engineering (VLSI Design and Technology)
TEC305,3,B.Tech in Electronics Engineering (VLSI Design and Technology)
TEC306,3,B.Tech in Electronics Engineering (VLSI Design and Technology)
TEC307,3,B.Tech in Electronics Engineering (VLSI Design and Technology)
TEC308,3,B.Tech in Electronics Engineering (VLSI Design and Technology)
TEC309,3,B.Tech in Electronics Engineering (VLSI Design and Technology)
TEC310,3,B.Tech in Electronics Engineering (VLSI Design and Technology)
TEC311,3,B.Tech in Electronics Engineering (VLSI Design and Technology)
TEC312,3,B.Tech in Electronics Engineering (VLSI Design and Technology)
TEC313,3,B.Tech in Electronics Engineering (VLSI Design and Technology)
TEC314,3,B.Tech in Electronics Engineering (VLSI Design and Technology)
TEC315,3,B.Tech in Electronics Engineering (VLSI Design and Technology)
TEC401,4,B.Tech in Electronics Engineering (VLSI Design and Technology)
TEC402,4,B.Tech in Electronics Engineering (VLSI Design and Technology)
TEC403,4,B.Tech in Electronics Engineering (VLSI Design and Technology)
TEC404,4,B.Tech in Electronics Engineering (VLSI Design and Technology)
TEC405,4,B.Tech in Electronics Engineering (VLSI Design and Technology)
TEC406,4,B.Tech in Electronics Engineering (VLSI Design and Technology)
TEC407,4,B.Tech in Electronics Engineering (VLSI Design and Technology)
TEC408,4,B.Tech in Electronics Engineering (VLSI Design and Technology)
TEC409,4,B.Tech in Electronics Engineering (VLSI Design and Technology)
TEC410,4,B.Tech in Electronics Engineering (VLSI Design and Technology)
TEC411,4,B.Tech in Electronics Engineering (VLSI Design and Technology)
TEC412,4,B.Tech in Electronics Engineering (VLSI Design and Technology)
TEC413,4,B.Tech in Electronics Engineering (VLSI Design and Technology)
TEC414,4,B.Tech in Electronics Engineering (VLSI Design and Technology)
TEC415,4,B.Tech in Electronics Engineering (VLSI Design and Technology)
TEC501,5,B.Tech in Electronics Engineering (VLSI Design and Technology)
TEC502,5,B.Tech in Electronics Engineering (VLSI Design and Technology)
TEC503,5,B.Tech in Electronics Engineering (VLSI Design and Technology)
TEC504,5,B.Tech in Electronics Engineering (VLSI Design and Technology)
TEC505,5,B.Tech in Electronics Engineering (VLSI Design and Technology)
TEC506,5,B.Tech in Electronics Engineering (VLSI Design and Technology)
TEC507,5,B.Tech in Electronics Engineering (VLSI Design and Technology)
TEC508,5,B.Tech in Electronics Engineering (VLSI Design and Technology)
TEC509,5,B.Tech in Electronics Engineering (VLSI Design and Technology)
TEC510,5,B.Tech in Electronics Engineering (VLSI Design and Technology)
TEC511,5,B.Tech in Electronics Engineering (VLSI Design and Technology)
TEC512,5,B.Tech in Electronics Engineering (VLSI Design and Technology)
TEC513,5,B.Tech in Electronics Engineering (VLSI Design and Technology)
TEC514,5,B.Tech in Electronics Engineering (VLSI Design and Technology)
TEC515,5,B.Tech in Electronics Engineering (VLSI Design and Technology)
TEC601,6,B.Tech in Electronics Engineering (VLSI Design and Technology)
TEC602,6,B.Tech in Electronics Engineering (VLSI Design and Technology)
TEC603,6,B.Tech in Electronics Engineering (VLSI Design and Technology)
TEC604,6,B.Tech in Electronics Engineering (VLSI Design and Technology)
TEC605,6,B.Tech in Electronics Engineering (VLSI Design and Technology)
TEC606,6,B.Tech in Electronics Engineering (VLSI Design and Technology)
TEC607,6,B.Tech in Electronics Engineering (VLSI Design and Technology)
TEC608,6,B.Tech in Electronics Engineering (VLSI Design and Technology)
TEC609,6,B.Tech in Electronics Engineering (VLSI Design and Technology)
TEC610,6,B.Tech in Electronics Engineering (VLSI Design and Technology)
TEC611,6,B.Tech in Electronics Engineering (VLSI Design and Technology)
TEC612,6,B.Tech in Electronics Engineering (VLSI Design and Technology)
TEC613,6,B.Tech in Electronics Engineering (VLSI Design and Technology)
TEC614,6,B.Tech in Electronics Engineering (VLSI Design and Technology)
TEC615,6,B.Tech in Electronics Engineering (VLSI Design and Technology)
TEC701,7,B.Tech in Electronics Engineering (VLSI Design and Technology)
TEC702,7,B.Tech in Electronics Engineering (VLSI Design and Technology)
TEC703,7,B.Tech in Electronics Engineering (VLSI Design and Technology)
TEC704,7,B.Tech in Electronics Engineering (VLSI Design and Technology)
TEC705,7,B.Tech in Electronics Engineering (VLSI Design and Technology)
TEC706,7,B.Tech in Electronics Engineering (VLSI Design and Technology)
TEC707,7,B.Tech in Electronics Engineering (VLSI Design and Technology)
TEC708,7,B.Tech in Electronics Engineering (VLSI Design and Technology)
TEC709,7,B.Tech in Electronics Engineering (VLSI Design and Technology)
TEC710,7,B.Tech in Electronics Engineering (VLSI Design and Technology)
TEC711,7,B.Tech in Electronics Engineering (VLSI Design and Technology)
TEC712,7,B.Tech in Electronics Engineering (VLSI Design and Technology)
TEC713,7,B.Tech in Electronics Engineering (VLSI Design and Technology)
TEC714,7,B.Tech in Electronics Engineering (VLSI Design and Technology)
TEC715,7,B.Tech in Electronics Engineering (VLSI Design and Technology)
TEC801,8,B.Tech in Electronics Engineering (VLSI Design and Technology)
TEC802,8,B.Tech in Electronics Engineering (VLSI Design and Technology)
TEC803,8,B.Tech in Electronics Engineering (VLSI Design and Technology)
TEC804,8,B.Tech in Electronics Engineering (VLSI Design and Technology)
TEC805,8,B.Tech in Electronics Engineering (VLSI Design and Technology)
TEC806,8,B.Tech in Electronics Engineering (VLSI Design and Technology)
TEC807,8,B.Tech in Electronics Engineering (VLSI Design and Technology)
TEC808,8,B.Tech in Electronics Engineering (VLSI Design and Technology)
TEC809,8,B.Tech in Electronics Engineering (VLSI Design and Technology)
TEC810,8,B.Tech in Electronics Engineering (VLSI Design and Technology)
TEC811,8,B.Tech in Electronics Engineering (VLSI Design and Technology)
TEC812,8,B.Tech in Electronics Engineering (VLSI Design and Technology)
TEC813,8,B.Tech in Electronics Engineering (VLSI Design and Technology)
TEC814,8,B.Tech in Electronics Engineering (VLSI Design and Technology)
TEC815,8,B.Tech in Electronics Engineering (VLSI Design and Technology)
TEC101,1,B.Tech in Electronics and Communication Engineering for Working Professionals
TEC102,1,B.Tech in Electronics and Communication Engineering for Working Professionals
TEC103,1,B.Tech in Electronics and Communication Engineering for Working Professionals
TEC104,1,B.Tech in Electronics and Communication Engineering for Working Professionals
TEC105,1,B.Tech in Electronics and Communication Engineering for Working Professionals
TEC106,1,B.Tech in Electronics and Communication Engineering for Working Professionals
TEC107,1,B.Tech in Electronics and Communication Engineering for Working Professionals
TEC108,1,B.Tech in Electronics and Communication Engineering for Working Professionals
TEC109,1,B.Tech in Electronics and Communication Engineering for Working Professionals
TEC110,1,B.Tech in Electronics and Communication Engineering for Working Professionals
TEC111,1,B.Tech in Electronics and Communication Engineering for Working Professionals
TEC112,1,B.Tech in Electronics and Communication Engineering for Working Professionals
TEC113,1,B.Tech in Electronics and Communication Engineering for Working Professionals
TEC114,1,B.Tech in Electronics and Communication Engineering for Working Professionals
TEC115,1,B.Tech in Electronics and Communication Engineering for Working Professionals
TEC201,2,B.Tech in Electronics and Communication Engineering for Working Professionals
TEC202,2,B.Tech in Electronics and Communication Engineering for Working Professionals
TEC203,2,B.Tech in Electronics and Communication Engineering for Working Professionals
TEC204,2,B.Tech in Electronics and Communication Engineering for Working Professionals
TEC205,2,B.Tech in Electronics and Communication Engineering for Working Professionals
TEC206,2,B.Tech in Electronics and Communication Engineering for Working Professionals
TEC207,2,B.Tech in Electronics and Communication Engineering for Working Professionals
TEC208,2,B.Tech in Electronics and Communication Engineering for Working Professionals
TEC209,2,B.Tech in Electronics and Communication Engineering for Working Professionals
TEC210,2,B.Tech in Electronics and Communication Engineering for Working Professionals
TEC211,2,B.Tech in Electronics and Communication Engineering for Working Professionals
TEC212,2,B.Tech in Electronics and Communication Engineering for Working Professionals
TEC213,2,B.Tech in Electronics and Communication Engineering for Working Professionals
TEC214,2,B.Tech in Electronics and Communication Engineering for Working Professionals
TEC215,2,B.Tech in Electronics and Communication Engineering for Working Professionals
TEC301,3,B.Tech in Electronics and Communication Engineering for Working Professionals
TEC302,3,B.Tech in Electronics and Communication Engineering for Working Professionals
TEC303,3,B.Tech in Electronics and Communication Engineering for Working Professionals
TEC304,3,B.Tech in Electronics and Communication Engineering for Working Professionals
TEC305,3,B.Tech in Electronics and Communication Engineering for Working Professionals
TEC306,3,B.Tech in Electronics and Communication Engineering for Working Professionals
TEC307,3,B.Tech in Electronics and Communication Engineering for Working Professionals
TEC308,3,B.Tech in Electronics and Communication Engineering for Working Professionals
TEC309,3,B.Tech in Electronics and Communication Engineering for Working Professionals
TEC310,3,B.Tech in Electronics and Communication Engineering for Working Professionals
TEC311,3,B.Tech in Electronics and Communication Engineering for Working Professionals
TEC312,3,B.Tech in Electronics and Communication Engineering for Working Professionals
TEC313,3,B.Tech in Electronics and Communication Engineering for Working Professionals
TEC314,3,B.Tech in Electronics and Communication Engineering for Working Professionals
TEC315,3,B.Tech in Electronics and Communication Engineering for Working Professionals
TEC401,4,B.Tech in Electronics and Communication Engineering for Working Professionals
TEC402,4,B.Tech in Electronics and Communication Engineering for Working Professionals
TEC403,4,B.Tech in Electronics and Communication Engineering for Working Professionals
TEC404,4,B.Tech in Electronics and Communication Engineering for Working Professionals
TEC405,4,B.Tech in Electronics and Communication Engineering for Working Professionals
TEC406,4,B.Tech in Electronics and Communication Engineering for Working Professionals
TEC407,4,B.Tech in Electronics and Communication Engineering for Working Professionals
TEC408,4,B.Tech in Electronics and Communication Engineering for Working Professionals
TEC409,4,B.Tech in Electronics and Communication Engineering for Working Professionals
TEC410,4,B.Tech in Electronics and Communication Engineering for Working Professionals
TEC411,4,B.Tech in Electronics and Communication Engineering for Working Professionals
TEC412,4,B.Tech in Electronics and Communication Engineering for Working Professionals
TEC413,4,B.Tech in Electronics and Communication Engineering for Working Professionals
TEC414,4,B.Tech in Electronics and Communication Engineering for Working Professionals
TEC415,4,B.Tech in Electronics and Communication Engineering for Working Professionals
TEC501,5,B.Tech in Electronics and Communication Engineering for Working Professionals
TEC502,5,B.Tech in Electronics and Communication Engineering for Working Professionals
TEC503,5,B.Tech in Electronics and Communication Engineering for Working Professionals
TEC504,5,B.Tech in Electronics and Communication Engineering for Working Professionals
TEC505,5,B.Tech in Electronics and Communication Engineering for Working Professionals
TEC506,5,B.Tech in Electronics and Communication Engineering for Working Professionals
TEC507,5,B.Tech in Electronics and Communication Engineering for Working Professionals
TEC508,5,B.Tech in Electronics and Communication Engineering for Working Professionals
TEC509,5,B.Tech in Electronics and Communication Engineering for Working Professionals
TEC510,5,B.Tech in Electronics and Communication Engineering for Working Professionals
TEC511,5,B.Tech in Electronics and Communication Engineering for Working Professionals
TEC512,5,B.Tech in Electronics and Communication Engineering for Working Professionals
TEC513,5,B.Tech in Electronics and Communication Engineering for Working Professionals
TEC514,5,B.Tech in Electronics and Communication Engineering for Working Professionals
TEC515,5,B.Tech in Electronics and Communication Engineering for Working Professionals
TEC601,6,B.Tech in Electronics and Communication Engineering for Working Professionals
TEC602,6,B.Tech in Electronics and Communication Engineering for Working Professionals
TEC603,6,B.Tech in Electronics and Communication Engineering for Working Professionals
TEC604,6,B.Tech in Electronics and Communication Engineering for Working Professionals
TEC605,6,B.Tech in Electronics and Communication Engineering for Working Professionals
TEC606,6,B.Tech in Electronics and Communication Engineering for Working Professionals
TEC607,6,B.Tech in Electronics and Communication Engineering for Working Professionals
TEC608,6,B.Tech in Electronics and Communication Engineering for Working Professionals
TEC609,6,B.Tech in Electronics and Communication Engineering for Working Professionals
TEC610,6,B.Tech in Electronics and Communication Engineering for Working Professionals
TEC611,6,B.Tech in Electronics and Communication Engineering for Working Professionals
TEC612,6,B.Tech in Electronics and Communication Engineering for Working Professionals
TEC613,6,B.Tech in Electronics and Communication Engineering for Working Professionals
TEC614,6,B.Tech in Electronics and Communication Engineering for Working Professionals
TEC615,6,B.Tech in Electronics and Communication Engineering for Working Professionals
TEC701,7,B.Tech in Electronics and Communication Engineering for Working Professionals
TEC702,7,B.Tech in Electronics and Communication Engineering for Working Professionals
TEC703,7,B.Tech in Electronics and Communication Engineering for Working Professionals
TEC704,7,B.Tech in Electronics and Communication Engineering for Working Professionals
TEC705,7,B.Tech in Electronics and Communication Engineering for Working Professionals
TEC706,7,B.Tech in Electronics and Communication Engineering for Working Professionals
TEC707,7,B.Tech in Electronics and Communication Engineering for Working Professionals
TEC708,7,B.Tech in Electronics and Communication Engineering for Working Professionals
TEC709,7,B.Tech in Electronics and Communication Engineering for Working Professionals
TEC710,7,B.Tech in Electronics and Communication Engineering for Working Professionals
TEC711,7,B.Tech in Electronics and Communication Engineering for Working Professionals
TEC712,7,B.Tech in Electronics and Communication Engineering for Working Professionals
TEC713,7,B.Tech in Electronics and Communication Engineering for Working Professionals
TEC714,7,B.Tech in Electronics and Communication Engineering for Working Professionals
TEC715,7,B.Tech in Electronics and Communication Engineering for Working Professionals
TEC801,8,B.Tech in Electronics and Communication Engineering for Working Professionals
TEC802,8,B.Tech in Electronics and Communication Engineering for Working Professionals
TEC803,8,B.Tech in Electronics and Communication Engineering for Working Professionals
TEC804,8,B.Tech in Electronics and Communication Engineering for Working Professionals
TEC805,8,B.Tech in Electronics and Communication Engineering for Working Professionals
TEC806,8,B.Tech in Electronics and Communication Engineering for Working Professionals
TEC807,8,B.Tech in Electronics and Communication Engineering for Working Professionals
TEC808,8,B.Tech in Electronics and Communication Engineering for Working Professionals
TEC809,8,B.Tech in Electronics and Communication Engineering for Working Professionals
TEC810,8,B.Tech in Electronics and Communication Engineering for Working Professionals
TEC811,8,B.Tech in Electronics and Communication Engineering for Working Professionals
TEC812,8,B.Tech in Electronics and Communication Engineering for Working Professionals
TEC813,8,B.Tech in Electronics and Communication Engineering for Working Professionals
TEC814,8,B.Tech in Electronics and Communication Engineering for Working Professionals
TEC815,8,B.Tech in Electronics and Communication Engineering for Working Professionals
TEC101,1,B.Tech in Electronics and Communication Engineering
TEC102,1,B.Tech in Electronics and Communication Engineering
TEC103,1,B.Tech in Electronics and Communication Engineering
TEC104,1,B.Tech in Electronics and Communication Engineering
TEC105,1,B.Tech in Electronics and Communication Engineering
TEC106,1,B.Tech in Electronics and Communication Engineering
TEC107,1,B.Tech in Electronics and Communication Engineering
TEC108,1,B.Tech in Electronics and Communication Engineering
TEC109,1,B.Tech in Electronics and Communication Engineering
TEC110,1,B.Tech in Electronics and Communication Engineering
TEC111,1,B.Tech in Electronics and Communication Engineering
TEC112,1,B.Tech in Electronics and Communication Engineering
TEC113,1,B.Tech in Electronics and Communication Engineering
TEC114,1,B.Tech in Electronics and Communication Engineering
TEC115,1,B.Tech in Electronics and Communication Engineering
TEC201,2,B.Tech in Electronics and Communication Engineering
TEC202,2,B.Tech in Electronics and Communication Engineering
TEC203,2,B.Tech in Electronics and Communication Engineering
TEC204,2,B.Tech in Electronics and Communication Engineering
TEC205,2,B.Tech in Electronics and Communication Engineering
TEC206,2,B.Tech in Electronics and Communication Engineering
TEC207,2,B.Tech in Electronics and Communication Engineering
TEC208,2,B.Tech in Electronics and Communication Engineering
TEC209,2,B.Tech in Electronics and Communication Engineering
TEC210,2,B.Tech in Electronics and Communication Engineering
TEC211,2,B.Tech in Electronics and Communication Engineering
TEC212,2,B.Tech in Electronics and Communication Engineering
TEC213,2,B.Tech in Electronics and Communication Engineering
TEC214,2,B.Tech in Electronics and Communication Engineering
TEC215,2,B.Tech in Electronics and Communication Engineering
TEC301,3,B.Tech in Electronics and Communication Engineering
TEC302,3,B.Tech in Electronics and Communication Engineering
TEC303,3,B.Tech in Electronics and Communication Engineering
TEC304,3,B.Tech in Electronics and Communication Engineering
TEC305,3,B.Tech in Electronics and Communication Engineering
TEC306,3,B.Tech in Electronics and Communication Engineering
TEC307,3,B.Tech in Electronics and Communication Engineering
TEC308,3,B.Tech in Electronics and Communication Engineering
TEC309,3,B.Tech in Electronics and Communication Engineering
TEC310,3,B.Tech in Electronics and Communication Engineering
TEC311,3,B.Tech in Electronics and Communication Engineering
TEC312,3,B.Tech in Electronics and Communication Engineering
TEC313,3,B.Tech in Electronics and Communication Engineering
TEC314,3,B.Tech in Electronics and Communication Engineering
TEC315,3,B.Tech in Electronics and Communication Engineering
TEC401,4,B.Tech in Electronics and Communication Engineering
TEC402,4,B.Tech in Electronics and Communication Engineering
TEC403,4,B.Tech in Electronics and Communication Engineering
TEC404,4,B.Tech in Electronics and Communication Engineering
TEC405,4,B.Tech in Electronics and Communication Engineering
TEC406,4,B.Tech in Electronics and Communication Engineering
TEC407,4,B.Tech in Electronics and Communication Engineering
TEC408,4,B.Tech in Electronics and Communication Engineering
TEC409,4,B.Tech in Electronics and Communication Engineering
TEC410,4,B.Tech in Electronics and Communication Engineering
TEC411,4,B.Tech in Electronics and Communication Engineering
TEC412,4,B.Tech in Electronics and Communication Engineering
TEC413,4,B.Tech in Electronics and Communication Engineering
TEC414,4,B.Tech in Electronics and Communication Engineering
TEC415,4,B.Tech in Electronics and Communication Engineering
TEC501,5,B.Tech in Electronics and Communication Engineering
TEC502,5,B.Tech in Electronics and Communication Engineering
TEC503,5,B.Tech in Electronics and Communication Engineering
TEC504,5,B.Tech in Electronics and Communication Engineering
TEC505,5,B.Tech in Electronics and Communication Engineering
TEC506,5,B.Tech in Electronics and Communication Engineering
TEC507,5,B.Tech in Electronics and Communication Engineering
TEC508,5,B.Tech in Electronics and Communication Engineering
TEC509,5,B.Tech in Electronics and Communication Engineering
TEC510,5,B.Tech in Electronics and Communication Engineering
TEC511,5,B.Tech in Electronics and Communication Engineering
TEC512,5,B.Tech in Electronics and Communication Engineering
TEC513,5,B.Tech in Electronics and Communication Engineering
TEC514,5,B.Tech in Electronics and Communication Engineering
TEC515,5,B.Tech in Electronics and Communication Engineering
TEC601,6,B.Tech in Electronics and Communication Engineering
TEC602,6,B.Tech in Electronics and Communication Engineering
TEC603,6,B.Tech in Electronics and Communication Engineering
TEC604,6,B.Tech in Electronics and Communication Engineering
TEC605,6,B.Tech in Electronics and Communication Engineering
TEC606,6,B.Tech in Electronics and Communication Engineering
TEC607,6,B.Tech in Electronics and Communication Engineering
TEC608,6,B.Tech in Electronics and Communication Engineering
TEC609,6,B.Tech in Electronics and Communication Engineering
TEC610,6,B.Tech in Electronics and Communication Engineering
TEC611,6,B.Tech in Electronics and Communication Engineering
TEC612,6,B.Tech in Electronics and Communication Engineering
TEC613,6,B.Tech in Electronics and Communication Engineering
TEC614,6,B.Tech in Electronics and Communication Engineering
TEC615,6,B.Tech in Electronics and Communication Engineering
TEC701,7,B.Tech in Electronics and Communication Engineering
TEC702,7,B.Tech in Electronics and Communication Engineering
TEC703,7,B.Tech in Electronics and Communication Engineering
TEC704,7,B.Tech in Electronics and Communication Engineering
TEC705,7,B.Tech in Electronics and Communication Engineering
TEC706,7,B.Tech in Electronics and Communication Engineering
TEC707,7,B.Tech in Electronics and Communication Engineering
TEC708,7,B.Tech in Electronics and Communication Engineering
TEC709,7,B.Tech in Electronics and Communication Engineering
TEC710,7,B.Tech in Electronics and Communication Engineering
TEC711,7,B.Tech in Electronics and Communication Engineering
TEC712,7,B.Tech in Electronics and Communication Engineering
TEC713,7,B.Tech in Electronics and Communication Engineering
TEC714,7,B.Tech in Electronics and Communication Engineering
TEC715,7,B.Tech in Electronics and Communication Engineering
TEC801,8,B.Tech in Electronics and Communication Engineering
TEC802,8,B.Tech in Electronics and Communication Engineering
TEC803,8,B.Tech in Electronics and Communication Engineering
TEC804,8,B.Tech in Electronics and Communication Engineering
TEC805,8,B.Tech in Electronics and Communication Engineering
TEC806,8,B.Tech in Electronics and Communication Engineering
TEC807,8,B.Tech in Electronics and Communication Engineering
TEC808,8,B.Tech in Electronics and Communication Engineering
TEC809,8,B.Tech in Electronics and Communication Engineering
TEC810,8,B.Tech in Electronics and Communication Engineering
TEC811,8,B.Tech in Electronics and Communication Engineering
TEC812,8,B.Tech in Electronics and Communication Engineering
TEC813,8,B.Tech in Electronics and Communication Engineering
TEC814,8,B.Tech in Electronics and Communication Engineering
TEC815,8,B.Tech in Electronics and Communication Engineering
BFT101,1,B.Sc (Hons.) Food Technology
BFT102,1,B.Sc (Hons.) Food Technology
BFT103,1,B.Sc (Hons.) Food Technology
BFT104,1,B.Sc (Hons.) Food Technology
BFT105,1,B.Sc (Hons.) Food Technology
BFT106,1,B.Sc (Hons.) Food Technology
BFT107,1,B.Sc (Hons.) Food Technology
BFT108,1,B.Sc (Hons.) Food Technology
BFT109,1,B.Sc (Hons.) Food Technology
BFT110,1,B.Sc (Hons.) Food Technology
BFT111,1,B.Sc (Hons.) Food Technology
BFT112,1,B.Sc (Hons.) Food Technology
BFT113,1,B.Sc (Hons.) Food Technology
BFT114,1,B.Sc (Hons.) Food Technology
BFT115,1,B.Sc (Hons.) Food Technology
BFT201,2,B.Sc (Hons.) Food Technology
BFT202,2,B.Sc (Hons.) Food Technology
BFT203,2,B.Sc (Hons.) Food Technology
BFT204,2,B.Sc (Hons.) Food Technology
BFT205,2,B.Sc (Hons.) Food Technology
BFT206,2,B.Sc (Hons.) Food Technology
BFT207,2,B.Sc (Hons.) Food Technology
BFT208,2,B.Sc (Hons.) Food Technology
BFT209,2,B.Sc (Hons.) Food Technology
BFT210,2,B.Sc (Hons.) Food Technology
BFT211,2,B.Sc (Hons.) Food Technology
BFT212,2,B.Sc (Hons.) Food Technology
BFT213,2,B.Sc (Hons.) Food Technology
BFT214,2,B.Sc (Hons.) Food Technology
BFT215,2,B.Sc (Hons.) Food Technology
BFT301,3,B.Sc (Hons.) Food Technology
BFT302,3,B.Sc (Hons.) Food Technology
BFT303,3,B.Sc (Hons.) Food Technology
BFT304,3,B.Sc (Hons.) Food Technology
BFT305,3,B.Sc (Hons.) Food Technology
BFT306,3,B.Sc (Hons.) Food Technology
BFT307,3,B.Sc (Hons.) Food Technology
BFT308,3,B.Sc (Hons.) Food Technology
BFT309,3,B.Sc (Hons.) Food Technology
BFT310,3,B.Sc (Hons.) Food Technology
BFT311,3,B.Sc (Hons.) Food Technology
BFT312,3,B.Sc (Hons.) Food Technology
BFT313,3,B.Sc (Hons.) Food Technology
BFT314,3,B.Sc (Hons.) Food Technology
BFT315,3,B.Sc (Hons.) Food Technology
BFT401,4,B.Sc (Hons.) Food Technology
BFT402,4,B.Sc (Hons.) Food Technology
BFT403,4,B.Sc (Hons.) Food Technology
BFT404,4,B.Sc (Hons.) Food Technology
BFT405,4,B.Sc (Hons.) Food Technology
BFT406,4,B.Sc (Hons.) Food Technology
BFT407,4,B.Sc (Hons.) Food Technology
BFT408,4,B.Sc (Hons.) Food Technology
BFT409,4,B.Sc (Hons.) Food Technology
BFT410,4,B.Sc (Hons.) Food Technology
BFT411,4,B.Sc (Hons.) Food Technology
BFT412,4,B.Sc (Hons.) Food Technology
BFT413,4,B.Sc (Hons.) Food Technology
BFT414,4,B.Sc (Hons.) Food Technology
BFT415,4,B.Sc (Hons.) Food Technology
BFT501,5,B.Sc (Hons.) Food Technology
BFT502,5,B.Sc (Hons.) Food Technology
BFT503,5,B.Sc (Hons.) Food Technology
BFT504,5,B.Sc (Hons.) Food Technology
BFT505,5,B.Sc (Hons.) Food Technology
BFT506,5,B.Sc (Hons.) Food Technology
BFT507,5,B.Sc (Hons.) Food Technology
BFT508,5,B.Sc (Hons.) Food Technology
BFT509,5,B.Sc (Hons.) Food Technology
BFT510,5,B.Sc (Hons.) Food Technology
BFT511,5,B.Sc (Hons.) Food Technology
BFT512,5,B.Sc (Hons.) Food Technology
BFT513,5,B.Sc (Hons.) Food Technology
BFT514,5,B.Sc (Hons.) Food Technology
BFT515,5,B.Sc (Hons.) Food Technology
BFT601,6,B.Sc (Hons.) Food Technology
BFT602,6,B.Sc (Hons.) Food Technology
BFT603,6,B.Sc (Hons.) Food Technology
BFT604,6,B.Sc (Hons.) Food Technology
BFT605,6,B.Sc (Hons.) Food Technology
BFT606,6,B.Sc (Hons.) Food Technology
BFT607,6,B.Sc (Hons.) Food Technology
BFT608,6,B.Sc (Hons.) Food Technology
BFT609,6,B.Sc (Hons.) Food Technology
BFT610,6,B.Sc (Hons.) Food Technology
BFT611,6,B.Sc (Hons.) Food Technology
BFT612,6,B.Sc (Hons.) Food Technology
BFT613,6,B.Sc (Hons.) Food Technology
BFT614,6,B.Sc (Hons.) Food Technology
BFT615,6,B.Sc (Hons.) Food Technology
BFT701,7,B.Sc (Hons.) Food Technology
BFT702,7,B.Sc (Hons.) Food Technology
BFT703,7,B.Sc (Hons.) Food Technology
BFT704,7,B.Sc (Hons.) Food Technology
BFT705,7,B.Sc (Hons.) Food Technology
BFT706,7,B.Sc (Hons.) Food Technology
BFT707,7,B.Sc (Hons.) Food Technology
BFT708,7,B.Sc (Hons.) Food Technology
BFT709,7,B.Sc (Hons.) Food Technology
BFT710,7,B.Sc (Hons.) Food Technology
BFT711,7,B.Sc (Hons.) Food Technology
BFT712,7,B.Sc (Hons.) Food Technology
BFT713,7,B.Sc (Hons.) Food Technology
BFT714,7,B.Sc (Hons.) Food Technology
BFT715,7,B.Sc (Hons.) Food Technology
BFT801,8,B.Sc (Hons.) Food Technology
BFT802,8,B.Sc (Hons.) Food Technology
BFT803,8,B.Sc (Hons.) Food Technology
BFT804,8,B.Sc (Hons.) Food Technology
BFT805,8,B.Sc (Hons.) Food Technology
BFT806,8,B.Sc (Hons.) Food Technology
BFT807,8,B.Sc (Hons.) Food Technology
BFT808,8,B.Sc (Hons.) Food Technology
BFT809,8,B.Sc (Hons.) Food Technology
BFT810,8,B.Sc (Hons.) Food Technology
BFT811,8,B.Sc (Hons.) Food Technology
BFT812,8,B.Sc (Hons.) Food Technology
BFT813,8,B.Sc (Hons.) Food Technology
BFT814,8,B.Sc (Hons.) Food Technology
BFT815,8,B.Sc (Hons.) Food Technology
BND101,1,B.Sc (Hons.) Nutrition and Dietetics
BND102,1,B.Sc (Hons.) Nutrition and Dietetics
BND103,1,B.Sc (Hons.) Nutrition and Dietetics
BND104,1,B.Sc (Hons.) Nutrition and Dietetics
BND105,1,B.Sc (Hons.) Nutrition and Dietetics
BND106,1,B.Sc (Hons.) Nutrition and Dietetics
BND107,1,B.Sc (Hons.) Nutrition and Dietetics
BND108,1,B.Sc (Hons.) Nutrition and Dietetics
BND109,1,B.Sc (Hons.) Nutrition and Dietetics
BND110,1,B.Sc (Hons.) Nutrition and Dietetics
BND111,1,B.Sc (Hons.) Nutrition and Dietetics
BND112,1,B.Sc (Hons.) Nutrition and Dietetics
BND113,1,B.Sc (Hons.) Nutrition and Dietetics
BND114,1,B.Sc (Hons.) Nutrition and Dietetics
BND115,1,B.Sc (Hons.) Nutrition and Dietetics
BND201,2,B.Sc (Hons.) Nutrition and Dietetics
BND202,2,B.Sc (Hons.) Nutrition and Dietetics
BND203,2,B.Sc (Hons.) Nutrition and Dietetics
BND204,2,B.Sc (Hons.) Nutrition and Dietetics
BND205,2,B.Sc (Hons.) Nutrition and Dietetics
BND206,2,B.Sc (Hons.) Nutrition and Dietetics
BND207,2,B.Sc (Hons.) Nutrition and Dietetics
BND208,2,B.Sc (Hons.) Nutrition and Dietetics
BND209,2,B.Sc (Hons.) Nutrition and Dietetics
BND210,2,B.Sc (Hons.) Nutrition and Dietetics
BND211,2,B.Sc (Hons.) Nutrition and Dietetics
BND212,2,B.Sc (Hons.) Nutrition and Dietetics
BND213,2,B.Sc (Hons.) Nutrition and Dietetics
BND214,2,B.Sc (Hons.) Nutrition and Dietetics
BND215,2,B.Sc (Hons.) Nutrition and Dietetics
BND301,3,B.Sc (Hons.) Nutrition and Dietetics
BND302,3,B.Sc (Hons.) Nutrition and Dietetics
BND303,3,B.Sc (Hons.) Nutrition and Dietetics
BND304,3,B.Sc (Hons.) Nutrition and Dietetics
BND305,3,B.Sc (Hons.) Nutrition and Dietetics
BND306,3,B.Sc (Hons.) Nutrition and Dietetics
BND307,3,B.Sc (Hons.) Nutrition and Dietetics
BND308,3,B.Sc (Hons.) Nutrition and Dietetics
BND309,3,B.Sc (Hons.) Nutrition and Dietetics
BND310,3,B.Sc (Hons.) Nutrition and Dietetics
BND311,3,B.Sc (Hons.) Nutrition and Dietetics
BND312,3,B.Sc (Hons.) Nutrition and Dietetics
BND313,3,B.Sc (Hons.) Nutrition and Dietetics
BND314,3,B.Sc (Hons.) Nutrition and Dietetics
BND315,3,B.Sc (Hons.) Nutrition and Dietetics
BND401,4,B.Sc (Hons.) Nutrition and Dietetics
BND402,4,B.Sc (Hons.) Nutrition and Dietetics
BND403,4,B.Sc (Hons.) Nutrition and Dietetics
BND404,4,B.Sc (Hons.) Nutrition and Dietetics
BND405,4,B.Sc (Hons.) Nutrition and Dietetics
BND406,4,B.Sc (Hons.) Nutrition and Dietetics
BND407,4,B.Sc (Hons.) Nutrition and Dietetics
BND408,4,B.Sc (Hons.) Nutrition and Dietetics
BND409,4,B.Sc (Hons.) Nutrition and Dietetics
BND410,4,B.Sc (Hons.) Nutrition and Dietetics
BND411,4,B.Sc (Hons.) Nutrition and Dietetics
BND412,4,B.Sc (Hons.) Nutrition and Dietetics
BND413,4,B.Sc (Hons.) Nutrition and Dietetics
BND414,4,B.Sc (Hons.) Nutrition and Dietetics
BND415,4,B.Sc (Hons.) Nutrition and Dietetics
BND501,5,B.Sc (Hons.) Nutrition and Dietetics
BND502,5,B.Sc (Hons.) Nutrition and Dietetics
BND503,5,B.Sc (Hons.) Nutrition and Dietetics
BND504,5,B.Sc (Hons.) Nutrition and Dietetics
BND505,5,B.Sc (Hons.) Nutrition and Dietetics
BND506,5,B.Sc (Hons.) Nutrition and Dietetics
BND507,5,B.Sc (Hons.) Nutrition and Dietetics
BND508,5,B.Sc (Hons.) Nutrition and Dietetics
BND509,5,B.Sc (Hons.) Nutrition and Dietetics
BND510,5,B.Sc (Hons.) Nutrition and Dietetics
BND511,5,B.Sc (Hons.) Nutrition and Dietetics
BND512,5,B.Sc (Hons.) Nutrition and Dietetics
BND513,5,B.Sc (Hons.) Nutrition and Dietetics
BND514,5,B.Sc (Hons.) Nutrition and Dietetics
BND515,5,B.Sc (Hons.) Nutrition and Dietetics
BND601,6,B.Sc (Hons.) Nutrition and Dietetics
BND602,6,B.Sc (Hons.) Nutrition and Dietetics
BND603,6,B.Sc (Hons.) Nutrition and Dietetics
BND604,6,B.Sc (Hons.) Nutrition and Dietetics
BND605,6,B.Sc (Hons.) Nutrition and Dietetics
BND606,6,B.Sc (Hons.) Nutrition and Dietetics
BND607,6,B.Sc (Hons.) Nutrition and Dietetics
BND608,6,B.Sc (Hons.) Nutrition and Dietetics
BND609,6,B.Sc (Hons.) Nutrition and Dietetics
BND610,6,B.Sc (Hons.) Nutrition and Dietetics
BND611,6,B.Sc (Hons.) Nutrition and Dietetics
BND612,6,B.Sc (Hons.) Nutrition and Dietetics
BND613,6,B.Sc (Hons.) Nutrition and Dietetics
BND614,6,B.Sc (Hons.) Nutrition and Dietetics
BND615,6,B.Sc (Hons.) Nutrition and Dietetics
BND701,7,B.Sc (Hons.) Nutrition and Dietetics
BND702,7,B.Sc (Hons.) Nutrition and Dietetics
BND703,7,B.Sc (Hons.) Nutrition and Dietetics
BND704,7,B.Sc (Hons.) Nutrition and Dietetics
BND705,7,B.Sc (Hons.) Nutrition and Dietetics
BND706,7,B.Sc (Hons.) Nutrition and Dietetics
BND707,7,B.Sc (Hons.) Nutrition and Dietetics
BND708,7,B.Sc (Hons.) Nutrition and Dietetics
BND709,7,B.Sc (Hons.) Nutrition and Dietetics
BND710,7,B.Sc (Hons.) Nutrition and Dietetics
BND711,7,B.Sc (Hons.) Nutrition and Dietetics
BND712,7,B.Sc (Hons.) Nutrition and Dietetics
BND713,7,B.Sc (Hons.) Nutrition and Dietetics
BND714,7,B.Sc (Hons.) Nutrition and Dietetics
BND715,7,B.Sc (Hons.) Nutrition and Dietetics
BND801,8,B.Sc (Hons.) Nutrition and Dietetics
BND802,8,B.Sc (Hons.) Nutrition and Dietetics
BND803,8,B.Sc (Hons.) Nutrition and Dietetics
BND804,8,B.Sc (Hons.) Nutrition and Dietetics
BND805,8,B.Sc (Hons.) Nutrition and Dietetics
BND806,8,B.Sc (Hons.) Nutrition and Dietetics
BND807,8,B.Sc (Hons.) Nutrition and Dietetics
BND808,8,B.Sc (Hons.) Nutrition and Dietetics
BND809,8,B.Sc (Hons.) Nutrition and Dietetics
BND810,8,B.Sc (Hons.) Nutrition and Dietetics
BND811,8,B.Sc (Hons.) Nutrition and Dietetics
BND812,8,B.Sc (Hons.) Nutrition and Dietetics
BND813,8,B.Sc (Hons.) Nutrition and Dietetics
BND814,8,B.Sc (Hons.) Nutrition and Dietetics
BND815,8,B.Sc (Hons.) Nutrition and Dietetics
BFT101,1,B.Sc Food Technology
BFT102,1,B.Sc Food Technology
BFT103,1,B.Sc Food Technology
BFT104,1,B.Sc Food Technology
BFT105,1,B.Sc Food Technology
BFT106,1,B.Sc Food Technology
BFT107,1,B.Sc Food Technology
BFT108,1,B.Sc Food Technology
BFT109,1,B.Sc Food Technology
BFT110,1,B.Sc Food Technology
BFT111,1,B.Sc Food Technology
BFT112,1,B.Sc Food Technology
BFT113,1,B.Sc Food Technology
BFT114,1,B.Sc Food Technology
BFT115,1,B.Sc Food Technology
BFT201,2,B.Sc Food Technology
BFT202,2,B.Sc Food Technology
BFT203,2,B.Sc Food Technology
BFT204,2,B.Sc Food Technology
BFT205,2,B.Sc Food Technology
BFT206,2,B.Sc Food Technology
BFT207,2,B.Sc Food Technology
BFT208,2,B.Sc Food Technology
BFT209,2,B.Sc Food Technology
BFT210,2,B.Sc Food Technology
BFT211,2,B.Sc Food Technology
BFT212,2,B.Sc Food Technology
BFT213,2,B.Sc Food Technology
BFT214,2,B.Sc Food Technology
BFT215,2,B.Sc Food Technology
BFT301,3,B.Sc Food Technology
BFT302,3,B.Sc Food Technology
BFT303,3,B.Sc Food Technology
BFT304,3,B.Sc Food Technology
BFT305,3,B.Sc Food Technology
BFT306,3,B.Sc Food Technology
BFT307,3,B.Sc Food Technology
BFT308,3,B.Sc Food Technology
BFT309,3,B.Sc Food Technology
BFT310,3,B.Sc Food Technology
BFT311,3,B.Sc Food Technology
BFT312,3,B.Sc Food Technology
BFT313,3,B.Sc Food Technology
BFT314,3,B.Sc Food Technology
BFT315,3,B.Sc Food Technology
BFT401,4,B.Sc Food Technology
BFT402,4,B.Sc Food Technology
BFT403,4,B.Sc Food Technology
BFT404,4,B.Sc Food Technology
BFT405,4,B.Sc Food Technology
BFT406,4,B.Sc Food Technology
BFT407,4,B.Sc Food Technology
BFT408,4,B.Sc Food Technology
BFT409,4,B.Sc Food Technology
BFT410,4,B.Sc Food Technology
BFT411,4,B.Sc Food Technology
BFT412,4,B.Sc Food Technology
BFT413,4,B.Sc Food Technology
BFT414,4,B.Sc Food Technology
BFT415,4,B.Sc Food Technology
BFT501,5,B.Sc Food Technology
BFT502,5,B.Sc Food Technology
BFT503,5,B.Sc Food Technology
BFT504,5,B.Sc Food Technology
BFT505,5,B.Sc Food Technology
BFT506,5,B.Sc Food Technology
BFT507,5,B.Sc Food Technology
BFT508,5,B.Sc Food Technology
BFT509,5,B.Sc Food Technology
BFT510,5,B.Sc Food Technology
BFT511,5,B.Sc Food Technology
BFT512,5,B.Sc Food Technology
BFT513,5,B.Sc Food Technology
BFT514,5,B.Sc Food Technology
BFT515,5,B.Sc Food Technology
BFT601,6,B.Sc Food Technology
BFT602,6,B.Sc Food Technology
BFT603,6,B.Sc Food Technology
BFT604,6,B.Sc Food Technology
BFT605,6,B.Sc Food Technology
BFT606,6,B.Sc Food Technology
BFT607,6,B.Sc Food Technology
BFT608,6,B.Sc Food Technology
BFT609,6,B.Sc Food Technology
BFT610,6,B.Sc Food Technology
BFT611,6,B.Sc Food Technology
BFT612,6,B.Sc Food Technology
BFT613,6,B.Sc Food Technology
BFT614,6,B.Sc Food Technology
BFT615,6,B.Sc Food Technology
BND101,1,B.Sc in Nutrition and Dietetics
BND102,1,B.Sc in Nutrition and Dietetics
BND103,1,B.Sc in Nutrition and Dietetics
BND104,1,B.Sc in Nutrition and Dietetics
BND105,1,B.Sc in Nutrition and Dietetics
BND106,1,B.Sc in Nutrition and Dietetics
BND107,1,B.Sc in Nutrition and Dietetics
BND108,1,B.Sc in Nutrition and Dietetics
BND109,1,B.Sc in Nutrition and Dietetics
BND110,1,B.Sc in Nutrition and Dietetics
BND111,1,B.Sc in Nutrition and Dietetics
BND112,1,B.Sc in Nutrition and Dietetics
BND113,1,B.Sc in Nutrition and Dietetics
BND114,1,B.Sc in Nutrition and Dietetics
BND115,1,B.Sc in Nutrition and Dietetics
BND201,2,B.Sc in Nutrition and Dietetics
BND202,2,B.Sc in Nutrition and Dietetics
BND203,2,B.Sc in Nutrition and Dietetics
BND204,2,B.Sc in Nutrition and Dietetics
BND205,2,B.Sc in Nutrition and Dietetics
BND206,2,B.Sc in Nutrition and Dietetics
BND207,2,B.Sc in Nutrition and Dietetics
BND208,2,B.Sc in Nutrition and Dietetics
BND209,2,B.Sc in Nutrition and Dietetics
BND210,2,B.Sc in Nutrition and Dietetics
BND211,2,B.Sc in Nutrition and Dietetics
BND212,2,B.Sc in Nutrition and Dietetics
BND213,2,B.Sc in Nutrition and Dietetics
BND214,2,B.Sc in Nutrition and Dietetics
BND215,2,B.Sc in Nutrition and Dietetics
BND301,3,B.Sc in Nutrition and Dietetics
BND302,3,B.Sc in Nutrition and Dietetics
BND303,3,B.Sc in Nutrition and Dietetics
BND304,3,B.Sc in Nutrition and Dietetics
BND305,3,B.Sc in Nutrition and Dietetics
BND306,3,B.Sc in Nutrition and Dietetics
BND307,3,B.Sc in Nutrition and Dietetics
BND308,3,B.Sc in Nutrition and Dietetics
BND309,3,B.Sc in Nutrition and Dietetics
BND310,3,B.Sc in Nutrition and Dietetics
BND311,3,B.Sc in Nutrition and Dietetics
BND312,3,B.Sc in Nutrition and Dietetics
BND313,3,B.Sc in Nutrition and Dietetics
BND314,3,B.Sc in Nutrition and Dietetics
BND315,3,B.Sc in Nutrition and Dietetics
BND401,4,B.Sc in Nutrition and Dietetics
BND402,4,B.Sc in Nutrition and Dietetics
BND403,4,B.Sc in Nutrition and Dietetics
BND404,4,B.Sc in Nutrition and Dietetics
BND405,4,B.Sc in Nutrition and Dietetics
BND406,4,B.Sc in Nutrition and Dietetics
BND407,4,B.Sc in Nutrition and Dietetics
BND408,4,B.Sc in Nutrition and Dietetics
BND409,4,B.Sc in Nutrition and Dietetics
BND410,4,B.Sc in Nutrition and Dietetics
BND411,4,B.Sc in Nutrition and Dietetics
BND412,4,B.Sc in Nutrition and Dietetics
BND413,4,B.Sc in Nutrition and Dietetics
BND414,4,B.Sc in Nutrition and Dietetics
BND415,4,B.Sc in Nutrition and Dietetics
BND501,5,B.Sc in Nutrition and Dietetics
BND502,5,B.Sc in Nutrition and Dietetics
BND503,5,B.Sc in Nutrition and Dietetics
BND504,5,B.Sc in Nutrition and Dietetics
BND505,5,B.Sc in Nutrition and Dietetics
BND506,5,B.Sc in Nutrition and Dietetics
BND507,5,B.Sc in Nutrition and Dietetics
BND508,5,B.Sc in Nutrition and Dietetics
BND509,5,B.Sc in Nutrition and Dietetics
BND510,5,B.Sc in Nutrition and Dietetics
BND511,5,B.Sc in Nutrition and Dietetics
BND512,5,B.Sc in Nutrition and Dietetics
BND513,5,B.Sc in Nutrition and Dietetics
BND514,5,B.Sc in Nutrition and Dietetics
BND515,5,B.Sc in Nutrition and Dietetics
BND601,6,B.Sc in Nutrition and Dietetics
BND602,6,B.Sc in Nutrition and Dietetics
BND603,6,B.Sc in Nutrition and Dietetics
BND604,6,B.Sc in Nutrition and Dietetics
BND605,6,B.Sc in Nutrition and Dietetics
BND606,6,B.Sc in Nutrition and Dietetics
BND607,6,B.Sc in Nutrition and Dietetics
BND608,6,B.Sc in Nutrition and Dietetics
BND609,6,B.Sc in Nutrition and Dietetics
BND610,6,B.Sc in Nutrition and Dietetics
BND611,6,B.Sc in Nutrition and Dietetics
BND612,6,B.Sc in Nutrition and Dietetics
BND613,6,B.Sc in Nutrition and Dietetics
BND614,6,B.Sc in Nutrition and Dietetics
BND615,6,B.Sc in Nutrition and Dietetics
BHM101,1,Bachelor of Science (B.Sc.) in Hotel Management
BHM102,1,Bachelor of Science (B.Sc.) in Hotel Management
BHM103,1,Bachelor of Science (B.Sc.) in Hotel Management
BHM104,1,Bachelor of Science (B.Sc.) in Hotel Management
BHM105,1,Bachelor of Science (B.Sc.) in Hotel Management
BHM106,1,Bachelor of Science (B.Sc.) in Hotel Management
BHM107,1,Bachelor of Science (B.Sc.) in Hotel Management
BHM108,1,Bachelor of Science (B.Sc.) in Hotel Management
BHM109,1,Bachelor of Science (B.Sc.) in Hotel Management
BHM110,1,Bachelor of Science (B.Sc.) in Hotel Management
BHM111,1,Bachelor of Science (B.Sc.) in Hotel Management
BHM112,1,Bachelor of Science (B.Sc.) in Hotel Management
BHM113,1,Bachelor of Science (B.Sc.) in Hotel Management
BHM114,1,Bachelor of Science (B.Sc.) in Hotel Management
BHM115,1,Bachelor of Science (B.Sc.) in Hotel Management
BHM201,2,Bachelor of Science (B.Sc.) in Hotel Management
BHM202,2,Bachelor of Science (B.Sc.) in Hotel Management
BHM203,2,Bachelor of Science (B.Sc.) in Hotel Management
BHM204,2,Bachelor of Science (B.Sc.) in Hotel Management
BHM205,2,Bachelor of Science (B.Sc.) in Hotel Management
BHM206,2,Bachelor of Science (B.Sc.) in Hotel Management
BHM207,2,Bachelor of Science (B.Sc.) in Hotel Management
BHM208,2,Bachelor of Science (B.Sc.) in Hotel Management
BHM209,2,Bachelor of Science (B.Sc.) in Hotel Management
BHM210,2,Bachelor of Science (B.Sc.) in Hotel Management
BHM211,2,Bachelor of Science (B.Sc.) in Hotel Management
BHM212,2,Bachelor of Science (B.Sc.) in Hotel Management
BHM213,2,Bachelor of Science (B.Sc.) in Hotel Management
BHM214,2,Bachelor of Science (B.Sc.) in Hotel Management
BHM215,2,Bachelor of Science (B.Sc.) in Hotel Management
BHM301,3,Bachelor of Science (B.Sc.) in Hotel Management
BHM302,3,Bachelor of Science (B.Sc.) in Hotel Management
BHM303,3,Bachelor of Science (B.Sc.) in Hotel Management
BHM304,3,Bachelor of Science (B.Sc.) in Hotel Management
BHM305,3,Bachelor of Science (B.Sc.) in Hotel Management
BHM306,3,Bachelor of Science (B.Sc.) in Hotel Management
BHM307,3,Bachelor of Science (B.Sc.) in Hotel Management
BHM308,3,Bachelor of Science (B.Sc.) in Hotel Management
BHM309,3,Bachelor of Science (B.Sc.) in Hotel Management
BHM310,3,Bachelor of Science (B.Sc.) in Hotel Management
BHM311,3,Bachelor of Science (B.Sc.) in Hotel Management
BHM312,3,Bachelor of Science (B.Sc.) in Hotel Management
BHM313,3,Bachelor of Science (B.Sc.) in Hotel Management
BHM314,3,Bachelor of Science (B.Sc.) in Hotel Management
BHM315,3,Bachelor of Science (B.Sc.) in Hotel Management
BHM401,4,Bachelor of Science (B.Sc.) in Hotel Management
BHM402,4,Bachelor of Science (B.Sc.) in Hotel Management
BHM403,4,Bachelor of Science (B.Sc.) in Hotel Management
BHM404,4,Bachelor of Science (B.Sc.) in Hotel Management
BHM405,4,Bachelor of Science (B.Sc.) in Hotel Management
BHM406,4,Bachelor of Science (B.Sc.) in Hotel Management
BHM407,4,Bachelor of Science (B.Sc.) in Hotel Management
BHM408,4,Bachelor of Science (B.Sc.) in Hotel Management
BHM409,4,Bachelor of Science (B.Sc.) in Hotel Management
BHM410,4,Bachelor of Science (B.Sc.) in Hotel Management
BHM411,4,Bachelor of Science (B.Sc.) in Hotel Management
BHM412,4,Bachelor of Science (B.Sc.) in Hotel Management
BHM413,4,Bachelor of Science (B.Sc.) in Hotel Management
BHM414,4,Bachelor of Science (B.Sc.) in Hotel Management
BHM415,4,Bachelor of Science (B.Sc.) in Hotel Management
BHM501,5,Bachelor of Science (B.Sc.) in Hotel Management
BHM502,5,Bachelor of Science (B.Sc.) in Hotel Management
BHM503,5,Bachelor of Science (B.Sc.) in Hotel Management
BHM504,5,Bachelor of Science (B.Sc.) in Hotel Management
BHM505,5,Bachelor of Science (B.Sc.) in Hotel Management
BHM506,5,Bachelor of Science (B.Sc.) in Hotel Management
BHM507,5,Bachelor of Science (B.Sc.) in Hotel Management
BHM508,5,Bachelor of Science (B.Sc.) in Hotel Management
BHM509,5,Bachelor of Science (B.Sc.) in Hotel Management
BHM510,5,Bachelor of Science (B.Sc.) in Hotel Management
BHM511,5,Bachelor of Science (B.Sc.) in Hotel Management
BHM512,5,Bachelor of Science (B.Sc.) in Hotel Management
BHM513,5,Bachelor of Science (B.Sc.) in Hotel Management
BHM514,5,Bachelor of Science (B.Sc.) in Hotel Management
BHM515,5,Bachelor of Science (B.Sc.) in Hotel Management
BHM601,6,Bachelor of Science (B.Sc.) in Hotel Management
BHM602,6,Bachelor of Science (B.Sc.) in Hotel Management
BHM603,6,Bachelor of Science (B.Sc.) in Hotel Management
BHM604,6,Bachelor of Science (B.Sc.) in Hotel Management
BHM605,6,Bachelor of Science (B.Sc.) in Hotel Management
BHM606,6,Bachelor of Science (B.Sc.) in Hotel Management
BHM607,6,Bachelor of Science (B.Sc.) in Hotel Management
BHM608,6,Bachelor of Science (B.Sc.) in Hotel Management
BHM609,6,Bachelor of Science (B.Sc.) in Hotel Management
BHM610,6,Bachelor of Science (B.Sc.) in Hotel Management
BHM611,6,Bachelor of Science (B.Sc.) in Hotel Management
BHM612,6,Bachelor of Science (B.Sc.) in Hotel Management
BHM613,6,Bachelor of Science (B.Sc.) in Hotel Management
BHM614,6,Bachelor of Science (B.Sc.) in Hotel Management
BHM615,6,Bachelor of Science (B.Sc.) in Hotel Management
BHM101,1,Bachelors in Hotel Management (BHM)
BHM102,1,Bachelors in Hotel Management (BHM)
BHM103,1,Bachelors in Hotel Management (BHM)
BHM104,1,Bachelors in Hotel Management (BHM)
BHM105,1,Bachelors in Hotel Management (BHM)
BHM106,1,Bachelors in Hotel Management (BHM)
BHM107,1,Bachelors in Hotel Management (BHM)
BHM108,1,Bachelors in Hotel Management (BHM)
BHM109,1,Bachelors in Hotel Management (BHM)
BHM110,1,Bachelors in Hotel Management (BHM)
BHM111,1,Bachelors in Hotel Management (BHM)
BHM112,1,Bachelors in Hotel Management (BHM)
BHM113,1,Bachelors in Hotel Management (BHM)
BHM114,1,Bachelors in Hotel Management (BHM)
BHM115,1,Bachelors in Hotel Management (BHM)
BHM201,2,Bachelors in Hotel Management (BHM)
BHM202,2,Bachelors in Hotel Management (BHM)
BHM203,2,Bachelors in Hotel Management (BHM)
BHM204,2,Bachelors in Hotel Management (BHM)
BHM205,2,Bachelors in Hotel Management (BHM)
BHM206,2,Bachelors in Hotel Management (BHM)
BHM207,2,Bachelors in Hotel Management (BHM)
BHM208,2,Bachelors in Hotel Management (BHM)
BHM209,2,Bachelors in Hotel Management (BHM)
BHM210,2,Bachelors in Hotel Management (BHM)
BHM211,2,Bachelors in Hotel Management (BHM)
BHM212,2,Bachelors in Hotel Management (BHM)
BHM213,2,Bachelors in Hotel Management (BHM)
BHM214,2,Bachelors in Hotel Management (BHM)
BHM215,2,Bachelors in Hotel Management (BHM)
BHM301,3,Bachelors in Hotel Management (BHM)
BHM302,3,Bachelors in Hotel Management (BHM)
BHM303,3,Bachelors in Hotel Management (BHM)
BHM304,3,Bachelors in Hotel Management (BHM)
BHM305,3,Bachelors in Hotel Management (BHM)
BHM306,3,Bachelors in Hotel Management (BHM)
BHM307,3,Bachelors in Hotel Management (BHM)
BHM308,3,Bachelors in Hotel Management (BHM)
BHM309,3,Bachelors in Hotel Management (BHM)
BHM310,3,Bachelors in Hotel Management (BHM)
BHM311,3,Bachelors in Hotel Management (BHM)
BHM312,3,Bachelors in Hotel Management (BHM)
BHM313,3,Bachelors in Hotel Management (BHM)
BHM314,3,Bachelors in Hotel Management (BHM)
BHM315,3,Bachelors in Hotel Management (BHM)
BHM401,4,Bachelors in Hotel Management (BHM)
BHM402,4,Bachelors in Hotel Management (BHM)
BHM403,4,Bachelors in Hotel Management (BHM)
BHM404,4,Bachelors in Hotel Management (BHM)
BHM405,4,Bachelors in Hotel Management (BHM)
BHM406,4,Bachelors in Hotel Management (BHM)
BHM407,4,Bachelors in Hotel Management (BHM)
BHM408,4,Bachelors in Hotel Management (BHM)
BHM409,4,Bachelors in Hotel Management (BHM)
BHM410,4,Bachelors in Hotel Management (BHM)
BHM411,4,Bachelors in Hotel Management (BHM)
BHM412,4,Bachelors in Hotel Management (BHM)
BHM413,4,Bachelors in Hotel Management (BHM)
BHM414,4,Bachelors in Hotel Management (BHM)
BHM415,4,Bachelors in Hotel Management (BHM)
BHM501,5,Bachelors in Hotel Management (BHM)
BHM502,5,Bachelors in Hotel Management (BHM)
BHM503,5,Bachelors in Hotel Management (BHM)
BHM504,5,Bachelors in Hotel Management (BHM)
BHM505,5,Bachelors in Hotel Management (BHM)
BHM506,5,Bachelors in Hotel Management (BHM)
BHM507,5,Bachelors in Hotel Management (BHM)
BHM508,5,Bachelors in Hotel Management (BHM)
BHM509,5,Bachelors in Hotel Management (BHM)
BHM510,5,Bachelors in Hotel Management (BHM)
BHM511,5,Bachelors in Hotel Management (BHM)
BHM512,5,Bachelors in Hotel Management (BHM)
BHM513,5,Bachelors in Hotel Management (BHM)
BHM514,5,Bachelors in Hotel Management (BHM)
BHM515,5,Bachelors in Hotel Management (BHM)
BHM601,6,Bachelors in Hotel Management (BHM)
BHM602,6,Bachelors in Hotel Management (BHM)
BHM603,6,Bachelors in Hotel Management (BHM)
BHM604,6,Bachelors in Hotel Management (BHM)
BHM605,6,Bachelors in Hotel Management (BHM)
BHM606,6,Bachelors in Hotel Management (BHM)
BHM607,6,Bachelors in Hotel Management (BHM)
BHM608,6,Bachelors in Hotel Management (BHM)
BHM609,6,Bachelors in Hotel Management (BHM)
BHM610,6,Bachelors in Hotel Management (BHM)
BHM611,6,Bachelors in Hotel Management (BHM)
BHM612,6,Bachelors in Hotel Management (BHM)
BHM613,6,Bachelors in Hotel Management (BHM)
BHM614,6,Bachelors in Hotel Management (BHM)
BHM615,6,Bachelors in Hotel Management (BHM)
BHM701,7,Bachelors in Hotel Management (BHM)
BHM702,7,Bachelors in Hotel Management (BHM)
BHM703,7,Bachelors in Hotel Management (BHM)
BHM704,7,Bachelors in Hotel Management (BHM)
BHM705,7,Bachelors in Hotel Management (BHM)
BHM706,7,Bachelors in Hotel Management (BHM)
BHM707,7,Bachelors in Hotel Management (BHM)
BHM708,7,Bachelors in Hotel Management (BHM)
BHM709,7,Bachelors in Hotel Management (BHM)
BHM710,7,Bachelors in Hotel Management (BHM)
BHM711,7,Bachelors in Hotel Management (BHM)
BHM712,7,Bachelors in Hotel Management (BHM)
BHM713,7,Bachelors in Hotel Management (BHM)
BHM714,7,Bachelors in Hotel Management (BHM)
BHM715,7,Bachelors in Hotel Management (BHM)
BHM801,8,Bachelors in Hotel Management (BHM)
BHM802,8,Bachelors in Hotel Management (BHM)
BHM803,8,Bachelors in Hotel Management (BHM)
BHM804,8,Bachelors in Hotel Management (BHM)
BHM805,8,Bachelors in Hotel Management (BHM)
BHM806,8,Bachelors in Hotel Management (BHM)
BHM807,8,Bachelors in Hotel Management (BHM)
BHM808,8,Bachelors in Hotel Management (BHM)
BHM809,8,Bachelors in Hotel Management (BHM)
BHM810,8,Bachelors in Hotel Management (BHM)
BHM811,8,Bachelors in Hotel Management (BHM)
BHM812,8,Bachelors in Hotel Management (BHM)
BHM813,8,Bachelors in Hotel Management (BHM)
BHM814,8,Bachelors in Hotel Management (BHM)
BHM815,8,Bachelors in Hotel Management (BHM)
DHM101,1,Diploma in Hotel Management - Industry Integrated (DHM)
DHM102,1,Diploma in Hotel Management - Industry Integrated (DHM)
DHM103,1,Diploma in Hotel Management - Industry Integrated (DHM)
DHM104,1,Diploma in Hotel Management - Industry Integrated (DHM)
DHM105,1,Diploma in Hotel Management - Industry Integrated (DHM)
DHM106,1,Diploma in Hotel Management - Industry Integrated (DHM)
DHM107,1,Diploma in Hotel Management - Industry Integrated (DHM)
DHM108,1,Diploma in Hotel Management - Industry Integrated (DHM)
DHM109,1,Diploma in Hotel Management - Industry Integrated (DHM)
DHM110,1,Diploma in Hotel Management - Industry Integrated (DHM)
DHM111,1,Diploma in Hotel Management - Industry Integrated (DHM)
DHM112,1,Diploma in Hotel Management - Industry Integrated (DHM)
DHM113,1,Diploma in Hotel Management - Industry Integrated (DHM)
DHM114,1,Diploma in Hotel Management - Industry Integrated (DHM)
DHM115,1,Diploma in Hotel Management - Industry Integrated (DHM)
DHM201,2,Diploma in Hotel Management - Industry Integrated (DHM)
DHM202,2,Diploma in Hotel Management - Industry Integrated (DHM)
DHM203,2,Diploma in Hotel Management - Industry Integrated (DHM)
DHM204,2,Diploma in Hotel Management - Industry Integrated (DHM)
DHM205,2,Diploma in Hotel Management - Industry Integrated (DHM)
DHM206,2,Diploma in Hotel Management - Industry Integrated (DHM)
DHM207,2,Diploma in Hotel Management - Industry Integrated (DHM)
DHM208,2,Diploma in Hotel Management - Industry Integrated (DHM)
DHM209,2,Diploma in Hotel Management - Industry Integrated (DHM)
DHM210,2,Diploma in Hotel Management - Industry Integrated (DHM)
DHM211,2,Diploma in Hotel Management - Industry Integrated (DHM)
DHM212,2,Diploma in Hotel Management - Industry Integrated (DHM)
DHM213,2,Diploma in Hotel Management - Industry Integrated (DHM)
DHM214,2,Diploma in Hotel Management - Industry Integrated (DHM)
DHM215,2,Diploma in Hotel Management - Industry Integrated (DHM)
DHM301,3,Diploma in Hotel Management - Industry Integrated (DHM)
DHM302,3,Diploma in Hotel Management - Industry Integrated (DHM)
DHM303,3,Diploma in Hotel Management - Industry Integrated (DHM)
DHM304,3,Diploma in Hotel Management - Industry Integrated (DHM)
DHM305,3,Diploma in Hotel Management - Industry Integrated (DHM)
DHM306,3,Diploma in Hotel Management - Industry Integrated (DHM)
DHM307,3,Diploma in Hotel Management - Industry Integrated (DHM)
DHM308,3,Diploma in Hotel Management - Industry Integrated (DHM)
DHM309,3,Diploma in Hotel Management - Industry Integrated (DHM)
DHM310,3,Diploma in Hotel Management - Industry Integrated (DHM)
DHM311,3,Diploma in Hotel Management - Industry Integrated (DHM)
DHM312,3,Diploma in Hotel Management - Industry Integrated (DHM)
DHM313,3,Diploma in Hotel Management - Industry Integrated (DHM)
DHM314,3,Diploma in Hotel Management - Industry Integrated (DHM)
DHM315,3,Diploma in Hotel Management - Industry Integrated (DHM)
DHM401,4,Diploma in Hotel Management - Industry Integrated (DHM)
DHM402,4,Diploma in Hotel Management - Industry Integrated (DHM)
DHM403,4,Diploma in Hotel Management - Industry Integrated (DHM)
DHM404,4,Diploma in Hotel Management - Industry Integrated (DHM)
DHM405,4,Diploma in Hotel Management - Industry Integrated (DHM)
DHM406,4,Diploma in Hotel Management - Industry Integrated (DHM)
DHM407,4,Diploma in Hotel Management - Industry Integrated (DHM)
DHM408,4,Diploma in Hotel Management - Industry Integrated (DHM)
DHM409,4,Diploma in Hotel Management - Industry Integrated (DHM)
DHM410,4,Diploma in Hotel Management - Industry Integrated (DHM)
DHM411,4,Diploma in Hotel Management - Industry Integrated (DHM)
DHM412,4,Diploma in Hotel Management - Industry Integrated (DHM)
DHM413,4,Diploma in Hotel Management - Industry Integrated (DHM)
DHM414,4,Diploma in Hotel Management - Industry Integrated (DHM)
DHM415,4,Diploma in Hotel Management - Industry Integrated (DHM)
BEC101,1,B.A. (Hons.) Economics
BEC102,1,B.A. (Hons.) Economics
BEC103,1,B.A. (Hons.) Economics
BEC104,1,B.A. (Hons.) Economics
BEC105,1,B.A. (Hons.) Economics
BEC106,1,B.A. (Hons.) Economics
BEC107,1,B.A. (Hons.) Economics
BEC108,1,B.A. (Hons.) Economics
BEC109,1,B.A. (Hons.) Economics
BEC110,1,B.A. (Hons.) Economics
BEC111,1,B.A. (Hons.) Economics
BEC112,1,B.A. (Hons.) Economics
BEC113,1,B.A. (Hons.) Economics
BEC114,1,B.A. (Hons.) Economics
BEC115,1,B.A. (Hons.) Economics
BEC201,2,B.A. (Hons.) Economics
BEC202,2,B.A. (Hons.) Economics
BEC203,2,B.A. (Hons.) Economics
BEC204,2,B.A. (Hons.) Economics
BEC205,2,B.A. (Hons.) Economics
BEC206,2,B.A. (Hons.) Economics
BEC207,2,B.A. (Hons.) Economics
BEC208,2,B.A. (Hons.) Economics
BEC209,2,B.A. (Hons.) Economics
BEC210,2,B.A. (Hons.) Economics
BEC211,2,B.A. (Hons.) Economics
BEC212,2,B.A. (Hons.) Economics
BEC213,2,B.A. (Hons.) Economics
BEC214,2,B.A. (Hons.) Economics
BEC215,2,B.A. (Hons.) Economics
BEC301,3,B.A. (Hons.) Economics
BEC302,3,B.A. (Hons.) Economics
BEC303,3,B.A. (Hons.) Economics
BEC304,3,B.A. (Hons.) Economics
BEC305,3,B.A. (Hons.) Economics
BEC306,3,B.A. (Hons.) Economics
BEC307,3,B.A. (Hons.) Economics
BEC308,3,B.A. (Hons.) Economics
BEC309,3,B.A. (Hons.) Economics
BEC310,3,B.A. (Hons.) Economics
BEC311,3,B.A. (Hons.) Economics
BEC312,3,B.A. (Hons.) Economics
BEC313,3,B.A. (Hons.) Economics
BEC314,3,B.A. (Hons.) Economics
BEC315,3,B.A. (Hons.) Economics
BEC401,4,B.A. (Hons.) Economics
BEC402,4,B.A. (Hons.) Economics
BEC403,4,B.A. (Hons.) Economics
BEC404,4,B.A. (Hons.) Economics
BEC405,4,B.A. (Hons.) Economics
BEC406,4,B.A. (Hons.) Economics
BEC407,4,B.A. (Hons.) Economics
BEC408,4,B.A. (Hons.) Economics
BEC409,4,B.A. (Hons.) Economics
BEC410,4,B.A. (Hons.) Economics
BEC411,4,B.A. (Hons.) Economics
BEC412,4,B.A. (Hons.) Economics
BEC413,4,B.A. (Hons.) Economics
BEC414,4,B.A. (Hons.) Economics
BEC415,4,B.A. (Hons.) Economics
BEC501,5,B.A. (Hons.) Economics
BEC502,5,B.A. (Hons.) Economics
BEC503,5,B.A. (Hons.) Economics
BEC504,5,B.A. (Hons.) Economics
BEC505,5,B.A. (Hons.) Economics
BEC506,5,B.A. (Hons.) Economics
BEC507,5,B.A. (Hons.) Economics
BEC508,5,B.A. (Hons.) Economics
BEC509,5,B.A. (Hons.) Economics
BEC510,5,B.A. (Hons.) Economics
BEC511,5,B.A. (Hons.) Economics
BEC512,5,B.A. (Hons.) Economics
BEC513,5,B.A. (Hons.) Economics
BEC514,5,B.A. (Hons.) Economics
BEC515,5,B.A. (Hons.) Economics
BEC601,6,B.A. (Hons.) Economics
BEC602,6,B.A. (Hons.) Economics
BEC603,6,B.A. (Hons.) Economics
BEC604,6,B.A. (Hons.) Economics
BEC605,6,B.A. (Hons.) Economics
BEC606,6,B.A. (Hons.) Economics
BEC607,6,B.A. (Hons.) Economics
BEC608,6,B.A. (Hons.) Economics
BEC609,6,B.A. (Hons.) Economics
BEC610,6,B.A. (Hons.) Economics
BEC611,6,B.A. (Hons.) Economics
BEC612,6,B.A. (Hons.) Economics
BEC613,6,B.A. (Hons.) Economics
BEC614,6,B.A. (Hons.) Economics
BEC615,6,B.A. (Hons.) Economics
BEC701,7,B.A. (Hons.) Economics
BEC702,7,B.A. (Hons.) Economics
BEC703,7,B.A. (Hons.) Economics
BEC704,7,B.A. (Hons.) Economics
BEC705,7,B.A. (Hons.) Economics
BEC706,7,B.A. (Hons.) Economics
BEC707,7,B.A. (Hons.) Economics
BEC708,7,B.A. (Hons.) Economics
BEC709,7,B.A. (Hons.) Economics
BEC710,7,B.A. (Hons.) Economics
BEC711,7,B.A. (Hons.) Economics
BEC712,7,B.A. (Hons.) Economics
BEC713,7,B.A. (Hons.) Economics
BEC714,7,B.A. (Hons.) Economics
BEC715,7,B.A. (Hons.) Economics
BEC801,8,B.A. (Hons.) Economics
BEC802,8,B.A. (Hons.) Economics
BEC803,8,B.A. (Hons.) Economics
BEC804,8,B.A. (Hons.) Economics
BEC805,8,B.A. (Hons.) Economics
BEC806,8,B.A. (Hons.) Economics
BEC807,8,B.A. (Hons.) Economics
BEC808,8,B.A. (Hons.) Economics
BEC809,8,B.A. (Hons.) Economics
BEC810,8,B.A. (Hons.) Economics
BEC811,8,B.A. (Hons.) Economics
BEC812,8,B.A. (Hons.) Economics
BEC813,8,B.A. (Hons.) Economics
BEC814,8,B.A. (Hons.) Economics
BEC815,8,B.A. (Hons.) Economics
BEC101,1,B.A. (Hons.) Economics with Research
BEC102,1,B.A. (Hons.) Economics with Research
BEC103,1,B.A. (Hons.) Economics with Research
BEC104,1,B.A. (Hons.) Economics with Research
BEC105,1,B.A. (Hons.) Economics with Research
BEC106,1,B.A. (Hons.) Economics with Research
BEC107,1,B.A. (Hons.) Economics with Research
BEC108,1,B.A. (Hons.) Economics with Research
BEC109,1,B.A. (Hons.) Economics with Research
BEC110,1,B.A. (Hons.) Economics with Research
BEC111,1,B.A. (Hons.) Economics with Research
BEC112,1,B.A. (Hons.) Economics with Research
BEC113,1,B.A. (Hons.) Economics with Research
BEC114,1,B.A. (Hons.) Economics with Research
BEC115,1,B.A. (Hons.) Economics with Research
BEC201,2,B.A. (Hons.) Economics with Research
BEC202,2,B.A. (Hons.) Economics with Research
BEC203,2,B.A. (Hons.) Economics with Research
BEC204,2,B.A. (Hons.) Economics with Research
BEC205,2,B.A. (Hons.) Economics with Research
BEC206,2,B.A. (Hons.) Economics with Research
BEC207,2,B.A. (Hons.) Economics with Research
BEC208,2,B.A. (Hons.) Economics with Research
BEC209,2,B.A. (Hons.) Economics with Research
BEC210,2,B.A. (Hons.) Economics with Research
BEC211,2,B.A. (Hons.) Economics with Research
BEC212,2,B.A. (Hons.) Economics with Research
BEC213,2,B.A. (Hons.) Economics with Research
BEC214,2,B.A. (Hons.) Economics with Research
BEC215,2,B.A. (Hons.) Economics with Research
BEC301,3,B.A. (Hons.) Economics with Research
BEC302,3,B.A. (Hons.) Economics with Research
BEC303,3,B.A. (Hons.) Economics with Research
BEC304,3,B.A. (Hons.) Economics with Research
BEC305,3,B.A. (Hons.) Economics with Research
BEC306,3,B.A. (Hons.) Economics with Research
BEC307,3,B.A. (Hons.) Economics with Research
BEC308,3,B.A. (Hons.) Economics with Research
BEC309,3,B.A. (Hons.) Economics with Research
BEC310,3,B.A. (Hons.) Economics with Research
BEC311,3,B.A. (Hons.) Economics with Research
BEC312,3,B.A. (Hons.) Economics with Research
BEC313,3,B.A. (Hons.) Economics with Research
BEC314,3,B.A. (Hons.) Economics with Research
BEC315,3,B.A. (Hons.) Economics with Research
BEC401,4,B.A. (Hons.) Economics with Research
BEC402,4,B.A. (Hons.) Economics with Research
BEC403,4,B.A. (Hons.) Economics with Research
BEC404,4,B.A. (Hons.) Economics with Research
BEC405,4,B.A. (Hons.) Economics with Research
BEC406,4,B.A. (Hons.) Economics with Research
BEC407,4,B.A. (Hons.) Economics with Research
BEC408,4,B.A. (Hons.) Economics with Research
BEC409,4,B.A. (Hons.) Economics with Research
BEC410,4,B.A. (Hons.) Economics with Research
BEC411,4,B.A. (Hons.) Economics with Research
BEC412,4,B.A. (Hons.) Economics with Research
BEC413,4,B.A. (Hons.) Economics with Research
BEC414,4,B.A. (Hons.) Economics with Research
BEC415,4,B.A. (Hons.) Economics with Research
BEC501,5,B.A. (Hons.) Economics with Research
BEC502,5,B.A. (Hons.) Economics with Research
BEC503,5,B.A. (Hons.) Economics with Research
BEC504,5,B.A. (Hons.) Economics with Research
BEC505,5,B.A. (Hons.) Economics with Research
BEC506,5,B.A. (Hons.) Economics with Research
BEC507,5,B.A. (Hons.) Economics with Research
BEC508,5,B.A. (Hons.) Economics with Research
BEC509,5,B.A. (Hons.) Economics with Research
BEC510,5,B.A. (Hons.) Economics with Research
BEC511,5,B.A. (Hons.) Economics with Research
BEC512,5,B.A. (Hons.) Economics with Research
BEC513,5,B.A. (Hons.) Economics with Research
BEC514,5,B.A. (Hons.) Economics with Research
BEC515,5,B.A. (Hons.) Economics with Research
BEC601,6,B.A. (Hons.) Economics with Research
BEC602,6,B.A. (Hons.) Economics with Research
BEC603,6,B.A. (Hons.) Economics with Research
BEC604,6,B.A. (Hons.) Economics with Research
BEC605,6,B.A. (Hons.) Economics with Research
BEC606,6,B.A. (Hons.) Economics with Research
BEC607,6,B.A. (Hons.) Economics with Research
BEC608,6,B.A. (Hons.) Economics with Research
BEC609,6,B.A. (Hons.) Economics with Research
BEC610,6,B.A. (Hons.) Economics with Research
BEC611,6,B.A. (Hons.) Economics with Research
BEC612,6,B.A. (Hons.) Economics with Research
BEC613,6,B.A. (Hons.) Economics with Research
BEC614,6,B.A. (Hons.) Economics with Research
BEC615,6,B.A. (Hons.) Economics with Research
BEC701,7,B.A. (Hons.) Economics with Research
BEC702,7,B.A. (Hons.) Economics with Research
BEC703,7,B.A. (Hons.) Economics with Research
BEC704,7,B.A. (Hons.) Economics with Research
BEC705,7,B.A. (Hons.) Economics with Research
BEC706,7,B.A. (Hons.) Economics with Research
BEC707,7,B.A. (Hons.) Economics with Research
BEC708,7,B.A. (Hons.) Economics with Research
BEC709,7,B.A. (Hons.) Economics with Research
BEC710,7,B.A. (Hons.) Economics with Research
BEC711,7,B.A. (Hons.) Economics with Research
BEC712,7,B.A. (Hons.) Economics with Research
BEC713,7,B.A. (Hons.) Economics with Research
BEC714,7,B.A. (Hons.) Economics with Research
BEC715,7,B.A. (Hons.) Economics with Research
BEC801,8,B.A. (Hons.) Economics with Research
BEC802,8,B.A. (Hons.) Economics with Research
BEC803,8,B.A. (Hons.) Economics with Research
BEC804,8,B.A. (Hons.) Economics with Research
BEC805,8,B.A. (Hons.) Economics with Research
BEC806,8,B.A. (Hons.) Economics with Research
BEC807,8,B.A. (Hons.) Economics with Research
BEC808,8,B.A. (Hons.) Economics with Research
BEC809,8,B.A. (Hons.) Economics with Research
BEC810,8,B.A. (Hons.) Economics with Research
BEC811,8,B.A. (Hons.) Economics with Research
BEC812,8,B.A. (Hons.) Economics with Research
BEC813,8,B.A. (Hons.) Economics with Research
BEC814,8,B.A. (Hons.) Economics with Research
BEC815,8,B.A. (Hons.) Economics with Research
BEN101,1,B.A. (Hons.) English
BEN102,1,B.A. (Hons.) English
BEN103,1,B.A. (Hons.) English
BEN104,1,B.A. (Hons.) English
BEN105,1,B.A. (Hons.) English
BEN106,1,B.A. (Hons.) English
BEN107,1,B.A. (Hons.) English
BEN108,1,B.A. (Hons.) English
BEN109,1,B.A. (Hons.) English
BEN110,1,B.A. (Hons.) English
BEN111,1,B.A. (Hons.) English
BEN112,1,B.A. (Hons.) English
BEN113,1,B.A. (Hons.) English
BEN114,1,B.A. (Hons.) English
BEN115,1,B.A. (Hons.) English
BEN201,2,B.A. (Hons.) English
BEN202,2,B.A. (Hons.) English
BEN203,2,B.A. (Hons.) English
BEN204,2,B.A. (Hons.) English
BEN205,2,B.A. (Hons.) English
BEN206,2,B.A. (Hons.) English
BEN207,2,B.A. (Hons.) English
BEN208,2,B.A. (Hons.) English
BEN209,2,B.A. (Hons.) English
BEN210,2,B.A. (Hons.) English
BEN211,2,B.A. (Hons.) English
BEN212,2,B.A. (Hons.) English
BEN213,2,B.A. (Hons.) English
BEN214,2,B.A. (Hons.) English
BEN215,2,B.A. (Hons.) English
BEN301,3,B.A. (Hons.) English
BEN302,3,B.A. (Hons.) English
BEN303,3,B.A. (Hons.) English
BEN304,3,B.A. (Hons.) English
BEN305,3,B.A. (Hons.) English
BEN306,3,B.A. (Hons.) English
BEN307,3,B.A. (Hons.) English
BEN308,3,B.A. (Hons.) English
BEN309,3,B.A. (Hons.) English
BEN310,3,B.A. (Hons.) English
BEN311,3,B.A. (Hons.) English
BEN312,3,B.A. (Hons.) English
BEN313,3,B.A. (Hons.) English
BEN314,3,B.A. (Hons.) English
BEN315,3,B.A. (Hons.) English
BEN401,4,B.A. (Hons.) English
BEN402,4,B.A. (Hons.) English
BEN403,4,B.A. (Hons.) English
BEN404,4,B.A. (Hons.) English
BEN405,4,B.A. (Hons.) English
BEN406,4,B.A. (Hons.) English
BEN407,4,B.A. (Hons.) English
BEN408,4,B.A. (Hons.) English
BEN409,4,B.A. (Hons.) English
BEN410,4,B.A. (Hons.) English
BEN411,4,B.A. (Hons.) English
BEN412,4,B.A. (Hons.) English
BEN413,4,B.A. (Hons.) English
BEN414,4,B.A. (Hons.) English
BEN415,4,B.A. (Hons.) English
BEN501,5,B.A. (Hons.) English
BEN502,5,B.A. (Hons.) English
BEN503,5,B.A. (Hons.) English
BEN504,5,B.A. (Hons.) English
BEN505,5,B.A. (Hons.) English
BEN506,5,B.A. (Hons.) English
BEN507,5,B.A. (Hons.) English
BEN508,5,B.A. (Hons.) English
BEN509,5,B.A. (Hons.) English
BEN510,5,B.A. (Hons.) English
BEN511,5,B.A. (Hons.) English
BEN512,5,B.A. (Hons.) English
BEN513,5,B.A. (Hons.) English
BEN514,5,B.A. (Hons.) English
BEN515,5,B.A. (Hons.) English
BEN601,6,B.A. (Hons.) English
BEN602,6,B.A. (Hons.) English
BEN603,6,B.A. (Hons.) English
BEN604,6,B.A. (Hons.) English
BEN605,6,B.A. (Hons.) English
BEN606,6,B.A. (Hons.) English
BEN607,6,B.A. (Hons.) English
BEN608,6,B.A. (Hons.) English
BEN609,6,B.A. (Hons.) English
BEN610,6,B.A. (Hons.) English
BEN611,6,B.A. (Hons.) English
BEN612,6,B.A. (Hons.) English
BEN613,6,B.A. (Hons.) English
BEN614,6,B.A. (Hons.) English
BEN615,6,B.A. (Hons.) English
BEN701,7,B.A. (Hons.) English
BEN702,7,B.A. (Hons.) English
BEN703,7,B.A. (Hons.) English
BEN704,7,B.A. (Hons.) English
BEN705,7,B.A. (Hons.) English
BEN706,7,B.A. (Hons.) English
BEN707,7,B.A. (Hons.) English
BEN708,7,B.A. (Hons.) English
BEN709,7,B.A. (Hons.) English
BEN710,7,B.A. (Hons.) English
BEN711,7,B.A. (Hons.) English
BEN712,7,B.A. (Hons.) English
BEN713,7,B.A. (Hons.) English
BEN714,7,B.A. (Hons.) English
BEN715,7,B.A. (Hons.) English
BEN801,8,B.A. (Hons.) English
BEN802,8,B.A. (Hons.) English
BEN803,8,B.A. (Hons.) English
BEN804,8,B.A. (Hons.) English
BEN805,8,B.A. (Hons.) English
BEN806,8,B.A. (Hons.) English
BEN807,8,B.A. (Hons.) English
BEN808,8,B.A. (Hons.) English
BEN809,8,B.A. (Hons.) English
BEN810,8,B.A. (Hons.) English
BEN811,8,B.A. (Hons.) English
BEN812,8,B.A. (Hons.) English
BEN813,8,B.A. (Hons.) English
BEN814,8,B.A. (Hons.) English
BEN815,8,B.A. (Hons.) English
BEN101,1,B.A. (Hons.) English with Research
BEN102,1,B.A. (Hons.) English with Research
BEN103,1,B.A. (Hons.) English with Research
BEN104,1,B.A. (Hons.) English with Research
BEN105,1,B.A. (Hons.) English with Research
BEN106,1,B.A. (Hons.) English with Research
BEN107,1,B.A. (Hons.) English with Research
BEN108,1,B.A. (Hons.) English with Research
BEN109,1,B.A. (Hons.) English with Research
BEN110,1,B.A. (Hons.) English with Research
BEN111,1,B.A. (Hons.) English with Research
BEN112,1,B.A. (Hons.) English with Research
BEN113,1,B.A. (Hons.) English with Research
BEN114,1,B.A. (Hons.) English with Research
BEN115,1,B.A. (Hons.) English with Research
BEN201,2,B.A. (Hons.) English with Research
BEN202,2,B.A. (Hons.) English with Research
BEN203,2,B.A. (Hons.) English with Research
BEN204,2,B.A. (Hons.) English with Research
BEN205,2,B.A. (Hons.) English with Research
BEN206,2,B.A. (Hons.) English with Research
BEN207,2,B.A. (Hons.) English with Research
BEN208,2,B.A. (Hons.) English with Research
BEN209,2,B.A. (Hons.) English with Research
BEN210,2,B.A. (Hons.) English with Research
BEN211,2,B.A. (Hons.) English with Research
BEN212,2,B.A. (Hons.) English with Research
BEN213,2,B.A. (Hons.) English with Research
BEN214,2,B.A. (Hons.) English with Research
BEN215,2,B.A. (Hons.) English with Research
BEN301,3,B.A. (Hons.) English with Research
BEN302,3,B.A. (Hons.) English with Research
BEN303,3,B.A. (Hons.) English with Research
BEN304,3,B.A. (Hons.) English with Research
BEN305,3,B.A. (Hons.) English with Research
BEN306,3,B.A. (Hons.) English with Research
BEN307,3,B.A. (Hons.) English with Research
BEN308,3,B.A. (Hons.) English with Research
BEN309,3,B.A. (Hons.) English with Research
BEN310,3,B.A. (Hons.) English with Research
BEN311,3,B.A. (Hons.) English with Research
BEN312,3,B.A. (Hons.) English with Research
BEN313,3,B.A. (Hons.) English with Research
BEN314,3,B.A. (Hons.) English with Research
BEN315,3,B.A. (Hons.) English with Research
BEN401,4,B.A. (Hons.) English with Research
BEN402,4,B.A. (Hons.) English with Research
BEN403,4,B.A. (Hons.) English with Research
BEN404,4,B.A. (Hons.) English with Research
BEN405,4,B.A. (Hons.) English with Research
BEN406,4,B.A. (Hons.) English with Research
BEN407,4,B.A. (Hons.) English with Research
BEN408,4,B.A. (Hons.) English with Research
BEN409,4,B.A. (Hons.) English with Research
BEN410,4,B.A. (Hons.) English with Research
BEN411,4,B.A. (Hons.) English with Research
BEN412,4,B.A. (Hons.) English with Research
BEN413,4,B.A. (Hons.) English with Research
BEN414,4,B.A. (Hons.) English with Research
BEN415,4,B.A. (Hons.) English with Research
BEN501,5,B.A. (Hons.) English with Research
BEN502,5,B.A. (Hons.) English with Research
BEN503,5,B.A. (Hons.) English with Research
BEN504,5,B.A. (Hons.) English with Research
BEN505,5,B.A. (Hons.) English with Research
BEN506,5,B.A. (Hons.) English with Research
BEN507,5,B.A. (Hons.) English with Research
BEN508,5,B.A. (Hons.) English with Research
BEN509,5,B.A. (Hons.) English with Research
BEN510,5,B.A. (Hons.) English with Research
BEN511,5,B.A. (Hons.) English with Research
BEN512,5,B.A. (Hons.) English with Research
BEN513,5,B.A. (Hons.) English with Research
BEN514,5,B.A. (Hons.) English with Research
BEN515,5,B.A. (Hons.) English with Research
BEN601,6,B.A. (Hons.) English with Research
BEN602,6,B.A. (Hons.) English with Research
BEN603,6,B.A. (Hons.) English with Research
BEN604,6,B.A. (Hons.) English with Research
BEN605,6,B.A. (Hons.) English with Research
BEN606,6,B.A. (Hons.) English with Research
BEN607,6,B.A. (Hons.) English with Research
BEN608,6,B.A. (Hons.) English with Research
BEN609,6,B.A. (Hons.) English with Research
BEN610,6,B.A. (Hons.) English with Research
BEN611,6,B.A. (Hons.) English with Research
BEN612,6,B.A. (Hons.) English with Research
BEN613,6,B.A. (Hons.) English with Research
BEN614,6,B.A. (Hons.) English with Research
BEN615,6,B.A. (Hons.) English with Research
BEN701,7,B.A. (Hons.) English with Research
BEN702,7,B.A. (Hons.) English with Research
BEN703,7,B.A. (Hons.) English with Research
BEN704,7,B.A. (Hons.) English with Research
BEN705,7,B.A. (Hons.) English with Research
BEN706,7,B.A. (Hons.) English with Research
BEN707,7,B.A. (Hons.) English with Research
BEN708,7,B.A. (Hons.) English with Research
BEN709,7,B.A. (Hons.) English with Research
BEN710,7,B.A. (Hons.) English with Research
BEN711,7,B.A. (Hons.) English with Research
BEN712,7,B.A. (Hons.) English with Research
BEN713,7,B.A. (Hons.) English with Research
BEN714,7,B.A. (Hons.) English with Research
BEN715,7,B.A. (Hons.) English with Research
BEN801,8,B.A. (Hons.) English with Research
BEN802,8,B.A. (Hons.) English with Research
BEN803,8,B.A. (Hons.) English with Research
BEN804,8,B.A. (Hons.) English with Research
BEN805,8,B.A. (Hons.) English with Research
BEN806,8,B.A. (Hons.) English with Research
BEN807,8,B.A. (Hons.) English with Research
BEN808,8,B.A. (Hons.) English with Research
BEN809,8,B.A. (Hons.) English with Research
BEN810,8,B.A. (Hons.) English with Research
BEN811,8,B.A. (Hons.) English with Research
BEN812,8,B.A. (Hons.) English with Research
BEN813,8,B.A. (Hons.) English with Research
BEN814,8,B.A. (Hons.) English with Research
BEN815,8,B.A. (Hons.) English with Research
BPS101,1,B.A. (Hons.) Political Science
BPS102,1,B.A. (Hons.) Political Science
BPS103,1,B.A. (Hons.) Political Science
BPS104,1,B.A. (Hons.) Political Science
BPS105,1,B.A. (Hons.) Political Science
BPS106,1,B.A. (Hons.) Political Science
BPS107,1,B.A. (Hons.) Political Science
BPS108,1,B.A. (Hons.) Political Science
BPS109,1,B.A. (Hons.) Political Science
BPS110,1,B.A. (Hons.) Political Science
BPS111,1,B.A. (Hons.) Political Science
BPS112,1,B.A. (Hons.) Political Science
BPS113,1,B.A. (Hons.) Political Science
BPS114,1,B.A. (Hons.) Political Science
BPS115,1,B.A. (Hons.) Political Science
BPS201,2,B.A. (Hons.) Political Science
BPS202,2,B.A. (Hons.) Political Science
BPS203,2,B.A. (Hons.) Political Science
BPS204,2,B.A. (Hons.) Political Science
BPS205,2,B.A. (Hons.) Political Science
BPS206,2,B.A. (Hons.) Political Science
BPS207,2,B.A. (Hons.) Political Science
BPS208,2,B.A. (Hons.) Political Science
BPS209,2,B.A. (Hons.) Political Science
BPS210,2,B.A. (Hons.) Political Science
BPS211,2,B.A. (Hons.) Political Science
BPS212,2,B.A. (Hons.) Political Science
BPS213,2,B.A. (Hons.) Political Science
BPS214,2,B.A. (Hons.) Political Science
BPS215,2,B.A. (Hons.) Political Science
BPS301,3,B.A. (Hons.) Political Science
BPS302,3,B.A. (Hons.) Political Science
BPS303,3,B.A. (Hons.) Political Science
BPS304,3,B.A. (Hons.) Political Science
BPS305,3,B.A. (Hons.) Political Science
BPS306,3,B.A. (Hons.) Political Science
BPS307,3,B.A. (Hons.) Political Science
BPS308,3,B.A. (Hons.) Political Science
BPS309,3,B.A. (Hons.) Political Science
BPS310,3,B.A. (Hons.) Political Science
BPS311,3,B.A. (Hons.) Political Science
BPS312,3,B.A. (Hons.) Political Science
BPS313,3,B.A. (Hons.) Political Science
BPS314,3,B.A. (Hons.) Political Science
BPS315,3,B.A. (Hons.) Political Science
BPS401,4,B.A. (Hons.) Political Science
BPS402,4,B.A. (Hons.) Political Science
BPS403,4,B.A. (Hons.) Political Science
BPS404,4,B.A. (Hons.) Political Science
BPS405,4,B.A. (Hons.) Political Science
BPS406,4,B.A. (Hons.) Political Science
BPS407,4,B.A. (Hons.) Political Science
BPS408,4,B.A. (Hons.) Political Science
BPS409,4,B.A. (Hons.) Political Science
BPS410,4,B.A. (Hons.) Political Science
BPS411,4,B.A. (Hons.) Political Science
BPS412,4,B.A. (Hons.) Political Science
BPS413,4,B.A. (Hons.) Political Science
BPS414,4,B.A. (Hons.) Political Science
BPS415,4,B.A. (Hons.) Political Science
BPS501,5,B.A. (Hons.) Political Science
BPS502,5,B.A. (Hons.) Political Science
BPS503,5,B.A. (Hons.) Political Science
BPS504,5,B.A. (Hons.) Political Science
BPS505,5,B.A. (Hons.) Political Science
BPS506,5,B.A. (Hons.) Political Science
BPS507,5,B.A. (Hons.) Political Science
BPS508,5,B.A. (Hons.) Political Science
BPS509,5,B.A. (Hons.) Political Science
BPS510,5,B.A. (Hons.) Political Science
BPS511,5,B.A. (Hons.) Political Science
BPS512,5,B.A. (Hons.) Political Science
BPS513,5,B.A. (Hons.) Political Science
BPS514,5,B.A. (Hons.) Political Science
BPS515,5,B.A. (Hons.) Political Science
BPS601,6,B.A. (Hons.) Political Science
BPS602,6,B.A. (Hons.) Political Science
BPS603,6,B.A. (Hons.) Political Science
BPS604,6,B.A. (Hons.) Political Science
BPS605,6,B.A. (Hons.) Political Science
BPS606,6,B.A. (Hons.) Political Science
BPS607,6,B.A. (Hons.) Political Science
BPS608,6,B.A. (Hons.) Political Science
BPS609,6,B.A. (Hons.) Political Science
BPS610,6,B.A. (Hons.) Political Science
BPS611,6,B.A. (Hons.) Political Science
BPS612,6,B.A. (Hons.) Political Science
BPS613,6,B.A. (Hons.) Political Science
BPS614,6,B.A. (Hons.) Political Science
BPS615,6,B.A. (Hons.) Political Science
BPS701,7,B.A. (Hons.) Political Science
BPS702,7,B.A. (Hons.) Political Science
BPS703,7,B.A. (Hons.) Political Science
BPS704,7,B.A. (Hons.) Political Science
BPS705,7,B.A. (Hons.) Political Science
BPS706,7,B.A. (Hons.) Political Science
BPS707,7,B.A. (Hons.) Political Science
BPS708,7,B.A. (Hons.) Political Science
BPS709,7,B.A. (Hons.) Political Science
BPS710,7,B.A. (Hons.) Political Science
BPS711,7,B.A. (Hons.) Political Science
BPS712,7,B.A. (Hons.) Political Science
BPS713,7,B.A. (Hons.) Political Science
BPS714,7,B.A. (Hons.) Political Science
BPS715,7,B.A. (Hons.) Political Science
BPS801,8,B.A. (Hons.) Political Science
BPS802,8,B.A. (Hons.) Political Science
BPS803,8,B.A. (Hons.) Political Science
BPS804,8,B.A. (Hons.) Political Science
BPS805,8,B.A. (Hons.) Political Science
BPS806,8,B.A. (Hons.) Political Science
BPS807,8,B.A. (Hons.) Political Science
BPS808,8,B.A. (Hons.) Political Science
BPS809,8,B.A. (Hons.) Political Science
BPS810,8,B.A. (Hons.) Political Science
BPS811,8,B.A. (Hons.) Political Science
BPS812,8,B.A. (Hons.) Political Science
BPS813,8,B.A. (Hons.) Political Science
BPS814,8,B.A. (Hons.) Political Science
BPS815,8,B.A. (Hons.) Political Science
BPS101,1,B.A. (Hons.) Political Science with Research
BPS102,1,B.A. (Hons.) Political Science with Research
BPS103,1,B.A. (Hons.) Political Science with Research
BPS104,1,B.A. (Hons.) Political Science with Research
BPS105,1,B.A. (Hons.) Political Science with Research
BPS106,1,B.A. (Hons.) Political Science with Research
BPS107,1,B.A. (Hons.) Political Science with Research
BPS108,1,B.A. (Hons.) Political Science with Research
BPS109,1,B.A. (Hons.) Political Science with Research
BPS110,1,B.A. (Hons.) Political Science with Research
BPS111,1,B.A. (Hons.) Political Science with Research
BPS112,1,B.A. (Hons.) Political Science with Research
BPS113,1,B.A. (Hons.) Political Science with Research
BPS114,1,B.A. (Hons.) Political Science with Research
BPS115,1,B.A. (Hons.) Political Science with Research
BPS201,2,B.A. (Hons.) Political Science with Research
BPS202,2,B.A. (Hons.) Political Science with Research
BPS203,2,B.A. (Hons.) Political Science with Research
BPS204,2,B.A. (Hons.) Political Science with Research
BPS205,2,B.A. (Hons.) Political Science with Research
BPS206,2,B.A. (Hons.) Political Science with Research
BPS207,2,B.A. (Hons.) Political Science with Research
BPS208,2,B.A. (Hons.) Political Science with Research
BPS209,2,B.A. (Hons.) Political Science with Research
BPS210,2,B.A. (Hons.) Political Science with Research
BPS211,2,B.A. (Hons.) Political Science with Research
BPS212,2,B.A. (Hons.) Political Science with Research
BPS213,2,B.A. (Hons.) Political Science with Research
BPS214,2,B.A. (Hons.) Political Science with Research
BPS215,2,B.A. (Hons.) Political Science with Research
BPS301,3,B.A. (Hons.) Political Science with Research
BPS302,3,B.A. (Hons.) Political Science with Research
BPS303,3,B.A. (Hons.) Political Science with Research
BPS304,3,B.A. (Hons.) Political Science with Research
BPS305,3,B.A. (Hons.) Political Science with Research
BPS306,3,B.A. (Hons.) Political Science with Research
BPS307,3,B.A. (Hons.) Political Science with Research
BPS308,3,B.A. (Hons.) Political Science with Research
BPS309,3,B.A. (Hons.) Political Science with Research
BPS310,3,B.A. (Hons.) Political Science with Research
BPS311,3,B.A. (Hons.) Political Science with Research
BPS312,3,B.A. (Hons.) Political Science with Research
BPS313,3,B.A. (Hons.) Political Science with Research
BPS314,3,B.A. (Hons.) Political Science with Research
BPS315,3,B.A. (Hons.) Political Science with Research
BPS401,4,B.A. (Hons.) Political Science with Research
BPS402,4,B.A. (Hons.) Political Science with Research
BPS403,4,B.A. (Hons.) Political Science with Research
BPS404,4,B.A. (Hons.) Political Science with Research
BPS405,4,B.A. (Hons.) Political Science with Research
BPS406,4,B.A. (Hons.) Political Science with Research
BPS407,4,B.A. (Hons.) Political Science with Research
BPS408,4,B.A. (Hons.) Political Science with Research
BPS409,4,B.A. (Hons.) Political Science with Research
BPS410,4,B.A. (Hons.) Political Science with Research
BPS411,4,B.A. (Hons.) Political Science with Research
BPS412,4,B.A. (Hons.) Political Science with Research
BPS413,4,B.A. (Hons.) Political Science with Research
BPS414,4,B.A. (Hons.) Political Science with Research
BPS415,4,B.A. (Hons.) Political Science with Research
BPS501,5,B.A. (Hons.) Political Science with Research
BPS502,5,B.A. (Hons.) Political Science with Research
BPS503,5,B.A. (Hons.) Political Science with Research
BPS504,5,B.A. (Hons.) Political Science with Research
BPS505,5,B.A. (Hons.) Political Science with Research
BPS506,5,B.A. (Hons.) Political Science with Research
BPS507,5,B.A. (Hons.) Political Science with Research
BPS508,5,B.A. (Hons.) Political Science with Research
BPS509,5,B.A. (Hons.) Political Science with Research
BPS510,5,B.A. (Hons.) Political Science with Research
BPS511,5,B.A. (Hons.) Political Science with Research
BPS512,5,B.A. (Hons.) Political Science with Research
BPS513,5,B.A. (Hons.) Political Science with Research
BPS514,5,B.A. (Hons.) Political Science with Research
BPS515,5,B.A. (Hons.) Political Science with Research
BPS601,6,B.A. (Hons.) Political Science with Research
BPS602,6,B.A. (Hons.) Political Science with Research
BPS603,6,B.A. (Hons.) Political Science with Research
BPS604,6,B.A. (Hons.) Political Science with Research
BPS605,6,B.A. (Hons.) Political Science with Research
BPS606,6,B.A. (Hons.) Political Science with Research
BPS607,6,B.A. (Hons.) Political Science with Research
BPS608,6,B.A. (Hons.) Political Science with Research
BPS609,6,B.A. (Hons.) Political Science with Research
BPS610,6,B.A. (Hons.) Political Science with Research
BPS611,6,B.A. (Hons.) Political Science with Research
BPS612,6,B.A. (Hons.) Political Science with Research
BPS613,6,B.A. (Hons.) Political Science with Research
BPS614,6,B.A. (Hons.) Political Science with Research
BPS615,6,B.A. (Hons.) Political Science with Research
BPS701,7,B.A. (Hons.) Political Science with Research
BPS702,7,B.A. (Hons.) Political Science with Research
BPS703,7,B.A. (Hons.) Political Science with Research
BPS704,7,B.A. (Hons.) Political Science with Research
BPS705,7,B.A. (Hons.) Political Science with Research
BPS706,7,B.A. (Hons.) Political Science with Research
BPS707,7,B.A. (Hons.) Political Science with Research
BPS708,7,B.A. (Hons.) Political Science with Research
BPS709,7,B.A. (Hons.) Political Science with Research
BPS710,7,B.A. (Hons.) Political Science with Research
BPS711,7,B.A. (Hons.) Political Science with Research
BPS712,7,B.A. (Hons.) Political Science with Research
BPS713,7,B.A. (Hons.) Political Science with Research
BPS714,7,B.A. (Hons.) Political Science with Research
BPS715,7,B.A. (Hons.) Political Science with Research
BPS801,8,B.A. (Hons.) Political Science with Research
BPS802,8,B.A. (Hons.) Political Science with Research
BPS803,8,B.A. (Hons.) Political Science with Research
BPS804,8,B.A. (Hons.) Political Science with Research
BPS805,8,B.A. (Hons.) Political Science with Research
BPS806,8,B.A. (Hons.) Political Science with Research
BPS807,8,B.A. (Hons.) Political Science with Research
BPS808,8,B.A. (Hons.) Political Science with Research
BPS809,8,B.A. (Hons.) Political Science with Research
BPS810,8,B.A. (Hons.) Political Science with Research
BPS811,8,B.A. (Hons.) Political Science with Research
BPS812,8,B.A. (Hons.) Political Science with Research
BPS813,8,B.A. (Hons.) Political Science with Research
BPS814,8,B.A. (Hons.) Political Science with Research
BPS815,8,B.A. (Hons.) Political Science with Research
BPY101,1,B.A. (Hons.) Psychology
BPY102,1,B.A. (Hons.) Psychology
BPY103,1,B.A. (Hons.) Psychology
BPY104,1,B.A. (Hons.) Psychology
BPY105,1,B.A. (Hons.) Psychology
BPY106,1,B.A. (Hons.) Psychology
BPY107,1,B.A. (Hons.) Psychology
BPY108,1,B.A. (Hons.) Psychology
BPY109,1,B.A. (Hons.) Psychology
BPY110,1,B.A. (Hons.) Psychology
BPY111,1,B.A. (Hons.) Psychology
BPY112,1,B.A. (Hons.) Psychology
BPY113,1,B.A. (Hons.) Psychology
BPY114,1,B.A. (Hons.) Psychology
BPY115,1,B.A. (Hons.) Psychology
BPY201,2,B.A. (Hons.) Psychology
BPY202,2,B.A. (Hons.) Psychology
BPY203,2,B.A. (Hons.) Psychology
BPY204,2,B.A. (Hons.) Psychology
BPY205,2,B.A. (Hons.) Psychology
BPY206,2,B.A. (Hons.) Psychology
BPY207,2,B.A. (Hons.) Psychology
BPY208,2,B.A. (Hons.) Psychology
BPY209,2,B.A. (Hons.) Psychology
BPY210,2,B.A. (Hons.) Psychology
BPY211,2,B.A. (Hons.) Psychology
BPY212,2,B.A. (Hons.) Psychology
BPY213,2,B.A. (Hons.) Psychology
BPY214,2,B.A. (Hons.) Psychology
BPY215,2,B.A. (Hons.) Psychology
BPY301,3,B.A. (Hons.) Psychology
BPY302,3,B.A. (Hons.) Psychology
BPY303,3,B.A. (Hons.) Psychology
BPY304,3,B.A. (Hons.) Psychology
BPY305,3,B.A. (Hons.) Psychology
BPY306,3,B.A. (Hons.) Psychology
BPY307,3,B.A. (Hons.) Psychology
BPY308,3,B.A. (Hons.) Psychology
BPY309,3,B.A. (Hons.) Psychology
BPY310,3,B.A. (Hons.) Psychology
BPY311,3,B.A. (Hons.) Psychology
BPY312,3,B.A. (Hons.) Psychology
BPY313,3,B.A. (Hons.) Psychology
BPY314,3,B.A. (Hons.) Psychology
BPY315,3,B.A. (Hons.) Psychology
BPY401,4,B.A. (Hons.) Psychology
BPY402,4,B.A. (Hons.) Psychology
BPY403,4,B.A. (Hons.) Psychology
BPY404,4,B.A. (Hons.) Psychology
BPY405,4,B.A. (Hons.) Psychology
BPY406,4,B.A. (Hons.) Psychology
BPY407,4,B.A. (Hons.) Psychology
BPY408,4,B.A. (Hons.) Psychology
BPY409,4,B.A. (Hons.) Psychology
BPY410,4,B.A. (Hons.) Psychology
BPY411,4,B.A. (Hons.) Psychology
BPY412,4,B.A. (Hons.) Psychology
BPY413,4,B.A. (Hons.) Psychology
BPY414,4,B.A. (Hons.) Psychology
BPY415,4,B.A. (Hons.) Psychology
BPY501,5,B.A. (Hons.) Psychology
BPY502,5,B.A. (Hons.) Psychology
BPY503,5,B.A. (Hons.) Psychology
BPY504,5,B.A. (Hons.) Psychology
BPY505,5,B.A. (Hons.) Psychology
BPY506,5,B.A. (Hons.) Psychology
BPY507,5,B.A. (Hons.) Psychology
BPY508,5,B.A. (Hons.) Psychology
BPY509,5,B.A. (Hons.) Psychology
BPY510,5,B.A. (Hons.) Psychology
BPY511,5,B.A. (Hons.) Psychology
BPY512,5,B.A. (Hons.) Psychology
BPY513,5,B.A. (Hons.) Psychology
BPY514,5,B.A. (Hons.) Psychology
BPY515,5,B.A. (Hons.) Psychology
BPY601,6,B.A. (Hons.) Psychology
BPY602,6,B.A. (Hons.) Psychology
BPY603,6,B.A. (Hons.) Psychology
BPY604,6,B.A. (Hons.) Psychology
BPY605,6,B.A. (Hons.) Psychology
BPY606,6,B.A. (Hons.) Psychology
BPY607,6,B.A. (Hons.) Psychology
BPY608,6,B.A. (Hons.) Psychology
BPY609,6,B.A. (Hons.) Psychology
BPY610,6,B.A. (Hons.) Psychology
BPY611,6,B.A. (Hons.) Psychology
BPY612,6,B.A. (Hons.) Psychology
BPY613,6,B.A. (Hons.) Psychology
BPY614,6,B.A. (Hons.) Psychology
BPY615,6,B.A. (Hons.) Psychology
BPY701,7,B.A. (Hons.) Psychology
BPY702,7,B.A. (Hons.) Psychology
BPY703,7,B.A. (Hons.) Psychology
BPY704,7,B.A. (Hons.) Psychology
BPY705,7,B.A. (Hons.) Psychology
BPY706,7,B.A. (Hons.) Psychology
BPY707,7,B.A. (Hons.) Psychology
BPY708,7,B.A. (Hons.) Psychology
BPY709,7,B.A. (Hons.) Psychology
BPY710,7,B.A. (Hons.) Psychology
BPY711,7,B.A. (Hons.) Psychology
BPY712,7,B.A. (Hons.) Psychology
BPY713,7,B.A. (Hons.) Psychology
BPY714,7,B.A. (Hons.) Psychology
BPY715,7,B.A. (Hons.) Psychology
BPY801,8,B.A. (Hons.) Psychology
BPY802,8,B.A. (Hons.) Psychology
BPY803,8,B.A. (Hons.) Psychology
BPY804,8,B.A. (Hons.) Psychology
BPY805,8,B.A. (Hons.) Psychology
BPY806,8,B.A. (Hons.) Psychology
BPY807,8,B.A. (Hons.) Psychology
BPY808,8,B.A. (Hons.) Psychology
BPY809,8,B.A. (Hons.) Psychology
BPY810,8,B.A. (Hons.) Psychology
BPY811,8,B.A. (Hons.) Psychology
BPY812,8,B.A. (Hons.) Psychology
BPY813,8,B.A. (Hons.) Psychology
BPY814,8,B.A. (Hons.) Psychology
BPY815,8,B.A. (Hons.) Psychology
BPY101,1,B.A. (Hons.) Psychology with Research
BPY102,1,B.A. (Hons.) Psychology with Research
BPY103,1,B.A. (Hons.) Psychology with Research
BPY104,1,B.A. (Hons.) Psychology with Research
BPY105,1,B.A. (Hons.) Psychology with Research
BPY106,1,B.A. (Hons.) Psychology with Research
BPY107,1,B.A. (Hons.) Psychology with Research
BPY108,1,B.A. (Hons.) Psychology with Research
BPY109,1,B.A. (Hons.) Psychology with Research
BPY110,1,B.A. (Hons.) Psychology with Research
BPY111,1,B.A. (Hons.) Psychology with Research
BPY112,1,B.A. (Hons.) Psychology with Research
BPY113,1,B.A. (Hons.) Psychology with Research
BPY114,1,B.A. (Hons.) Psychology with Research
BPY115,1,B.A. (Hons.) Psychology with Research
BPY201,2,B.A. (Hons.) Psychology with Research
BPY202,2,B.A. (Hons.) Psychology with Research
BPY203,2,B.A. (Hons.) Psychology with Research
BPY204,2,B.A. (Hons.) Psychology with Research
BPY205,2,B.A. (Hons.) Psychology with Research
BPY206,2,B.A. (Hons.) Psychology with Research
BPY207,2,B.A. (Hons.) Psychology with Research
BPY208,2,B.A. (Hons.) Psychology with Research
BPY209,2,B.A. (Hons.) Psychology with Research
BPY210,2,B.A. (Hons.) Psychology with Research
BPY211,2,B.A. (Hons.) Psychology with Research
BPY212,2,B.A. (Hons.) Psychology with Research
BPY213,2,B.A. (Hons.) Psychology with Research
BPY214,2,B.A. (Hons.) Psychology with Research
BPY215,2,B.A. (Hons.) Psychology with Research
BPY301,3,B.A. (Hons.) Psychology with Research
BPY302,3,B.A. (Hons.) Psychology with Research
BPY303,3,B.A. (Hons.) Psychology with Research
BPY304,3,B.A. (Hons.) Psychology with Research
BPY305,3,B.A. (Hons.) Psychology with Research
BPY306,3,B.A. (Hons.) Psychology with Research
BPY307,3,B.A. (Hons.) Psychology with Research
BPY308,3,B.A. (Hons.) Psychology with Research
BPY309,3,B.A. (Hons.) Psychology with Research
BPY310,3,B.A. (Hons.) Psychology with Research
BPY311,3,B.A. (Hons.) Psychology with Research
BPY312,3,B.A. (Hons.) Psychology with Research
BPY313,3,B.A. (Hons.) Psychology with Research
BPY314,3,B.A. (Hons.) Psychology with Research
BPY315,3,B.A. (Hons.) Psychology with Research
BPY401,4,B.A. (Hons.) Psychology with Research
BPY402,4,B.A. (Hons.) Psychology with Research
BPY403,4,B.A. (Hons.) Psychology with Research
BPY404,4,B.A. (Hons.) Psychology with Research
BPY405,4,B.A. (Hons.) Psychology with Research
BPY406,4,B.A. (Hons.) Psychology with Research
BPY407,4,B.A. (Hons.) Psychology with Research
BPY408,4,B.A. (Hons.) Psychology with Research
BPY409,4,B.A. (Hons.) Psychology with Research
BPY410,4,B.A. (Hons.) Psychology with Research
BPY411,4,B.A. (Hons.) Psychology with Research
BPY412,4,B.A. (Hons.) Psychology with Research
BPY413,4,B.A. (Hons.) Psychology with Research
BPY414,4,B.A. (Hons.) Psychology with Research
BPY415,4,B.A. (Hons.) Psychology with Research
BPY501,5,B.A. (Hons.) Psychology with Research
BPY502,5,B.A. (Hons.) Psychology with Research
BPY503,5,B.A. (Hons.) Psychology with Research
BPY504,5,B.A. (Hons.) Psychology with Research
BPY505,5,B.A. (Hons.) Psychology with Research
BPY506,5,B.A. (Hons.) Psychology with Research
BPY507,5,B.A. (Hons.) Psychology with Research
BPY508,5,B.A. (Hons.) Psychology with Research
BPY509,5,B.A. (Hons.) Psychology with Research
BPY510,5,B.A. (Hons.) Psychology with Research
BPY511,5,B.A. (Hons.) Psychology with Research
BPY512,5,B.A. (Hons.) Psychology with Research
BPY513,5,B.A. (Hons.) Psychology with Research
BPY514,5,B.A. (Hons.) Psychology with Research
BPY515,5,B.A. (Hons.) Psychology with Research
BPY601,6,B.A. (Hons.) Psychology with Research
BPY602,6,B.A. (Hons.) Psychology with Research
BPY603,6,B.A. (Hons.) Psychology with Research
BPY604,6,B.A. (Hons.) Psychology with Research
BPY605,6,B.A. (Hons.) Psychology with Research
BPY606,6,B.A. (Hons.) Psychology with Research
BPY607,6,B.A. (Hons.) Psychology with Research
BPY608,6,B.A. (Hons.) Psychology with Research
BPY609,6,B.A. (Hons.) Psychology with Research
BPY610,6,B.A. (Hons.) Psychology with Research
BPY611,6,B.A. (Hons.) Psychology with Research
BPY612,6,B.A. (Hons.) Psychology with Research
BPY613,6,B.A. (Hons.) Psychology with Research
BPY614,6,B.A. (Hons.) Psychology with Research
BPY615,6,B.A. (Hons.) Psychology with Research
BPY701,7,B.A. (Hons.) Psychology with Research
BPY702,7,B.A. (Hons.) Psychology with Research
BPY703,7,B.A. (Hons.) Psychology with Research
BPY704,7,B.A. (Hons.) Psychology with Research
BPY705,7,B.A. (Hons.) Psychology with Research
BPY706,7,B.A. (Hons.) Psychology with Research
BPY707,7,B.A. (Hons.) Psychology with Research
BPY708,7,B.A. (Hons.) Psychology with Research
BPY709,7,B.A. (Hons.) Psychology with Research
BPY710,7,B.A. (Hons.) Psychology with Research
BPY711,7,B.A. (Hons.) Psychology with Research
BPY712,7,B.A. (Hons.) Psychology with Research
BPY713,7,B.A. (Hons.) Psychology with Research
BPY714,7,B.A. (Hons.) Psychology with Research
BPY715,7,B.A. (Hons.) Psychology with Research
BPY801,8,B.A. (Hons.) Psychology with Research
BPY802,8,B.A. (Hons.) Psychology with Research
BPY803,8,B.A. (Hons.) Psychology with Research
BPY804,8,B.A. (Hons.) Psychology with Research
BPY805,8,B.A. (Hons.) Psychology with Research
BPY806,8,B.A. (Hons.) Psychology with Research
BPY807,8,B.A. (Hons.) Psychology with Research
BPY808,8,B.A. (Hons.) Psychology with Research
BPY809,8,B.A. (Hons.) Psychology with Research
BPY810,8,B.A. (Hons.) Psychology with Research
BPY811,8,B.A. (Hons.) Psychology with Research
BPY812,8,B.A. (Hons.) Psychology with Research
BPY813,8,B.A. (Hons.) Psychology with Research
BPY814,8,B.A. (Hons.) Psychology with Research
BPY815,8,B.A. (Hons.) Psychology with Research
BSO101,1,B.A. (Hons.) Sociology
BSO102,1,B.A. (Hons.) Sociology
BSO103,1,B.A. (Hons.) Sociology
BSO104,1,B.A. (Hons.) Sociology
BSO105,1,B.A. (Hons.) Sociology
BSO106,1,B.A. (Hons.) Sociology
BSO107,1,B.A. (Hons.) Sociology
BSO108,1,B.A. (Hons.) Sociology
BSO109,1,B.A. (Hons.) Sociology
BSO110,1,B.A. (Hons.) Sociology
BSO111,1,B.A. (Hons.) Sociology
BSO112,1,B.A. (Hons.) Sociology
BSO113,1,B.A. (Hons.) Sociology
BSO114,1,B.A. (Hons.) Sociology
BSO115,1,B.A. (Hons.) Sociology
BSO201,2,B.A. (Hons.) Sociology
BSO202,2,B.A. (Hons.) Sociology
BSO203,2,B.A. (Hons.) Sociology
BSO204,2,B.A. (Hons.) Sociology
BSO205,2,B.A. (Hons.) Sociology
BSO206,2,B.A. (Hons.) Sociology
BSO207,2,B.A. (Hons.) Sociology
BSO208,2,B.A. (Hons.) Sociology
BSO209,2,B.A. (Hons.) Sociology
BSO210,2,B.A. (Hons.) Sociology
BSO211,2,B.A. (Hons.) Sociology
BSO212,2,B.A. (Hons.) Sociology
BSO213,2,B.A. (Hons.) Sociology
BSO214,2,B.A. (Hons.) Sociology
BSO215,2,B.A. (Hons.) Sociology
BSO301,3,B.A. (Hons.) Sociology
BSO302,3,B.A. (Hons.) Sociology
BSO303,3,B.A. (Hons.) Sociology
BSO304,3,B.A. (Hons.) Sociology
BSO305,3,B.A. (Hons.) Sociology
BSO306,3,B.A. (Hons.) Sociology
BSO307,3,B.A. (Hons.) Sociology
BSO308,3,B.A. (Hons.) Sociology
BSO309,3,B.A. (Hons.) Sociology
BSO310,3,B.A. (Hons.) Sociology
BSO311,3,B.A. (Hons.) Sociology
BSO312,3,B.A. (Hons.) Sociology
BSO313,3,B.A. (Hons.) Sociology
BSO314,3,B.A. (Hons.) Sociology
BSO315,3,B.A. (Hons.) Sociology
BSO401,4,B.A. (Hons.) Sociology
BSO402,4,B.A. (Hons.) Sociology
BSO403,4,B.A. (Hons.) Sociology
BSO404,4,B.A. (Hons.) Sociology
BSO405,4,B.A. (Hons.) Sociology
BSO406,4,B.A. (Hons.) Sociology
BSO407,4,B.A. (Hons.) Sociology
BSO408,4,B.A. (Hons.) Sociology
BSO409,4,B.A. (Hons.) Sociology
BSO410,4,B.A. (Hons.) Sociology
BSO411,4,B.A. (Hons.) Sociology
BSO412,4,B.A. (Hons.) Sociology
BSO413,4,B.A. (Hons.) Sociology
BSO414,4,B.A. (Hons.) Sociology
BSO415,4,B.A. (Hons.) Sociology
BSO501,5,B.A. (Hons.) Sociology
BSO502,5,B.A. (Hons.) Sociology
BSO503,5,B.A. (Hons.) Sociology
BSO504,5,B.A. (Hons.) Sociology
BSO505,5,B.A. (Hons.) Sociology
BSO506,5,B.A. (Hons.) Sociology
BSO507,5,B.A. (Hons.) Sociology
BSO508,5,B.A. (Hons.) Sociology
BSO509,5,B.A. (Hons.) Sociology
BSO510,5,B.A. (Hons.) Sociology
BSO511,5,B.A. (Hons.) Sociology
BSO512,5,B.A. (Hons.) Sociology
BSO513,5,B.A. (Hons.) Sociology
BSO514,5,B.A. (Hons.) Sociology
BSO515,5,B.A. (Hons.) Sociology
BSO601,6,B.A. (Hons.) Sociology
BSO602,6,B.A. (Hons.) Sociology
BSO603,6,B.A. (Hons.) Sociology
BSO604,6,B.A. (Hons.) Sociology
BSO605,6,B.A. (Hons.) Sociology
BSO606,6,B.A. (Hons.) Sociology
BSO607,6,B.A. (Hons.) Sociology
BSO608,6,B.A. (Hons.) Sociology
BSO609,6,B.A. (Hons.) Sociology
BSO610,6,B.A. (Hons.) Sociology
BSO611,6,B.A. (Hons.) Sociology
BSO612,6,B.A. (Hons.) Sociology
BSO613,6,B.A. (Hons.) Sociology
BSO614,6,B.A. (Hons.) Sociology
BSO615,6,B.A. (Hons.) Sociology
BSO701,7,B.A. (Hons.) Sociology
BSO702,7,B.A. (Hons.) Sociology
BSO703,7,B.A. (Hons.) Sociology
BSO704,7,B.A. (Hons.) Sociology
BSO705,7,B.A. (Hons.) Sociology
BSO706,7,B.A. (Hons.) Sociology
BSO707,7,B.A. (Hons.) Sociology
BSO708,7,B.A. (Hons.) Sociology
BSO709,7,B.A. (Hons.) Sociology
BSO710,7,B.A. (Hons.) Sociology
BSO711,7,B.A. (Hons.) Sociology
BSO712,7,B.A. (Hons.) Sociology
BSO713,7,B.A. (Hons.) Sociology
BSO714,7,B.A. (Hons.) Sociology
BSO715,7,B.A. (Hons.) Sociology
BSO801,8,B.A. (Hons.) Sociology
BSO802,8,B.A. (Hons.) Sociology
BSO803,8,B.A. (Hons.) Sociology
BSO804,8,B.A. (Hons.) Sociology
BSO805,8,B.A. (Hons.) Sociology
BSO806,8,B.A. (Hons.) Sociology
BSO807,8,B.A. (Hons.) Sociology
BSO808,8,B.A. (Hons.) Sociology
BSO809,8,B.A. (Hons.) Sociology
BSO810,8,B.A. (Hons.) Sociology
BSO811,8,B.A. (Hons.) Sociology
BSO812,8,B.A. (Hons.) Sociology
BSO813,8,B.A. (Hons.) Sociology
BSO814,8,B.A. (Hons.) Sociology
BSO815,8,B.A. (Hons.) Sociology
BSO101,1,B.A. (Hons.) Sociology with Research
BSO102,1,B.A. (Hons.) Sociology with Research
BSO103,1,B.A. (Hons.) Sociology with Research
BSO104,1,B.A. (Hons.) Sociology with Research
BSO105,1,B.A. (Hons.) Sociology with Research
BSO106,1,B.A. (Hons.) Sociology with Research
BSO107,1,B.A. (Hons.) Sociology with Research
BSO108,1,B.A. (Hons.) Sociology with Research
BSO109,1,B.A. (Hons.) Sociology with Research
BSO110,1,B.A. (Hons.) Sociology with Research
BSO111,1,B.A. (Hons.) Sociology with Research
BSO112,1,B.A. (Hons.) Sociology with Research
BSO113,1,B.A. (Hons.) Sociology with Research
BSO114,1,B.A. (Hons.) Sociology with Research
BSO115,1,B.A. (Hons.) Sociology with Research
BSO201,2,B.A. (Hons.) Sociology with Research
BSO202,2,B.A. (Hons.) Sociology with Research
BSO203,2,B.A. (Hons.) Sociology with Research
BSO204,2,B.A. (Hons.) Sociology with Research
BSO205,2,B.A. (Hons.) Sociology with Research
BSO206,2,B.A. (Hons.) Sociology with Research
BSO207,2,B.A. (Hons.) Sociology with Research
BSO208,2,B.A. (Hons.) Sociology with Research
BSO209,2,B.A. (Hons.) Sociology with Research
BSO210,2,B.A. (Hons.) Sociology with Research
BSO211,2,B.A. (Hons.) Sociology with Research
BSO212,2,B.A. (Hons.) Sociology with Research
BSO213,2,B.A. (Hons.) Sociology with Research
BSO214,2,B.A. (Hons.) Sociology with Research
BSO215,2,B.A. (Hons.) Sociology with Research
BSO301,3,B.A. (Hons.) Sociology with Research
BSO302,3,B.A. (Hons.) Sociology with Research
BSO303,3,B.A. (Hons.) Sociology with Research
BSO304,3,B.A. (Hons.) Sociology with Research
BSO305,3,B.A. (Hons.) Sociology with Research
BSO306,3,B.A. (Hons.) Sociology with Research
BSO307,3,B.A. (Hons.) Sociology with Research
BSO308,3,B.A. (Hons.) Sociology with Research
BSO309,3,B.A. (Hons.) Sociology with Research
BSO310,3,B.A. (Hons.) Sociology with Research
BSO311,3,B.A. (Hons.) Sociology with Research
BSO312,3,B.A. (Hons.) Sociology with Research
BSO313,3,B.A. (Hons.) Sociology with Research
BSO314,3,B.A. (Hons.) Sociology with Research
BSO315,3,B.A. (Hons.) Sociology with Research
BSO401,4,B.A. (Hons.) Sociology with Research
BSO402,4,B.A. (Hons.) Sociology with Research
BSO403,4,B.A. (Hons.) Sociology with Research
BSO404,4,B.A. (Hons.) Sociology with Research
BSO405,4,B.A. (Hons.) Sociology with Research
BSO406,4,B.A. (Hons.) Sociology with Research
BSO407,4,B.A. (Hons.) Sociology with Research
BSO408,4,B.A. (Hons.) Sociology with Research
BSO409,4,B.A. (Hons.) Sociology with Research
BSO410,4,B.A. (Hons.) Sociology with Research
BSO411,4,B.A. (Hons.) Sociology with Research
BSO412,4,B.A. (Hons.) Sociology with Research
BSO413,4,B.A. (Hons.) Sociology with Research
BSO414,4,B.A. (Hons.) Sociology with Research
BSO415,4,B.A. (Hons.) Sociology with Research
BSO501,5,B.A. (Hons.) Sociology with Research
BSO502,5,B.A. (Hons.) Sociology with Research
BSO503,5,B.A. (Hons.) Sociology with Research
BSO504,5,B.A. (Hons.) Sociology with Research
BSO505,5,B.A. (Hons.) Sociology with Research
BSO506,5,B.A. (Hons.) Sociology with Research
BSO507,5,B.A. (Hons.) Sociology with Research
BSO508,5,B.A. (Hons.) Sociology with Research
BSO509,5,B.A. (Hons.) Sociology with Research
BSO510,5,B.A. (Hons.) Sociology with Research
BSO511,5,B.A. (Hons.) Sociology with Research
BSO512,5,B.A. (Hons.) Sociology with Research
BSO513,5,B.A. (Hons.) Sociology with Research
BSO514,5,B.A. (Hons.) Sociology with Research
BSO515,5,B.A. (Hons.) Sociology with Research
BSO601,6,B.A. (Hons.) Sociology with Research
BSO602,6,B.A. (Hons.) Sociology with Research
BSO603,6,B.A. (Hons.) Sociology with Research
BSO604,6,B.A. (Hons.) Sociology with Research
BSO605,6,B.A. (Hons.) Sociology with Research
BSO606,6,B.A. (Hons.) Sociology with Research
BSO607,6,B.A. (Hons.) Sociology with Research
BSO608,6,B.A. (Hons.) Sociology with Research
BSO609,6,B.A. (Hons.) Sociology with Research
BSO610,6,B.A. (Hons.) Sociology with Research
BSO611,6,B.A. (Hons.) Sociology with Research
BSO612,6,B.A. (Hons.) Sociology with Research
BSO613,6,B.A. (Hons.) Sociology with Research
BSO614,6,B.A. (Hons.) Sociology with Research
BSO615,6,B.A. (Hons.) Sociology with Research
BSO701,7,B.A. (Hons.) Sociology with Research
BSO702,7,B.A. (Hons.) Sociology with Research
BSO703,7,B.A. (Hons.) Sociology with Research
BSO704,7,B.A. (Hons.) Sociology with Research
BSO705,7,B.A. (Hons.) Sociology with Research
BSO706,7,B.A. (Hons.) Sociology with Research
BSO707,7,B.A. (Hons.) Sociology with Research
BSO708,7,B.A. (Hons.) Sociology with Research
BSO709,7,B.A. (Hons.) Sociology with Research
BSO710,7,B.A. (Hons.) Sociology with Research
BSO711,7,B.A. (Hons.) Sociology with Research
BSO712,7,B.A. (Hons.) Sociology with Research
BSO713,7,B.A. (Hons.) Sociology with Research
BSO714,7,B.A. (Hons.) Sociology with Research
BSO715,7,B.A. (Hons.) Sociology with Research
BSO801,8,B.A. (Hons.) Sociology with Research
BSO802,8,B.A. (Hons.) Sociology with Research
BSO803,8,B.A. (Hons.) Sociology with Research
BSO804,8,B.A. (Hons.) Sociology with Research
BSO805,8,B.A. (Hons.) Sociology with Research
BSO806,8,B.A. (Hons.) Sociology with Research
BSO807,8,B.A. (Hons.) Sociology with Research
BSO808,8,B.A. (Hons.) Sociology with Research
BSO809,8,B.A. (Hons.) Sociology with Research
BSO810,8,B.A. (Hons.) Sociology with Research
BSO811,8,B.A. (Hons.) Sociology with Research
BSO812,8,B.A. (Hons.) Sociology with Research
BSO813,8,B.A. (Hons.) Sociology with Research
BSO814,8,B.A. (Hons.) Sociology with Research
BSO815,8,B.A. (Hons.) Sociology with Research
BCE101,1,B.A. with Civil Services Exam Preparation
BCE102,1,B.A. with Civil Services Exam Preparation
BCE103,1,B.A. with Civil Services Exam Preparation
BCE104,1,B.A. with Civil Services Exam Preparation
BCE105,1,B.A. with Civil Services Exam Preparation
BCE106,1,B.A. with Civil Services Exam Preparation
BCE107,1,B.A. with Civil Services Exam Preparation
BCE108,1,B.A. with Civil Services Exam Preparation
BCE109,1,B.A. with Civil Services Exam Preparation
BCE110,1,B.A. with Civil Services Exam Preparation
BCE111,1,B.A. with Civil Services Exam Preparation
BCE112,1,B.A. with Civil Services Exam Preparation
BCE113,1,B.A. with Civil Services Exam Preparation
BCE114,1,B.A. with Civil Services Exam Preparation
BCE115,1,B.A. with Civil Services Exam Preparation
BCE201,2,B.A. with Civil Services Exam Preparation
BCE202,2,B.A. with Civil Services Exam Preparation
BCE203,2,B.A. with Civil Services Exam Preparation
BCE204,2,B.A. with Civil Services Exam Preparation
BCE205,2,B.A. with Civil Services Exam Preparation
BCE206,2,B.A. with Civil Services Exam Preparation
BCE207,2,B.A. with Civil Services Exam Preparation
BCE208,2,B.A. with Civil Services Exam Preparation
BCE209,2,B.A. with Civil Services Exam Preparation
BCE210,2,B.A. with Civil Services Exam Preparation
BCE211,2,B.A. with Civil Services Exam Preparation
BCE212,2,B.A. with Civil Services Exam Preparation
BCE213,2,B.A. with Civil Services Exam Preparation
BCE214,2,B.A. with Civil Services Exam Preparation
BCE215,2,B.A. with Civil Services Exam Preparation
BCE301,3,B.A. with Civil Services Exam Preparation
BCE302,3,B.A. with Civil Services Exam Preparation
BCE303,3,B.A. with Civil Services Exam Preparation
BCE304,3,B.A. with Civil Services Exam Preparation
BCE305,3,B.A. with Civil Services Exam Preparation
BCE306,3,B.A. with Civil Services Exam Preparation
BCE307,3,B.A. with Civil Services Exam Preparation
BCE308,3,B.A. with Civil Services Exam Preparation
BCE309,3,B.A. with Civil Services Exam Preparation
BCE310,3,B.A. with Civil Services Exam Preparation
BCE311,3,B.A. with Civil Services Exam Preparation
BCE312,3,B.A. with Civil Services Exam Preparation
BCE313,3,B.A. with Civil Services Exam Preparation
BCE314,3,B.A. with Civil Services Exam Preparation
BCE315,3,B.A. with Civil Services Exam Preparation
BCE401,4,B.A. with Civil Services Exam Preparation
BCE402,4,B.A. with Civil Services Exam Preparation
BCE403,4,B.A. with Civil Services Exam Preparation
BCE404,4,B.A. with Civil Services Exam Preparation
BCE405,4,B.A. with Civil Services Exam Preparation
BCE406,4,B.A. with Civil Services Exam Preparation
BCE407,4,B.A. with Civil Services Exam Preparation
BCE408,4,B.A. with Civil Services Exam Preparation
BCE409,4,B.A. with Civil Services Exam Preparation
BCE410,4,B.A. with Civil Services Exam Preparation
BCE411,4,B.A. with Civil Services Exam Preparation
BCE412,4,B.A. with Civil Services Exam Preparation
BCE413,4,B.A. with Civil Services Exam Preparation
BCE414,4,B.A. with Civil Services Exam Preparation
BCE415,4,B.A. with Civil Services Exam Preparation
BCE501,5,B.A. with Civil Services Exam Preparation
BCE502,5,B.A. with Civil Services Exam Preparation
BCE503,5,B.A. with Civil Services Exam Preparation
BCE504,5,B.A. with Civil Services Exam Preparation
BCE505,5,B.A. with Civil Services Exam Preparation
BCE506,5,B.A. with Civil Services Exam Preparation
BCE507,5,B.A. with Civil Services Exam Preparation
BCE508,5,B.A. with Civil Services Exam Preparation
BCE509,5,B.A. with Civil Services Exam Preparation
BCE510,5,B.A. with Civil Services Exam Preparation
BCE511,5,B.A. with Civil Services Exam Preparation
BCE512,5,B.A. with Civil Services Exam Preparation
BCE513,5,B.A. with Civil Services Exam Preparation
BCE514,5,B.A. with Civil Services Exam Preparation
BCE515,5,B.A. with Civil Services Exam Preparation
BCE601,6,B.A. with Civil Services Exam Preparation
BCE602,6,B.A. with Civil Services Exam Preparation
BCE603,6,B.A. with Civil Services Exam Preparation
BCE604,6,B.A. with Civil Services Exam Preparation
BCE605,6,B.A. with Civil Services Exam Preparation
BCE606,6,B.A. with Civil Services Exam Preparation
BCE607,6,B.A. with Civil Services Exam Preparation
BCE608,6,B.A. with Civil Services Exam Preparation
BCE609,6,B.A. with Civil Services Exam Preparation
BCE610,6,B.A. with Civil Services Exam Preparation
BCE611,6,B.A. with Civil Services Exam Preparation
BCE612,6,B.A. with Civil Services Exam Preparation
BCE613,6,B.A. with Civil Services Exam Preparation
BCE614,6,B.A. with Civil Services Exam Preparation
BCE615,6,B.A. with Civil Services Exam Preparation
BCP101,1,B.Sc. (Hons.) Clinical Psychology
BCP102,1,B.Sc. (Hons.) Clinical Psychology
BCP103,1,B.Sc. (Hons.) Clinical Psychology
BCP104,1,B.Sc. (Hons.) Clinical Psychology
BCP105,1,B.Sc. (Hons.) Clinical Psychology
BCP106,1,B.Sc. (Hons.) Clinical Psychology
BCP107,1,B.Sc. (Hons.) Clinical Psychology
BCP108,1,B.Sc. (Hons.) Clinical Psychology
BCP109,1,B.Sc. (Hons.) Clinical Psychology
BCP110,1,B.Sc. (Hons.) Clinical Psychology
BCP111,1,B.Sc. (Hons.) Clinical Psychology
BCP112,1,B.Sc. (Hons.) Clinical Psychology
BCP113,1,B.Sc. (Hons.) Clinical Psychology
BCP114,1,B.Sc. (Hons.) Clinical Psychology
BCP115,1,B.Sc. (Hons.) Clinical Psychology
BCP201,2,B.Sc. (Hons.) Clinical Psychology
BCP202,2,B.Sc. (Hons.) Clinical Psychology
BCP203,2,B.Sc. (Hons.) Clinical Psychology
BCP204,2,B.Sc. (Hons.) Clinical Psychology
BCP205,2,B.Sc. (Hons.) Clinical Psychology
BCP206,2,B.Sc. (Hons.) Clinical Psychology
BCP207,2,B.Sc. (Hons.) Clinical Psychology
BCP208,2,B.Sc. (Hons.) Clinical Psychology
BCP209,2,B.Sc. (Hons.) Clinical Psychology
BCP210,2,B.Sc. (Hons.) Clinical Psychology
BCP211,2,B.Sc. (Hons.) Clinical Psychology
BCP212,2,B.Sc. (Hons.) Clinical Psychology
BCP213,2,B.Sc. (Hons.) Clinical Psychology
BCP214,2,B.Sc. (Hons.) Clinical Psychology
BCP215,2,B.Sc. (Hons.) Clinical Psychology
BCP301,3,B.Sc. (Hons.) Clinical Psychology
BCP302,3,B.Sc. (Hons.) Clinical Psychology
BCP303,3,B.Sc. (Hons.) Clinical Psychology
BCP304,3,B.Sc. (Hons.) Clinical Psychology
BCP305,3,B.Sc. (Hons.) Clinical Psychology
BCP306,3,B.Sc. (Hons.) Clinical Psychology
BCP307,3,B.Sc. (Hons.) Clinical Psychology
BCP308,3,B.Sc. (Hons.) Clinical Psychology
BCP309,3,B.Sc. (Hons.) Clinical Psychology
BCP310,3,B.Sc. (Hons.) Clinical Psychology
BCP311,3,B.Sc. (Hons.) Clinical Psychology
BCP312,3,B.Sc. (Hons.) Clinical Psychology
BCP313,3,B.Sc. (Hons.) Clinical Psychology
BCP314,3,B.Sc. (Hons.) Clinical Psychology
BCP315,3,B.Sc. (Hons.) Clinical Psychology
BCP401,4,B.Sc. (Hons.) Clinical Psychology
BCP402,4,B.Sc. (Hons.) Clinical Psychology
BCP403,4,B.Sc. (Hons.) Clinical Psychology
BCP404,4,B.Sc. (Hons.) Clinical Psychology
BCP405,4,B.Sc. (Hons.) Clinical Psychology
BCP406,4,B.Sc. (Hons.) Clinical Psychology
BCP407,4,B.Sc. (Hons.) Clinical Psychology
BCP408,4,B.Sc. (Hons.) Clinical Psychology
BCP409,4,B.Sc. (Hons.) Clinical Psychology
BCP410,4,B.Sc. (Hons.) Clinical Psychology
BCP411,4,B.Sc. (Hons.) Clinical Psychology
BCP412,4,B.Sc. (Hons.) Clinical Psychology
BCP413,4,B.Sc. (Hons.) Clinical Psychology
BCP414,4,B.Sc. (Hons.) Clinical Psychology
BCP415,4,B.Sc. (Hons.) Clinical Psychology
BCP501,5,B.Sc. (Hons.) Clinical Psychology
BCP502,5,B.Sc. (Hons.) Clinical Psychology
BCP503,5,B.Sc. (Hons.) Clinical Psychology
BCP504,5,B.Sc. (Hons.) Clinical Psychology
BCP505,5,B.Sc. (Hons.) Clinical Psychology
BCP506,5,B.Sc. (Hons.) Clinical Psychology
BCP507,5,B.Sc. (Hons.) Clinical Psychology
BCP508,5,B.Sc. (Hons.) Clinical Psychology
BCP509,5,B.Sc. (Hons.) Clinical Psychology
BCP510,5,B.Sc. (Hons.) Clinical Psychology
BCP511,5,B.Sc. (Hons.) Clinical Psychology
BCP512,5,B.Sc. (Hons.) Clinical Psychology
BCP513,5,B.Sc. (Hons.) Clinical Psychology
BCP514,5,B.Sc. (Hons.) Clinical Psychology
BCP515,5,B.Sc. (Hons.) Clinical Psychology
BCP601,6,B.Sc. (Hons.) Clinical Psychology
BCP602,6,B.Sc. (Hons.) Clinical Psychology
BCP603,6,B.Sc. (Hons.) Clinical Psychology
BCP604,6,B.Sc. (Hons.) Clinical Psychology
BCP605,6,B.Sc. (Hons.) Clinical Psychology
BCP606,6,B.Sc. (Hons.) Clinical Psychology
BCP607,6,B.Sc. (Hons.) Clinical Psychology
BCP608,6,B.Sc. (Hons.) Clinical Psychology
BCP609,6,B.Sc. (Hons.) Clinical Psychology
BCP610,6,B.Sc. (Hons.) Clinical Psychology
BCP611,6,B.Sc. (Hons.) Clinical Psychology
BCP612,6,B.Sc. (Hons.) Clinical Psychology
BCP613,6,B.Sc. (Hons.) Clinical Psychology
BCP614,6,B.Sc. (Hons.) Clinical Psychology
BCP615,6,B.Sc. (Hons.) Clinical Psychology
BCP701,7,B.Sc. (Hons.) Clinical Psychology
BCP702,7,B.Sc. (Hons.) Clinical Psychology
BCP703,7,B.Sc. (Hons.) Clinical Psychology
BCP704,7,B.Sc. (Hons.) Clinical Psychology
BCP705,7,B.Sc. (Hons.) Clinical Psychology
BCP706,7,B.Sc. (Hons.) Clinical Psychology
BCP707,7,B.Sc. (Hons.) Clinical Psychology
BCP708,7,B.Sc. (Hons.) Clinical Psychology
BCP709,7,B.Sc. (Hons.) Clinical Psychology
BCP710,7,B.Sc. (Hons.) Clinical Psychology
BCP711,7,B.Sc. (Hons.) Clinical Psychology
BCP712,7,B.Sc. (Hons.) Clinical Psychology
BCP713,7,B.Sc. (Hons.) Clinical Psychology
BCP714,7,B.Sc. (Hons.) Clinical Psychology
BCP715,7,B.Sc. (Hons.) Clinical Psychology
BCP801,8,B.Sc. (Hons.) Clinical Psychology
BCP802,8,B.Sc. (Hons.) Clinical Psychology
BCP803,8,B.Sc. (Hons.) Clinical Psychology
BCP804,8,B.Sc. (Hons.) Clinical Psychology
BCP805,8,B.Sc. (Hons.) Clinical Psychology
BCP806,8,B.Sc. (Hons.) Clinical Psychology
BCP807,8,B.Sc. (Hons.) Clinical Psychology
BCP808,8,B.Sc. (Hons.) Clinical Psychology
BCP809,8,B.Sc. (Hons.) Clinical Psychology
BCP810,8,B.Sc. (Hons.) Clinical Psychology
BCP811,8,B.Sc. (Hons.) Clinical Psychology
BCP812,8,B.Sc. (Hons.) Clinical Psychology
BCP813,8,B.Sc. (Hons.) Clinical Psychology
BCP814,8,B.Sc. (Hons.) Clinical Psychology
BCP815,8,B.Sc. (Hons.) Clinical Psychology
BCP101,1,B.Sc. (Hons.) Clinical Psychology with Research
BCP102,1,B.Sc. (Hons.) Clinical Psychology with Research
BCP103,1,B.Sc. (Hons.) Clinical Psychology with Research
BCP104,1,B.Sc. (Hons.) Clinical Psychology with Research
BCP105,1,B.Sc. (Hons.) Clinical Psychology with Research
BCP106,1,B.Sc. (Hons.) Clinical Psychology with Research
BCP107,1,B.Sc. (Hons.) Clinical Psychology with Research
BCP108,1,B.Sc. (Hons.) Clinical Psychology with Research
BCP109,1,B.Sc. (Hons.) Clinical Psychology with Research
BCP110,1,B.Sc. (Hons.) Clinical Psychology with Research
BCP111,1,B.Sc. (Hons.) Clinical Psychology with Research
BCP112,1,B.Sc. (Hons.) Clinical Psychology with Research
BCP113,1,B.Sc. (Hons.) Clinical Psychology with Research
BCP114,1,B.Sc. (Hons.) Clinical Psychology with Research
BCP115,1,B.Sc. (Hons.) Clinical Psychology with Research
BCP201,2,B.Sc. (Hons.) Clinical Psychology with Research
BCP202,2,B.Sc. (Hons.) Clinical Psychology with Research
BCP203,2,B.Sc. (Hons.) Clinical Psychology with Research
BCP204,2,B.Sc. (Hons.) Clinical Psychology with Research
BCP205,2,B.Sc. (Hons.) Clinical Psychology with Research
BCP206,2,B.Sc. (Hons.) Clinical Psychology with Research
BCP207,2,B.Sc. (Hons.) Clinical Psychology with Research
BCP208,2,B.Sc. (Hons.) Clinical Psychology with Research
BCP209,2,B.Sc. (Hons.) Clinical Psychology with Research
BCP210,2,B.Sc. (Hons.) Clinical Psychology with Research
BCP211,2,B.Sc. (Hons.) Clinical Psychology with Research
BCP212,2,B.Sc. (Hons.) Clinical Psychology with Research
BCP213,2,B.Sc. (Hons.) Clinical Psychology with Research
BCP214,2,B.Sc. (Hons.) Clinical Psychology with Research
BCP215,2,B.Sc. (Hons.) Clinical Psychology with Research
BCP301,3,B.Sc. (Hons.) Clinical Psychology with Research
BCP302,3,B.Sc. (Hons.) Clinical Psychology with Research
BCP303,3,B.Sc. (Hons.) Clinical Psychology with Research
BCP304,3,B.Sc. (Hons.) Clinical Psychology with Research
BCP305,3,B.Sc. (Hons.) Clinical Psychology with Research
BCP306,3,B.Sc. (Hons.) Clinical Psychology with Research
BCP307,3,B.Sc. (Hons.) Clinical Psychology with Research
BCP308,3,B.Sc. (Hons.) Clinical Psychology with Research
BCP309,3,B.Sc. (Hons.) Clinical Psychology with Research
BCP310,3,B.Sc. (Hons.) Clinical Psychology with Research
BCP311,3,B.Sc. (Hons.) Clinical Psychology with Research
BCP312,3,B.Sc. (Hons.) Clinical Psychology with Research
BCP313,3,B.Sc. (Hons.) Clinical Psychology with Research
BCP314,3,B.Sc. (Hons.) Clinical Psychology with Research
BCP315,3,B.Sc. (Hons.) Clinical Psychology with Research
BCP401,4,B.Sc. (Hons.) Clinical Psychology with Research
BCP402,4,B.Sc. (Hons.) Clinical Psychology with Research
BCP403,4,B.Sc. (Hons.) Clinical Psychology with Research
BCP404,4,B.Sc. (Hons.) Clinical Psychology with Research
BCP405,4,B.Sc. (Hons.) Clinical Psychology with Research
BCP406,4,B.Sc. (Hons.) Clinical Psychology with Research
BCP407,4,B.Sc. (Hons.) Clinical Psychology with Research
BCP408,4,B.Sc. (Hons.) Clinical Psychology with Research
BCP409,4,B.Sc. (Hons.) Clinical Psychology with Research
BCP410,4,B.Sc. (Hons.) Clinical Psychology with Research
BCP411,4,B.Sc. (Hons.) Clinical Psychology with Research
BCP412,4,B.Sc. (Hons.) Clinical Psychology with Research
BCP413,4,B.Sc. (Hons.) Clinical Psychology with Research
BCP414,4,B.Sc. (Hons.) Clinical Psychology with Research
BCP415,4,B.Sc. (Hons.) Clinical Psychology with Research
BCP501,5,B.Sc. (Hons.) Clinical Psychology with Research
BCP502,5,B.Sc. (Hons.) Clinical Psychology with Research
BCP503,5,B.Sc. (Hons.) Clinical Psychology with Research
BCP504,5,B.Sc. (Hons.) Clinical Psychology with Research
BCP505,5,B.Sc. (Hons.) Clinical Psychology with Research
BCP506,5,B.Sc. (Hons.) Clinical Psychology with Research
BCP507,5,B.Sc. (Hons.) Clinical Psychology with Research
BCP508,5,B.Sc. (Hons.) Clinical Psychology with Research
BCP509,5,B.Sc. (Hons.) Clinical Psychology with Research
BCP510,5,B.Sc. (Hons.) Clinical Psychology with Research
BCP511,5,B.Sc. (Hons.) Clinical Psychology with Research
BCP512,5,B.Sc. (Hons.) Clinical Psychology with Research
BCP513,5,B.Sc. (Hons.) Clinical Psychology with Research
BCP514,5,B.Sc. (Hons.) Clinical Psychology with Research
BCP515,5,B.Sc. (Hons.) Clinical Psychology with Research
BCP601,6,B.Sc. (Hons.) Clinical Psychology with Research
BCP602,6,B.Sc. (Hons.) Clinical Psychology with Research
BCP603,6,B.Sc. (Hons.) Clinical Psychology with Research
BCP604,6,B.Sc. (Hons.) Clinical Psychology with Research
BCP605,6,B.Sc. (Hons.) Clinical Psychology with Research
BCP606,6,B.Sc. (Hons.) Clinical Psychology with Research
BCP607,6,B.Sc. (Hons.) Clinical Psychology with Research
BCP608,6,B.Sc. (Hons.) Clinical Psychology with Research
BCP609,6,B.Sc. (Hons.) Clinical Psychology with Research
BCP610,6,B.Sc. (Hons.) Clinical Psychology with Research
BCP611,6,B.Sc. (Hons.) Clinical Psychology with Research
BCP612,6,B.Sc. (Hons.) Clinical Psychology with Research
BCP613,6,B.Sc. (Hons.) Clinical Psychology with Research
BCP614,6,B.Sc. (Hons.) Clinical Psychology with Research
BCP615,6,B.Sc. (Hons.) Clinical Psychology with Research
BCP701,7,B.Sc. (Hons.) Clinical Psychology with Research
BCP702,7,B.Sc. (Hons.) Clinical Psychology with Research
BCP703,7,B.Sc. (Hons.) Clinical Psychology with Research
BCP704,7,B.Sc. (Hons.) Clinical Psychology with Research
BCP705,7,B.Sc. (Hons.) Clinical Psychology with Research
BCP706,7,B.Sc. (Hons.) Clinical Psychology with Research
BCP707,7,B.Sc. (Hons.) Clinical Psychology with Research
BCP708,7,B.Sc. (Hons.) Clinical Psychology with Research
BCP709,7,B.Sc. (Hons.) Clinical Psychology with Research
BCP710,7,B.Sc. (Hons.) Clinical Psychology with Research
BCP711,7,B.Sc. (Hons.) Clinical Psychology with Research
BCP712,7,B.Sc. (Hons.) Clinical Psychology with Research
BCP713,7,B.Sc. (Hons.) Clinical Psychology with Research
BCP714,7,B.Sc. (Hons.) Clinical Psychology with Research
BCP715,7,B.Sc. (Hons.) Clinical Psychology with Research
BCP801,8,B.Sc. (Hons.) Clinical Psychology with Research
BCP802,8,B.Sc. (Hons.) Clinical Psychology with Research
BCP803,8,B.Sc. (Hons.) Clinical Psychology with Research
BCP804,8,B.Sc. (Hons.) Clinical Psychology with Research
BCP805,8,B.Sc. (Hons.) Clinical Psychology with Research
BCP806,8,B.Sc. (Hons.) Clinical Psychology with Research
BCP807,8,B.Sc. (Hons.) Clinical Psychology with Research
BCP808,8,B.Sc. (Hons.) Clinical Psychology with Research
BCP809,8,B.Sc. (Hons.) Clinical Psychology with Research
BCP810,8,B.Sc. (Hons.) Clinical Psychology with Research
BCP811,8,B.Sc. (Hons.) Clinical Psychology with Research
BCP812,8,B.Sc. (Hons.) Clinical Psychology with Research
BCP813,8,B.Sc. (Hons.) Clinical Psychology with Research
BCP814,8,B.Sc. (Hons.) Clinical Psychology with Research
BCP815,8,B.Sc. (Hons.) Clinical Psychology with Research
BAR101,1,Bachelor of Arts
BAR102,1,Bachelor of Arts
BAR103,1,Bachelor of Arts
BAR104,1,Bachelor of Arts
BAR105,1,Bachelor of Arts
BAR106,1,Bachelor of Arts
BAR107,1,Bachelor of Arts
BAR108,1,Bachelor of Arts
BAR109,1,Bachelor of Arts
BAR110,1,Bachelor of Arts
BAR111,1,Bachelor of Arts
BAR112,1,Bachelor of Arts
BAR113,1,Bachelor of Arts
BAR114,1,Bachelor of Arts
BAR115,1,Bachelor of Arts
BAR201,2,Bachelor of Arts
BAR202,2,Bachelor of Arts
BAR203,2,Bachelor of Arts
BAR204,2,Bachelor of Arts
BAR205,2,Bachelor of Arts
BAR206,2,Bachelor of Arts
BAR207,2,Bachelor of Arts
BAR208,2,Bachelor of Arts
BAR209,2,Bachelor of Arts
BAR210,2,Bachelor of Arts
BAR211,2,Bachelor of Arts
BAR212,2,Bachelor of Arts
BAR213,2,Bachelor of Arts
BAR214,2,Bachelor of Arts
BAR215,2,Bachelor of Arts
BAR301,3,Bachelor of Arts
BAR302,3,Bachelor of Arts
BAR303,3,Bachelor of Arts
BAR304,3,Bachelor of Arts
BAR305,3,Bachelor of Arts
BAR306,3,Bachelor of Arts
BAR307,3,Bachelor of Arts
BAR308,3,Bachelor of Arts
BAR309,3,Bachelor of Arts
BAR310,3,Bachelor of Arts
BAR311,3,Bachelor of Arts
BAR312,3,Bachelor of Arts
BAR313,3,Bachelor of Arts
BAR314,3,Bachelor of Arts
BAR315,3,Bachelor of Arts
BAR401,4,Bachelor of Arts
BAR402,4,Bachelor of Arts
BAR403,4,Bachelor of Arts
BAR404,4,Bachelor of Arts
BAR405,4,Bachelor of Arts
BAR406,4,Bachelor of Arts
BAR407,4,Bachelor of Arts
BAR408,4,Bachelor of Arts
BAR409,4,Bachelor of Arts
BAR410,4,Bachelor of Arts
BAR411,4,Bachelor of Arts
BAR412,4,Bachelor of Arts
BAR413,4,Bachelor of Arts
BAR414,4,Bachelor of Arts
BAR415,4,Bachelor of Arts
BAR501,5,Bachelor of Arts
BAR502,5,Bachelor of Arts
BAR503,5,Bachelor of Arts
BAR504,5,Bachelor of Arts
BAR505,5,Bachelor of Arts
BAR506,5,Bachelor of Arts
BAR507,5,Bachelor of Arts
BAR508,5,Bachelor of Arts
BAR509,5,Bachelor of Arts
BAR510,5,Bachelor of Arts
BAR511,5,Bachelor of Arts
BAR512,5,Bachelor of Arts
BAR513,5,Bachelor of Arts
BAR514,5,Bachelor of Arts
BAR515,5,Bachelor of Arts
BAR601,6,Bachelor of Arts
BAR602,6,Bachelor of Arts
BAR603,6,Bachelor of Arts
BAR604,6,Bachelor of Arts
BAR605,6,Bachelor of Arts
BAR606,6,Bachelor of Arts
BAR607,6,Bachelor of Arts
BAR608,6,Bachelor of Arts
BAR609,6,Bachelor of Arts
BAR610,6,Bachelor of Arts
BAR611,6,Bachelor of Arts
BAR612,6,Bachelor of Arts
BAR613,6,Bachelor of Arts
BAR614,6,Bachelor of Arts
BAR615,6,Bachelor of Arts
LAW101,1,B.A. LL.B. (Hons.)
LAW102,1,B.A. LL.B. (Hons.)
LAW103,1,B.A. LL.B. (Hons.)
LAW104,1,B.A. LL.B. (Hons.)
LAW105,1,B.A. LL.B. (Hons.)
LAW106,1,B.A. LL.B. (Hons.)
LAW107,1,B.A. LL.B. (Hons.)
LAW108,1,B.A. LL.B. (Hons.)
LAW109,1,B.A. LL.B. (Hons.)
LAW110,1,B.A. LL.B. (Hons.)
LAW111,1,B.A. LL.B. (Hons.)
LAW112,1,B.A. LL.B. (Hons.)
LAW113,1,B.A. LL.B. (Hons.)
LAW114,1,B.A. LL.B. (Hons.)
LAW115,1,B.A. LL.B. (Hons.)
LAW201,2,B.A. LL.B. (Hons.)
LAW202,2,B.A. LL.B. (Hons.)
LAW203,2,B.A. LL.B. (Hons.)
LAW204,2,B.A. LL.B. (Hons.)
LAW205,2,B.A. LL.B. (Hons.)
LAW206,2,B.A. LL.B. (Hons.)
LAW207,2,B.A. LL.B. (Hons.)
LAW208,2,B.A. LL.B. (Hons.)
LAW209,2,B.A. LL.B. (Hons.)
LAW210,2,B.A. LL.B. (Hons.)
LAW211,2,B.A. LL.B. (Hons.)
LAW212,2,B.A. LL.B. (Hons.)
LAW213,2,B.A. LL.B. (Hons.)
LAW214,2,B.A. LL.B. (Hons.)
LAW215,2,B.A. LL.B. (Hons.)
LAW301,3,B.A. LL.B. (Hons.)
LAW302,3,B.A. LL.B. (Hons.)
LAW303,3,B.A. LL.B. (Hons.)
LAW304,3,B.A. LL.B. (Hons.)
LAW305,3,B.A. LL.B. (Hons.)
LAW306,3,B.A. LL.B. (Hons.)
LAW307,3,B.A. LL.B. (Hons.)
LAW308,3,B.A. LL.B. (Hons.)
LAW309,3,B.A. LL.B. (Hons.)
LAW310,3,B.A. LL.B. (Hons.)
LAW311,3,B.A. LL.B. (Hons.)
LAW312,3,B.A. LL.B. (Hons.)
LAW313,3,B.A. LL.B. (Hons.)
LAW314,3,B.A. LL.B. (Hons.)
LAW315,3,B.A. LL.B. (Hons.)
LAW401,4,B.A. LL.B. (Hons.)
LAW402,4,B.A. LL.B. (Hons.)
LAW403,4,B.A. LL.B. (Hons.)
LAW404,4,B.A. LL.B. (Hons.)
LAW405,4,B.A. LL.B. (Hons.)
LAW406,4,B.A. LL.B. (Hons.)
LAW407,4,B.A. LL.B. (Hons.)
LAW408,4,B.A. LL.B. (Hons.)
LAW409,4,B.A. LL.B. (Hons.)
LAW410,4,B.A. LL.B. (Hons.)
LAW411,4,B.A. LL.B. (Hons.)
LAW412,4,B.A. LL.B. (Hons.)
LAW413,4,B.A. LL.B. (Hons.)
LAW414,4,B.A. LL.B. (Hons.)
LAW415,4,B.A. LL.B. (Hons.)
LAW501,5,B.A. LL.B. (Hons.)
LAW502,5,B.A. LL.B. (Hons.)
LAW503,5,B.A. LL.B. (Hons.)
LAW504,5,B.A. LL.B. (Hons.)
LAW505,5,B.A. LL.B. (Hons.)
LAW506,5,B.A. LL.B. (Hons.)
LAW507,5,B.A. LL.B. (Hons.)
LAW508,5,B.A. LL.B. (Hons.)
LAW509,5,B.A. LL.B. (Hons.)
LAW510,5,B.A. LL.B. (Hons.)
LAW511,5,B.A. LL.B. (Hons.)
LAW512,5,B.A. LL.B. (Hons.)
LAW513,5,B.A. LL.B. (Hons.)
LAW514,5,B.A. LL.B. (Hons.)
LAW515,5,B.A. LL.B. (Hons.)
LAW601,6,B.A. LL.B. (Hons.)
LAW602,6,B.A. LL.B. (Hons.)
LAW603,6,B.A. LL.B. (Hons.)
LAW604,6,B.A. LL.B. (Hons.)
LAW605,6,B.A. LL.B. (Hons.)
LAW606,6,B.A. LL.B. (Hons.)
LAW607,6,B.A. LL.B. (Hons.)
LAW608,6,B.A. LL.B. (Hons.)
LAW609,6,B.A. LL.B. (Hons.)
LAW610,6,B.A. LL.B. (Hons.)
LAW611,6,B.A. LL.B. (Hons.)
LAW612,6,B.A. LL.B. (Hons.)
LAW613,6,B.A. LL.B. (Hons.)
LAW614,6,B.A. LL.B. (Hons.)
LAW615,6,B.A. LL.B. (Hons.)
LAW701,7,B.A. LL.B. (Hons.)
LAW702,7,B.A. LL.B. (Hons.)
LAW703,7,B.A. LL.B. (Hons.)
LAW704,7,B.A. LL.B. (Hons.)
LAW705,7,B.A. LL.B. (Hons.)
LAW706,7,B.A. LL.B. (Hons.)
LAW707,7,B.A. LL.B. (Hons.)
LAW708,7,B.A. LL.B. (Hons.)
LAW709,7,B.A. LL.B. (Hons.)
LAW710,7,B.A. LL.B. (Hons.)
LAW711,7,B.A. LL.B. (Hons.)
LAW712,7,B.A. LL.B. (Hons.)
LAW713,7,B.A. LL.B. (Hons.)
LAW714,7,B.A. LL.B. (Hons.)
LAW715,7,B.A. LL.B. (Hons.)
LAW801,8,B.A. LL.B. (Hons.)
LAW802,8,B.A. LL.B. (Hons.)
LAW803,8,B.A. LL.B. (Hons.)
LAW804,8,B.A. LL.B. (Hons.)
LAW805,8,B.A. LL.B. (Hons.)
LAW806,8,B.A. LL.B. (Hons.)
LAW807,8,B.A. LL.B. (Hons.)
LAW808,8,B.A. LL.B. (Hons.)
LAW809,8,B.A. LL.B. (Hons.)
LAW810,8,B.A. LL.B. (Hons.)
LAW811,8,B.A. LL.B. (Hons.)
LAW812,8,B.A. LL.B. (Hons.)
LAW813,8,B.A. LL.B. (Hons.)
LAW814,8,B.A. LL.B. (Hons.)
LAW815,8,B.A. LL.B. (Hons.)
LAW901,9,B.A. LL.B. (Hons.)
LAW902,9,B.A. LL.B. (Hons.)
LAW903,9,B.A. LL.B. (Hons.)
LAW904,9,B.A. LL.B. (Hons.)
LAW905,9,B.A. LL.B. (Hons.)
LAW906,9,B.A. LL.B. (Hons.)
LAW907,9,B.A. LL.B. (Hons.)
LAW908,9,B.A. LL.B. (Hons.)
LAW909,9,B.A. LL.B. (Hons.)
LAW910,9,B.A. LL.B. (Hons.)
LAW911,9,B.A. LL.B. (Hons.)
LAW912,9,B.A. LL.B. (Hons.)
LAW913,9,B.A. LL.B. (Hons.)
LAW914,9,B.A. LL.B. (Hons.)
LAW915,9,B.A. LL.B. (Hons.)
LAW1001,10,B.A. LL.B. (Hons.)
LAW1002,10,B.A. LL.B. (Hons.)
LAW1003,10,B.A. LL.B. (Hons.)
LAW1004,10,B.A. LL.B. (Hons.)
LAW1005,10,B.A. LL.B. (Hons.)
LAW1006,10,B.A. LL.B. (Hons.)
LAW1007,10,B.A. LL.B. (Hons.)
LAW1008,10,B.A. LL.B. (Hons.)
LAW1009,10,B.A. LL.B. (Hons.)
LAW1010,10,B.A. LL.B. (Hons.)
LAW1011,10,B.A. LL.B. (Hons.)
LAW1012,10,B.A. LL.B. (Hons.)
LAW1013,10,B.A. LL.B. (Hons.)
LAW1014,10,B.A. LL.B. (Hons.)
LAW1015,10,B.A. LL.B. (Hons.)
LAW101,1,B.B.A. LL.B. (Hons.)
LAW102,1,B.B.A. LL.B. (Hons.)
LAW103,1,B.B.A. LL.B. (Hons.)
LAW104,1,B.B.A. LL.B. (Hons.)
LAW105,1,B.B.A. LL.B. (Hons.)
LAW106,1,B.B.A. LL.B. (Hons.)
LAW107,1,B.B.A. LL.B. (Hons.)
LAW108,1,B.B.A. LL.B. (Hons.)
LAW109,1,B.B.A. LL.B. (Hons.)
LAW110,1,B.B.A. LL.B. (Hons.)
LAW111,1,B.B.A. LL.B. (Hons.)
LAW112,1,B.B.A. LL.B. (Hons.)
LAW113,1,B.B.A. LL.B. (Hons.)
LAW114,1,B.B.A. LL.B. (Hons.)
LAW115,1,B.B.A. LL.B. (Hons.)
LAW201,2,B.B.A. LL.B. (Hons.)
LAW202,2,B.B.A. LL.B. (Hons.)
LAW203,2,B.B.A. LL.B. (Hons.)
LAW204,2,B.B.A. LL.B. (Hons.)
LAW205,2,B.B.A. LL.B. (Hons.)
LAW206,2,B.B.A. LL.B. (Hons.)
LAW207,2,B.B.A. LL.B. (Hons.)
LAW208,2,B.B.A. LL.B. (Hons.)
LAW209,2,B.B.A. LL.B. (Hons.)
LAW210,2,B.B.A. LL.B. (Hons.)
LAW211,2,B.B.A. LL.B. (Hons.)
LAW212,2,B.B.A. LL.B. (Hons.)
LAW213,2,B.B.A. LL.B. (Hons.)
LAW214,2,B.B.A. LL.B. (Hons.)
LAW215,2,B.B.A. LL.B. (Hons.)
LAW301,3,B.B.A. LL.B. (Hons.)
LAW302,3,B.B.A. LL.B. (Hons.)
LAW303,3,B.B.A. LL.B. (Hons.)
LAW304,3,B.B.A. LL.B. (Hons.)
LAW305,3,B.B.A. LL.B. (Hons.)
LAW306,3,B.B.A. LL.B. (Hons.)
LAW307,3,B.B.A. LL.B. (Hons.)
LAW308,3,B.B.A. LL.B. (Hons.)
LAW309,3,B.B.A. LL.B. (Hons.)
LAW310,3,B.B.A. LL.B. (Hons.)
LAW311,3,B.B.A. LL.B. (Hons.)
LAW312,3,B.B.A. LL.B. (Hons.)
LAW313,3,B.B.A. LL.B. (Hons.)
LAW314,3,B.B.A. LL.B. (Hons.)
LAW315,3,B.B.A. LL.B. (Hons.)
LAW401,4,B.B.A. LL.B. (Hons.)
LAW402,4,B.B.A. LL.B. (Hons.)
LAW403,4,B.B.A. LL.B. (Hons.)
LAW404,4,B.B.A. LL.B. (Hons.)
LAW405,4,B.B.A. LL.B. (Hons.)
LAW406,4,B.B.A. LL.B. (Hons.)
LAW407,4,B.B.A. LL.B. (Hons.)
LAW408,4,B.B.A. LL.B. (Hons.)
LAW409,4,B.B.A. LL.B. (Hons.)
LAW410,4,B.B.A. LL.B. (Hons.)
LAW411,4,B.B.A. LL.B. (Hons.)
LAW412,4,B.B.A. LL.B. (Hons.)
LAW413,4,B.B.A. LL.B. (Hons.)
LAW414,4,B.B.A. LL.B. (Hons.)
LAW415,4,B.B.A. LL.B. (Hons.)
LAW501,5,B.B.A. LL.B. (Hons.)
LAW502,5,B.B.A. LL.B. (Hons.)
LAW503,5,B.B.A. LL.B. (Hons.)
LAW504,5,B.B.A. LL.B. (Hons.)
LAW505,5,B.B.A. LL.B. (Hons.)
LAW506,5,B.B.A. LL.B. (Hons.)
LAW507,5,B.B.A. LL.B. (Hons.)
LAW508,5,B.B.A. LL.B. (Hons.)
LAW509,5,B.B.A. LL.B. (Hons.)
LAW510,5,B.B.A. LL.B. (Hons.)
LAW511,5,B.B.A. LL.B. (Hons.)
LAW512,5,B.B.A. LL.B. (Hons.)
LAW513,5,B.B.A. LL.B. (Hons.)
LAW514,5,B.B.A. LL.B. (Hons.)
LAW515,5,B.B.A. LL.B. (Hons.)
LAW601,6,B.B.A. LL.B. (Hons.)
LAW602,6,B.B.A. LL.B. (Hons.)
LAW603,6,B.B.A. LL.B. (Hons.)
LAW604,6,B.B.A. LL.B. (Hons.)
LAW605,6,B.B.A. LL.B. (Hons.)
LAW606,6,B.B.A. LL.B. (Hons.)
LAW607,6,B.B.A. LL.B. (Hons.)
LAW608,6,B.B.A. LL.B. (Hons.)
LAW609,6,B.B.A. LL.B. (Hons.)
LAW610,6,B.B.A. LL.B. (Hons.)
LAW611,6,B.B.A. LL.B. (Hons.)
LAW612,6,B.B.A. LL.B. (Hons.)
LAW613,6,B.B.A. LL.B. (Hons.)
LAW614,6,B.B.A. LL.B. (Hons.)
LAW615,6,B.B.A. LL.B. (Hons.)
LAW701,7,B.B.A. LL.B. (Hons.)
LAW702,7,B.B.A. LL.B. (Hons.)
LAW703,7,B.B.A. LL.B. (Hons.)
LAW704,7,B.B.A. LL.B. (Hons.)
LAW705,7,B.B.A. LL.B. (Hons.)
LAW706,7,B.B.A. LL.B. (Hons.)
LAW707,7,B.B.A. LL.B. (Hons.)
LAW708,7,B.B.A. LL.B. (Hons.)
LAW709,7,B.B.A. LL.B. (Hons.)
LAW710,7,B.B.A. LL.B. (Hons.)
LAW711,7,B.B.A. LL.B. (Hons.)
LAW712,7,B.B.A. LL.B. (Hons.)
LAW713,7,B.B.A. LL.B. (Hons.)
LAW714,7,B.B.A. LL.B. (Hons.)
LAW715,7,B.B.A. LL.B. (Hons.)
LAW801,8,B.B.A. LL.B. (Hons.)
LAW802,8,B.B.A. LL.B. (Hons.)
LAW803,8,B.B.A. LL.B. (Hons.)
LAW804,8,B.B.A. LL.B. (Hons.)
LAW805,8,B.B.A. LL.B. (Hons.)
LAW806,8,B.B.A. LL.B. (Hons.)
LAW807,8,B.B.A. LL.B. (Hons.)
LAW808,8,B.B.A. LL.B. (Hons.)
LAW809,8,B.B.A. LL.B. (Hons.)
LAW810,8,B.B.A. LL.B. (Hons.)
LAW811,8,B.B.A. LL.B. (Hons.)
LAW812,8,B.B.A. LL.B. (Hons.)
LAW813,8,B.B.A. LL.B. (Hons.)
LAW814,8,B.B.A. LL.B. (Hons.)
LAW815,8,B.B.A. LL.B. (Hons.)
LAW901,9,B.B.A. LL.B. (Hons.)
LAW902,9,B.B.A. LL.B. (Hons.)
LAW903,9,B.B.A. LL.B. (Hons.)
LAW904,9,B.B.A. LL.B. (Hons.)
LAW905,9,B.B.A. LL.B. (Hons.)
LAW906,9,B.B.A. LL.B. (Hons.)
LAW907,9,B.B.A. LL.B. (Hons.)
LAW908,9,B.B.A. LL.B. (Hons.)
LAW909,9,B.B.A. LL.B. (Hons.)
LAW910,9,B.B.A. LL.B. (Hons.)
LAW911,9,B.B.A. LL.B. (Hons.)
LAW912,9,B.B.A. LL.B. (Hons.)
LAW913,9,B.B.A. LL.B. (Hons.)
LAW914,9,B.B.A. LL.B. (Hons.)
LAW915,9,B.B.A. LL.B. (Hons.)
LAW1001,10,B.B.A. LL.B. (Hons.)
LAW1002,10,B.B.A. LL.B. (Hons.)
LAW1003,10,B.B.A. LL.B. (Hons.)
LAW1004,10,B.B.A. LL.B. (Hons.)
LAW1005,10,B.B.A. LL.B. (Hons.)
LAW1006,10,B.B.A. LL.B. (Hons.)
LAW1007,10,B.B.A. LL.B. (Hons.)
LAW1008,10,B.B.A. LL.B. (Hons.)
LAW1009,10,B.B.A. LL.B. (Hons.)
LAW1010,10,B.B.A. LL.B. (Hons.)
LAW1011,10,B.B.A. LL.B. (Hons.)
LAW1012,10,B.B.A. LL.B. (Hons.)
LAW1013,10,B.B.A. LL.B. (Hons.)
LAW1014,10,B.B.A. LL.B. (Hons.)
LAW1015,10,B.B.A. LL.B. (Hons.)
LLB101,1,LL.B. (Hons.)
LLB102,1,LL.B. (Hons.)
LLB103,1,LL.B. (Hons.)
LLB104,1,LL.B. (Hons.)
LLB105,1,LL.B. (Hons.)
LLB106,1,LL.B. (Hons.)
LLB107,1,LL.B. (Hons.)
LLB108,1,LL.B. (Hons.)
LLB109,1,LL.B. (Hons.)
LLB110,1,LL.B. (Hons.)
LLB111,1,LL.B. (Hons.)
LLB112,1,LL.B. (Hons.)
LLB113,1,LL.B. (Hons.)
LLB114,1,LL.B. (Hons.)
LLB115,1,LL.B. (Hons.)
LLB201,2,LL.B. (Hons.)
LLB202,2,LL.B. (Hons.)
LLB203,2,LL.B. (Hons.)
LLB204,2,LL.B. (Hons.)
LLB205,2,LL.B. (Hons.)
LLB206,2,LL.B. (Hons.)
LLB207,2,LL.B. (Hons.)
LLB208,2,LL.B. (Hons.)
LLB209,2,LL.B. (Hons.)
LLB210,2,LL.B. (Hons.)
LLB211,2,LL.B. (Hons.)
LLB212,2,LL.B. (Hons.)
LLB213,2,LL.B. (Hons.)
LLB214,2,LL.B. (Hons.)
LLB215,2,LL.B. (Hons.)
LLB301,3,LL.B. (Hons.)
LLB302,3,LL.B. (Hons.)
LLB303,3,LL.B. (Hons.)
LLB304,3,LL.B. (Hons.)
LLB305,3,LL.B. (Hons.)
LLB306,3,LL.B. (Hons.)
LLB307,3,LL.B. (Hons.)
LLB308,3,LL.B. (Hons.)
LLB309,3,LL.B. (Hons.)
LLB310,3,LL.B. (Hons.)
LLB311,3,LL.B. (Hons.)
LLB312,3,LL.B. (Hons.)
LLB313,3,LL.B. (Hons.)
LLB314,3,LL.B. (Hons.)
LLB315,3,LL.B. (Hons.)
LLB401,4,LL.B. (Hons.)
LLB402,4,LL.B. (Hons.)
LLB403,4,LL.B. (Hons.)
LLB404,4,LL.B. (Hons.)
LLB405,4,LL.B. (Hons.)
LLB406,4,LL.B. (Hons.)
LLB407,4,LL.B. (Hons.)
LLB408,4,LL.B. (Hons.)
LLB409,4,LL.B. (Hons.)
LLB410,4,LL.B. (Hons.)
LLB411,4,LL.B. (Hons.)
LLB412,4,LL.B. (Hons.)
LLB413,4,LL.B. (Hons.)
LLB414,4,LL.B. (Hons.)
LLB415,4,LL.B. (Hons.)
LLB501,5,LL.B. (Hons.)
LLB502,5,LL.B. (Hons.)
LLB503,5,LL.B. (Hons.)
LLB504,5,LL.B. (Hons.)
LLB505,5,LL.B. (Hons.)
LLB506,5,LL.B. (Hons.)
LLB507,5,LL.B. (Hons.)
LLB508,5,LL.B. (Hons.)
LLB509,5,LL.B. (Hons.)
LLB510,5,LL.B. (Hons.)
LLB511,5,LL.B. (Hons.)
LLB512,5,LL.B. (Hons.)
LLB513,5,LL.B. (Hons.)
LLB514,5,LL.B. (Hons.)
LLB515,5,LL.B. (Hons.)
LLB601,6,LL.B. (Hons.)
LLB602,6,LL.B. (Hons.)
LLB603,6,LL.B. (Hons.)
LLB604,6,LL.B. (Hons.)
LLB605,6,LL.B. (Hons.)
LLB606,6,LL.B. (Hons.)
LLB607,6,LL.B. (Hons.)
LLB608,6,LL.B. (Hons.)
LLB609,6,LL.B. (Hons.)
LLB610,6,LL.B. (Hons.)
LLB611,6,LL.B. (Hons.)
LLB612,6,LL.B. (Hons.)
LLB613,6,LL.B. (Hons.)
LLB614,6,LL.B. (Hons.)
LLB615,6,LL.B. (Hons.)
TME101,1,B.Tech Mechanical Engineering for Working Professionals
TME102,1,B.Tech Mechanical Engineering for Working Professionals
TME103,1,B.Tech Mechanical Engineering for Working Professionals
TME104,1,B.Tech Mechanical Engineering for Working Professionals
TME105,1,B.Tech Mechanical Engineering for Working Professionals
TME106,1,B.Tech Mechanical Engineering for Working Professionals
TME107,1,B.Tech Mechanical Engineering for Working Professionals
TME108,1,B.Tech Mechanical Engineering for Working Professionals
TME109,1,B.Tech Mechanical Engineering for Working Professionals
TME110,1,B.Tech Mechanical Engineering for Working Professionals
TME111,1,B.Tech Mechanical Engineering for Working Professionals
TME112,1,B.Tech Mechanical Engineering for Working Professionals
TME113,1,B.Tech Mechanical Engineering for Working Professionals
TME114,1,B.Tech Mechanical Engineering for Working Professionals
TME115,1,B.Tech Mechanical Engineering for Working Professionals
TME201,2,B.Tech Mechanical Engineering for Working Professionals
TME202,2,B.Tech Mechanical Engineering for Working Professionals
TME203,2,B.Tech Mechanical Engineering for Working Professionals
TME204,2,B.Tech Mechanical Engineering for Working Professionals
TME205,2,B.Tech Mechanical Engineering for Working Professionals
TME206,2,B.Tech Mechanical Engineering for Working Professionals
TME207,2,B.Tech Mechanical Engineering for Working Professionals
TME208,2,B.Tech Mechanical Engineering for Working Professionals
TME209,2,B.Tech Mechanical Engineering for Working Professionals
TME210,2,B.Tech Mechanical Engineering for Working Professionals
TME211,2,B.Tech Mechanical Engineering for Working Professionals
TME212,2,B.Tech Mechanical Engineering for Working Professionals
TME213,2,B.Tech Mechanical Engineering for Working Professionals
TME214,2,B.Tech Mechanical Engineering for Working Professionals
TME215,2,B.Tech Mechanical Engineering for Working Professionals
TME301,3,B.Tech Mechanical Engineering for Working Professionals
TME302,3,B.Tech Mechanical Engineering for Working Professionals
TME303,3,B.Tech Mechanical Engineering for Working Professionals
TME304,3,B.Tech Mechanical Engineering for Working Professionals
TME305,3,B.Tech Mechanical Engineering for Working Professionals
TME306,3,B.Tech Mechanical Engineering for Working Professionals
TME307,3,B.Tech Mechanical Engineering for Working Professionals
TME308,3,B.Tech Mechanical Engineering for Working Professionals
TME309,3,B.Tech Mechanical Engineering for Working Professionals
TME310,3,B.Tech Mechanical Engineering for Working Professionals
TME311,3,B.Tech Mechanical Engineering for Working Professionals
TME312,3,B.Tech Mechanical Engineering for Working Professionals
TME313,3,B.Tech Mechanical Engineering for Working Professionals
TME314,3,B.Tech Mechanical Engineering for Working Professionals
TME315,3,B.Tech Mechanical Engineering for Working Professionals
TME401,4,B.Tech Mechanical Engineering for Working Professionals
TME402,4,B.Tech Mechanical Engineering for Working Professionals
TME403,4,B.Tech Mechanical Engineering for Working Professionals
TME404,4,B.Tech Mechanical Engineering for Working Professionals
TME405,4,B.Tech Mechanical Engineering for Working Professionals
TME406,4,B.Tech Mechanical Engineering for Working Professionals
TME407,4,B.Tech Mechanical Engineering for Working Professionals
TME408,4,B.Tech Mechanical Engineering for Working Professionals
TME409,4,B.Tech Mechanical Engineering for Working Professionals
TME410,4,B.Tech Mechanical Engineering for Working Professionals
TME411,4,B.Tech Mechanical Engineering for Working Professionals
TME412,4,B.Tech Mechanical Engineering for Working Professionals
TME413,4,B.Tech Mechanical Engineering for Working Professionals
TME414,4,B.Tech Mechanical Engineering for Working Professionals
TME415,4,B.Tech Mechanical Engineering for Working Professionals
TME501,5,B.Tech Mechanical Engineering for Working Professionals
TME502,5,B.Tech Mechanical Engineering for Working Professionals
TME503,5,B.Tech Mechanical Engineering for Working Professionals
TME504,5,B.Tech Mechanical Engineering for Working Professionals
TME505,5,B.Tech Mechanical Engineering for Working Professionals
TME506,5,B.Tech Mechanical Engineering for Working Professionals
TME507,5,B.Tech Mechanical Engineering for Working Professionals
TME508,5,B.Tech Mechanical Engineering for Working Professionals
TME509,5,B.Tech Mechanical Engineering for Working Professionals
TME510,5,B.Tech Mechanical Engineering for Working Professionals
TME511,5,B.Tech Mechanical Engineering for Working Professionals
TME512,5,B.Tech Mechanical Engineering for Working Professionals
TME513,5,B.Tech Mechanical Engineering for Working Professionals
TME514,5,B.Tech Mechanical Engineering for Working Professionals
TME515,5,B.Tech Mechanical Engineering for Working Professionals
TME601,6,B.Tech Mechanical Engineering for Working Professionals
TME602,6,B.Tech Mechanical Engineering for Working Professionals
TME603,6,B.Tech Mechanical Engineering for Working Professionals
TME604,6,B.Tech Mechanical Engineering for Working Professionals
TME605,6,B.Tech Mechanical Engineering for Working Professionals
TME606,6,B.Tech Mechanical Engineering for Working Professionals
TME607,6,B.Tech Mechanical Engineering for Working Professionals
TME608,6,B.Tech Mechanical Engineering for Working Professionals
TME609,6,B.Tech Mechanical Engineering for Working Professionals
TME610,6,B.Tech Mechanical Engineering for Working Professionals
TME611,6,B.Tech Mechanical Engineering for Working Professionals
TME612,6,B.Tech Mechanical Engineering for Working Professionals
TME613,6,B.Tech Mechanical Engineering for Working Professionals
TME614,6,B.Tech Mechanical Engineering for Working Professionals
TME615,6,B.Tech Mechanical Engineering for Working Professionals
TME701,7,B.Tech Mechanical Engineering for Working Professionals
TME702,7,B.Tech Mechanical Engineering for Working Professionals
TME703,7,B.Tech Mechanical Engineering for Working Professionals
TME704,7,B.Tech Mechanical Engineering for Working Professionals
TME705,7,B.Tech Mechanical Engineering for Working Professionals
TME706,7,B.Tech Mechanical Engineering for Working Professionals
TME707,7,B.Tech Mechanical Engineering for Working Professionals
TME708,7,B.Tech Mechanical Engineering for Working Professionals
TME709,7,B.Tech Mechanical Engineering for Working Professionals
TME710,7,B.Tech Mechanical Engineering for Working Professionals
TME711,7,B.Tech Mechanical Engineering for Working Professionals
TME712,7,B.Tech Mechanical Engineering for Working Professionals
TME713,7,B.Tech Mechanical Engineering for Working Professionals
TME714,7,B.Tech Mechanical Engineering for Working Professionals
TME715,7,B.Tech Mechanical Engineering for Working Professionals
TME801,8,B.Tech Mechanical Engineering for Working Professionals
TME802,8,B.Tech Mechanical Engineering for Working Professionals
TME803,8,B.Tech Mechanical Engineering for Working Professionals
TME804,8,B.Tech Mechanical Engineering for Working Professionals
TME805,8,B.Tech Mechanical Engineering for Working Professionals
TME806,8,B.Tech Mechanical Engineering for Working Professionals
TME807,8,B.Tech Mechanical Engineering for Working Professionals
TME808,8,B.Tech Mechanical Engineering for Working Professionals
TME809,8,B.Tech Mechanical Engineering for Working Professionals
TME810,8,B.Tech Mechanical Engineering for Working Professionals
TME811,8,B.Tech Mechanical Engineering for Working Professionals
TME812,8,B.Tech Mechanical Engineering for Working Professionals
TME813,8,B.Tech Mechanical Engineering for Working Professionals
TME814,8,B.Tech Mechanical Engineering for Working Professionals
TME815,8,B.Tech Mechanical Engineering for Working Professionals
TME101,1,B.Tech. Mechanical Engineering
TME102,1,B.Tech. Mechanical Engineering
TME103,1,B.Tech. Mechanical Engineering
TME104,1,B.Tech. Mechanical Engineering
TME105,1,B.Tech. Mechanical Engineering
TME106,1,B.Tech. Mechanical Engineering
TME107,1,B.Tech. Mechanical Engineering
TME108,1,B.Tech. Mechanical Engineering
TME109,1,B.Tech. Mechanical Engineering
TME110,1,B.Tech. Mechanical Engineering
TME111,1,B.Tech. Mechanical Engineering
TME112,1,B.Tech. Mechanical Engineering
TME113,1,B.Tech. Mechanical Engineering
TME114,1,B.Tech. Mechanical Engineering
TME115,1,B.Tech. Mechanical Engineering
TME201,2,B.Tech. Mechanical Engineering
TME202,2,B.Tech. Mechanical Engineering
TME203,2,B.Tech. Mechanical Engineering
TME204,2,B.Tech. Mechanical Engineering
TME205,2,B.Tech. Mechanical Engineering
TME206,2,B.Tech. Mechanical Engineering
TME207,2,B.Tech. Mechanical Engineering
TME208,2,B.Tech. Mechanical Engineering
TME209,2,B.Tech. Mechanical Engineering
TME210,2,B.Tech. Mechanical Engineering
TME211,2,B.Tech. Mechanical Engineering
TME212,2,B.Tech. Mechanical Engineering
TME213,2,B.Tech. Mechanical Engineering
TME214,2,B.Tech. Mechanical Engineering
TME215,2,B.Tech. Mechanical Engineering
TME301,3,B.Tech. Mechanical Engineering
TME302,3,B.Tech. Mechanical Engineering
TME303,3,B.Tech. Mechanical Engineering
TME304,3,B.Tech. Mechanical Engineering
TME305,3,B.Tech. Mechanical Engineering
TME306,3,B.Tech. Mechanical Engineering
TME307,3,B.Tech. Mechanical Engineering
TME308,3,B.Tech. Mechanical Engineering
TME309,3,B.Tech. Mechanical Engineering
TME310,3,B.Tech. Mechanical Engineering
TME311,3,B.Tech. Mechanical Engineering
TME312,3,B.Tech. Mechanical Engineering
TME313,3,B.Tech. Mechanical Engineering
TME314,3,B.Tech. Mechanical Engineering
TME315,3,B.Tech. Mechanical Engineering
TME401,4,B.Tech. Mechanical Engineering
TME402,4,B.Tech. Mechanical Engineering
TME403,4,B.Tech. Mechanical Engineering
TME404,4,B.Tech. Mechanical Engineering
TME405,4,B.Tech. Mechanical Engineering
TME406,4,B.Tech. Mechanical Engineering
TME407,4,B.Tech. Mechanical Engineering
TME408,4,B.Tech. Mechanical Engineering
TME409,4,B.Tech. Mechanical Engineering
TME410,4,B.Tech. Mechanical Engineering
TME411,4,B.Tech. Mechanical Engineering
TME412,4,B.Tech. Mechanical Engineering
TME413,4,B.Tech. Mechanical Engineering
TME414,4,B.Tech. Mechanical Engineering
TME415,4,B.Tech. Mechanical Engineering
TME501,5,B.Tech. Mechanical Engineering
TME502,5,B.Tech. Mechanical Engineering
TME503,5,B.Tech. Mechanical Engineering
TME504,5,B.Tech. Mechanical Engineering
TME505,5,B.Tech. Mechanical Engineering
TME506,5,B.Tech. Mechanical Engineering
TME507,5,B.Tech. Mechanical Engineering
TME508,5,B.Tech. Mechanical Engineering
TME509,5,B.Tech. Mechanical Engineering
TME510,5,B.Tech. Mechanical Engineering
TME511,5,B.Tech. Mechanical Engineering
TME512,5,B.Tech. Mechanical Engineering
TME513,5,B.Tech. Mechanical Engineering
TME514,5,B.Tech. Mechanical Engineering
TME515,5,B.Tech. Mechanical Engineering
TME601,6,B.Tech. Mechanical Engineering
TME602,6,B.Tech. Mechanical Engineering
TME603,6,B.Tech. Mechanical Engineering
TME604,6,B.Tech. Mechanical Engineering
TME605,6,B.Tech. Mechanical Engineering
TME606,6,B.Tech. Mechanical Engineering
TME607,6,B.Tech. Mechanical Engineering
TME608,6,B.Tech. Mechanical Engineering
TME609,6,B.Tech. Mechanical Engineering
TME610,6,B.Tech. Mechanical Engineering
TME611,6,B.Tech. Mechanical Engineering
TME612,6,B.Tech. Mechanical Engineering
TME613,6,B.Tech. Mechanical Engineering
TME614,6,B.Tech. Mechanical Engineering
TME615,6,B.Tech. Mechanical Engineering
TME701,7,B.Tech. Mechanical Engineering
TME702,7,B.Tech. Mechanical Engineering
TME703,7,B.Tech. Mechanical Engineering
TME704,7,B.Tech. Mechanical Engineering
TME705,7,B.Tech. Mechanical Engineering
TME706,7,B.Tech. Mechanical Engineering
TME707,7,B.Tech. Mechanical Engineering
TME708,7,B.Tech. Mechanical Engineering
TME709,7,B.Tech. Mechanical Engineering
TME710,7,B.Tech. Mechanical Engineering
TME711,7,B.Tech. Mechanical Engineering
TME712,7,B.Tech. Mechanical Engineering
TME713,7,B.Tech. Mechanical Engineering
TME714,7,B.Tech. Mechanical Engineering
TME715,7,B.Tech. Mechanical Engineering
TME801,8,B.Tech. Mechanical Engineering
TME802,8,B.Tech. Mechanical Engineering
TME803,8,B.Tech. Mechanical Engineering
TME804,8,B.Tech. Mechanical Engineering
TME805,8,B.Tech. Mechanical Engineering
TME806,8,B.Tech. Mechanical Engineering
TME807,8,B.Tech. Mechanical Engineering
TME808,8,B.Tech. Mechanical Engineering
TME809,8,B.Tech. Mechanical Engineering
TME810,8,B.Tech. Mechanical Engineering
TME811,8,B.Tech. Mechanical Engineering
TME812,8,B.Tech. Mechanical Engineering
TME813,8,B.Tech. Mechanical Engineering
TME814,8,B.Tech. Mechanical Engineering
TME815,8,B.Tech. Mechanical Engineering
BMB101,1,B.Sc. (Hons.) Microbiology
BMB102,1,B.Sc. (Hons.) Microbiology
BMB103,1,B.Sc. (Hons.) Microbiology
BMB104,1,B.Sc. (Hons.) Microbiology
BMB105,1,B.Sc. (Hons.) Microbiology
BMB106,1,B.Sc. (Hons.) Microbiology
BMB107,1,B.Sc. (Hons.) Microbiology
BMB108,1,B.Sc. (Hons.) Microbiology
BMB109,1,B.Sc. (Hons.) Microbiology
BMB110,1,B.Sc. (Hons.) Microbiology
BMB111,1,B.Sc. (Hons.) Microbiology
BMB112,1,B.Sc. (Hons.) Microbiology
BMB113,1,B.Sc. (Hons.) Microbiology
BMB114,1,B.Sc. (Hons.) Microbiology
BMB115,1,B.Sc. (Hons.) Microbiology
BMB201,2,B.Sc. (Hons.) Microbiology
BMB202,2,B.Sc. (Hons.) Microbiology
BMB203,2,B.Sc. (Hons.) Microbiology
BMB204,2,B.Sc. (Hons.) Microbiology
BMB205,2,B.Sc. (Hons.) Microbiology
BMB206,2,B.Sc. (Hons.) Microbiology
BMB207,2,B.Sc. (Hons.) Microbiology
BMB208,2,B.Sc. (Hons.) Microbiology
BMB209,2,B.Sc. (Hons.) Microbiology
BMB210,2,B.Sc. (Hons.) Microbiology
BMB211,2,B.Sc. (Hons.) Microbiology
BMB212,2,B.Sc. (Hons.) Microbiology
BMB213,2,B.Sc. (Hons.) Microbiology
BMB214,2,B.Sc. (Hons.) Microbiology
BMB215,2,B.Sc. (Hons.) Microbiology
BMB301,3,B.Sc. (Hons.) Microbiology
BMB302,3,B.Sc. (Hons.) Microbiology
BMB303,3,B.Sc. (Hons.) Microbiology
BMB304,3,B.Sc. (Hons.) Microbiology
BMB305,3,B.Sc. (Hons.) Microbiology
BMB306,3,B.Sc. (Hons.) Microbiology
BMB307,3,B.Sc. (Hons.) Microbiology
BMB308,3,B.Sc. (Hons.) Microbiology
BMB309,3,B.Sc. (Hons.) Microbiology
BMB310,3,B.Sc. (Hons.) Microbiology
BMB311,3,B.Sc. (Hons.) Microbiology
BMB312,3,B.Sc. (Hons.) Microbiology
BMB313,3,B.Sc. (Hons.) Microbiology
BMB314,3,B.Sc. (Hons.) Microbiology
BMB315,3,B.Sc. (Hons.) Microbiology
BMB401,4,B.Sc. (Hons.) Microbiology
BMB402,4,B.Sc. (Hons.) Microbiology
BMB403,4,B.Sc. (Hons.) Microbiology
BMB404,4,B.Sc. (Hons.) Microbiology
BMB405,4,B.Sc. (Hons.) Microbiology
BMB406,4,B.Sc. (Hons.) Microbiology
BMB407,4,B.Sc. (Hons.) Microbiology
BMB408,4,B.Sc. (Hons.) Microbiology
BMB409,4,B.Sc. (Hons.) Microbiology
BMB410,4,B.Sc. (Hons.) Microbiology
BMB411,4,B.Sc. (Hons.) Microbiology
BMB412,4,B.Sc. (Hons.) Microbiology
BMB413,4,B.Sc. (Hons.) Microbiology
BMB414,4,B.Sc. (Hons.) Microbiology
BMB415,4,B.Sc. (Hons.) Microbiology
BMB501,5,B.Sc. (Hons.) Microbiology
BMB502,5,B.Sc. (Hons.) Microbiology
BMB503,5,B.Sc. (Hons.) Microbiology
BMB504,5,B.Sc. (Hons.) Microbiology
BMB505,5,B.Sc. (Hons.) Microbiology
BMB506,5,B.Sc. (Hons.) Microbiology
BMB507,5,B.Sc. (Hons.) Microbiology
BMB508,5,B.Sc. (Hons.) Microbiology
BMB509,5,B.Sc. (Hons.) Microbiology
BMB510,5,B.Sc. (Hons.) Microbiology
BMB511,5,B.Sc. (Hons.) Microbiology
BMB512,5,B.Sc. (Hons.) Microbiology
BMB513,5,B.Sc. (Hons.) Microbiology
BMB514,5,B.Sc. (Hons.) Microbiology
BMB515,5,B.Sc. (Hons.) Microbiology
BMB601,6,B.Sc. (Hons.) Microbiology
BMB602,6,B.Sc. (Hons.) Microbiology
BMB603,6,B.Sc. (Hons.) Microbiology
BMB604,6,B.Sc. (Hons.) Microbiology
BMB605,6,B.Sc. (Hons.) Microbiology
BMB606,6,B.Sc. (Hons.) Microbiology
BMB607,6,B.Sc. (Hons.) Microbiology
BMB608,6,B.Sc. (Hons.) Microbiology
BMB609,6,B.Sc. (Hons.) Microbiology
BMB610,6,B.Sc. (Hons.) Microbiology
BMB611,6,B.Sc. (Hons.) Microbiology
BMB612,6,B.Sc. (Hons.) Microbiology
BMB613,6,B.Sc. (Hons.) Microbiology
BMB614,6,B.Sc. (Hons.) Microbiology
BMB615,6,B.Sc. (Hons.) Microbiology
BMB701,7,B.Sc. (Hons.) Microbiology
BMB702,7,B.Sc. (Hons.) Microbiology
BMB703,7,B.Sc. (Hons.) Microbiology
BMB704,7,B.Sc. (Hons.) Microbiology
BMB705,7,B.Sc. (Hons.) Microbiology
BMB706,7,B.Sc. (Hons.) Microbiology
BMB707,7,B.Sc. (Hons.) Microbiology
BMB708,7,B.Sc. (Hons.) Microbiology
BMB709,7,B.Sc. (Hons.) Microbiology
BMB710,7,B.Sc. (Hons.) Microbiology
BMB711,7,B.Sc. (Hons.) Microbiology
BMB712,7,B.Sc. (Hons.) Microbiology
BMB713,7,B.Sc. (Hons.) Microbiology
BMB714,7,B.Sc. (Hons.) Microbiology
BMB715,7,B.Sc. (Hons.) Microbiology
BMB801,8,B.Sc. (Hons.) Microbiology
BMB802,8,B.Sc. (Hons.) Microbiology
BMB803,8,B.Sc. (Hons.) Microbiology
BMB804,8,B.Sc. (Hons.) Microbiology
BMB805,8,B.Sc. (Hons.) Microbiology
BMB806,8,B.Sc. (Hons.) Microbiology
BMB807,8,B.Sc. (Hons.) Microbiology
BMB808,8,B.Sc. (Hons.) Microbiology
BMB809,8,B.Sc. (Hons.) Microbiology
BMB810,8,B.Sc. (Hons.) Microbiology
BMB811,8,B.Sc. (Hons.) Microbiology
BMB812,8,B.Sc. (Hons.) Microbiology
BMB813,8,B.Sc. (Hons.) Microbiology
BMB814,8,B.Sc. (Hons.) Microbiology
BMB815,8,B.Sc. (Hons.) Microbiology
BNS101,1,B.Sc Nursing
BNS102,1,B.Sc Nursing
BNS103,1,B.Sc Nursing
BNS104,1,B.Sc Nursing
BNS105,1,B.Sc Nursing
BNS106,1,B.Sc Nursing
BNS107,1,B.Sc Nursing
BNS108,1,B.Sc Nursing
BNS109,1,B.Sc Nursing
BNS110,1,B.Sc Nursing
BNS111,1,B.Sc Nursing
BNS112,1,B.Sc Nursing
BNS113,1,B.Sc Nursing
BNS114,1,B.Sc Nursing
BNS115,1,B.Sc Nursing
BNS201,2,B.Sc Nursing
BNS202,2,B.Sc Nursing
BNS203,2,B.Sc Nursing
BNS204,2,B.Sc Nursing
BNS205,2,B.Sc Nursing
BNS206,2,B.Sc Nursing
BNS207,2,B.Sc Nursing
BNS208,2,B.Sc Nursing
BNS209,2,B.Sc Nursing
BNS210,2,B.Sc Nursing
BNS211,2,B.Sc Nursing
BNS212,2,B.Sc Nursing
BNS213,2,B.Sc Nursing
BNS214,2,B.Sc Nursing
BNS215,2,B.Sc Nursing
BNS301,3,B.Sc Nursing
BNS302,3,B.Sc Nursing
BNS303,3,B.Sc Nursing
BNS304,3,B.Sc Nursing
BNS305,3,B.Sc Nursing
BNS306,3,B.Sc Nursing
BNS307,3,B.Sc Nursing
BNS308,3,B.Sc Nursing
BNS309,3,B.Sc Nursing
BNS310,3,B.Sc Nursing
BNS311,3,B.Sc Nursing
BNS312,3,B.Sc Nursing
BNS313,3,B.Sc Nursing
BNS314,3,B.Sc Nursing
BNS315,3,B.Sc Nursing
BNS401,4,B.Sc Nursing
BNS402,4,B.Sc Nursing
BNS403,4,B.Sc Nursing
BNS404,4,B.Sc Nursing
BNS405,4,B.Sc Nursing
BNS406,4,B.Sc Nursing
BNS407,4,B.Sc Nursing
BNS408,4,B.Sc Nursing
BNS409,4,B.Sc Nursing
BNS410,4,B.Sc Nursing
BNS411,4,B.Sc Nursing
BNS412,4,B.Sc Nursing
BNS413,4,B.Sc Nursing
BNS414,4,B.Sc Nursing
BNS415,4,B.Sc Nursing
BNS501,5,B.Sc Nursing
BNS502,5,B.Sc Nursing
BNS503,5,B.Sc Nursing
BNS504,5,B.Sc Nursing
BNS505,5,B.Sc Nursing
BNS506,5,B.Sc Nursing
BNS507,5,B.Sc Nursing
BNS508,5,B.Sc Nursing
BNS509,5,B.Sc Nursing
BNS510,5,B.Sc Nursing
BNS511,5,B.Sc Nursing
BNS512,5,B.Sc Nursing
BNS513,5,B.Sc Nursing
BNS514,5,B.Sc Nursing
BNS515,5,B.Sc Nursing
BNS601,6,B.Sc Nursing
BNS602,6,B.Sc Nursing
BNS603,6,B.Sc Nursing
BNS604,6,B.Sc Nursing
BNS605,6,B.Sc Nursing
BNS606,6,B.Sc Nursing
BNS607,6,B.Sc Nursing
BNS608,6,B.Sc Nursing
BNS609,6,B.Sc Nursing
BNS610,6,B.Sc Nursing
BNS611,6,B.Sc Nursing
BNS612,6,B.Sc Nursing
BNS613,6,B.Sc Nursing
BNS614,6,B.Sc Nursing
BNS615,6,B.Sc Nursing
BNS701,7,B.Sc Nursing
BNS702,7,B.Sc Nursing
BNS703,7,B.Sc Nursing
BNS704,7,B.Sc Nursing
BNS705,7,B.Sc Nursing
BNS706,7,B.Sc Nursing
BNS707,7,B.Sc Nursing
BNS708,7,B.Sc Nursing
BNS709,7,B.Sc Nursing
BNS710,7,B.Sc Nursing
BNS711,7,B.Sc Nursing
BNS712,7,B.Sc Nursing
BNS713,7,B.Sc Nursing
BNS714,7,B.Sc Nursing
BNS715,7,B.Sc Nursing
BNS801,8,B.Sc Nursing
BNS802,8,B.Sc Nursing
BNS803,8,B.Sc Nursing
BNS804,8,B.Sc Nursing
BNS805,8,B.Sc Nursing
BNS806,8,B.Sc Nursing
BNS807,8,B.Sc Nursing
BNS808,8,B.Sc Nursing
BNS809,8,B.Sc Nursing
BNS810,8,B.Sc Nursing
BNS811,8,B.Sc Nursing
BNS812,8,B.Sc Nursing
BNS813,8,B.Sc Nursing
BNS814,8,B.Sc Nursing
BNS815,8,B.Sc Nursing
BOT101,1,B.Sc. Operation Theatre (BOTT)
BOT102,1,B.Sc. Operation Theatre (BOTT)
BOT103,1,B.Sc. Operation Theatre (BOTT)
BOT104,1,B.Sc. Operation Theatre (BOTT)
BOT105,1,B.Sc. Operation Theatre (BOTT)
BOT106,1,B.Sc. Operation Theatre (BOTT)
BOT107,1,B.Sc. Operation Theatre (BOTT)
BOT108,1,B.Sc. Operation Theatre (BOTT)
BOT109,1,B.Sc. Operation Theatre (BOTT)
BOT110,1,B.Sc. Operation Theatre (BOTT)
BOT111,1,B.Sc. Operation Theatre (BOTT)
BOT112,1,B.Sc. Operation Theatre (BOTT)
BOT113,1,B.Sc. Operation Theatre (BOTT)
BOT114,1,B.Sc. Operation Theatre (BOTT)
BOT115,1,B.Sc. Operation Theatre (BOTT)
BOT201,2,B.Sc. Operation Theatre (BOTT)
BOT202,2,B.Sc. Operation Theatre (BOTT)
BOT203,2,B.Sc. Operation Theatre (BOTT)
BOT204,2,B.Sc. Operation Theatre (BOTT)
BOT205,2,B.Sc. Operation Theatre (BOTT)
BOT206,2,B.Sc. Operation Theatre (BOTT)
BOT207,2,B.Sc. Operation Theatre (BOTT)
BOT208,2,B.Sc. Operation Theatre (BOTT)
BOT209,2,B.Sc. Operation Theatre (BOTT)
BOT210,2,B.Sc. Operation Theatre (BOTT)
BOT211,2,B.Sc. Operation Theatre (BOTT)
BOT212,2,B.Sc. Operation Theatre (BOTT)
BOT213,2,B.Sc. Operation Theatre (BOTT)
BOT214,2,B.Sc. Operation Theatre (BOTT)
BOT215,2,B.Sc. Operation Theatre (BOTT)
BOT301,3,B.Sc. Operation Theatre (BOTT)
BOT302,3,B.Sc. Operation Theatre (BOTT)
BOT303,3,B.Sc. Operation Theatre (BOTT)
BOT304,3,B.Sc. Operation Theatre (BOTT)
BOT305,3,B.Sc. Operation Theatre (BOTT)
BOT306,3,B.Sc. Operation Theatre (BOTT)
BOT307,3,B.Sc. Operation Theatre (BOTT)
BOT308,3,B.Sc. Operation Theatre (BOTT)
BOT309,3,B.Sc. Operation Theatre (BOTT)
BOT310,3,B.Sc. Operation Theatre (BOTT)
BOT311,3,B.Sc. Operation Theatre (BOTT)
BOT312,3,B.Sc. Operation Theatre (BOTT)
BOT313,3,B.Sc. Operation Theatre (BOTT)
BOT314,3,B.Sc. Operation Theatre (BOTT)
BOT315,3,B.Sc. Operation Theatre (BOTT)
BOT401,4,B.Sc. Operation Theatre (BOTT)
BOT402,4,B.Sc. Operation Theatre (BOTT)
BOT403,4,B.Sc. Operation Theatre (BOTT)
BOT404,4,B.Sc. Operation Theatre (BOTT)
BOT405,4,B.Sc. Operation Theatre (BOTT)
BOT406,4,B.Sc. Operation Theatre (BOTT)
BOT407,4,B.Sc. Operation Theatre (BOTT)
BOT408,4,B.Sc. Operation Theatre (BOTT)
BOT409,4,B.Sc. Operation Theatre (BOTT)
BOT410,4,B.Sc. Operation Theatre (BOTT)
BOT411,4,B.Sc. Operation Theatre (BOTT)
BOT412,4,B.Sc. Operation Theatre (BOTT)
BOT413,4,B.Sc. Operation Theatre (BOTT)
BOT414,4,B.Sc. Operation Theatre (BOTT)
BOT415,4,B.Sc. Operation Theatre (BOTT)
BOT501,5,B.Sc. Operation Theatre (BOTT)
BOT502,5,B.Sc. Operation Theatre (BOTT)
BOT503,5,B.Sc. Operation Theatre (BOTT)
BOT504,5,B.Sc. Operation Theatre (BOTT)
BOT505,5,B.Sc. Operation Theatre (BOTT)
BOT506,5,B.Sc. Operation Theatre (BOTT)
BOT507,5,B.Sc. Operation Theatre (BOTT)
BOT508,5,B.Sc. Operation Theatre (BOTT)
BOT509,5,B.Sc. Operation Theatre (BOTT)
BOT510,5,B.Sc. Operation Theatre (BOTT)
BOT511,5,B.Sc. Operation Theatre (BOTT)
BOT512,5,B.Sc. Operation Theatre (BOTT)
BOT513,5,B.Sc. Operation Theatre (BOTT)
BOT514,5,B.Sc. Operation Theatre (BOTT)
BOT515,5,B.Sc. Operation Theatre (BOTT)
BOT601,6,B.Sc. Operation Theatre (BOTT)
BOT602,6,B.Sc. Operation Theatre (BOTT)
BOT603,6,B.Sc. Operation Theatre (BOTT)
BOT604,6,B.Sc. Operation Theatre (BOTT)
BOT605,6,B.Sc. Operation Theatre (BOTT)
BOT606,6,B.Sc. Operation Theatre (BOTT)
BOT607,6,B.Sc. Operation Theatre (BOTT)
BOT608,6,B.Sc. Operation Theatre (BOTT)
BOT609,6,B.Sc. Operation Theatre (BOTT)
BOT610,6,B.Sc. Operation Theatre (BOTT)
BOT611,6,B.Sc. Operation Theatre (BOTT)
BOT612,6,B.Sc. Operation Theatre (BOTT)
BOT613,6,B.Sc. Operation Theatre (BOTT)
BOT614,6,B.Sc. Operation Theatre (BOTT)
BOT615,6,B.Sc. Operation Theatre (BOTT)
BML101,1,Bachelor of Medical Laboratory Technology (BMLT)
BML102,1,Bachelor of Medical Laboratory Technology (BMLT)
BML103,1,Bachelor of Medical Laboratory Technology (BMLT)
BML104,1,Bachelor of Medical Laboratory Technology (BMLT)
BML105,1,Bachelor of Medical Laboratory Technology (BMLT)
BML106,1,Bachelor of Medical Laboratory Technology (BMLT)
BML107,1,Bachelor of Medical Laboratory Technology (BMLT)
BML108,1,Bachelor of Medical Laboratory Technology (BMLT)
BML109,1,Bachelor of Medical Laboratory Technology (BMLT)
BML110,1,Bachelor of Medical Laboratory Technology (BMLT)
BML111,1,Bachelor of Medical Laboratory Technology (BMLT)
BML112,1,Bachelor of Medical Laboratory Technology (BMLT)
BML113,1,Bachelor of Medical Laboratory Technology (BMLT)
BML114,1,Bachelor of Medical Laboratory Technology (BMLT)
BML115,1,Bachelor of Medical Laboratory Technology (BMLT)
BML201,2,Bachelor of Medical Laboratory Technology (BMLT)
BML202,2,Bachelor of Medical Laboratory Technology (BMLT)
BML203,2,Bachelor of Medical Laboratory Technology (BMLT)
BML204,2,Bachelor of Medical Laboratory Technology (BMLT)
BML205,2,Bachelor of Medical Laboratory Technology (BMLT)
BML206,2,Bachelor of Medical Laboratory Technology (BMLT)
BML207,2,Bachelor of Medical Laboratory Technology (BMLT)
BML208,2,Bachelor of Medical Laboratory Technology (BMLT)
BML209,2,Bachelor of Medical Laboratory Technology (BMLT)
BML210,2,Bachelor of Medical Laboratory Technology (BMLT)
BML211,2,Bachelor of Medical Laboratory Technology (BMLT)
BML212,2,Bachelor of Medical Laboratory Technology (BMLT)
BML213,2,Bachelor of Medical Laboratory Technology (BMLT)
BML214,2,Bachelor of Medical Laboratory Technology (BMLT)
BML215,2,Bachelor of Medical Laboratory Technology (BMLT)
BML301,3,Bachelor of Medical Laboratory Technology (BMLT)
BML302,3,Bachelor of Medical Laboratory Technology (BMLT)
BML303,3,Bachelor of Medical Laboratory Technology (BMLT)
BML304,3,Bachelor of Medical Laboratory Technology (BMLT)
BML305,3,Bachelor of Medical Laboratory Technology (BMLT)
BML306,3,Bachelor of Medical Laboratory Technology (BMLT)
BML307,3,Bachelor of Medical Laboratory Technology (BMLT)
BML308,3,Bachelor of Medical Laboratory Technology (BMLT)
BML309,3,Bachelor of Medical Laboratory Technology (BMLT)
BML310,3,Bachelor of Medical Laboratory Technology (BMLT)
BML311,3,Bachelor of Medical Laboratory Technology (BMLT)
BML312,3,Bachelor of Medical Laboratory Technology (BMLT)
BML313,3,Bachelor of Medical Laboratory Technology (BMLT)
BML314,3,Bachelor of Medical Laboratory Technology (BMLT)
BML315,3,Bachelor of Medical Laboratory Technology (BMLT)
BML401,4,Bachelor of Medical Laboratory Technology (BMLT)
BML402,4,Bachelor of Medical Laboratory Technology (BMLT)
BML403,4,Bachelor of Medical Laboratory Technology (BMLT)
BML404,4,Bachelor of Medical Laboratory Technology (BMLT)
BML405,4,Bachelor of Medical Laboratory Technology (BMLT)
BML406,4,Bachelor of Medical Laboratory Technology (BMLT)
BML407,4,Bachelor of Medical Laboratory Technology (BMLT)
BML408,4,Bachelor of Medical Laboratory Technology (BMLT)
BML409,4,Bachelor of Medical Laboratory Technology (BMLT)
BML410,4,Bachelor of Medical Laboratory Technology (BMLT)
BML411,4,Bachelor of Medical Laboratory Technology (BMLT)
BML412,4,Bachelor of Medical Laboratory Technology (BMLT)
BML413,4,Bachelor of Medical Laboratory Technology (BMLT)
BML414,4,Bachelor of Medical Laboratory Technology (BMLT)
BML415,4,Bachelor of Medical Laboratory Technology (BMLT)
BML501,5,Bachelor of Medical Laboratory Technology (BMLT)
BML502,5,Bachelor of Medical Laboratory Technology (BMLT)
BML503,5,Bachelor of Medical Laboratory Technology (BMLT)
BML504,5,Bachelor of Medical Laboratory Technology (BMLT)
BML505,5,Bachelor of Medical Laboratory Technology (BMLT)
BML506,5,Bachelor of Medical Laboratory Technology (BMLT)
BML507,5,Bachelor of Medical Laboratory Technology (BMLT)
BML508,5,Bachelor of Medical Laboratory Technology (BMLT)
BML509,5,Bachelor of Medical Laboratory Technology (BMLT)
BML510,5,Bachelor of Medical Laboratory Technology (BMLT)
BML511,5,Bachelor of Medical Laboratory Technology (BMLT)
BML512,5,Bachelor of Medical Laboratory Technology (BMLT)
BML513,5,Bachelor of Medical Laboratory Technology (BMLT)
BML514,5,Bachelor of Medical Laboratory Technology (BMLT)
BML515,5,Bachelor of Medical Laboratory Technology (BMLT)
BML601,6,Bachelor of Medical Laboratory Technology (BMLT)
BML602,6,Bachelor of Medical Laboratory Technology (BMLT)
BML603,6,Bachelor of Medical Laboratory Technology (BMLT)
BML604,6,Bachelor of Medical Laboratory Technology (BMLT)
BML605,6,Bachelor of Medical Laboratory Technology (BMLT)
BML606,6,Bachelor of Medical Laboratory Technology (BMLT)
BML607,6,Bachelor of Medical Laboratory Technology (BMLT)
BML608,6,Bachelor of Medical Laboratory Technology (BMLT)
BML609,6,Bachelor of Medical Laboratory Technology (BMLT)
BML610,6,Bachelor of Medical Laboratory Technology (BMLT)
BML611,6,Bachelor of Medical Laboratory Technology (BMLT)
BML612,6,Bachelor of Medical Laboratory Technology (BMLT)
BML613,6,Bachelor of Medical Laboratory Technology (BMLT)
BML614,6,Bachelor of Medical Laboratory Technology (BMLT)
BML615,6,Bachelor of Medical Laboratory Technology (BMLT)
BMR101,1,Bachelor of Medical Radiology and Imaging Technology (BMRIT)
BMR102,1,Bachelor of Medical Radiology and Imaging Technology (BMRIT)
BMR103,1,Bachelor of Medical Radiology and Imaging Technology (BMRIT)
BMR104,1,Bachelor of Medical Radiology and Imaging Technology (BMRIT)
BMR105,1,Bachelor of Medical Radiology and Imaging Technology (BMRIT)
BMR106,1,Bachelor of Medical Radiology and Imaging Technology (BMRIT)
BMR107,1,Bachelor of Medical Radiology and Imaging Technology (BMRIT)
BMR108,1,Bachelor of Medical Radiology and Imaging Technology (BMRIT)
BMR109,1,Bachelor of Medical Radiology and Imaging Technology (BMRIT)
BMR110,1,Bachelor of Medical Radiology and Imaging Technology (BMRIT)
BMR111,1,Bachelor of Medical Radiology and Imaging Technology (BMRIT)
BMR112,1,Bachelor of Medical Radiology and Imaging Technology (BMRIT)
BMR113,1,Bachelor of Medical Radiology and Imaging Technology (BMRIT)
BMR114,1,Bachelor of Medical Radiology and Imaging Technology (BMRIT)
BMR115,1,Bachelor of Medical Radiology and Imaging Technology (BMRIT)
BMR201,2,Bachelor of Medical Radiology and Imaging Technology (BMRIT)
BMR202,2,Bachelor of Medical Radiology and Imaging Technology (BMRIT)
BMR203,2,Bachelor of Medical Radiology and Imaging Technology (BMRIT)
BMR204,2,Bachelor of Medical Radiology and Imaging Technology (BMRIT)
BMR205,2,Bachelor of Medical Radiology and Imaging Technology (BMRIT)
BMR206,2,Bachelor of Medical Radiology and Imaging Technology (BMRIT)
BMR207,2,Bachelor of Medical Radiology and Imaging Technology (BMRIT)
BMR208,2,Bachelor of Medical Radiology and Imaging Technology (BMRIT)
BMR209,2,Bachelor of Medical Radiology and Imaging Technology (BMRIT)
BMR210,2,Bachelor of Medical Radiology and Imaging Technology (BMRIT)
BMR211,2,Bachelor of Medical Radiology and Imaging Technology (BMRIT)
BMR212,2,Bachelor of Medical Radiology and Imaging Technology (BMRIT)
BMR213,2,Bachelor of Medical Radiology and Imaging Technology (BMRIT)
BMR214,2,Bachelor of Medical Radiology and Imaging Technology (BMRIT)
BMR215,2,Bachelor of Medical Radiology and Imaging Technology (BMRIT)
BMR301,3,Bachelor of Medical Radiology and Imaging Technology (BMRIT)
BMR302,3,Bachelor of Medical Radiology and Imaging Technology (BMRIT)
BMR303,3,Bachelor of Medical Radiology and Imaging Technology (BMRIT)
BMR304,3,Bachelor of Medical Radiology and Imaging Technology (BMRIT)
BMR305,3,Bachelor of Medical Radiology and Imaging Technology (BMRIT)
BMR306,3,Bachelor of Medical Radiology and Imaging Technology (BMRIT)
BMR307,3,Bachelor of Medical Radiology and Imaging Technology (BMRIT)
BMR308,3,Bachelor of Medical Radiology and Imaging Technology (BMRIT)
BMR309,3,Bachelor of Medical Radiology and Imaging Technology (BMRIT)
BMR310,3,Bachelor of Medical Radiology and Imaging Technology (BMRIT)
BMR311,3,Bachelor of Medical Radiology and Imaging Technology (BMRIT)
BMR312,3,Bachelor of Medical Radiology and Imaging Technology (BMRIT)
BMR313,3,Bachelor of Medical Radiology and Imaging Technology (BMRIT)
BMR314,3,Bachelor of Medical Radiology and Imaging Technology (BMRIT)
BMR315,3,Bachelor of Medical Radiology and Imaging Technology (BMRIT)
BMR401,4,Bachelor of Medical Radiology and Imaging Technology (BMRIT)
BMR402,4,Bachelor of Medical Radiology and Imaging Technology (BMRIT)
BMR403,4,Bachelor of Medical Radiology and Imaging Technology (BMRIT)
BMR404,4,Bachelor of Medical Radiology and Imaging Technology (BMRIT)
BMR405,4,Bachelor of Medical Radiology and Imaging Technology (BMRIT)
BMR406,4,Bachelor of Medical Radiology and Imaging Technology (BMRIT)
BMR407,4,Bachelor of Medical Radiology and Imaging Technology (BMRIT)
BMR408,4,Bachelor of Medical Radiology and Imaging Technology (BMRIT)
BMR409,4,Bachelor of Medical Radiology and Imaging Technology (BMRIT)
BMR410,4,Bachelor of Medical Radiology and Imaging Technology (BMRIT)
BMR411,4,Bachelor of Medical Radiology and Imaging Technology (BMRIT)
BMR412,4,Bachelor of Medical Radiology and Imaging Technology (BMRIT)
BMR413,4,Bachelor of Medical Radiology and Imaging Technology (BMRIT)
BMR414,4,Bachelor of Medical Radiology and Imaging Technology (BMRIT)
BMR415,4,Bachelor of Medical Radiology and Imaging Technology (BMRIT)
BMR501,5,Bachelor of Medical Radiology and Imaging Technology (BMRIT)
BMR502,5,Bachelor of Medical Radiology and Imaging Technology (BMRIT)
BMR503,5,Bachelor of Medical Radiology and Imaging Technology (BMRIT)
BMR504,5,Bachelor of Medical Radiology and Imaging Technology (BMRIT)
BMR505,5,Bachelor of Medical Radiology and Imaging Technology (BMRIT)
BMR506,5,Bachelor of Medical Radiology and Imaging Technology (BMRIT)
BMR507,5,Bachelor of Medical Radiology and Imaging Technology (BMRIT)
BMR508,5,Bachelor of Medical Radiology and Imaging Technology (BMRIT)
BMR509,5,Bachelor of Medical Radiology and Imaging Technology (BMRIT)
BMR510,5,Bachelor of Medical Radiology and Imaging Technology (BMRIT)
BMR511,5,Bachelor of Medical Radiology and Imaging Technology (BMRIT)
BMR512,5,Bachelor of Medical Radiology and Imaging Technology (BMRIT)
BMR513,5,Bachelor of Medical Radiology and Imaging Technology (BMRIT)
BMR514,5,Bachelor of Medical Radiology and Imaging Technology (BMRIT)
BMR515,5,Bachelor of Medical Radiology and Imaging Technology (BMRIT)
BMR601,6,Bachelor of Medical Radiology and Imaging Technology (BMRIT)
BMR602,6,Bachelor of Medical Radiology and Imaging Technology (BMRIT)
BMR603,6,Bachelor of Medical Radiology and Imaging Technology (BMRIT)
BMR604,6,Bachelor of Medical Radiology and Imaging Technology (BMRIT)
BMR605,6,Bachelor of Medical Radiology and Imaging Technology (BMRIT)
BMR606,6,Bachelor of Medical Radiology and Imaging Technology (BMRIT)
BMR607,6,Bachelor of Medical Radiology and Imaging Technology (BMRIT)
BMR608,6,Bachelor of Medical Radiology and Imaging Technology (BMRIT)
BMR609,6,Bachelor of Medical Radiology and Imaging Technology (BMRIT)
BMR610,6,Bachelor of Medical Radiology and Imaging Technology (BMRIT)
BMR611,6,Bachelor of Medical Radiology and Imaging Technology (BMRIT)
BMR612,6,Bachelor of Medical Radiology and Imaging Technology (BMRIT)
BMR613,6,Bachelor of Medical Radiology and Imaging Technology (BMRIT)
BMR614,6,Bachelor of Medical Radiology and Imaging Technology (BMRIT)
BMR615,6,Bachelor of Medical Radiology and Imaging Technology (BMRIT)
BPT101,1,Bachelor of Physiotherapy (BPT)
BPT102,1,Bachelor of Physiotherapy (BPT)
BPT103,1,Bachelor of Physiotherapy (BPT)
BPT104,1,Bachelor of Physiotherapy (BPT)
BPT105,1,Bachelor of Physiotherapy (BPT)
BPT106,1,Bachelor of Physiotherapy (BPT)
BPT107,1,Bachelor of Physiotherapy (BPT)
BPT108,1,Bachelor of Physiotherapy (BPT)
BPT109,1,Bachelor of Physiotherapy (BPT)
BPT110,1,Bachelor of Physiotherapy (BPT)
BPT111,1,Bachelor of Physiotherapy (BPT)
BPT112,1,Bachelor of Physiotherapy (BPT)
BPT113,1,Bachelor of Physiotherapy (BPT)
BPT114,1,Bachelor of Physiotherapy (BPT)
BPT115,1,Bachelor of Physiotherapy (BPT)
BPT201,2,Bachelor of Physiotherapy (BPT)
BPT202,2,Bachelor of Physiotherapy (BPT)
BPT203,2,Bachelor of Physiotherapy (BPT)
BPT204,2,Bachelor of Physiotherapy (BPT)
BPT205,2,Bachelor of Physiotherapy (BPT)
BPT206,2,Bachelor of Physiotherapy (BPT)
BPT207,2,Bachelor of Physiotherapy (BPT)
BPT208,2,Bachelor of Physiotherapy (BPT)
BPT209,2,Bachelor of Physiotherapy (BPT)
BPT210,2,Bachelor of Physiotherapy (BPT)
BPT211,2,Bachelor of Physiotherapy (BPT)
BPT212,2,Bachelor of Physiotherapy (BPT)
BPT213,2,Bachelor of Physiotherapy (BPT)
BPT214,2,Bachelor of Physiotherapy (BPT)
BPT215,2,Bachelor of Physiotherapy (BPT)
BPT301,3,Bachelor of Physiotherapy (BPT)
BPT302,3,Bachelor of Physiotherapy (BPT)
BPT303,3,Bachelor of Physiotherapy (BPT)
BPT304,3,Bachelor of Physiotherapy (BPT)
BPT305,3,Bachelor of Physiotherapy (BPT)
BPT306,3,Bachelor of Physiotherapy (BPT)
BPT307,3,Bachelor of Physiotherapy (BPT)
BPT308,3,Bachelor of Physiotherapy (BPT)
BPT309,3,Bachelor of Physiotherapy (BPT)
BPT310,3,Bachelor of Physiotherapy (BPT)
BPT311,3,Bachelor of Physiotherapy (BPT)
BPT312,3,Bachelor of Physiotherapy (BPT)
BPT313,3,Bachelor of Physiotherapy (BPT)
BPT314,3,Bachelor of Physiotherapy (BPT)
BPT315,3,Bachelor of Physiotherapy (BPT)
BPT401,4,Bachelor of Physiotherapy (BPT)
BPT402,4,Bachelor of Physiotherapy (BPT)
BPT403,4,Bachelor of Physiotherapy (BPT)
BPT404,4,Bachelor of Physiotherapy (BPT)
BPT405,4,Bachelor of Physiotherapy (BPT)
BPT406,4,Bachelor of Physiotherapy (BPT)
BPT407,4,Bachelor of Physiotherapy (BPT)
BPT408,4,Bachelor of Physiotherapy (BPT)
BPT409,4,Bachelor of Physiotherapy (BPT)
BPT410,4,Bachelor of Physiotherapy (BPT)
BPT411,4,Bachelor of Physiotherapy (BPT)
BPT412,4,Bachelor of Physiotherapy (BPT)
BPT413,4,Bachelor of Physiotherapy (BPT)
BPT414,4,Bachelor of Physiotherapy (BPT)
BPT415,4,Bachelor of Physiotherapy (BPT)
BPT501,5,Bachelor of Physiotherapy (BPT)
BPT502,5,Bachelor of Physiotherapy (BPT)
BPT503,5,Bachelor of Physiotherapy (BPT)
BPT504,5,Bachelor of Physiotherapy (BPT)
BPT505,5,Bachelor of Physiotherapy (BPT)
BPT506,5,Bachelor of Physiotherapy (BPT)
BPT507,5,Bachelor of Physiotherapy (BPT)
BPT508,5,Bachelor of Physiotherapy (BPT)
BPT509,5,Bachelor of Physiotherapy (BPT)
BPT510,5,Bachelor of Physiotherapy (BPT)
BPT511,5,Bachelor of Physiotherapy (BPT)
BPT512,5,Bachelor of Physiotherapy (BPT)
BPT513,5,Bachelor of Physiotherapy (BPT)
BPT514,5,Bachelor of Physiotherapy (BPT)
BPT515,5,Bachelor of Physiotherapy (BPT)
BPT601,6,Bachelor of Physiotherapy (BPT)
BPT602,6,Bachelor of Physiotherapy (BPT)
BPT603,6,Bachelor of Physiotherapy (BPT)
BPT604,6,Bachelor of Physiotherapy (BPT)
BPT605,6,Bachelor of Physiotherapy (BPT)
BPT606,6,Bachelor of Physiotherapy (BPT)
BPT607,6,Bachelor of Physiotherapy (BPT)
BPT608,6,Bachelor of Physiotherapy (BPT)
BPT609,6,Bachelor of Physiotherapy (BPT)
BPT610,6,Bachelor of Physiotherapy (BPT)
BPT611,6,Bachelor of Physiotherapy (BPT)
BPT612,6,Bachelor of Physiotherapy (BPT)
BPT613,6,Bachelor of Physiotherapy (BPT)
BPT614,6,Bachelor of Physiotherapy (BPT)
BPT615,6,Bachelor of Physiotherapy (BPT)
BPT701,7,Bachelor of Physiotherapy (BPT)
BPT702,7,Bachelor of Physiotherapy (BPT)
BPT703,7,Bachelor of Physiotherapy (BPT)
BPT704,7,Bachelor of Physiotherapy (BPT)
BPT705,7,Bachelor of Physiotherapy (BPT)
BPT706,7,Bachelor of Physiotherapy (BPT)
BPT707,7,Bachelor of Physiotherapy (BPT)
BPT708,7,Bachelor of Physiotherapy (BPT)
BPT709,7,Bachelor of Physiotherapy (BPT)
BPT710,7,Bachelor of Physiotherapy (BPT)
BPT711,7,Bachelor of Physiotherapy (BPT)
BPT712,7,Bachelor of Physiotherapy (BPT)
BPT713,7,Bachelor of Physiotherapy (BPT)
BPT714,7,Bachelor of Physiotherapy (BPT)
BPT715,7,Bachelor of Physiotherapy (BPT)
BPT801,8,Bachelor of Physiotherapy (BPT)
BPT802,8,Bachelor of Physiotherapy (BPT)
BPT803,8,Bachelor of Physiotherapy (BPT)
BPT804,8,Bachelor of Physiotherapy (BPT)
BPT805,8,Bachelor of Physiotherapy (BPT)
BPT806,8,Bachelor of Physiotherapy (BPT)
BPT807,8,Bachelor of Physiotherapy (BPT)
BPT808,8,Bachelor of Physiotherapy (BPT)
BPT809,8,Bachelor of Physiotherapy (BPT)
BPT810,8,Bachelor of Physiotherapy (BPT)
BPT811,8,Bachelor of Physiotherapy (BPT)
BPT812,8,Bachelor of Physiotherapy (BPT)
BPT813,8,Bachelor of Physiotherapy (BPT)
BPT814,8,Bachelor of Physiotherapy (BPT)
BPT815,8,Bachelor of Physiotherapy (BPT)
BET101,1,B.Sc in Emergency & Trauma Care Technology (ETCT)
BET102,1,B.Sc in Emergency & Trauma Care Technology (ETCT)
BET103,1,B.Sc in Emergency & Trauma Care Technology (ETCT)
BET104,1,B.Sc in Emergency & Trauma Care Technology (ETCT)
BET105,1,B.Sc in Emergency & Trauma Care Technology (ETCT)
BET106,1,B.Sc in Emergency & Trauma Care Technology (ETCT)
BET107,1,B.Sc in Emergency & Trauma Care Technology (ETCT)
BET108,1,B.Sc in Emergency & Trauma Care Technology (ETCT)
BET109,1,B.Sc in Emergency & Trauma Care Technology (ETCT)
BET110,1,B.Sc in Emergency & Trauma Care Technology (ETCT)
BET111,1,B.Sc in Emergency & Trauma Care Technology (ETCT)
BET112,1,B.Sc in Emergency & Trauma Care Technology (ETCT)
BET113,1,B.Sc in Emergency & Trauma Care Technology (ETCT)
BET114,1,B.Sc in Emergency & Trauma Care Technology (ETCT)
BET115,1,B.Sc in Emergency & Trauma Care Technology (ETCT)
BET201,2,B.Sc in Emergency & Trauma Care Technology (ETCT)
BET202,2,B.Sc in Emergency & Trauma Care Technology (ETCT)
BET203,2,B.Sc in Emergency & Trauma Care Technology (ETCT)
BET204,2,B.Sc in Emergency & Trauma Care Technology (ETCT)
BET205,2,B.Sc in Emergency & Trauma Care Technology (ETCT)
BET206,2,B.Sc in Emergency & Trauma Care Technology (ETCT)
BET207,2,B.Sc in Emergency & Trauma Care Technology (ETCT)
BET208,2,B.Sc in Emergency & Trauma Care Technology (ETCT)
BET209,2,B.Sc in Emergency & Trauma Care Technology (ETCT)
BET210,2,B.Sc in Emergency & Trauma Care Technology (ETCT)
BET211,2,B.Sc in Emergency & Trauma Care Technology (ETCT)
BET212,2,B.Sc in Emergency & Trauma Care Technology (ETCT)
BET213,2,B.Sc in Emergency & Trauma Care Technology (ETCT)
BET214,2,B.Sc in Emergency & Trauma Care Technology (ETCT)
BET215,2,B.Sc in Emergency & Trauma Care Technology (ETCT)
BET301,3,B.Sc in Emergency & Trauma Care Technology (ETCT)
BET302,3,B.Sc in Emergency & Trauma Care Technology (ETCT)
BET303,3,B.Sc in Emergency & Trauma Care Technology (ETCT)
BET304,3,B.Sc in Emergency & Trauma Care Technology (ETCT)
BET305,3,B.Sc in Emergency & Trauma Care Technology (ETCT)
BET306,3,B.Sc in Emergency & Trauma Care Technology (ETCT)
BET307,3,B.Sc in Emergency & Trauma Care Technology (ETCT)
BET308,3,B.Sc in Emergency & Trauma Care Technology (ETCT)
BET309,3,B.Sc in Emergency & Trauma Care Technology (ETCT)
BET310,3,B.Sc in Emergency & Trauma Care Technology (ETCT)
BET311,3,B.Sc in Emergency & Trauma Care Technology (ETCT)
BET312,3,B.Sc in Emergency & Trauma Care Technology (ETCT)
BET313,3,B.Sc in Emergency & Trauma Care Technology (ETCT)
BET314,3,B.Sc in Emergency & Trauma Care Technology (ETCT)
BET315,3,B.Sc in Emergency & Trauma Care Technology (ETCT)
BET401,4,B.Sc in Emergency & Trauma Care Technology (ETCT)
BET402,4,B.Sc in Emergency & Trauma Care Technology (ETCT)
BET403,4,B.Sc in Emergency & Trauma Care Technology (ETCT)
BET404,4,B.Sc in Emergency & Trauma Care Technology (ETCT)
BET405,4,B.Sc in Emergency & Trauma Care Technology (ETCT)
BET406,4,B.Sc in Emergency & Trauma Care Technology (ETCT)
BET407,4,B.Sc in Emergency & Trauma Care Technology (ETCT)
BET408,4,B.Sc in Emergency & Trauma Care Technology (ETCT)
BET409,4,B.Sc in Emergency & Trauma Care Technology (ETCT)
BET410,4,B.Sc in Emergency & Trauma Care Technology (ETCT)
BET411,4,B.Sc in Emergency & Trauma Care Technology (ETCT)
BET412,4,B.Sc in Emergency & Trauma Care Technology (ETCT)
BET413,4,B.Sc in Emergency & Trauma Care Technology (ETCT)
BET414,4,B.Sc in Emergency & Trauma Care Technology (ETCT)
BET415,4,B.Sc in Emergency & Trauma Care Technology (ETCT)
BET501,5,B.Sc in Emergency & Trauma Care Technology (ETCT)
BET502,5,B.Sc in Emergency & Trauma Care Technology (ETCT)
BET503,5,B.Sc in Emergency & Trauma Care Technology (ETCT)
BET504,5,B.Sc in Emergency & Trauma Care Technology (ETCT)
BET505,5,B.Sc in Emergency & Trauma Care Technology (ETCT)
BET506,5,B.Sc in Emergency & Trauma Care Technology (ETCT)
BET507,5,B.Sc in Emergency & Trauma Care Technology (ETCT)
BET508,5,B.Sc in Emergency & Trauma Care Technology (ETCT)
BET509,5,B.Sc in Emergency & Trauma Care Technology (ETCT)
BET510,5,B.Sc in Emergency & Trauma Care Technology (ETCT)
BET511,5,B.Sc in Emergency & Trauma Care Technology (ETCT)
BET512,5,B.Sc in Emergency & Trauma Care Technology (ETCT)
BET513,5,B.Sc in Emergency & Trauma Care Technology (ETCT)
BET514,5,B.Sc in Emergency & Trauma Care Technology (ETCT)
BET515,5,B.Sc in Emergency & Trauma Care Technology (ETCT)
BET601,6,B.Sc in Emergency & Trauma Care Technology (ETCT)
BET602,6,B.Sc in Emergency & Trauma Care Technology (ETCT)
BET603,6,B.Sc in Emergency & Trauma Care Technology (ETCT)
BET604,6,B.Sc in Emergency & Trauma Care Technology (ETCT)
BET605,6,B.Sc in Emergency & Trauma Care Technology (ETCT)
BET606,6,B.Sc in Emergency & Trauma Care Technology (ETCT)
BET607,6,B.Sc in Emergency & Trauma Care Technology (ETCT)
BET608,6,B.Sc in Emergency & Trauma Care Technology (ETCT)
BET609,6,B.Sc in Emergency & Trauma Care Technology (ETCT)
BET610,6,B.Sc in Emergency & Trauma Care Technology (ETCT)
BET611,6,B.Sc in Emergency & Trauma Care Technology (ETCT)
BET612,6,B.Sc in Emergency & Trauma Care Technology (ETCT)
BET613,6,B.Sc in Emergency & Trauma Care Technology (ETCT)
BET614,6,B.Sc in Emergency & Trauma Care Technology (ETCT)
BET615,6,B.Sc in Emergency & Trauma Care Technology (ETCT)
BGL101,1,B.Sc (Hons.) in Geology
BGL102,1,B.Sc (Hons.) in Geology
BGL103,1,B.Sc (Hons.) in Geology
BGL104,1,B.Sc (Hons.) in Geology
BGL105,1,B.Sc (Hons.) in Geology
BGL106,1,B.Sc (Hons.) in Geology
BGL107,1,B.Sc (Hons.) in Geology
BGL108,1,B.Sc (Hons.) in Geology
BGL109,1,B.Sc (Hons.) in Geology
BGL110,1,B.Sc (Hons.) in Geology
BGL111,1,B.Sc (Hons.) in Geology
BGL112,1,B.Sc (Hons.) in Geology
BGL113,1,B.Sc (Hons.) in Geology
BGL114,1,B.Sc (Hons.) in Geology
BGL115,1,B.Sc (Hons.) in Geology
BGL201,2,B.Sc (Hons.) in Geology
BGL202,2,B.Sc (Hons.) in Geology
BGL203,2,B.Sc (Hons.) in Geology
BGL204,2,B.Sc (Hons.) in Geology
BGL205,2,B.Sc (Hons.) in Geology
BGL206,2,B.Sc (Hons.) in Geology
BGL207,2,B.Sc (Hons.) in Geology
BGL208,2,B.Sc (Hons.) in Geology
BGL209,2,B.Sc (Hons.) in Geology
BGL210,2,B.Sc (Hons.) in Geology
BGL211,2,B.Sc (Hons.) in Geology
BGL212,2,B.Sc (Hons.) in Geology
BGL213,2,B.Sc (Hons.) in Geology
BGL214,2,B.Sc (Hons.) in Geology
BGL215,2,B.Sc (Hons.) in Geology
BGL301,3,B.Sc (Hons.) in Geology
BGL302,3,B.Sc (Hons.) in Geology
BGL303,3,B.Sc (Hons.) in Geology
BGL304,3,B.Sc (Hons.) in Geology
BGL305,3,B.Sc (Hons.) in Geology
BGL306,3,B.Sc (Hons.) in Geology
BGL307,3,B.Sc (Hons.) in Geology
BGL308,3,B.Sc (Hons.) in Geology
BGL309,3,B.Sc (Hons.) in Geology
BGL310,3,B.Sc (Hons.) in Geology
BGL311,3,B.Sc (Hons.) in Geology
BGL312,3,B.Sc (Hons.) in Geology
BGL313,3,B.Sc (Hons.) in Geology
BGL314,3,B.Sc (Hons.) in Geology
BGL315,3,B.Sc (Hons.) in Geology
BGL401,4,B.Sc (Hons.) in Geology
BGL402,4,B.Sc (Hons.) in Geology
BGL403,4,B.Sc (Hons.) in Geology
BGL404,4,B.Sc (Hons.) in Geology
BGL405,4,B.Sc (Hons.) in Geology
BGL406,4,B.Sc (Hons.) in Geology
BGL407,4,B.Sc (Hons.) in Geology
BGL408,4,B.Sc (Hons.) in Geology
BGL409,4,B.Sc (Hons.) in Geology
BGL410,4,B.Sc (Hons.) in Geology
BGL411,4,B.Sc (Hons.) in Geology
BGL412,4,B.Sc (Hons.) in Geology
BGL413,4,B.Sc (Hons.) in Geology
BGL414,4,B.Sc (Hons.) in Geology
BGL415,4,B.Sc (Hons.) in Geology
BGL501,5,B.Sc (Hons.) in Geology
BGL502,5,B.Sc (Hons.) in Geology
BGL503,5,B.Sc (Hons.) in Geology
BGL504,5,B.Sc (Hons.) in Geology
BGL505,5,B.Sc (Hons.) in Geology
BGL506,5,B.Sc (Hons.) in Geology
BGL507,5,B.Sc (Hons.) in Geology
BGL508,5,B.Sc (Hons.) in Geology
BGL509,5,B.Sc (Hons.) in Geology
BGL510,5,B.Sc (Hons.) in Geology
BGL511,5,B.Sc (Hons.) in Geology
BGL512,5,B.Sc (Hons.) in Geology
BGL513,5,B.Sc (Hons.) in Geology
BGL514,5,B.Sc (Hons.) in Geology
BGL515,5,B.Sc (Hons.) in Geology
BGL601,6,B.Sc (Hons.) in Geology
BGL602,6,B.Sc (Hons.) in Geology
BGL603,6,B.Sc (Hons.) in Geology
BGL604,6,B.Sc (Hons.) in Geology
BGL605,6,B.Sc (Hons.) in Geology
BGL606,6,B.Sc (Hons.) in Geology
BGL607,6,B.Sc (Hons.) in Geology
BGL608,6,B.Sc (Hons.) in Geology
BGL609,6,B.Sc (Hons.) in Geology
BGL610,6,B.Sc (Hons.) in Geology
BGL611,6,B.Sc (Hons.) in Geology
BGL612,6,B.Sc (Hons.) in Geology
BGL613,6,B.Sc (Hons.) in Geology
BGL614,6,B.Sc (Hons.) in Geology
BGL615,6,B.Sc (Hons.) in Geology
BGL701,7,B.Sc (Hons.) in Geology
BGL702,7,B.Sc (Hons.) in Geology
BGL703,7,B.Sc (Hons.) in Geology
BGL704,7,B.Sc (Hons.) in Geology
BGL705,7,B.Sc (Hons.) in Geology
BGL706,7,B.Sc (Hons.) in Geology
BGL707,7,B.Sc (Hons.) in Geology
BGL708,7,B.Sc (Hons.) in Geology
BGL709,7,B.Sc (Hons.) in Geology
BGL710,7,B.Sc (Hons.) in Geology
BGL711,7,B.Sc (Hons.) in Geology
BGL712,7,B.Sc (Hons.) in Geology
BGL713,7,B.Sc (Hons.) in Geology
BGL714,7,B.Sc (Hons.) in Geology
BGL715,7,B.Sc (Hons.) in Geology
BGL801,8,B.Sc (Hons.) in Geology
BGL802,8,B.Sc (Hons.) in Geology
BGL803,8,B.Sc (Hons.) in Geology
BGL804,8,B.Sc (Hons.) in Geology
BGL805,8,B.Sc (Hons.) in Geology
BGL806,8,B.Sc (Hons.) in Geology
BGL807,8,B.Sc (Hons.) in Geology
BGL808,8,B.Sc (Hons.) in Geology
BGL809,8,B.Sc (Hons.) in Geology
BGL810,8,B.Sc (Hons.) in Geology
BGL811,8,B.Sc (Hons.) in Geology
BGL812,8,B.Sc (Hons.) in Geology
BGL813,8,B.Sc (Hons.) in Geology
BGL814,8,B.Sc (Hons.) in Geology
BGL815,8,B.Sc (Hons.) in Geology
BDS101,1,B.Des. (Animation and Game Design)
BDS102,1,B.Des. (Animation and Game Design)
BDS103,1,B.Des. (Animation and Game Design)
BDS104,1,B.Des. (Animation and Game Design)
BDS105,1,B.Des. (Animation and Game Design)
BDS106,1,B.Des. (Animation and Game Design)
BDS107,1,B.Des. (Animation and Game Design)
BDS108,1,B.Des. (Animation and Game Design)
BDS109,1,B.Des. (Animation and Game Design)
BDS110,1,B.Des. (Animation and Game Design)
BDS111,1,B.Des. (Animation and Game Design)
BDS112,1,B.Des. (Animation and Game Design)
BDS113,1,B.Des. (Animation and Game Design)
BDS114,1,B.Des. (Animation and Game Design)
BDS115,1,B.Des. (Animation and Game Design)
BDS201,2,B.Des. (Animation and Game Design)
BDS202,2,B.Des. (Animation and Game Design)
BDS203,2,B.Des. (Animation and Game Design)
BDS204,2,B.Des. (Animation and Game Design)
BDS205,2,B.Des. (Animation and Game Design)
BDS206,2,B.Des. (Animation and Game Design)
BDS207,2,B.Des. (Animation and Game Design)
BDS208,2,B.Des. (Animation and Game Design)
BDS209,2,B.Des. (Animation and Game Design)
BDS210,2,B.Des. (Animation and Game Design)
BDS211,2,B.Des. (Animation and Game Design)
BDS212,2,B.Des. (Animation and Game Design)
BDS213,2,B.Des. (Animation and Game Design)
BDS214,2,B.Des. (Animation and Game Design)
BDS215,2,B.Des. (Animation and Game Design)
BDS301,3,B.Des. (Animation and Game Design)
BDS302,3,B.Des. (Animation and Game Design)
BDS303,3,B.Des. (Animation and Game Design)
BDS304,3,B.Des. (Animation and Game Design)
BDS305,3,B.Des. (Animation and Game Design)
BDS306,3,B.Des. (Animation and Game Design)
BDS307,3,B.Des. (Animation and Game Design)
BDS308,3,B.Des. (Animation and Game Design)
BDS309,3,B.Des. (Animation and Game Design)
BDS310,3,B.Des. (Animation and Game Design)
BDS311,3,B.Des. (Animation and Game Design)
BDS312,3,B.Des. (Animation and Game Design)
BDS313,3,B.Des. (Animation and Game Design)
BDS314,3,B.Des. (Animation and Game Design)
BDS315,3,B.Des. (Animation and Game Design)
BDS401,4,B.Des. (Animation and Game Design)
BDS402,4,B.Des. (Animation and Game Design)
BDS403,4,B.Des. (Animation and Game Design)
BDS404,4,B.Des. (Animation and Game Design)
BDS405,4,B.Des. (Animation and Game Design)
BDS406,4,B.Des. (Animation and Game Design)
BDS407,4,B.Des. (Animation and Game Design)
BDS408,4,B.Des. (Animation and Game Design)
BDS409,4,B.Des. (Animation and Game Design)
BDS410,4,B.Des. (Animation and Game Design)
BDS411,4,B.Des. (Animation and Game Design)
BDS412,4,B.Des. (Animation and Game Design)
BDS413,4,B.Des. (Animation and Game Design)
BDS414,4,B.Des. (Animation and Game Design)
BDS415,4,B.Des. (Animation and Game Design)
BDS501,5,B.Des. (Animation and Game Design)
BDS502,5,B.Des. (Animation and Game Design)
BDS503,5,B.Des. (Animation and Game Design)
BDS504,5,B.Des. (Animation and Game Design)
BDS505,5,B.Des. (Animation and Game Design)
BDS506,5,B.Des. (Animation and Game Design)
BDS507,5,B.Des. (Animation and Game Design)
BDS508,5,B.Des. (Animation and Game Design)
BDS509,5,B.Des. (Animation and Game Design)
BDS510,5,B.Des. (Animation and Game Design)
BDS511,5,B.Des. (Animation and Game Design)
BDS512,5,B.Des. (Animation and Game Design)
BDS513,5,B.Des. (Animation and Game Design)
BDS514,5,B.Des. (Animation and Game Design)
BDS515,5,B.Des. (Animation and Game Design)
BDS601,6,B.Des. (Animation and Game Design)
BDS602,6,B.Des. (Animation and Game Design)
BDS603,6,B.Des. (Animation and Game Design)
BDS604,6,B.Des. (Animation and Game Design)
BDS605,6,B.Des. (Animation and Game Design)
BDS606,6,B.Des. (Animation and Game Design)
BDS607,6,B.Des. (Animation and Game Design)
BDS608,6,B.Des. (Animation and Game Design)
BDS609,6,B.Des. (Animation and Game Design)
BDS610,6,B.Des. (Animation and Game Design)
BDS611,6,B.Des. (Animation and Game Design)
BDS612,6,B.Des. (Animation and Game Design)
BDS613,6,B.Des. (Animation and Game Design)
BDS614,6,B.Des. (Animation and Game Design)
BDS615,6,B.Des. (Animation and Game Design)
BDS701,7,B.Des. (Animation and Game Design)
BDS702,7,B.Des. (Animation and Game Design)
BDS703,7,B.Des. (Animation and Game Design)
BDS704,7,B.Des. (Animation and Game Design)
BDS705,7,B.Des. (Animation and Game Design)
BDS706,7,B.Des. (Animation and Game Design)
BDS707,7,B.Des. (Animation and Game Design)
BDS708,7,B.Des. (Animation and Game Design)
BDS709,7,B.Des. (Animation and Game Design)
BDS710,7,B.Des. (Animation and Game Design)
BDS711,7,B.Des. (Animation and Game Design)
BDS712,7,B.Des. (Animation and Game Design)
BDS713,7,B.Des. (Animation and Game Design)
BDS714,7,B.Des. (Animation and Game Design)
BDS715,7,B.Des. (Animation and Game Design)
BDS801,8,B.Des. (Animation and Game Design)
BDS802,8,B.Des. (Animation and Game Design)
BDS803,8,B.Des. (Animation and Game Design)
BDS804,8,B.Des. (Animation and Game Design)
BDS805,8,B.Des. (Animation and Game Design)
BDS806,8,B.Des. (Animation and Game Design)
BDS807,8,B.Des. (Animation and Game Design)
BDS808,8,B.Des. (Animation and Game Design)
BDS809,8,B.Des. (Animation and Game Design)
BDS810,8,B.Des. (Animation and Game Design)
BDS811,8,B.Des. (Animation and Game Design)
BDS812,8,B.Des. (Animation and Game Design)
BDS813,8,B.Des. (Animation and Game Design)
BDS814,8,B.Des. (Animation and Game Design)
BDS815,8,B.Des. (Animation and Game Design)
BDS101,1,B.Des. (Graphic and Visual Communication Design)
BDS102,1,B.Des. (Graphic and Visual Communication Design)
BDS103,1,B.Des. (Graphic and Visual Communication Design)
BDS104,1,B.Des. (Graphic and Visual Communication Design)
BDS105,1,B.Des. (Graphic and Visual Communication Design)
BDS106,1,B.Des. (Graphic and Visual Communication Design)
BDS107,1,B.Des. (Graphic and Visual Communication Design)
BDS108,1,B.Des. (Graphic and Visual Communication Design)
BDS109,1,B.Des. (Graphic and Visual Communication Design)
BDS110,1,B.Des. (Graphic and Visual Communication Design)
BDS111,1,B.Des. (Graphic and Visual Communication Design)
BDS112,1,B.Des. (Graphic and Visual Communication Design)
BDS113,1,B.Des. (Graphic and Visual Communication Design)
BDS114,1,B.Des. (Graphic and Visual Communication Design)
BDS115,1,B.Des. (Graphic and Visual Communication Design)
BDS201,2,B.Des. (Graphic and Visual Communication Design)
BDS202,2,B.Des. (Graphic and Visual Communication Design)
BDS203,2,B.Des. (Graphic and Visual Communication Design)
BDS204,2,B.Des. (Graphic and Visual Communication Design)
BDS205,2,B.Des. (Graphic and Visual Communication Design)
BDS206,2,B.Des. (Graphic and Visual Communication Design)
BDS207,2,B.Des. (Graphic and Visual Communication Design)
BDS208,2,B.Des. (Graphic and Visual Communication Design)
BDS209,2,B.Des. (Graphic and Visual Communication Design)
BDS210,2,B.Des. (Graphic and Visual Communication Design)
BDS211,2,B.Des. (Graphic and Visual Communication Design)
BDS212,2,B.Des. (Graphic and Visual Communication Design)
BDS213,2,B.Des. (Graphic and Visual Communication Design)
BDS214,2,B.Des. (Graphic and Visual Communication Design)
BDS215,2,B.Des. (Graphic and Visual Communication Design)
BDS301,3,B.Des. (Graphic and Visual Communication Design)
BDS302,3,B.Des. (Graphic and Visual Communication Design)
BDS303,3,B.Des. (Graphic and Visual Communication Design)
BDS304,3,B.Des. (Graphic and Visual Communication Design)
BDS305,3,B.Des. (Graphic and Visual Communication Design)
BDS306,3,B.Des. (Graphic and Visual Communication Design)
BDS307,3,B.Des. (Graphic and Visual Communication Design)
BDS308,3,B.Des. (Graphic and Visual Communication Design)
BDS309,3,B.Des. (Graphic and Visual Communication Design)
BDS310,3,B.Des. (Graphic and Visual Communication Design)
BDS311,3,B.Des. (Graphic and Visual Communication Design)
BDS312,3,B.Des. (Graphic and Visual Communication Design)
BDS313,3,B.Des. (Graphic and Visual Communication Design)
BDS314,3,B.Des. (Graphic and Visual Communication Design)
BDS315,3,B.Des. (Graphic and Visual Communication Design)
BDS401,4,B.Des. (Graphic and Visual Communication Design)
BDS402,4,B.Des. (Graphic and Visual Communication Design)
BDS403,4,B.Des. (Graphic and Visual Communication Design)
BDS404,4,B.Des. (Graphic and Visual Communication Design)
BDS405,4,B.Des. (Graphic and Visual Communication Design)
BDS406,4,B.Des. (Graphic and Visual Communication Design)
BDS407,4,B.Des. (Graphic and Visual Communication Design)
BDS408,4,B.Des. (Graphic and Visual Communication Design)
BDS409,4,B.Des. (Graphic and Visual Communication Design)
BDS410,4,B.Des. (Graphic and Visual Communication Design)
BDS411,4,B.Des. (Graphic and Visual Communication Design)
BDS412,4,B.Des. (Graphic and Visual Communication Design)
BDS413,4,B.Des. (Graphic and Visual Communication Design)
BDS414,4,B.Des. (Graphic and Visual Communication Design)
BDS415,4,B.Des. (Graphic and Visual Communication Design)
BDS501,5,B.Des. (Graphic and Visual Communication Design)
BDS502,5,B.Des. (Graphic and Visual Communication Design)
BDS503,5,B.Des. (Graphic and Visual Communication Design)
BDS504,5,B.Des. (Graphic and Visual Communication Design)
BDS505,5,B.Des. (Graphic and Visual Communication Design)
BDS506,5,B.Des. (Graphic and Visual Communication Design)
BDS507,5,B.Des. (Graphic and Visual Communication Design)
BDS508,5,B.Des. (Graphic and Visual Communication Design)
BDS509,5,B.Des. (Graphic and Visual Communication Design)
BDS510,5,B.Des. (Graphic and Visual Communication Design)
BDS511,5,B.Des. (Graphic and Visual Communication Design)
BDS512,5,B.Des. (Graphic and Visual Communication Design)
BDS513,5,B.Des. (Graphic and Visual Communication Design)
BDS514,5,B.Des. (Graphic and Visual Communication Design)
BDS515,5,B.Des. (Graphic and Visual Communication Design)
BDS601,6,B.Des. (Graphic and Visual Communication Design)
BDS602,6,B.Des. (Graphic and Visual Communication Design)
BDS603,6,B.Des. (Graphic and Visual Communication Design)
BDS604,6,B.Des. (Graphic and Visual Communication Design)
BDS605,6,B.Des. (Graphic and Visual Communication Design)
BDS606,6,B.Des. (Graphic and Visual Communication Design)
BDS607,6,B.Des. (Graphic and Visual Communication Design)
BDS608,6,B.Des. (Graphic and Visual Communication Design)
BDS609,6,B.Des. (Graphic and Visual Communication Design)
BDS610,6,B.Des. (Graphic and Visual Communication Design)
BDS611,6,B.Des. (Graphic and Visual Communication Design)
BDS612,6,B.Des. (Graphic and Visual Communication Design)
BDS613,6,B.Des. (Graphic and Visual Communication Design)
BDS614,6,B.Des. (Graphic and Visual Communication Design)
BDS615,6,B.Des. (Graphic and Visual Communication Design)
BDS701,7,B.Des. (Graphic and Visual Communication Design)
BDS702,7,B.Des. (Graphic and Visual Communication Design)
BDS703,7,B.Des. (Graphic and Visual Communication Design)
BDS704,7,B.Des. (Graphic and Visual Communication Design)
BDS705,7,B.Des. (Graphic and Visual Communication Design)
BDS706,7,B.Des. (Graphic and Visual Communication Design)
BDS707,7,B.Des. (Graphic and Visual Communication Design)
BDS708,7,B.Des. (Graphic and Visual Communication Design)
BDS709,7,B.Des. (Graphic and Visual Communication Design)
BDS710,7,B.Des. (Graphic and Visual Communication Design)
BDS711,7,B.Des. (Graphic and Visual Communication Design)
BDS712,7,B.Des. (Graphic and Visual Communication Design)
BDS713,7,B.Des. (Graphic and Visual Communication Design)
BDS714,7,B.Des. (Graphic and Visual Communication Design)
BDS715,7,B.Des. (Graphic and Visual Communication Design)
BDS801,8,B.Des. (Graphic and Visual Communication Design)
BDS802,8,B.Des. (Graphic and Visual Communication Design)
BDS803,8,B.Des. (Graphic and Visual Communication Design)
BDS804,8,B.Des. (Graphic and Visual Communication Design)
BDS805,8,B.Des. (Graphic and Visual Communication Design)
BDS806,8,B.Des. (Graphic and Visual Communication Design)
BDS807,8,B.Des. (Graphic and Visual Communication Design)
BDS808,8,B.Des. (Graphic and Visual Communication Design)
BDS809,8,B.Des. (Graphic and Visual Communication Design)
BDS810,8,B.Des. (Graphic and Visual Communication Design)
BDS811,8,B.Des. (Graphic and Visual Communication Design)
BDS812,8,B.Des. (Graphic and Visual Communication Design)
BDS813,8,B.Des. (Graphic and Visual Communication Design)
BDS814,8,B.Des. (Graphic and Visual Communication Design)
BDS815,8,B.Des. (Graphic and Visual Communication Design)
BDS101,1,B.Des. (Industrial Product Design)
BDS102,1,B.Des. (Industrial Product Design)
BDS103,1,B.Des. (Industrial Product Design)
BDS104,1,B.Des. (Industrial Product Design)
BDS105,1,B.Des. (Industrial Product Design)
BDS106,1,B.Des. (Industrial Product Design)
BDS107,1,B.Des. (Industrial Product Design)
BDS108,1,B.Des. (Industrial Product Design)
BDS109,1,B.Des. (Industrial Product Design)
BDS110,1,B.Des. (Industrial Product Design)
BDS111,1,B.Des. (Industrial Product Design)
BDS112,1,B.Des. (Industrial Product Design)
BDS113,1,B.Des. (Industrial Product Design)
BDS114,1,B.Des. (Industrial Product Design)
BDS115,1,B.Des. (Industrial Product Design)
BDS201,2,B.Des. (Industrial Product Design)
BDS202,2,B.Des. (Industrial Product Design)
BDS203,2,B.Des. (Industrial Product Design)
BDS204,2,B.Des. (Industrial Product Design)
BDS205,2,B.Des. (Industrial Product Design)
BDS206,2,B.Des. (Industrial Product Design)
BDS207,2,B.Des. (Industrial Product Design)
BDS208,2,B.Des. (Industrial Product Design)
BDS209,2,B.Des. (Industrial Product Design)
BDS210,2,B.Des. (Industrial Product Design)
BDS211,2,B.Des. (Industrial Product Design)
BDS212,2,B.Des. (Industrial Product Design)
BDS213,2,B.Des. (Industrial Product Design)
BDS214,2,B.Des. (Industrial Product Design)
BDS215,2,B.Des. (Industrial Product Design)
BDS301,3,B.Des. (Industrial Product Design)
BDS302,3,B.Des. (Industrial Product Design)
BDS303,3,B.Des. (Industrial Product Design)
BDS304,3,B.Des. (Industrial Product Design)
BDS305,3,B.Des. (Industrial Product Design)
BDS306,3,B.Des. (Industrial Product Design)
BDS307,3,B.Des. (Industrial Product Design)
BDS308,3,B.Des. (Industrial Product Design)
BDS309,3,B.Des. (Industrial Product Design)
BDS310,3,B.Des. (Industrial Product Design)
BDS311,3,B.Des. (Industrial Product Design)
BDS312,3,B.Des. (Industrial Product Design)
BDS313,3,B.Des. (Industrial Product Design)
BDS314,3,B.Des. (Industrial Product Design)
BDS315,3,B.Des. (Industrial Product Design)
BDS401,4,B.Des. (Industrial Product Design)
BDS402,4,B.Des. (Industrial Product Design)
BDS403,4,B.Des. (Industrial Product Design)
BDS404,4,B.Des. (Industrial Product Design)
BDS405,4,B.Des. (Industrial Product Design)
BDS406,4,B.Des. (Industrial Product Design)
BDS407,4,B.Des. (Industrial Product Design)
BDS408,4,B.Des. (Industrial Product Design)
BDS409,4,B.Des. (Industrial Product Design)
BDS410,4,B.Des. (Industrial Product Design)
BDS411,4,B.Des. (Industrial Product Design)
BDS412,4,B.Des. (Industrial Product Design)
BDS413,4,B.Des. (Industrial Product Design)
BDS414,4,B.Des. (Industrial Product Design)
BDS415,4,B.Des. (Industrial Product Design)
BDS501,5,B.Des. (Industrial Product Design)
BDS502,5,B.Des. (Industrial Product Design)
BDS503,5,B.Des. (Industrial Product Design)
BDS504,5,B.Des. (Industrial Product Design)
BDS505,5,B.Des. (Industrial Product Design)
BDS506,5,B.Des. (Industrial Product Design)
BDS507,5,B.Des. (Industrial Product Design)
BDS508,5,B.Des. (Industrial Product Design)
BDS509,5,B.Des. (Industrial Product Design)
BDS510,5,B.Des. (Industrial Product Design)
BDS511,5,B.Des. (Industrial Product Design)
BDS512,5,B.Des. (Industrial Product Design)
BDS513,5,B.Des. (Industrial Product Design)
BDS514,5,B.Des. (Industrial Product Design)
BDS515,5,B.Des. (Industrial Product Design)
BDS601,6,B.Des. (Industrial Product Design)
BDS602,6,B.Des. (Industrial Product Design)
BDS603,6,B.Des. (Industrial Product Design)
BDS604,6,B.Des. (Industrial Product Design)
BDS605,6,B.Des. (Industrial Product Design)
BDS606,6,B.Des. (Industrial Product Design)
BDS607,6,B.Des. (Industrial Product Design)
BDS608,6,B.Des. (Industrial Product Design)
BDS609,6,B.Des. (Industrial Product Design)
BDS610,6,B.Des. (Industrial Product Design)
BDS611,6,B.Des. (Industrial Product Design)
BDS612,6,B.Des. (Industrial Product Design)
BDS613,6,B.Des. (Industrial Product Design)
BDS614,6,B.Des. (Industrial Product Design)
BDS615,6,B.Des. (Industrial Product Design)
BDS701,7,B.Des. (Industrial Product Design)
BDS702,7,B.Des. (Industrial Product Design)
BDS703,7,B.Des. (Industrial Product Design)
BDS704,7,B.Des. (Industrial Product Design)
BDS705,7,B.Des. (Industrial Product Design)
BDS706,7,B.Des. (Industrial Product Design)
BDS707,7,B.Des. (Industrial Product Design)
BDS708,7,B.Des. (Industrial Product Design)
BDS709,7,B.Des. (Industrial Product Design)
BDS710,7,B.Des. (Industrial Product Design)
BDS711,7,B.Des. (Industrial Product Design)
BDS712,7,B.Des. (Industrial Product Design)
BDS713,7,B.Des. (Industrial Product Design)
BDS714,7,B.Des. (Industrial Product Design)
BDS715,7,B.Des. (Industrial Product Design)
BDS801,8,B.Des. (Industrial Product Design)
BDS802,8,B.Des. (Industrial Product Design)
BDS803,8,B.Des. (Industrial Product Design)
BDS804,8,B.Des. (Industrial Product Design)
BDS805,8,B.Des. (Industrial Product Design)
BDS806,8,B.Des. (Industrial Product Design)
BDS807,8,B.Des. (Industrial Product Design)
BDS808,8,B.Des. (Industrial Product Design)
BDS809,8,B.Des. (Industrial Product Design)
BDS810,8,B.Des. (Industrial Product Design)
BDS811,8,B.Des. (Industrial Product Design)
BDS812,8,B.Des. (Industrial Product Design)
BDS813,8,B.Des. (Industrial Product Design)
BDS814,8,B.Des. (Industrial Product Design)
BDS815,8,B.Des. (Industrial Product Design)
BDS101,1,B.Des. (Interior and Spatial Experience Design)
BDS102,1,B.Des. (Interior and Spatial Experience Design)
BDS103,1,B.Des. (Interior and Spatial Experience Design)
BDS104,1,B.Des. (Interior and Spatial Experience Design)
BDS105,1,B.Des. (Interior and Spatial Experience Design)
BDS106,1,B.Des. (Interior and Spatial Experience Design)
BDS107,1,B.Des. (Interior and Spatial Experience Design)
BDS108,1,B.Des. (Interior and Spatial Experience Design)
BDS109,1,B.Des. (Interior and Spatial Experience Design)
BDS110,1,B.Des. (Interior and Spatial Experience Design)
BDS111,1,B.Des. (Interior and Spatial Experience Design)
BDS112,1,B.Des. (Interior and Spatial Experience Design)
BDS113,1,B.Des. (Interior and Spatial Experience Design)
BDS114,1,B.Des. (Interior and Spatial Experience Design)
BDS115,1,B.Des. (Interior and Spatial Experience Design)
BDS201,2,B.Des. (Interior and Spatial Experience Design)
BDS202,2,B.Des. (Interior and Spatial Experience Design)
BDS203,2,B.Des. (Interior and Spatial Experience Design)
BDS204,2,B.Des. (Interior and Spatial Experience Design)
BDS205,2,B.Des. (Interior and Spatial Experience Design)
BDS206,2,B.Des. (Interior and Spatial Experience Design)
BDS207,2,B.Des. (Interior and Spatial Experience Design)
BDS208,2,B.Des. (Interior and Spatial Experience Design)
BDS209,2,B.Des. (Interior and Spatial Experience Design)
BDS210,2,B.Des. (Interior and Spatial Experience Design)
BDS211,2,B.Des. (Interior and Spatial Experience Design)
BDS212,2,B.Des. (Interior and Spatial Experience Design)
BDS213,2,B.Des. (Interior and Spatial Experience Design)
BDS214,2,B.Des. (Interior and Spatial Experience Design)
BDS215,2,B.Des. (Interior and Spatial Experience Design)
BDS301,3,B.Des. (Interior and Spatial Experience Design)
BDS302,3,B.Des. (Interior and Spatial Experience Design)
BDS303,3,B.Des. (Interior and Spatial Experience Design)
BDS304,3,B.Des. (Interior and Spatial Experience Design)
BDS305,3,B.Des. (Interior and Spatial Experience Design)
BDS306,3,B.Des. (Interior and Spatial Experience Design)
BDS307,3,B.Des. (Interior and Spatial Experience Design)
BDS308,3,B.Des. (Interior and Spatial Experience Design)
BDS309,3,B.Des. (Interior and Spatial Experience Design)
BDS310,3,B.Des. (Interior and Spatial Experience Design)
BDS311,3,B.Des. (Interior and Spatial Experience Design)
BDS312,3,B.Des. (Interior and Spatial Experience Design)
BDS313,3,B.Des. (Interior and Spatial Experience Design)
BDS314,3,B.Des. (Interior and Spatial Experience Design)
BDS315,3,B.Des. (Interior and Spatial Experience Design)
BDS401,4,B.Des. (Interior and Spatial Experience Design)
BDS402,4,B.Des. (Interior and Spatial Experience Design)
BDS403,4,B.Des. (Interior and Spatial Experience Design)
BDS404,4,B.Des. (Interior and Spatial Experience Design)
BDS405,4,B.Des. (Interior and Spatial Experience Design)
BDS406,4,B.Des. (Interior and Spatial Experience Design)
BDS407,4,B.Des. (Interior and Spatial Experience Design)
BDS408,4,B.Des. (Interior and Spatial Experience Design)
BDS409,4,B.Des. (Interior and Spatial Experience Design)
BDS410,4,B.Des. (Interior and Spatial Experience Design)
BDS411,4,B.Des. (Interior and Spatial Experience Design)
BDS412,4,B.Des. (Interior and Spatial Experience Design)
BDS413,4,B.Des. (Interior and Spatial Experience Design)
BDS414,4,B.Des. (Interior and Spatial Experience Design)
BDS415,4,B.Des. (Interior and Spatial Experience Design)
BDS501,5,B.Des. (Interior and Spatial Experience Design)
BDS502,5,B.Des. (Interior and Spatial Experience Design)
BDS503,5,B.Des. (Interior and Spatial Experience Design)
BDS504,5,B.Des. (Interior and Spatial Experience Design)
BDS505,5,B.Des. (Interior and Spatial Experience Design)
BDS506,5,B.Des. (Interior and Spatial Experience Design)
BDS507,5,B.Des. (Interior and Spatial Experience Design)
BDS508,5,B.Des. (Interior and Spatial Experience Design)
BDS509,5,B.Des. (Interior and Spatial Experience Design)
BDS510,5,B.Des. (Interior and Spatial Experience Design)
BDS511,5,B.Des. (Interior and Spatial Experience Design)
BDS512,5,B.Des. (Interior and Spatial Experience Design)
BDS513,5,B.Des. (Interior and Spatial Experience Design)
BDS514,5,B.Des. (Interior and Spatial Experience Design)
BDS515,5,B.Des. (Interior and Spatial Experience Design)
BDS601,6,B.Des. (Interior and Spatial Experience Design)
BDS602,6,B.Des. (Interior and Spatial Experience Design)
BDS603,6,B.Des. (Interior and Spatial Experience Design)
BDS604,6,B.Des. (Interior and Spatial Experience Design)
BDS605,6,B.Des. (Interior and Spatial Experience Design)
BDS606,6,B.Des. (Interior and Spatial Experience Design)
BDS607,6,B.Des. (Interior and Spatial Experience Design)
BDS608,6,B.Des. (Interior and Spatial Experience Design)
BDS609,6,B.Des. (Interior and Spatial Experience Design)
BDS610,6,B.Des. (Interior and Spatial Experience Design)
BDS611,6,B.Des. (Interior and Spatial Experience Design)
BDS612,6,B.Des. (Interior and Spatial Experience Design)
BDS613,6,B.Des. (Interior and Spatial Experience Design)
BDS614,6,B.Des. (Interior and Spatial Experience Design)
BDS615,6,B.Des. (Interior and Spatial Experience Design)
BDS701,7,B.Des. (Interior and Spatial Experience Design)
BDS702,7,B.Des. (Interior and Spatial Experience Design)
BDS703,7,B.Des. (Interior and Spatial Experience Design)
BDS704,7,B.Des. (Interior and Spatial Experience Design)
BDS705,7,B.Des. (Interior and Spatial Experience Design)
BDS706,7,B.Des. (Interior and Spatial Experience Design)
BDS707,7,B.Des. (Interior and Spatial Experience Design)
BDS708,7,B.Des. (Interior and Spatial Experience Design)
BDS709,7,B.Des. (Interior and Spatial Experience Design)
BDS710,7,B.Des. (Interior and Spatial Experience Design)
BDS711,7,B.Des. (Interior and Spatial Experience Design)
BDS712,7,B.Des. (Interior and Spatial Experience Design)
BDS713,7,B.Des. (Interior and Spatial Experience Design)
BDS714,7,B.Des. (Interior and Spatial Experience Design)
BDS715,7,B.Des. (Interior and Spatial Experience Design)
BDS801,8,B.Des. (Interior and Spatial Experience Design)
BDS802,8,B.Des. (Interior and Spatial Experience Design)
BDS803,8,B.Des. (Interior and Spatial Experience Design)
BDS804,8,B.Des. (Interior and Spatial Experience Design)
BDS805,8,B.Des. (Interior and Spatial Experience Design)
BDS806,8,B.Des. (Interior and Spatial Experience Design)
BDS807,8,B.Des. (Interior and Spatial Experience Design)
BDS808,8,B.Des. (Interior and Spatial Experience Design)
BDS809,8,B.Des. (Interior and Spatial Experience Design)
BDS810,8,B.Des. (Interior and Spatial Experience Design)
BDS811,8,B.Des. (Interior and Spatial Experience Design)
BDS812,8,B.Des. (Interior and Spatial Experience Design)
BDS813,8,B.Des. (Interior and Spatial Experience Design)
BDS814,8,B.Des. (Interior and Spatial Experience Design)
BDS815,8,B.Des. (Interior and Spatial Experience Design)
BDS101,1,B.Des. (User Experience and Interaction Design)
BDS102,1,B.Des. (User Experience and Interaction Design)
BDS103,1,B.Des. (User Experience and Interaction Design)
BDS104,1,B.Des. (User Experience and Interaction Design)
BDS105,1,B.Des. (User Experience and Interaction Design)
BDS106,1,B.Des. (User Experience and Interaction Design)
BDS107,1,B.Des. (User Experience and Interaction Design)
BDS108,1,B.Des. (User Experience and Interaction Design)
BDS109,1,B.Des. (User Experience and Interaction Design)
BDS110,1,B.Des. (User Experience and Interaction Design)
BDS111,1,B.Des. (User Experience and Interaction Design)
BDS112,1,B.Des. (User Experience and Interaction Design)
BDS113,1,B.Des. (User Experience and Interaction Design)
BDS114,1,B.Des. (User Experience and Interaction Design)
BDS115,1,B.Des. (User Experience and Interaction Design)
BDS201,2,B.Des. (User Experience and Interaction Design)
BDS202,2,B.Des. (User Experience and Interaction Design)
BDS203,2,B.Des. (User Experience and Interaction Design)
BDS204,2,B.Des. (User Experience and Interaction Design)
BDS205,2,B.Des. (User Experience and Interaction Design)
BDS206,2,B.Des. (User Experience and Interaction Design)
BDS207,2,B.Des. (User Experience and Interaction Design)
BDS208,2,B.Des. (User Experience and Interaction Design)
BDS209,2,B.Des. (User Experience and Interaction Design)
BDS210,2,B.Des. (User Experience and Interaction Design)
BDS211,2,B.Des. (User Experience and Interaction Design)
BDS212,2,B.Des. (User Experience and Interaction Design)
BDS213,2,B.Des. (User Experience and Interaction Design)
BDS214,2,B.Des. (User Experience and Interaction Design)
BDS215,2,B.Des. (User Experience and Interaction Design)
BDS301,3,B.Des. (User Experience and Interaction Design)
BDS302,3,B.Des. (User Experience and Interaction Design)
BDS303,3,B.Des. (User Experience and Interaction Design)
BDS304,3,B.Des. (User Experience and Interaction Design)
BDS305,3,B.Des. (User Experience and Interaction Design)
BDS306,3,B.Des. (User Experience and Interaction Design)
BDS307,3,B.Des. (User Experience and Interaction Design)
BDS308,3,B.Des. (User Experience and Interaction Design)
BDS309,3,B.Des. (User Experience and Interaction Design)
BDS310,3,B.Des. (User Experience and Interaction Design)
BDS311,3,B.Des. (User Experience and Interaction Design)
BDS312,3,B.Des. (User Experience and Interaction Design)
BDS313,3,B.Des. (User Experience and Interaction Design)
BDS314,3,B.Des. (User Experience and Interaction Design)
BDS315,3,B.Des. (User Experience and Interaction Design)
BDS401,4,B.Des. (User Experience and Interaction Design)
BDS402,4,B.Des. (User Experience and Interaction Design)
BDS403,4,B.Des. (User Experience and Interaction Design)
BDS404,4,B.Des. (User Experience and Interaction Design)
BDS405,4,B.Des. (User Experience and Interaction Design)
BDS406,4,B.Des. (User Experience and Interaction Design)
BDS407,4,B.Des. (User Experience and Interaction Design)
BDS408,4,B.Des. (User Experience and Interaction Design)
BDS409,4,B.Des. (User Experience and Interaction Design)
BDS410,4,B.Des. (User Experience and Interaction Design)
BDS411,4,B.Des. (User Experience and Interaction Design)
BDS412,4,B.Des. (User Experience and Interaction Design)
BDS413,4,B.Des. (User Experience and Interaction Design)
BDS414,4,B.Des. (User Experience and Interaction Design)
BDS415,4,B.Des. (User Experience and Interaction Design)
BDS501,5,B.Des. (User Experience and Interaction Design)
BDS502,5,B.Des. (User Experience and Interaction Design)
BDS503,5,B.Des. (User Experience and Interaction Design)
BDS504,5,B.Des. (User Experience and Interaction Design)
BDS505,5,B.Des. (User Experience and Interaction Design)
BDS506,5,B.Des. (User Experience and Interaction Design)
BDS507,5,B.Des. (User Experience and Interaction Design)
BDS508,5,B.Des. (User Experience and Interaction Design)
BDS509,5,B.Des. (User Experience and Interaction Design)
BDS510,5,B.Des. (User Experience and Interaction Design)
BDS511,5,B.Des. (User Experience and Interaction Design)
BDS512,5,B.Des. (User Experience and Interaction Design)
BDS513,5,B.Des. (User Experience and Interaction Design)
BDS514,5,B.Des. (User Experience and Interaction Design)
BDS515,5,B.Des. (User Experience and Interaction Design)
BDS601,6,B.Des. (User Experience and Interaction Design)
BDS602,6,B.Des. (User Experience and Interaction Design)
BDS603,6,B.Des. (User Experience and Interaction Design)
BDS604,6,B.Des. (User Experience and Interaction Design)
BDS605,6,B.Des. (User Experience and Interaction Design)
BDS606,6,B.Des. (User Experience and Interaction Design)
BDS607,6,B.Des. (User Experience and Interaction Design)
BDS608,6,B.Des. (User Experience and Interaction Design)
BDS609,6,B.Des. (User Experience and Interaction Design)
BDS610,6,B.Des. (User Experience and Interaction Design)
BDS611,6,B.Des. (User Experience and Interaction Design)
BDS612,6,B.Des. (User Experience and Interaction Design)
BDS613,6,B.Des. (User Experience and Interaction Design)
BDS614,6,B.Des. (User Experience and Interaction Design)
BDS615,6,B.Des. (User Experience and Interaction Design)
BDS701,7,B.Des. (User Experience and Interaction Design)
BDS702,7,B.Des. (User Experience and Interaction Design)
BDS703,7,B.Des. (User Experience and Interaction Design)
BDS704,7,B.Des. (User Experience and Interaction Design)
BDS705,7,B.Des. (User Experience and Interaction Design)
BDS706,7,B.Des. (User Experience and Interaction Design)
BDS707,7,B.Des. (User Experience and Interaction Design)
BDS708,7,B.Des. (User Experience and Interaction Design)
BDS709,7,B.Des. (User Experience and Interaction Design)
BDS710,7,B.Des. (User Experience and Interaction Design)
BDS711,7,B.Des. (User Experience and Interaction Design)
BDS712,7,B.Des. (User Experience and Interaction Design)
BDS713,7,B.Des. (User Experience and Interaction Design)
BDS714,7,B.Des. (User Experience and Interaction Design)
BDS715,7,B.Des. (User Experience and Interaction Design)
BDS801,8,B.Des. (User Experience and Interaction Design)
BDS802,8,B.Des. (User Experience and Interaction Design)
BDS803,8,B.Des. (User Experience and Interaction Design)
BDS804,8,B.Des. (User Experience and Interaction Design)
BDS805,8,B.Des. (User Experience and Interaction Design)
BDS806,8,B.Des. (User Experience and Interaction Design)
BDS807,8,B.Des. (User Experience and Interaction Design)
BDS808,8,B.Des. (User Experience and Interaction Design)
BDS809,8,B.Des. (User Experience and Interaction Design)
BDS810,8,B.Des. (User Experience and Interaction Design)
BDS811,8,B.Des. (User Experience and Interaction Design)
BDS812,8,B.Des. (User Experience and Interaction Design)
BDS813,8,B.Des. (User Experience and Interaction Design)
BDS814,8,B.Des. (User Experience and Interaction Design)
BDS815,8,B.Des. (User Experience and Interaction Design)
BSD101,1,B.Sc. / B.Sc. (Hons.) Graphic and Interaction Design
BSD102,1,B.Sc. / B.Sc. (Hons.) Graphic and Interaction Design
BSD103,1,B.Sc. / B.Sc. (Hons.) Graphic and Interaction Design
BSD104,1,B.Sc. / B.Sc. (Hons.) Graphic and Interaction Design
BSD105,1,B.Sc. / B.Sc. (Hons.) Graphic and Interaction Design
BSD106,1,B.Sc. / B.Sc. (Hons.) Graphic and Interaction Design
BSD107,1,B.Sc. / B.Sc. (Hons.) Graphic and Interaction Design
BSD108,1,B.Sc. / B.Sc. (Hons.) Graphic and Interaction Design
BSD109,1,B.Sc. / B.Sc. (Hons.) Graphic and Interaction Design
BSD110,1,B.Sc. / B.Sc. (Hons.) Graphic and Interaction Design
BSD111,1,B.Sc. / B.Sc. (Hons.) Graphic and Interaction Design
BSD112,1,B.Sc. / B.Sc. (Hons.) Graphic and Interaction Design
BSD113,1,B.Sc. / B.Sc. (Hons.) Graphic and Interaction Design
BSD114,1,B.Sc. / B.Sc. (Hons.) Graphic and Interaction Design
BSD115,1,B.Sc. / B.Sc. (Hons.) Graphic and Interaction Design
BSD201,2,B.Sc. / B.Sc. (Hons.) Graphic and Interaction Design
BSD202,2,B.Sc. / B.Sc. (Hons.) Graphic and Interaction Design
BSD203,2,B.Sc. / B.Sc. (Hons.) Graphic and Interaction Design
BSD204,2,B.Sc. / B.Sc. (Hons.) Graphic and Interaction Design
BSD205,2,B.Sc. / B.Sc. (Hons.) Graphic and Interaction Design
BSD206,2,B.Sc. / B.Sc. (Hons.) Graphic and Interaction Design
BSD207,2,B.Sc. / B.Sc. (Hons.) Graphic and Interaction Design
BSD208,2,B.Sc. / B.Sc. (Hons.) Graphic and Interaction Design
BSD209,2,B.Sc. / B.Sc. (Hons.) Graphic and Interaction Design
BSD210,2,B.Sc. / B.Sc. (Hons.) Graphic and Interaction Design
BSD211,2,B.Sc. / B.Sc. (Hons.) Graphic and Interaction Design
BSD212,2,B.Sc. / B.Sc. (Hons.) Graphic and Interaction Design
BSD213,2,B.Sc. / B.Sc. (Hons.) Graphic and Interaction Design
BSD214,2,B.Sc. / B.Sc. (Hons.) Graphic and Interaction Design
BSD215,2,B.Sc. / B.Sc. (Hons.) Graphic and Interaction Design
BSD301,3,B.Sc. / B.Sc. (Hons.) Graphic and Interaction Design
BSD302,3,B.Sc. / B.Sc. (Hons.) Graphic and Interaction Design
BSD303,3,B.Sc. / B.Sc. (Hons.) Graphic and Interaction Design
BSD304,3,B.Sc. / B.Sc. (Hons.) Graphic and Interaction Design
BSD305,3,B.Sc. / B.Sc. (Hons.) Graphic and Interaction Design
BSD306,3,B.Sc. / B.Sc. (Hons.) Graphic and Interaction Design
BSD307,3,B.Sc. / B.Sc. (Hons.) Graphic and Interaction Design
BSD308,3,B.Sc. / B.Sc. (Hons.) Graphic and Interaction Design
BSD309,3,B.Sc. / B.Sc. (Hons.) Graphic and Interaction Design
BSD310,3,B.Sc. / B.Sc. (Hons.) Graphic and Interaction Design
BSD311,3,B.Sc. / B.Sc. (Hons.) Graphic and Interaction Design
BSD312,3,B.Sc. / B.Sc. (Hons.) Graphic and Interaction Design
BSD313,3,B.Sc. / B.Sc. (Hons.) Graphic and Interaction Design
BSD314,3,B.Sc. / B.Sc. (Hons.) Graphic and Interaction Design
BSD315,3,B.Sc. / B.Sc. (Hons.) Graphic and Interaction Design
BSD401,4,B.Sc. / B.Sc. (Hons.) Graphic and Interaction Design
BSD402,4,B.Sc. / B.Sc. (Hons.) Graphic and Interaction Design
BSD403,4,B.Sc. / B.Sc. (Hons.) Graphic and Interaction Design
BSD404,4,B.Sc. / B.Sc. (Hons.) Graphic and Interaction Design
BSD405,4,B.Sc. / B.Sc. (Hons.) Graphic and Interaction Design
BSD406,4,B.Sc. / B.Sc. (Hons.) Graphic and Interaction Design
BSD407,4,B.Sc. / B.Sc. (Hons.) Graphic and Interaction Design
BSD408,4,B.Sc. / B.Sc. (Hons.) Graphic and Interaction Design
BSD409,4,B.Sc. / B.Sc. (Hons.) Graphic and Interaction Design
BSD410,4,B.Sc. / B.Sc. (Hons.) Graphic and Interaction Design
BSD411,4,B.Sc. / B.Sc. (Hons.) Graphic and Interaction Design
BSD412,4,B.Sc. / B.Sc. (Hons.) Graphic and Interaction Design
BSD413,4,B.Sc. / B.Sc. (Hons.) Graphic and Interaction Design
BSD414,4,B.Sc. / B.Sc. (Hons.) Graphic and Interaction Design
BSD415,4,B.Sc. / B.Sc. (Hons.) Graphic and Interaction Design
BSD501,5,B.Sc. / B.Sc. (Hons.) Graphic and Interaction Design
BSD502,5,B.Sc. / B.Sc. (Hons.) Graphic and Interaction Design
BSD503,5,B.Sc. / B.Sc. (Hons.) Graphic and Interaction Design
BSD504,5,B.Sc. / B.Sc. (Hons.) Graphic and Interaction Design
BSD505,5,B.Sc. / B.Sc. (Hons.) Graphic and Interaction Design
BSD506,5,B.Sc. / B.Sc. (Hons.) Graphic and Interaction Design
BSD507,5,B.Sc. / B.Sc. (Hons.) Graphic and Interaction Design
BSD508,5,B.Sc. / B.Sc. (Hons.) Graphic and Interaction Design
BSD509,5,B.Sc. / B.Sc. (Hons.) Graphic and Interaction Design
BSD510,5,B.Sc. / B.Sc. (Hons.) Graphic and Interaction Design
BSD511,5,B.Sc. / B.Sc. (Hons.) Graphic and Interaction Design
BSD512,5,B.Sc. / B.Sc. (Hons.) Graphic and Interaction Design
BSD513,5,B.Sc. / B.Sc. (Hons.) Graphic and Interaction Design
BSD514,5,B.Sc. / B.Sc. (Hons.) Graphic and Interaction Design
BSD515,5,B.Sc. / B.Sc. (Hons.) Graphic and Interaction Design
BSD601,6,B.Sc. / B.Sc. (Hons.) Graphic and Interaction Design
BSD602,6,B.Sc. / B.Sc. (Hons.) Graphic and Interaction Design
BSD603,6,B.Sc. / B.Sc. (Hons.) Graphic and Interaction Design
BSD604,6,B.Sc. / B.Sc. (Hons.) Graphic and Interaction Design
BSD605,6,B.Sc. / B.Sc. (Hons.) Graphic and Interaction Design
BSD606,6,B.Sc. / B.Sc. (Hons.) Graphic and Interaction Design
BSD607,6,B.Sc. / B.Sc. (Hons.) Graphic and Interaction Design
BSD608,6,B.Sc. / B.Sc. (Hons.) Graphic and Interaction Design
BSD609,6,B.Sc. / B.Sc. (Hons.) Graphic and Interaction Design
BSD610,6,B.Sc. / B.Sc. (Hons.) Graphic and Interaction Design
BSD611,6,B.Sc. / B.Sc. (Hons.) Graphic and Interaction Design
BSD612,6,B.Sc. / B.Sc. (Hons.) Graphic and Interaction Design
BSD613,6,B.Sc. / B.Sc. (Hons.) Graphic and Interaction Design
BSD614,6,B.Sc. / B.Sc. (Hons.) Graphic and Interaction Design
BSD615,6,B.Sc. / B.Sc. (Hons.) Graphic and Interaction Design
BSD701,7,B.Sc. / B.Sc. (Hons.) Graphic and Interaction Design
BSD702,7,B.Sc. / B.Sc. (Hons.) Graphic and Interaction Design
BSD703,7,B.Sc. / B.Sc. (Hons.) Graphic and Interaction Design
BSD704,7,B.Sc. / B.Sc. (Hons.) Graphic and Interaction Design
BSD705,7,B.Sc. / B.Sc. (Hons.) Graphic and Interaction Design
BSD706,7,B.Sc. / B.Sc. (Hons.) Graphic and Interaction Design
BSD707,7,B.Sc. / B.Sc. (Hons.) Graphic and Interaction Design
BSD708,7,B.Sc. / B.Sc. (Hons.) Graphic and Interaction Design
BSD709,7,B.Sc. / B.Sc. (Hons.) Graphic and Interaction Design
BSD710,7,B.Sc. / B.Sc. (Hons.) Graphic and Interaction Design
BSD711,7,B.Sc. / B.Sc. (Hons.) Graphic and Interaction Design
BSD712,7,B.Sc. / B.Sc. (Hons.) Graphic and Interaction Design
BSD713,7,B.Sc. / B.Sc. (Hons.) Graphic and Interaction Design
BSD714,7,B.Sc. / B.Sc. (Hons.) Graphic and Interaction Design
BSD715,7,B.Sc. / B.Sc. (Hons.) Graphic and Interaction Design
BSD801,8,B.Sc. / B.Sc. (Hons.) Graphic and Interaction Design
BSD802,8,B.Sc. / B.Sc. (Hons.) Graphic and Interaction Design
BSD803,8,B.Sc. / B.Sc. (Hons.) Graphic and Interaction Design
BSD804,8,B.Sc. / B.Sc. (Hons.) Graphic and Interaction Design
BSD805,8,B.Sc. / B.Sc. (Hons.) Graphic and Interaction Design
BSD806,8,B.Sc. / B.Sc. (Hons.) Graphic and Interaction Design
BSD807,8,B.Sc. / B.Sc. (Hons.) Graphic and Interaction Design
BSD808,8,B.Sc. / B.Sc. (Hons.) Graphic and Interaction Design
BSD809,8,B.Sc. / B.Sc. (Hons.) Graphic and Interaction Design
BSD810,8,B.Sc. / B.Sc. (Hons.) Graphic and Interaction Design
BSD811,8,B.Sc. / B.Sc. (Hons.) Graphic and Interaction Design
BSD812,8,B.Sc. / B.Sc. (Hons.) Graphic and Interaction Design
BSD813,8,B.Sc. / B.Sc. (Hons.) Graphic and Interaction Design
BSD814,8,B.Sc. / B.Sc. (Hons.) Graphic and Interaction Design
BSD815,8,B.Sc. / B.Sc. (Hons.) Graphic and Interaction Design
BSD101,1,B.Sc. / B.Sc. (Hons.) Animation and VFX Design
BSD102,1,B.Sc. / B.Sc. (Hons.) Animation and VFX Design
BSD103,1,B.Sc. / B.Sc. (Hons.) Animation and VFX Design
BSD104,1,B.Sc. / B.Sc. (Hons.) Animation and VFX Design
BSD105,1,B.Sc. / B.Sc. (Hons.) Animation and VFX Design
BSD106,1,B.Sc. / B.Sc. (Hons.) Animation and VFX Design
BSD107,1,B.Sc. / B.Sc. (Hons.) Animation and VFX Design
BSD108,1,B.Sc. / B.Sc. (Hons.) Animation and VFX Design
BSD109,1,B.Sc. / B.Sc. (Hons.) Animation and VFX Design
BSD110,1,B.Sc. / B.Sc. (Hons.) Animation and VFX Design
BSD111,1,B.Sc. / B.Sc. (Hons.) Animation and VFX Design
BSD112,1,B.Sc. / B.Sc. (Hons.) Animation and VFX Design
BSD113,1,B.Sc. / B.Sc. (Hons.) Animation and VFX Design
BSD114,1,B.Sc. / B.Sc. (Hons.) Animation and VFX Design
BSD115,1,B.Sc. / B.Sc. (Hons.) Animation and VFX Design
BSD201,2,B.Sc. / B.Sc. (Hons.) Animation and VFX Design
BSD202,2,B.Sc. / B.Sc. (Hons.) Animation and VFX Design
BSD203,2,B.Sc. / B.Sc. (Hons.) Animation and VFX Design
BSD204,2,B.Sc. / B.Sc. (Hons.) Animation and VFX Design
BSD205,2,B.Sc. / B.Sc. (Hons.) Animation and VFX Design
BSD206,2,B.Sc. / B.Sc. (Hons.) Animation and VFX Design
BSD207,2,B.Sc. / B.Sc. (Hons.) Animation and VFX Design
BSD208,2,B.Sc. / B.Sc. (Hons.) Animation and VFX Design
BSD209,2,B.Sc. / B.Sc. (Hons.) Animation and VFX Design
BSD210,2,B.Sc. / B.Sc. (Hons.) Animation and VFX Design
BSD211,2,B.Sc. / B.Sc. (Hons.) Animation and VFX Design
BSD212,2,B.Sc. / B.Sc. (Hons.) Animation and VFX Design
BSD213,2,B.Sc. / B.Sc. (Hons.) Animation and VFX Design
BSD214,2,B.Sc. / B.Sc. (Hons.) Animation and VFX Design
BSD215,2,B.Sc. / B.Sc. (Hons.) Animation and VFX Design
BSD301,3,B.Sc. / B.Sc. (Hons.) Animation and VFX Design
BSD302,3,B.Sc. / B.Sc. (Hons.) Animation and VFX Design
BSD303,3,B.Sc. / B.Sc. (Hons.) Animation and VFX Design
BSD304,3,B.Sc. / B.Sc. (Hons.) Animation and VFX Design
BSD305,3,B.Sc. / B.Sc. (Hons.) Animation and VFX Design
BSD306,3,B.Sc. / B.Sc. (Hons.) Animation and VFX Design
BSD307,3,B.Sc. / B.Sc. (Hons.) Animation and VFX Design
BSD308,3,B.Sc. / B.Sc. (Hons.) Animation and VFX Design
BSD309,3,B.Sc. / B.Sc. (Hons.) Animation and VFX Design
BSD310,3,B.Sc. / B.Sc. (Hons.) Animation and VFX Design
BSD311,3,B.Sc. / B.Sc. (Hons.) Animation and VFX Design
BSD312,3,B.Sc. / B.Sc. (Hons.) Animation and VFX Design
BSD313,3,B.Sc. / B.Sc. (Hons.) Animation and VFX Design
BSD314,3,B.Sc. / B.Sc. (Hons.) Animation and VFX Design
BSD315,3,B.Sc. / B.Sc. (Hons.) Animation and VFX Design
BSD401,4,B.Sc. / B.Sc. (Hons.) Animation and VFX Design
BSD402,4,B.Sc. / B.Sc. (Hons.) Animation and VFX Design
BSD403,4,B.Sc. / B.Sc. (Hons.) Animation and VFX Design
BSD404,4,B.Sc. / B.Sc. (Hons.) Animation and VFX Design
BSD405,4,B.Sc. / B.Sc. (Hons.) Animation and VFX Design
BSD406,4,B.Sc. / B.Sc. (Hons.) Animation and VFX Design
BSD407,4,B.Sc. / B.Sc. (Hons.) Animation and VFX Design
BSD408,4,B.Sc. / B.Sc. (Hons.) Animation and VFX Design
BSD409,4,B.Sc. / B.Sc. (Hons.) Animation and VFX Design
BSD410,4,B.Sc. / B.Sc. (Hons.) Animation and VFX Design
BSD411,4,B.Sc. / B.Sc. (Hons.) Animation and VFX Design
BSD412,4,B.Sc. / B.Sc. (Hons.) Animation and VFX Design
BSD413,4,B.Sc. / B.Sc. (Hons.) Animation and VFX Design
BSD414,4,B.Sc. / B.Sc. (Hons.) Animation and VFX Design
BSD415,4,B.Sc. / B.Sc. (Hons.) Animation and VFX Design
BSD501,5,B.Sc. / B.Sc. (Hons.) Animation and VFX Design
BSD502,5,B.Sc. / B.Sc. (Hons.) Animation and VFX Design
BSD503,5,B.Sc. / B.Sc. (Hons.) Animation and VFX Design
BSD504,5,B.Sc. / B.Sc. (Hons.) Animation and VFX Design
BSD505,5,B.Sc. / B.Sc. (Hons.) Animation and VFX Design
BSD506,5,B.Sc. / B.Sc. (Hons.) Animation and VFX Design
BSD507,5,B.Sc. / B.Sc. (Hons.) Animation and VFX Design
BSD508,5,B.Sc. / B.Sc. (Hons.) Animation and VFX Design
BSD509,5,B.Sc. / B.Sc. (Hons.) Animation and VFX Design
BSD510,5,B.Sc. / B.Sc. (Hons.) Animation and VFX Design
BSD511,5,B.Sc. / B.Sc. (Hons.) Animation and VFX Design
BSD512,5,B.Sc. / B.Sc. (Hons.) Animation and VFX Design
BSD513,5,B.Sc. / B.Sc. (Hons.) Animation and VFX Design
BSD514,5,B.Sc. / B.Sc. (Hons.) Animation and VFX Design
BSD515,5,B.Sc. / B.Sc. (Hons.) Animation and VFX Design
BSD601,6,B.Sc. / B.Sc. (Hons.) Animation and VFX Design
BSD602,6,B.Sc. / B.Sc. (Hons.) Animation and VFX Design
BSD603,6,B.Sc. / B.Sc. (Hons.) Animation and VFX Design
BSD604,6,B.Sc. / B.Sc. (Hons.) Animation and VFX Design
BSD605,6,B.Sc. / B.Sc. (Hons.) Animation and VFX Design
BSD606,6,B.Sc. / B.Sc. (Hons.) Animation and VFX Design
BSD607,6,B.Sc. / B.Sc. (Hons.) Animation and VFX Design
BSD608,6,B.Sc. / B.Sc. (Hons.) Animation and VFX Design
BSD609,6,B.Sc. / B.Sc. (Hons.) Animation and VFX Design
BSD610,6,B.Sc. / B.Sc. (Hons.) Animation and VFX Design
BSD611,6,B.Sc. / B.Sc. (Hons.) Animation and VFX Design
BSD612,6,B.Sc. / B.Sc. (Hons.) Animation and VFX Design
BSD613,6,B.Sc. / B.Sc. (Hons.) Animation and VFX Design
BSD614,6,B.Sc. / B.Sc. (Hons.) Animation and VFX Design
BSD615,6,B.Sc. / B.Sc. (Hons.) Animation and VFX Design
BSD701,7,B.Sc. / B.Sc. (Hons.) Animation and VFX Design
BSD702,7,B.Sc. / B.Sc. (Hons.) Animation and VFX Design
BSD703,7,B.Sc. / B.Sc. (Hons.) Animation and VFX Design
BSD704,7,B.Sc. / B.Sc. (Hons.) Animation and VFX Design
BSD705,7,B.Sc. / B.Sc. (Hons.) Animation and VFX Design
BSD706,7,B.Sc. / B.Sc. (Hons.) Animation and VFX Design
BSD707,7,B.Sc. / B.Sc. (Hons.) Animation and VFX Design
BSD708,7,B.Sc. / B.Sc. (Hons.) Animation and VFX Design
BSD709,7,B.Sc. / B.Sc. (Hons.) Animation and VFX Design
BSD710,7,B.Sc. / B.Sc. (Hons.) Animation and VFX Design
BSD711,7,B.Sc. / B.Sc. (Hons.) Animation and VFX Design
BSD712,7,B.Sc. / B.Sc. (Hons.) Animation and VFX Design
BSD713,7,B.Sc. / B.Sc. (Hons.) Animation and VFX Design
BSD714,7,B.Sc. / B.Sc. (Hons.) Animation and VFX Design
BSD715,7,B.Sc. / B.Sc. (Hons.) Animation and VFX Design
BSD801,8,B.Sc. / B.Sc. (Hons.) Animation and VFX Design
BSD802,8,B.Sc. / B.Sc. (Hons.) Animation and VFX Design
BSD803,8,B.Sc. / B.Sc. (Hons.) Animation and VFX Design
BSD804,8,B.Sc. / B.Sc. (Hons.) Animation and VFX Design
BSD805,8,B.Sc. / B.Sc. (Hons.) Animation and VFX Design
BSD806,8,B.Sc. / B.Sc. (Hons.) Animation and VFX Design
BSD807,8,B.Sc. / B.Sc. (Hons.) Animation and VFX Design
BSD808,8,B.Sc. / B.Sc. (Hons.) Animation and VFX Design
BSD809,8,B.Sc. / B.Sc. (Hons.) Animation and VFX Design
BSD810,8,B.Sc. / B.Sc. (Hons.) Animation and VFX Design
BSD811,8,B.Sc. / B.Sc. (Hons.) Animation and VFX Design
BSD812,8,B.Sc. / B.Sc. (Hons.) Animation and VFX Design
BSD813,8,B.Sc. / B.Sc. (Hons.) Animation and VFX Design
BSD814,8,B.Sc. / B.Sc. (Hons.) Animation and VFX Design
BSD815,8,B.Sc. / B.Sc. (Hons.) Animation and VFX Design
BSD101,1,B.Sc. / B.Sc. (Hons.) Product and Interior Design
BSD102,1,B.Sc. / B.Sc. (Hons.) Product and Interior Design
BSD103,1,B.Sc. / B.Sc. (Hons.) Product and Interior Design
BSD104,1,B.Sc. / B.Sc. (Hons.) Product and Interior Design
BSD105,1,B.Sc. / B.Sc. (Hons.) Product and Interior Design
BSD106,1,B.Sc. / B.Sc. (Hons.) Product and Interior Design
BSD107,1,B.Sc. / B.Sc. (Hons.) Product and Interior Design
BSD108,1,B.Sc. / B.Sc. (Hons.) Product and Interior Design
BSD109,1,B.Sc. / B.Sc. (Hons.) Product and Interior Design
BSD110,1,B.Sc. / B.Sc. (Hons.) Product and Interior Design
BSD111,1,B.Sc. / B.Sc. (Hons.) Product and Interior Design
BSD112,1,B.Sc. / B.Sc. (Hons.) Product and Interior Design
BSD113,1,B.Sc. / B.Sc. (Hons.) Product and Interior Design
BSD114,1,B.Sc. / B.Sc. (Hons.) Product and Interior Design
BSD115,1,B.Sc. / B.Sc. (Hons.) Product and Interior Design
BSD201,2,B.Sc. / B.Sc. (Hons.) Product and Interior Design
BSD202,2,B.Sc. / B.Sc. (Hons.) Product and Interior Design
BSD203,2,B.Sc. / B.Sc. (Hons.) Product and Interior Design
BSD204,2,B.Sc. / B.Sc. (Hons.) Product and Interior Design
BSD205,2,B.Sc. / B.Sc. (Hons.) Product and Interior Design
BSD206,2,B.Sc. / B.Sc. (Hons.) Product and Interior Design
BSD207,2,B.Sc. / B.Sc. (Hons.) Product and Interior Design
BSD208,2,B.Sc. / B.Sc. (Hons.) Product and Interior Design
BSD209,2,B.Sc. / B.Sc. (Hons.) Product and Interior Design
BSD210,2,B.Sc. / B.Sc. (Hons.) Product and Interior Design
BSD211,2,B.Sc. / B.Sc. (Hons.) Product and Interior Design
BSD212,2,B.Sc. / B.Sc. (Hons.) Product and Interior Design
BSD213,2,B.Sc. / B.Sc. (Hons.) Product and Interior Design
BSD214,2,B.Sc. / B.Sc. (Hons.) Product and Interior Design
BSD215,2,B.Sc. / B.Sc. (Hons.) Product and Interior Design
BSD301,3,B.Sc. / B.Sc. (Hons.) Product and Interior Design
BSD302,3,B.Sc. / B.Sc. (Hons.) Product and Interior Design
BSD303,3,B.Sc. / B.Sc. (Hons.) Product and Interior Design
BSD304,3,B.Sc. / B.Sc. (Hons.) Product and Interior Design
BSD305,3,B.Sc. / B.Sc. (Hons.) Product and Interior Design
BSD306,3,B.Sc. / B.Sc. (Hons.) Product and Interior Design
BSD307,3,B.Sc. / B.Sc. (Hons.) Product and Interior Design
BSD308,3,B.Sc. / B.Sc. (Hons.) Product and Interior Design
BSD309,3,B.Sc. / B.Sc. (Hons.) Product and Interior Design
BSD310,3,B.Sc. / B.Sc. (Hons.) Product and Interior Design
BSD311,3,B.Sc. / B.Sc. (Hons.) Product and Interior Design
BSD312,3,B.Sc. / B.Sc. (Hons.) Product and Interior Design
BSD313,3,B.Sc. / B.Sc. (Hons.) Product and Interior Design
BSD314,3,B.Sc. / B.Sc. (Hons.) Product and Interior Design
BSD315,3,B.Sc. / B.Sc. (Hons.) Product and Interior Design
BSD401,4,B.Sc. / B.Sc. (Hons.) Product and Interior Design
BSD402,4,B.Sc. / B.Sc. (Hons.) Product and Interior Design
BSD403,4,B.Sc. / B.Sc. (Hons.) Product and Interior Design
BSD404,4,B.Sc. / B.Sc. (Hons.) Product and Interior Design
BSD405,4,B.Sc. / B.Sc. (Hons.) Product and Interior Design
BSD406,4,B.Sc. / B.Sc. (Hons.) Product and Interior Design
BSD407,4,B.Sc. / B.Sc. (Hons.) Product and Interior Design
BSD408,4,B.Sc. / B.Sc. (Hons.) Product and Interior Design
BSD409,4,B.Sc. / B.Sc. (Hons.) Product and Interior Design
BSD410,4,B.Sc. / B.Sc. (Hons.) Product and Interior Design
BSD411,4,B.Sc. / B.Sc. (Hons.) Product and Interior Design
BSD412,4,B.Sc. / B.Sc. (Hons.) Product and Interior Design
BSD413,4,B.Sc. / B.Sc. (Hons.) Product and Interior Design
BSD414,4,B.Sc. / B.Sc. (Hons.) Product and Interior Design
BSD415,4,B.Sc. / B.Sc. (Hons.) Product and Interior Design
BSD501,5,B.Sc. / B.Sc. (Hons.) Product and Interior Design
BSD502,5,B.Sc. / B.Sc. (Hons.) Product and Interior Design
BSD503,5,B.Sc. / B.Sc. (Hons.) Product and Interior Design
BSD504,5,B.Sc. / B.Sc. (Hons.) Product and Interior Design
BSD505,5,B.Sc. / B.Sc. (Hons.) Product and Interior Design
BSD506,5,B.Sc. / B.Sc. (Hons.) Product and Interior Design
BSD507,5,B.Sc. / B.Sc. (Hons.) Product and Interior Design
BSD508,5,B.Sc. / B.Sc. (Hons.) Product and Interior Design
BSD509,5,B.Sc. / B.Sc. (Hons.) Product and Interior Design
BSD510,5,B.Sc. / B.Sc. (Hons.) Product and Interior Design
BSD511,5,B.Sc. / B.Sc. (Hons.) Product and Interior Design
BSD512,5,B.Sc. / B.Sc. (Hons.) Product and Interior Design
BSD513,5,B.Sc. / B.Sc. (Hons.) Product and Interior Design
BSD514,5,B.Sc. / B.Sc. (Hons.) Product and Interior Design
BSD515,5,B.Sc. / B.Sc. (Hons.) Product and Interior Design
BSD601,6,B.Sc. / B.Sc. (Hons.) Product and Interior Design
BSD602,6,B.Sc. / B.Sc. (Hons.) Product and Interior Design
BSD603,6,B.Sc. / B.Sc. (Hons.) Product and Interior Design
BSD604,6,B.Sc. / B.Sc. (Hons.) Product and Interior Design
BSD605,6,B.Sc. / B.Sc. (Hons.) Product and Interior Design
BSD606,6,B.Sc. / B.Sc. (Hons.) Product and Interior Design
BSD607,6,B.Sc. / B.Sc. (Hons.) Product and Interior Design
BSD608,6,B.Sc. / B.Sc. (Hons.) Product and Interior Design
BSD609,6,B.Sc. / B.Sc. (Hons.) Product and Interior Design
BSD610,6,B.Sc. / B.Sc. (Hons.) Product and Interior Design
BSD611,6,B.Sc. / B.Sc. (Hons.) Product and Interior Design
BSD612,6,B.Sc. / B.Sc. (Hons.) Product and Interior Design
BSD613,6,B.Sc. / B.Sc. (Hons.) Product and Interior Design
BSD614,6,B.Sc. / B.Sc. (Hons.) Product and Interior Design
BSD615,6,B.Sc. / B.Sc. (Hons.) Product and Interior Design
BSD701,7,B.Sc. / B.Sc. (Hons.) Product and Interior Design
BSD702,7,B.Sc. / B.Sc. (Hons.) Product and Interior Design
BSD703,7,B.Sc. / B.Sc. (Hons.) Product and Interior Design
BSD704,7,B.Sc. / B.Sc. (Hons.) Product and Interior Design
BSD705,7,B.Sc. / B.Sc. (Hons.) Product and Interior Design
BSD706,7,B.Sc. / B.Sc. (Hons.) Product and Interior Design
BSD707,7,B.Sc. / B.Sc. (Hons.) Product and Interior Design
BSD708,7,B.Sc. / B.Sc. (Hons.) Product and Interior Design
BSD709,7,B.Sc. / B.Sc. (Hons.) Product and Interior Design
BSD710,7,B.Sc. / B.Sc. (Hons.) Product and Interior Design
BSD711,7,B.Sc. / B.Sc. (Hons.) Product and Interior Design
BSD712,7,B.Sc. / B.Sc. (Hons.) Product and Interior Design
BSD713,7,B.Sc. / B.Sc. (Hons.) Product and Interior Design
BSD714,7,B.Sc. / B.Sc. (Hons.) Product and Interior Design
BSD715,7,B.Sc. / B.Sc. (Hons.) Product and Interior Design
BSD801,8,B.Sc. / B.Sc. (Hons.) Product and Interior Design
BSD802,8,B.Sc. / B.Sc. (Hons.) Product and Interior Design
BSD803,8,B.Sc. / B.Sc. (Hons.) Product and Interior Design
BSD804,8,B.Sc. / B.Sc. (Hons.) Product and Interior Design
BSD805,8,B.Sc. / B.Sc. (Hons.) Product and Interior Design
BSD806,8,B.Sc. / B.Sc. (Hons.) Product and Interior Design
BSD807,8,B.Sc. / B.Sc. (Hons.) Product and Interior Design
BSD808,8,B.Sc. / B.Sc. (Hons.) Product and Interior Design
BSD809,8,B.Sc. / B.Sc. (Hons.) Product and Interior Design
BSD810,8,B.Sc. / B.Sc. (Hons.) Product and Interior Design
BSD811,8,B.Sc. / B.Sc. (Hons.) Product and Interior Design
BSD812,8,B.Sc. / B.Sc. (Hons.) Product and Interior Design
BSD813,8,B.Sc. / B.Sc. (Hons.) Product and Interior Design
BSD814,8,B.Sc. / B.Sc. (Hons.) Product and Interior Design
BSD815,8,B.Sc. / B.Sc. (Hons.) Product and Interior Design
MBI101,1,M.Sc Bioinformatics
MBI102,1,M.Sc Bioinformatics
MBI103,1,M.Sc Bioinformatics
MBI104,1,M.Sc Bioinformatics
MBI105,1,M.Sc Bioinformatics
MBI106,1,M.Sc Bioinformatics
MBI107,1,M.Sc Bioinformatics
MBI108,1,M.Sc Bioinformatics
MBI109,1,M.Sc Bioinformatics
MBI110,1,M.Sc Bioinformatics
MBI111,1,M.Sc Bioinformatics
MBI112,1,M.Sc Bioinformatics
MBI113,1,M.Sc Bioinformatics
MBI114,1,M.Sc Bioinformatics
MBI115,1,M.Sc Bioinformatics
MBI201,2,M.Sc Bioinformatics
MBI202,2,M.Sc Bioinformatics
MBI203,2,M.Sc Bioinformatics
MBI204,2,M.Sc Bioinformatics
MBI205,2,M.Sc Bioinformatics
MBI206,2,M.Sc Bioinformatics
MBI207,2,M.Sc Bioinformatics
MBI208,2,M.Sc Bioinformatics
MBI209,2,M.Sc Bioinformatics
MBI210,2,M.Sc Bioinformatics
MBI211,2,M.Sc Bioinformatics
MBI212,2,M.Sc Bioinformatics
MBI213,2,M.Sc Bioinformatics
MBI214,2,M.Sc Bioinformatics
MBI215,2,M.Sc Bioinformatics
MBI301,3,M.Sc Bioinformatics
MBI302,3,M.Sc Bioinformatics
MBI303,3,M.Sc Bioinformatics
MBI304,3,M.Sc Bioinformatics
MBI305,3,M.Sc Bioinformatics
MBI306,3,M.Sc Bioinformatics
MBI307,3,M.Sc Bioinformatics
MBI308,3,M.Sc Bioinformatics
MBI309,3,M.Sc Bioinformatics
MBI310,3,M.Sc Bioinformatics
MBI311,3,M.Sc Bioinformatics
MBI312,3,M.Sc Bioinformatics
MBI313,3,M.Sc Bioinformatics
MBI314,3,M.Sc Bioinformatics
MBI315,3,M.Sc Bioinformatics
MBI401,4,M.Sc Bioinformatics
MBI402,4,M.Sc Bioinformatics
MBI403,4,M.Sc Bioinformatics
MBI404,4,M.Sc Bioinformatics
MBI405,4,M.Sc Bioinformatics
MBI406,4,M.Sc Bioinformatics
MBI407,4,M.Sc Bioinformatics
MBI408,4,M.Sc Bioinformatics
MBI409,4,M.Sc Bioinformatics
MBI410,4,M.Sc Bioinformatics
MBI411,4,M.Sc Bioinformatics
MBI412,4,M.Sc Bioinformatics
MBI413,4,M.Sc Bioinformatics
MBI414,4,M.Sc Bioinformatics
MBI415,4,M.Sc Bioinformatics
MBI101,1,M.Sc Bioinformatics (One Year)
MBI102,1,M.Sc Bioinformatics (One Year)
MBI103,1,M.Sc Bioinformatics (One Year)
MBI104,1,M.Sc Bioinformatics (One Year)
MBI105,1,M.Sc Bioinformatics (One Year)
MBI106,1,M.Sc Bioinformatics (One Year)
MBI107,1,M.Sc Bioinformatics (One Year)
MBI108,1,M.Sc Bioinformatics (One Year)
MBI109,1,M.Sc Bioinformatics (One Year)
MBI110,1,M.Sc Bioinformatics (One Year)
MBI111,1,M.Sc Bioinformatics (One Year)
MBI112,1,M.Sc Bioinformatics (One Year)
MBI113,1,M.Sc Bioinformatics (One Year)
MBI114,1,M.Sc Bioinformatics (One Year)
MBI115,1,M.Sc Bioinformatics (One Year)
MBI201,2,M.Sc Bioinformatics (One Year)
MBI202,2,M.Sc Bioinformatics (One Year)
MBI203,2,M.Sc Bioinformatics (One Year)
MBI204,2,M.Sc Bioinformatics (One Year)
MBI205,2,M.Sc Bioinformatics (One Year)
MBI206,2,M.Sc Bioinformatics (One Year)
MBI207,2,M.Sc Bioinformatics (One Year)
MBI208,2,M.Sc Bioinformatics (One Year)
MBI209,2,M.Sc Bioinformatics (One Year)
MBI210,2,M.Sc Bioinformatics (One Year)
MBI211,2,M.Sc Bioinformatics (One Year)
MBI212,2,M.Sc Bioinformatics (One Year)
MBI213,2,M.Sc Bioinformatics (One Year)
MBI214,2,M.Sc Bioinformatics (One Year)
MBI215,2,M.Sc Bioinformatics (One Year)
MBT101,1,M.Sc Biotechnology
MBT102,1,M.Sc Biotechnology
MBT103,1,M.Sc Biotechnology
MBT104,1,M.Sc Biotechnology
MBT105,1,M.Sc Biotechnology
MBT106,1,M.Sc Biotechnology
MBT107,1,M.Sc Biotechnology
MBT108,1,M.Sc Biotechnology
MBT109,1,M.Sc Biotechnology
MBT110,1,M.Sc Biotechnology
MBT111,1,M.Sc Biotechnology
MBT112,1,M.Sc Biotechnology
MBT113,1,M.Sc Biotechnology
MBT114,1,M.Sc Biotechnology
MBT115,1,M.Sc Biotechnology
MBT201,2,M.Sc Biotechnology
MBT202,2,M.Sc Biotechnology
MBT203,2,M.Sc Biotechnology
MBT204,2,M.Sc Biotechnology
MBT205,2,M.Sc Biotechnology
MBT206,2,M.Sc Biotechnology
MBT207,2,M.Sc Biotechnology
MBT208,2,M.Sc Biotechnology
MBT209,2,M.Sc Biotechnology
MBT210,2,M.Sc Biotechnology
MBT211,2,M.Sc Biotechnology
MBT212,2,M.Sc Biotechnology
MBT213,2,M.Sc Biotechnology
MBT214,2,M.Sc Biotechnology
MBT215,2,M.Sc Biotechnology
MBT301,3,M.Sc Biotechnology
MBT302,3,M.Sc Biotechnology
MBT303,3,M.Sc Biotechnology
MBT304,3,M.Sc Biotechnology
MBT305,3,M.Sc Biotechnology
MBT306,3,M.Sc Biotechnology
MBT307,3,M.Sc Biotechnology
MBT308,3,M.Sc Biotechnology
MBT309,3,M.Sc Biotechnology
MBT310,3,M.Sc Biotechnology
MBT311,3,M.Sc Biotechnology
MBT312,3,M.Sc Biotechnology
MBT313,3,M.Sc Biotechnology
MBT314,3,M.Sc Biotechnology
MBT315,3,M.Sc Biotechnology
MBT401,4,M.Sc Biotechnology
MBT402,4,M.Sc Biotechnology
MBT403,4,M.Sc Biotechnology
MBT404,4,M.Sc Biotechnology
MBT405,4,M.Sc Biotechnology
MBT406,4,M.Sc Biotechnology
MBT407,4,M.Sc Biotechnology
MBT408,4,M.Sc Biotechnology
MBT409,4,M.Sc Biotechnology
MBT410,4,M.Sc Biotechnology
MBT411,4,M.Sc Biotechnology
MBT412,4,M.Sc Biotechnology
MBT413,4,M.Sc Biotechnology
MBT414,4,M.Sc Biotechnology
MBT415,4,M.Sc Biotechnology
MBT101,1,M.Sc Biotechnology (One Year)
MBT102,1,M.Sc Biotechnology (One Year)
MBT103,1,M.Sc Biotechnology (One Year)
MBT104,1,M.Sc Biotechnology (One Year)
MBT105,1,M.Sc Biotechnology (One Year)
MBT106,1,M.Sc Biotechnology (One Year)
MBT107,1,M.Sc Biotechnology (One Year)
MBT108,1,M.Sc Biotechnology (One Year)
MBT109,1,M.Sc Biotechnology (One Year)
MBT110,1,M.Sc Biotechnology (One Year)
MBT111,1,M.Sc Biotechnology (One Year)
MBT112,1,M.Sc Biotechnology (One Year)
MBT113,1,M.Sc Biotechnology (One Year)
MBT114,1,M.Sc Biotechnology (One Year)
MBT115,1,M.Sc Biotechnology (One Year)
MBT201,2,M.Sc Biotechnology (One Year)
MBT202,2,M.Sc Biotechnology (One Year)
MBT203,2,M.Sc Biotechnology (One Year)
MBT204,2,M.Sc Biotechnology (One Year)
MBT205,2,M.Sc Biotechnology (One Year)
MBT206,2,M.Sc Biotechnology (One Year)
MBT207,2,M.Sc Biotechnology (One Year)
MBT208,2,M.Sc Biotechnology (One Year)
MBT209,2,M.Sc Biotechnology (One Year)
MBT210,2,M.Sc Biotechnology (One Year)
MBT211,2,M.Sc Biotechnology (One Year)
MBT212,2,M.Sc Biotechnology (One Year)
MBT213,2,M.Sc Biotechnology (One Year)
MBT214,2,M.Sc Biotechnology (One Year)
MBT215,2,M.Sc Biotechnology (One Year)
MFS101,1,M.Sc in Forensic Science
MFS102,1,M.Sc in Forensic Science
MFS103,1,M.Sc in Forensic Science
MFS104,1,M.Sc in Forensic Science
MFS105,1,M.Sc in Forensic Science
MFS106,1,M.Sc in Forensic Science
MFS107,1,M.Sc in Forensic Science
MFS108,1,M.Sc in Forensic Science
MFS109,1,M.Sc in Forensic Science
MFS110,1,M.Sc in Forensic Science
MFS111,1,M.Sc in Forensic Science
MFS112,1,M.Sc in Forensic Science
MFS113,1,M.Sc in Forensic Science
MFS114,1,M.Sc in Forensic Science
MFS115,1,M.Sc in Forensic Science
MFS201,2,M.Sc in Forensic Science
MFS202,2,M.Sc in Forensic Science
MFS203,2,M.Sc in Forensic Science
MFS204,2,M.Sc in Forensic Science
MFS205,2,M.Sc in Forensic Science
MFS206,2,M.Sc in Forensic Science
MFS207,2,M.Sc in Forensic Science
MFS208,2,M.Sc in Forensic Science
MFS209,2,M.Sc in Forensic Science
MFS210,2,M.Sc in Forensic Science
MFS211,2,M.Sc in Forensic Science
MFS212,2,M.Sc in Forensic Science
MFS213,2,M.Sc in Forensic Science
MFS214,2,M.Sc in Forensic Science
MFS215,2,M.Sc in Forensic Science
MFS301,3,M.Sc in Forensic Science
MFS302,3,M.Sc in Forensic Science
MFS303,3,M.Sc in Forensic Science
MFS304,3,M.Sc in Forensic Science
MFS305,3,M.Sc in Forensic Science
MFS306,3,M.Sc in Forensic Science
MFS307,3,M.Sc in Forensic Science
MFS308,3,M.Sc in Forensic Science
MFS309,3,M.Sc in Forensic Science
MFS310,3,M.Sc in Forensic Science
MFS311,3,M.Sc in Forensic Science
MFS312,3,M.Sc in Forensic Science
MFS313,3,M.Sc in Forensic Science
MFS314,3,M.Sc in Forensic Science
MFS315,3,M.Sc in Forensic Science
MFS401,4,M.Sc in Forensic Science
MFS402,4,M.Sc in Forensic Science
MFS403,4,M.Sc in Forensic Science
MFS404,4,M.Sc in Forensic Science
MFS405,4,M.Sc in Forensic Science
MFS406,4,M.Sc in Forensic Science
MFS407,4,M.Sc in Forensic Science
MFS408,4,M.Sc in Forensic Science
MFS409,4,M.Sc in Forensic Science
MFS410,4,M.Sc in Forensic Science
MFS411,4,M.Sc in Forensic Science
MFS412,4,M.Sc in Forensic Science
MFS413,4,M.Sc in Forensic Science
MFS414,4,M.Sc in Forensic Science
MFS415,4,M.Sc in Forensic Science
MFS101,1,M.Sc in Forensic Science (One Year)
MFS102,1,M.Sc in Forensic Science (One Year)
MFS103,1,M.Sc in Forensic Science (One Year)
MFS104,1,M.Sc in Forensic Science (One Year)
MFS105,1,M.Sc in Forensic Science (One Year)
MFS106,1,M.Sc in Forensic Science (One Year)
MFS107,1,M.Sc in Forensic Science (One Year)
MFS108,1,M.Sc in Forensic Science (One Year)
MFS109,1,M.Sc in Forensic Science (One Year)
MFS110,1,M.Sc in Forensic Science (One Year)
MFS111,1,M.Sc in Forensic Science (One Year)
MFS112,1,M.Sc in Forensic Science (One Year)
MFS113,1,M.Sc in Forensic Science (One Year)
MFS114,1,M.Sc in Forensic Science (One Year)
MFS115,1,M.Sc in Forensic Science (One Year)
MFS201,2,M.Sc in Forensic Science (One Year)
MFS202,2,M.Sc in Forensic Science (One Year)
MFS203,2,M.Sc in Forensic Science (One Year)
MFS204,2,M.Sc in Forensic Science (One Year)
MFS205,2,M.Sc in Forensic Science (One Year)
MFS206,2,M.Sc in Forensic Science (One Year)
MFS207,2,M.Sc in Forensic Science (One Year)
MFS208,2,M.Sc in Forensic Science (One Year)
MFS209,2,M.Sc in Forensic Science (One Year)
MFS210,2,M.Sc in Forensic Science (One Year)
MFS211,2,M.Sc in Forensic Science (One Year)
MFS212,2,M.Sc in Forensic Science (One Year)
MFS213,2,M.Sc in Forensic Science (One Year)
MFS214,2,M.Sc in Forensic Science (One Year)
MFS215,2,M.Sc in Forensic Science (One Year)
MTB101,1,M.Tech in Biotechnology
MTB102,1,M.Tech in Biotechnology
MTB103,1,M.Tech in Biotechnology
MTB104,1,M.Tech in Biotechnology
MTB105,1,M.Tech in Biotechnology
MTB106,1,M.Tech in Biotechnology
MTB107,1,M.Tech in Biotechnology
MTB108,1,M.Tech in Biotechnology
MTB109,1,M.Tech in Biotechnology
MTB110,1,M.Tech in Biotechnology
MTB111,1,M.Tech in Biotechnology
MTB112,1,M.Tech in Biotechnology
MTB113,1,M.Tech in Biotechnology
MTB114,1,M.Tech in Biotechnology
MTB115,1,M.Tech in Biotechnology
MTB201,2,M.Tech in Biotechnology
MTB202,2,M.Tech in Biotechnology
MTB203,2,M.Tech in Biotechnology
MTB204,2,M.Tech in Biotechnology
MTB205,2,M.Tech in Biotechnology
MTB206,2,M.Tech in Biotechnology
MTB207,2,M.Tech in Biotechnology
MTB208,2,M.Tech in Biotechnology
MTB209,2,M.Tech in Biotechnology
MTB210,2,M.Tech in Biotechnology
MTB211,2,M.Tech in Biotechnology
MTB212,2,M.Tech in Biotechnology
MTB213,2,M.Tech in Biotechnology
MTB214,2,M.Tech in Biotechnology
MTB215,2,M.Tech in Biotechnology
MTB301,3,M.Tech in Biotechnology
MTB302,3,M.Tech in Biotechnology
MTB303,3,M.Tech in Biotechnology
MTB304,3,M.Tech in Biotechnology
MTB305,3,M.Tech in Biotechnology
MTB306,3,M.Tech in Biotechnology
MTB307,3,M.Tech in Biotechnology
MTB308,3,M.Tech in Biotechnology
MTB309,3,M.Tech in Biotechnology
MTB310,3,M.Tech in Biotechnology
MTB311,3,M.Tech in Biotechnology
MTB312,3,M.Tech in Biotechnology
MTB313,3,M.Tech in Biotechnology
MTB314,3,M.Tech in Biotechnology
MTB315,3,M.Tech in Biotechnology
MTB401,4,M.Tech in Biotechnology
MTB402,4,M.Tech in Biotechnology
MTB403,4,M.Tech in Biotechnology
MTB404,4,M.Tech in Biotechnology
MTB405,4,M.Tech in Biotechnology
MTB406,4,M.Tech in Biotechnology
MTB407,4,M.Tech in Biotechnology
MTB408,4,M.Tech in Biotechnology
MTB409,4,M.Tech in Biotechnology
MTB410,4,M.Tech in Biotechnology
MTB411,4,M.Tech in Biotechnology
MTB412,4,M.Tech in Biotechnology
MTB413,4,M.Tech in Biotechnology
MTB414,4,M.Tech in Biotechnology
MTB415,4,M.Tech in Biotechnology
MCH101,1,M.Sc. Chemistry (Inorganic / Organic Chemistry)
MCH102,1,M.Sc. Chemistry (Inorganic / Organic Chemistry)
MCH103,1,M.Sc. Chemistry (Inorganic / Organic Chemistry)
MCH104,1,M.Sc. Chemistry (Inorganic / Organic Chemistry)
MCH105,1,M.Sc. Chemistry (Inorganic / Organic Chemistry)
MCH106,1,M.Sc. Chemistry (Inorganic / Organic Chemistry)
MCH107,1,M.Sc. Chemistry (Inorganic / Organic Chemistry)
MCH108,1,M.Sc. Chemistry (Inorganic / Organic Chemistry)
MCH109,1,M.Sc. Chemistry (Inorganic / Organic Chemistry)
MCH110,1,M.Sc. Chemistry (Inorganic / Organic Chemistry)
MCH111,1,M.Sc. Chemistry (Inorganic / Organic Chemistry)
MCH112,1,M.Sc. Chemistry (Inorganic / Organic Chemistry)
MCH113,1,M.Sc. Chemistry (Inorganic / Organic Chemistry)
MCH114,1,M.Sc. Chemistry (Inorganic / Organic Chemistry)
MCH115,1,M.Sc. Chemistry (Inorganic / Organic Chemistry)
MCH201,2,M.Sc. Chemistry (Inorganic / Organic Chemistry)
MCH202,2,M.Sc. Chemistry (Inorganic / Organic Chemistry)
MCH203,2,M.Sc. Chemistry (Inorganic / Organic Chemistry)
MCH204,2,M.Sc. Chemistry (Inorganic / Organic Chemistry)
MCH205,2,M.Sc. Chemistry (Inorganic / Organic Chemistry)
MCH206,2,M.Sc. Chemistry (Inorganic / Organic Chemistry)
MCH207,2,M.Sc. Chemistry (Inorganic / Organic Chemistry)
MCH208,2,M.Sc. Chemistry (Inorganic / Organic Chemistry)
MCH209,2,M.Sc. Chemistry (Inorganic / Organic Chemistry)
MCH210,2,M.Sc. Chemistry (Inorganic / Organic Chemistry)
MCH211,2,M.Sc. Chemistry (Inorganic / Organic Chemistry)
MCH212,2,M.Sc. Chemistry (Inorganic / Organic Chemistry)
MCH213,2,M.Sc. Chemistry (Inorganic / Organic Chemistry)
MCH214,2,M.Sc. Chemistry (Inorganic / Organic Chemistry)
MCH215,2,M.Sc. Chemistry (Inorganic / Organic Chemistry)
MCH301,3,M.Sc. Chemistry (Inorganic / Organic Chemistry)
MCH302,3,M.Sc. Chemistry (Inorganic / Organic Chemistry)
MCH303,3,M.Sc. Chemistry (Inorganic / Organic Chemistry)
MCH304,3,M.Sc. Chemistry (Inorganic / Organic Chemistry)
MCH305,3,M.Sc. Chemistry (Inorganic / Organic Chemistry)
MCH306,3,M.Sc. Chemistry (Inorganic / Organic Chemistry)
MCH307,3,M.Sc. Chemistry (Inorganic / Organic Chemistry)
MCH308,3,M.Sc. Chemistry (Inorganic / Organic Chemistry)
MCH309,3,M.Sc. Chemistry (Inorganic / Organic Chemistry)
MCH310,3,M.Sc. Chemistry (Inorganic / Organic Chemistry)
MCH311,3,M.Sc. Chemistry (Inorganic / Organic Chemistry)
MCH312,3,M.Sc. Chemistry (Inorganic / Organic Chemistry)
MCH313,3,M.Sc. Chemistry (Inorganic / Organic Chemistry)
MCH314,3,M.Sc. Chemistry (Inorganic / Organic Chemistry)
MCH315,3,M.Sc. Chemistry (Inorganic / Organic Chemistry)
MCH401,4,M.Sc. Chemistry (Inorganic / Organic Chemistry)
MCH402,4,M.Sc. Chemistry (Inorganic / Organic Chemistry)
MCH403,4,M.Sc. Chemistry (Inorganic / Organic Chemistry)
MCH404,4,M.Sc. Chemistry (Inorganic / Organic Chemistry)
MCH405,4,M.Sc. Chemistry (Inorganic / Organic Chemistry)
MCH406,4,M.Sc. Chemistry (Inorganic / Organic Chemistry)
MCH407,4,M.Sc. Chemistry (Inorganic / Organic Chemistry)
MCH408,4,M.Sc. Chemistry (Inorganic / Organic Chemistry)
MCH409,4,M.Sc. Chemistry (Inorganic / Organic Chemistry)
MCH410,4,M.Sc. Chemistry (Inorganic / Organic Chemistry)
MCH411,4,M.Sc. Chemistry (Inorganic / Organic Chemistry)
MCH412,4,M.Sc. Chemistry (Inorganic / Organic Chemistry)
MCH413,4,M.Sc. Chemistry (Inorganic / Organic Chemistry)
MCH414,4,M.Sc. Chemistry (Inorganic / Organic Chemistry)
MCH415,4,M.Sc. Chemistry (Inorganic / Organic Chemistry)
MTS101,1,M.Tech in Structural Engineering
MTS102,1,M.Tech in Structural Engineering
MTS103,1,M.Tech in Structural Engineering
MTS104,1,M.Tech in Structural Engineering
MTS105,1,M.Tech in Structural Engineering
MTS106,1,M.Tech in Structural Engineering
MTS107,1,M.Tech in Structural Engineering
MTS108,1,M.Tech in Structural Engineering
MTS109,1,M.Tech in Structural Engineering
MTS110,1,M.Tech in Structural Engineering
MTS111,1,M.Tech in Structural Engineering
MTS112,1,M.Tech in Structural Engineering
MTS113,1,M.Tech in Structural Engineering
MTS114,1,M.Tech in Structural Engineering
MTS115,1,M.Tech in Structural Engineering
MTS201,2,M.Tech in Structural Engineering
MTS202,2,M.Tech in Structural Engineering
MTS203,2,M.Tech in Structural Engineering
MTS204,2,M.Tech in Structural Engineering
MTS205,2,M.Tech in Structural Engineering
MTS206,2,M.Tech in Structural Engineering
MTS207,2,M.Tech in Structural Engineering
MTS208,2,M.Tech in Structural Engineering
MTS209,2,M.Tech in Structural Engineering
MTS210,2,M.Tech in Structural Engineering
MTS211,2,M.Tech in Structural Engineering
MTS212,2,M.Tech in Structural Engineering
MTS213,2,M.Tech in Structural Engineering
MTS214,2,M.Tech in Structural Engineering
MTS215,2,M.Tech in Structural Engineering
MTS301,3,M.Tech in Structural Engineering
MTS302,3,M.Tech in Structural Engineering
MTS303,3,M.Tech in Structural Engineering
MTS304,3,M.Tech in Structural Engineering
MTS305,3,M.Tech in Structural Engineering
MTS306,3,M.Tech in Structural Engineering
MTS307,3,M.Tech in Structural Engineering
MTS308,3,M.Tech in Structural Engineering
MTS309,3,M.Tech in Structural Engineering
MTS310,3,M.Tech in Structural Engineering
MTS311,3,M.Tech in Structural Engineering
MTS312,3,M.Tech in Structural Engineering
MTS313,3,M.Tech in Structural Engineering
MTS314,3,M.Tech in Structural Engineering
MTS315,3,M.Tech in Structural Engineering
MTS401,4,M.Tech in Structural Engineering
MTS402,4,M.Tech in Structural Engineering
MTS403,4,M.Tech in Structural Engineering
MTS404,4,M.Tech in Structural Engineering
MTS405,4,M.Tech in Structural Engineering
MTS406,4,M.Tech in Structural Engineering
MTS407,4,M.Tech in Structural Engineering
MTS408,4,M.Tech in Structural Engineering
MTS409,4,M.Tech in Structural Engineering
MTS410,4,M.Tech in Structural Engineering
MTS411,4,M.Tech in Structural Engineering
MTS412,4,M.Tech in Structural Engineering
MTS413,4,M.Tech in Structural Engineering
MTS414,4,M.Tech in Structural Engineering
MTS415,4,M.Tech in Structural Engineering
MTS101,1,M.Tech in Structural Engineering for Working Professionals
MTS102,1,M.Tech in Structural Engineering for Working Professionals
MTS103,1,M.Tech in Structural Engineering for Working Professionals
MTS104,1,M.Tech in Structural Engineering for Working Professionals
MTS105,1,M.Tech in Structural Engineering for Working Professionals
MTS106,1,M.Tech in Structural Engineering for Working Professionals
MTS107,1,M.Tech in Structural Engineering for Working Professionals
MTS108,1,M.Tech in Structural Engineering for Working Professionals
MTS109,1,M.Tech in Structural Engineering for Working Professionals
MTS110,1,M.Tech in Structural Engineering for Working Professionals
MTS111,1,M.Tech in Structural Engineering for Working Professionals
MTS112,1,M.Tech in Structural Engineering for Working Professionals
MTS113,1,M.Tech in Structural Engineering for Working Professionals
MTS114,1,M.Tech in Structural Engineering for Working Professionals
MTS115,1,M.Tech in Structural Engineering for Working Professionals
MTS201,2,M.Tech in Structural Engineering for Working Professionals
MTS202,2,M.Tech in Structural Engineering for Working Professionals
MTS203,2,M.Tech in Structural Engineering for Working Professionals
MTS204,2,M.Tech in Structural Engineering for Working Professionals
MTS205,2,M.Tech in Structural Engineering for Working Professionals
MTS206,2,M.Tech in Structural Engineering for Working Professionals
MTS207,2,M.Tech in Structural Engineering for Working Professionals
MTS208,2,M.Tech in Structural Engineering for Working Professionals
MTS209,2,M.Tech in Structural Engineering for Working Professionals
MTS210,2,M.Tech in Structural Engineering for Working Professionals
MTS211,2,M.Tech in Structural Engineering for Working Professionals
MTS212,2,M.Tech in Structural Engineering for Working Professionals
MTS213,2,M.Tech in Structural Engineering for Working Professionals
MTS214,2,M.Tech in Structural Engineering for Working Professionals
MTS215,2,M.Tech in Structural Engineering for Working Professionals
MTS301,3,M.Tech in Structural Engineering for Working Professionals
MTS302,3,M.Tech in Structural Engineering for Working Professionals
MTS303,3,M.Tech in Structural Engineering for Working Professionals
MTS304,3,M.Tech in Structural Engineering for Working Professionals
MTS305,3,M.Tech in Structural Engineering for Working Professionals
MTS306,3,M.Tech in Structural Engineering for Working Professionals
MTS307,3,M.Tech in Structural Engineering for Working Professionals
MTS308,3,M.Tech in Structural Engineering for Working Professionals
MTS309,3,M.Tech in Structural Engineering for Working Professionals
MTS310,3,M.Tech in Structural Engineering for Working Professionals
MTS311,3,M.Tech in Structural Engineering for Working Professionals
MTS312,3,M.Tech in Structural Engineering for Working Professionals
MTS313,3,M.Tech in Structural Engineering for Working Professionals
MTS314,3,M.Tech in Structural Engineering for Working Professionals
MTS315,3,M.Tech in Structural Engineering for Working Professionals
MTS401,4,M.Tech in Structural Engineering for Working Professionals
MTS402,4,M.Tech in Structural Engineering for Working Professionals
MTS403,4,M.Tech in Structural Engineering for Working Professionals
MTS404,4,M.Tech in Structural Engineering for Working Professionals
MTS405,4,M.Tech in Structural Engineering for Working Professionals
MTS406,4,M.Tech in Structural Engineering for Working Professionals
MTS407,4,M.Tech in Structural Engineering for Working Professionals
MTS408,4,M.Tech in Structural Engineering for Working Professionals
MTS409,4,M.Tech in Structural Engineering for Working Professionals
MTS410,4,M.Tech in Structural Engineering for Working Professionals
MTS411,4,M.Tech in Structural Engineering for Working Professionals
MTS412,4,M.Tech in Structural Engineering for Working Professionals
MTS413,4,M.Tech in Structural Engineering for Working Professionals
MTS414,4,M.Tech in Structural Engineering for Working Professionals
MTS415,4,M.Tech in Structural Engineering for Working Professionals
MCM101,1,M.Com
MCM102,1,M.Com
MCM103,1,M.Com
MCM104,1,M.Com
MCM105,1,M.Com
MCM106,1,M.Com
MCM107,1,M.Com
MCM108,1,M.Com
MCM109,1,M.Com
MCM110,1,M.Com
MCM111,1,M.Com
MCM112,1,M.Com
MCM113,1,M.Com
MCM114,1,M.Com
MCM115,1,M.Com
MCM201,2,M.Com
MCM202,2,M.Com
MCM203,2,M.Com
MCM204,2,M.Com
MCM205,2,M.Com
MCM206,2,M.Com
MCM207,2,M.Com
MCM208,2,M.Com
MCM209,2,M.Com
MCM210,2,M.Com
MCM211,2,M.Com
MCM212,2,M.Com
MCM213,2,M.Com
MCM214,2,M.Com
MCM215,2,M.Com
MCM301,3,M.Com
MCM302,3,M.Com
MCM303,3,M.Com
MCM304,3,M.Com
MCM305,3,M.Com
MCM306,3,M.Com
MCM307,3,M.Com
MCM308,3,M.Com
MCM309,3,M.Com
MCM310,3,M.Com
MCM311,3,M.Com
MCM312,3,M.Com
MCM313,3,M.Com
MCM314,3,M.Com
MCM315,3,M.Com
MCM401,4,M.Com
MCM402,4,M.Com
MCM403,4,M.Com
MCM404,4,M.Com
MCM405,4,M.Com
MCM406,4,M.Com
MCM407,4,M.Com
MCM408,4,M.Com
MCM409,4,M.Com
MCM410,4,M.Com
MCM411,4,M.Com
MCM412,4,M.Com
MCM413,4,M.Com
MCM414,4,M.Com
MCM415,4,M.Com
MCA101,1,MCA in Artificial Intelligence & Data Science (AI & DS)
MCA102,1,MCA in Artificial Intelligence & Data Science (AI & DS)
MCA103,1,MCA in Artificial Intelligence & Data Science (AI & DS)
MCA104,1,MCA in Artificial Intelligence & Data Science (AI & DS)
MCA105,1,MCA in Artificial Intelligence & Data Science (AI & DS)
MCA106,1,MCA in Artificial Intelligence & Data Science (AI & DS)
MCA107,1,MCA in Artificial Intelligence & Data Science (AI & DS)
MCA108,1,MCA in Artificial Intelligence & Data Science (AI & DS)
MCA109,1,MCA in Artificial Intelligence & Data Science (AI & DS)
MCA110,1,MCA in Artificial Intelligence & Data Science (AI & DS)
MCA111,1,MCA in Artificial Intelligence & Data Science (AI & DS)
MCA112,1,MCA in Artificial Intelligence & Data Science (AI & DS)
MCA113,1,MCA in Artificial Intelligence & Data Science (AI & DS)
MCA114,1,MCA in Artificial Intelligence & Data Science (AI & DS)
MCA115,1,MCA in Artificial Intelligence & Data Science (AI & DS)
MCA201,2,MCA in Artificial Intelligence & Data Science (AI & DS)
MCA202,2,MCA in Artificial Intelligence & Data Science (AI & DS)
MCA203,2,MCA in Artificial Intelligence & Data Science (AI & DS)
MCA204,2,MCA in Artificial Intelligence & Data Science (AI & DS)
MCA205,2,MCA in Artificial Intelligence & Data Science (AI & DS)
MCA206,2,MCA in Artificial Intelligence & Data Science (AI & DS)
MCA207,2,MCA in Artificial Intelligence & Data Science (AI & DS)
MCA208,2,MCA in Artificial Intelligence & Data Science (AI & DS)
MCA209,2,MCA in Artificial Intelligence & Data Science (AI & DS)
MCA210,2,MCA in Artificial Intelligence & Data Science (AI & DS)
MCA211,2,MCA in Artificial Intelligence & Data Science (AI & DS)
MCA212,2,MCA in Artificial Intelligence & Data Science (AI & DS)
MCA213,2,MCA in Artificial Intelligence & Data Science (AI & DS)
MCA214,2,MCA in Artificial Intelligence & Data Science (AI & DS)
MCA215,2,MCA in Artificial Intelligence & Data Science (AI & DS)
MCA301,3,MCA in Artificial Intelligence & Data Science (AI & DS)
MCA302,3,MCA in Artificial Intelligence & Data Science (AI & DS)
MCA303,3,MCA in Artificial Intelligence & Data Science (AI & DS)
MCA304,3,MCA in Artificial Intelligence & Data Science (AI & DS)
MCA305,3,MCA in Artificial Intelligence & Data Science (AI & DS)
MCA306,3,MCA in Artificial Intelligence & Data Science (AI & DS)
MCA307,3,MCA in Artificial Intelligence & Data Science (AI & DS)
MCA308,3,MCA in Artificial Intelligence & Data Science (AI & DS)
MCA309,3,MCA in Artificial Intelligence & Data Science (AI & DS)
MCA310,3,MCA in Artificial Intelligence & Data Science (AI & DS)
MCA311,3,MCA in Artificial Intelligence & Data Science (AI & DS)
MCA312,3,MCA in Artificial Intelligence & Data Science (AI & DS)
MCA313,3,MCA in Artificial Intelligence & Data Science (AI & DS)
MCA314,3,MCA in Artificial Intelligence & Data Science (AI & DS)
MCA315,3,MCA in Artificial Intelligence & Data Science (AI & DS)
MCA401,4,MCA in Artificial Intelligence & Data Science (AI & DS)
MCA402,4,MCA in Artificial Intelligence & Data Science (AI & DS)
MCA403,4,MCA in Artificial Intelligence & Data Science (AI & DS)
MCA404,4,MCA in Artificial Intelligence & Data Science (AI & DS)
MCA405,4,MCA in Artificial Intelligence & Data Science (AI & DS)
MCA406,4,MCA in Artificial Intelligence & Data Science (AI & DS)
MCA407,4,MCA in Artificial Intelligence & Data Science (AI & DS)
MCA408,4,MCA in Artificial Intelligence & Data Science (AI & DS)
MCA409,4,MCA in Artificial Intelligence & Data Science (AI & DS)
MCA410,4,MCA in Artificial Intelligence & Data Science (AI & DS)
MCA411,4,MCA in Artificial Intelligence & Data Science (AI & DS)
MCA412,4,MCA in Artificial Intelligence & Data Science (AI & DS)
MCA413,4,MCA in Artificial Intelligence & Data Science (AI & DS)
MCA414,4,MCA in Artificial Intelligence & Data Science (AI & DS)
MCA415,4,MCA in Artificial Intelligence & Data Science (AI & DS)
MCA101,1,Master of Computer Applications (MCA)
MCA102,1,Master of Computer Applications (MCA)
MCA103,1,Master of Computer Applications (MCA)
MCA104,1,Master of Computer Applications (MCA)
MCA105,1,Master of Computer Applications (MCA)
MCA106,1,Master of Computer Applications (MCA)
MCA107,1,Master of Computer Applications (MCA)
MCA108,1,Master of Computer Applications (MCA)
MCA109,1,Master of Computer Applications (MCA)
MCA110,1,Master of Computer Applications (MCA)
MCA111,1,Master of Computer Applications (MCA)
MCA112,1,Master of Computer Applications (MCA)
MCA113,1,Master of Computer Applications (MCA)
MCA114,1,Master of Computer Applications (MCA)
MCA115,1,Master of Computer Applications (MCA)
MCA201,2,Master of Computer Applications (MCA)
MCA202,2,Master of Computer Applications (MCA)
MCA203,2,Master of Computer Applications (MCA)
MCA204,2,Master of Computer Applications (MCA)
MCA205,2,Master of Computer Applications (MCA)
MCA206,2,Master of Computer Applications (MCA)
MCA207,2,Master of Computer Applications (MCA)
MCA208,2,Master of Computer Applications (MCA)
MCA209,2,Master of Computer Applications (MCA)
MCA210,2,Master of Computer Applications (MCA)
MCA211,2,Master of Computer Applications (MCA)
MCA212,2,Master of Computer Applications (MCA)
MCA213,2,Master of Computer Applications (MCA)
MCA214,2,Master of Computer Applications (MCA)
MCA215,2,Master of Computer Applications (MCA)
MCA301,3,Master of Computer Applications (MCA)
MCA302,3,Master of Computer Applications (MCA)
MCA303,3,Master of Computer Applications (MCA)
MCA304,3,Master of Computer Applications (MCA)
MCA305,3,Master of Computer Applications (MCA)
MCA306,3,Master of Computer Applications (MCA)
MCA307,3,Master of Computer Applications (MCA)
MCA308,3,Master of Computer Applications (MCA)
MCA309,3,Master of Computer Applications (MCA)
MCA310,3,Master of Computer Applications (MCA)
MCA311,3,Master of Computer Applications (MCA)
MCA312,3,Master of Computer Applications (MCA)
MCA313,3,Master of Computer Applications (MCA)
MCA314,3,Master of Computer Applications (MCA)
MCA315,3,Master of Computer Applications (MCA)
MCA401,4,Master of Computer Applications (MCA)
MCA402,4,Master of Computer Applications (MCA)
MCA403,4,Master of Computer Applications (MCA)
MCA404,4,Master of Computer Applications (MCA)
MCA405,4,Master of Computer Applications (MCA)
MCA406,4,Master of Computer Applications (MCA)
MCA407,4,Master of Computer Applications (MCA)
MCA408,4,Master of Computer Applications (MCA)
MCA409,4,Master of Computer Applications (MCA)
MCA410,4,Master of Computer Applications (MCA)
MCA411,4,Master of Computer Applications (MCA)
MCA412,4,Master of Computer Applications (MCA)
MCA413,4,Master of Computer Applications (MCA)
MCA414,4,Master of Computer Applications (MCA)
MCA415,4,Master of Computer Applications (MCA)
MIT101,1,Master of Science in Information Technology
MIT102,1,Master of Science in Information Technology
MIT103,1,Master of Science in Information Technology
MIT104,1,Master of Science in Information Technology
MIT105,1,Master of Science in Information Technology
MIT106,1,Master of Science in Information Technology
MIT107,1,Master of Science in Information Technology
MIT108,1,Master of Science in Information Technology
MIT109,1,Master of Science in Information Technology
MIT110,1,Master of Science in Information Technology
MIT111,1,Master of Science in Information Technology
MIT112,1,Master of Science in Information Technology
MIT113,1,Master of Science in Information Technology
MIT114,1,Master of Science in Information Technology
MIT115,1,Master of Science in Information Technology
MIT201,2,Master of Science in Information Technology
MIT202,2,Master of Science in Information Technology
MIT203,2,Master of Science in Information Technology
MIT204,2,Master of Science in Information Technology
MIT205,2,Master of Science in Information Technology
MIT206,2,Master of Science in Information Technology
MIT207,2,Master of Science in Information Technology
MIT208,2,Master of Science in Information Technology
MIT209,2,Master of Science in Information Technology
MIT210,2,Master of Science in Information Technology
MIT211,2,Master of Science in Information Technology
MIT212,2,Master of Science in Information Technology
MIT213,2,Master of Science in Information Technology
MIT214,2,Master of Science in Information Technology
MIT215,2,Master of Science in Information Technology
MIT301,3,Master of Science in Information Technology
MIT302,3,Master of Science in Information Technology
MIT303,3,Master of Science in Information Technology
MIT304,3,Master of Science in Information Technology
MIT305,3,Master of Science in Information Technology
MIT306,3,Master of Science in Information Technology
MIT307,3,Master of Science in Information Technology
MIT308,3,Master of Science in Information Technology
MIT309,3,Master of Science in Information Technology
MIT310,3,Master of Science in Information Technology
MIT311,3,Master of Science in Information Technology
MIT312,3,Master of Science in Information Technology
MIT313,3,Master of Science in Information Technology
MIT314,3,Master of Science in Information Technology
MIT315,3,Master of Science in Information Technology
MIT401,4,Master of Science in Information Technology
MIT402,4,Master of Science in Information Technology
MIT403,4,Master of Science in Information Technology
MIT404,4,Master of Science in Information Technology
MIT405,4,Master of Science in Information Technology
MIT406,4,Master of Science in Information Technology
MIT407,4,Master of Science in Information Technology
MIT408,4,Master of Science in Information Technology
MIT409,4,Master of Science in Information Technology
MIT410,4,Master of Science in Information Technology
MIT411,4,Master of Science in Information Technology
MIT412,4,Master of Science in Information Technology
MIT413,4,Master of Science in Information Technology
MIT414,4,Master of Science in Information Technology
MIT415,4,Master of Science in Information Technology
MCS101,1,M.Tech in Computer Science and Engineering
MCS102,1,M.Tech in Computer Science and Engineering
MCS103,1,M.Tech in Computer Science and Engineering
MCS104,1,M.Tech in Computer Science and Engineering
MCS105,1,M.Tech in Computer Science and Engineering
MCS106,1,M.Tech in Computer Science and Engineering
MCS107,1,M.Tech in Computer Science and Engineering
MCS108,1,M.Tech in Computer Science and Engineering
MCS124,1,M.Tech in Computer Science and Engineering
MCS125,1,M.Tech in Computer Science and Engineering
MCS128,1,M.Tech in Computer Science and Engineering
MCS129,1,M.Tech in Computer Science and Engineering
MCS131,1,M.Tech in Computer Science and Engineering
MCS132,1,M.Tech in Computer Science and Engineering
MCS133,1,M.Tech in Computer Science and Engineering
MCS201,2,M.Tech in Computer Science and Engineering
MCS202,2,M.Tech in Computer Science and Engineering
MCS203,2,M.Tech in Computer Science and Engineering
MCS204,2,M.Tech in Computer Science and Engineering
MCS205,2,M.Tech in Computer Science and Engineering
MCS206,2,M.Tech in Computer Science and Engineering
MCS207,2,M.Tech in Computer Science and Engineering
MCS208,2,M.Tech in Computer Science and Engineering
MCS209,2,M.Tech in Computer Science and Engineering
MCS210,2,M.Tech in Computer Science and Engineering
MCS224,2,M.Tech in Computer Science and Engineering
MCS225,2,M.Tech in Computer Science and Engineering
MCS226,2,M.Tech in Computer Science and Engineering
MCS227,2,M.Tech in Computer Science and Engineering
MCS228,2,M.Tech in Computer Science and Engineering
MCS301,3,M.Tech in Computer Science and Engineering
MCS302,3,M.Tech in Computer Science and Engineering
MCS303,3,M.Tech in Computer Science and Engineering
MCS304,3,M.Tech in Computer Science and Engineering
MCS305,3,M.Tech in Computer Science and Engineering
MCS306,3,M.Tech in Computer Science and Engineering
MCS307,3,M.Tech in Computer Science and Engineering
MCS308,3,M.Tech in Computer Science and Engineering
MCS309,3,M.Tech in Computer Science and Engineering
MCS310,3,M.Tech in Computer Science and Engineering
MCS321,3,M.Tech in Computer Science and Engineering
MCS324,3,M.Tech in Computer Science and Engineering
MCS325,3,M.Tech in Computer Science and Engineering
MCS326,3,M.Tech in Computer Science and Engineering
MCS327,3,M.Tech in Computer Science and Engineering
MCS401,4,M.Tech in Computer Science and Engineering
MCS402,4,M.Tech in Computer Science and Engineering
MCS403,4,M.Tech in Computer Science and Engineering
MCS404,4,M.Tech in Computer Science and Engineering
MCS405,4,M.Tech in Computer Science and Engineering
MCS406,4,M.Tech in Computer Science and Engineering
MCS407,4,M.Tech in Computer Science and Engineering
MCS408,4,M.Tech in Computer Science and Engineering
MCS409,4,M.Tech in Computer Science and Engineering
MCS410,4,M.Tech in Computer Science and Engineering
MCS411,4,M.Tech in Computer Science and Engineering
MCS412,4,M.Tech in Computer Science and Engineering
MCS413,4,M.Tech in Computer Science and Engineering
MCS414,4,M.Tech in Computer Science and Engineering
MCS415,4,M.Tech in Computer Science and Engineering
MEV101,1,M.Tech. in Electric Vehicle Technology
MEV102,1,M.Tech. in Electric Vehicle Technology
MEV103,1,M.Tech. in Electric Vehicle Technology
MEV104,1,M.Tech. in Electric Vehicle Technology
MEV105,1,M.Tech. in Electric Vehicle Technology
MEV106,1,M.Tech. in Electric Vehicle Technology
MEV107,1,M.Tech. in Electric Vehicle Technology
MEV108,1,M.Tech. in Electric Vehicle Technology
MEV109,1,M.Tech. in Electric Vehicle Technology
MEV110,1,M.Tech. in Electric Vehicle Technology
MEV111,1,M.Tech. in Electric Vehicle Technology
MEV112,1,M.Tech. in Electric Vehicle Technology
MEV113,1,M.Tech. in Electric Vehicle Technology
MEV114,1,M.Tech. in Electric Vehicle Technology
MEV115,1,M.Tech. in Electric Vehicle Technology
MEV201,2,M.Tech. in Electric Vehicle Technology
MEV202,2,M.Tech. in Electric Vehicle Technology
MEV203,2,M.Tech. in Electric Vehicle Technology
MEV204,2,M.Tech. in Electric Vehicle Technology
MEV205,2,M.Tech. in Electric Vehicle Technology
MEV206,2,M.Tech. in Electric Vehicle Technology
MEV207,2,M.Tech. in Electric Vehicle Technology
MEV208,2,M.Tech. in Electric Vehicle Technology
MEV209,2,M.Tech. in Electric Vehicle Technology
MEV210,2,M.Tech. in Electric Vehicle Technology
MEV211,2,M.Tech. in Electric Vehicle Technology
MEV212,2,M.Tech. in Electric Vehicle Technology
MEV213,2,M.Tech. in Electric Vehicle Technology
MEV214,2,M.Tech. in Electric Vehicle Technology
MEV215,2,M.Tech. in Electric Vehicle Technology
MEV301,3,M.Tech. in Electric Vehicle Technology
MEV302,3,M.Tech. in Electric Vehicle Technology
MEV303,3,M.Tech. in Electric Vehicle Technology
MEV304,3,M.Tech. in Electric Vehicle Technology
MEV305,3,M.Tech. in Electric Vehicle Technology
MEV306,3,M.Tech. in Electric Vehicle Technology
MEV307,3,M.Tech. in Electric Vehicle Technology
MEV308,3,M.Tech. in Electric Vehicle Technology
MEV309,3,M.Tech. in Electric Vehicle Technology
MEV310,3,M.Tech. in Electric Vehicle Technology
MEV311,3,M.Tech. in Electric Vehicle Technology
MEV312,3,M.Tech. in Electric Vehicle Technology
MEV313,3,M.Tech. in Electric Vehicle Technology
MEV314,3,M.Tech. in Electric Vehicle Technology
MEV315,3,M.Tech. in Electric Vehicle Technology
MEV401,4,M.Tech. in Electric Vehicle Technology
MEV402,4,M.Tech. in Electric Vehicle Technology
MEV403,4,M.Tech. in Electric Vehicle Technology
MEV404,4,M.Tech. in Electric Vehicle Technology
MEV405,4,M.Tech. in Electric Vehicle Technology
MEV406,4,M.Tech. in Electric Vehicle Technology
MEV407,4,M.Tech. in Electric Vehicle Technology
MEV408,4,M.Tech. in Electric Vehicle Technology
MEV409,4,M.Tech. in Electric Vehicle Technology
MEV410,4,M.Tech. in Electric Vehicle Technology
MEV411,4,M.Tech. in Electric Vehicle Technology
MEV412,4,M.Tech. in Electric Vehicle Technology
MEV413,4,M.Tech. in Electric Vehicle Technology
MEV414,4,M.Tech. in Electric Vehicle Technology
MEV415,4,M.Tech. in Electric Vehicle Technology
MVL101,1,M.Tech in VLSI System Design
MVL102,1,M.Tech in VLSI System Design
MVL103,1,M.Tech in VLSI System Design
MVL104,1,M.Tech in VLSI System Design
MVL105,1,M.Tech in VLSI System Design
MVL106,1,M.Tech in VLSI System Design
MVL107,1,M.Tech in VLSI System Design
MVL108,1,M.Tech in VLSI System Design
MVL109,1,M.Tech in VLSI System Design
MVL110,1,M.Tech in VLSI System Design
MVL111,1,M.Tech in VLSI System Design
MVL112,1,M.Tech in VLSI System Design
MVL113,1,M.Tech in VLSI System Design
MVL114,1,M.Tech in VLSI System Design
MVL115,1,M.Tech in VLSI System Design
MVL201,2,M.Tech in VLSI System Design
MVL202,2,M.Tech in VLSI System Design
MVL203,2,M.Tech in VLSI System Design
MVL204,2,M.Tech in VLSI System Design
MVL205,2,M.Tech in VLSI System Design
MVL206,2,M.Tech in VLSI System Design
MVL207,2,M.Tech in VLSI System Design
MVL208,2,M.Tech in VLSI System Design
MVL209,2,M.Tech in VLSI System Design
MVL210,2,M.Tech in VLSI System Design
MVL211,2,M.Tech in VLSI System Design
MVL212,2,M.Tech in VLSI System Design
MVL213,2,M.Tech in VLSI System Design
MVL214,2,M.Tech in VLSI System Design
MVL215,2,M.Tech in VLSI System Design
MVL301,3,M.Tech in VLSI System Design
MVL302,3,M.Tech in VLSI System Design
MVL303,3,M.Tech in VLSI System Design
MVL304,3,M.Tech in VLSI System Design
MVL305,3,M.Tech in VLSI System Design
MVL306,3,M.Tech in VLSI System Design
MVL307,3,M.Tech in VLSI System Design
MVL308,3,M.Tech in VLSI System Design
MVL309,3,M.Tech in VLSI System Design
MVL310,3,M.Tech in VLSI System Design
MVL311,3,M.Tech in VLSI System Design
MVL312,3,M.Tech in VLSI System Design
MVL313,3,M.Tech in VLSI System Design
MVL314,3,M.Tech in VLSI System Design
MVL315,3,M.Tech in VLSI System Design
MVL401,4,M.Tech in VLSI System Design
MVL402,4,M.Tech in VLSI System Design
MVL403,4,M.Tech in VLSI System Design
MVL404,4,M.Tech in VLSI System Design
MVL405,4,M.Tech in VLSI System Design
MVL406,4,M.Tech in VLSI System Design
MVL407,4,M.Tech in VLSI System Design
MVL408,4,M.Tech in VLSI System Design
MVL409,4,M.Tech in VLSI System Design
MVL410,4,M.Tech in VLSI System Design
MVL411,4,M.Tech in VLSI System Design
MVL412,4,M.Tech in VLSI System Design
MVL413,4,M.Tech in VLSI System Design
MVL414,4,M.Tech in VLSI System Design
MVL415,4,M.Tech in VLSI System Design
MEN101,1,M.Sc Environmental Science
MEN102,1,M.Sc Environmental Science
MEN103,1,M.Sc Environmental Science
MEN104,1,M.Sc Environmental Science
MEN105,1,M.Sc Environmental Science
MEN106,1,M.Sc Environmental Science
MEN107,1,M.Sc Environmental Science
MEN108,1,M.Sc Environmental Science
MEN109,1,M.Sc Environmental Science
MEN110,1,M.Sc Environmental Science
MEN111,1,M.Sc Environmental Science
MEN112,1,M.Sc Environmental Science
MEN113,1,M.Sc Environmental Science
MEN114,1,M.Sc Environmental Science
MEN115,1,M.Sc Environmental Science
MEN201,2,M.Sc Environmental Science
MEN202,2,M.Sc Environmental Science
MEN203,2,M.Sc Environmental Science
MEN204,2,M.Sc Environmental Science
MEN205,2,M.Sc Environmental Science
MEN206,2,M.Sc Environmental Science
MEN207,2,M.Sc Environmental Science
MEN208,2,M.Sc Environmental Science
MEN209,2,M.Sc Environmental Science
MEN210,2,M.Sc Environmental Science
MEN211,2,M.Sc Environmental Science
MEN212,2,M.Sc Environmental Science
MEN213,2,M.Sc Environmental Science
MEN214,2,M.Sc Environmental Science
MEN215,2,M.Sc Environmental Science
MEN301,3,M.Sc Environmental Science
MEN302,3,M.Sc Environmental Science
MEN303,3,M.Sc Environmental Science
MEN304,3,M.Sc Environmental Science
MEN305,3,M.Sc Environmental Science
MEN306,3,M.Sc Environmental Science
MEN307,3,M.Sc Environmental Science
MEN308,3,M.Sc Environmental Science
MEN309,3,M.Sc Environmental Science
MEN310,3,M.Sc Environmental Science
MEN311,3,M.Sc Environmental Science
MEN312,3,M.Sc Environmental Science
MEN313,3,M.Sc Environmental Science
MEN314,3,M.Sc Environmental Science
MEN315,3,M.Sc Environmental Science
MEN401,4,M.Sc Environmental Science
MEN402,4,M.Sc Environmental Science
MEN403,4,M.Sc Environmental Science
MEN404,4,M.Sc Environmental Science
MEN405,4,M.Sc Environmental Science
MEN406,4,M.Sc Environmental Science
MEN407,4,M.Sc Environmental Science
MEN408,4,M.Sc Environmental Science
MEN409,4,M.Sc Environmental Science
MEN410,4,M.Sc Environmental Science
MEN411,4,M.Sc Environmental Science
MEN412,4,M.Sc Environmental Science
MEN413,4,M.Sc Environmental Science
MEN414,4,M.Sc Environmental Science
MEN415,4,M.Sc Environmental Science
MFT101,1,M.Sc. Food Technology
MFT102,1,M.Sc. Food Technology
MFT103,1,M.Sc. Food Technology
MFT104,1,M.Sc. Food Technology
MFT105,1,M.Sc. Food Technology
MFT106,1,M.Sc. Food Technology
MFT107,1,M.Sc. Food Technology
MFT108,1,M.Sc. Food Technology
MFT109,1,M.Sc. Food Technology
MFT110,1,M.Sc. Food Technology
MFT111,1,M.Sc. Food Technology
MFT112,1,M.Sc. Food Technology
MFT113,1,M.Sc. Food Technology
MFT114,1,M.Sc. Food Technology
MFT115,1,M.Sc. Food Technology
MFT201,2,M.Sc. Food Technology
MFT202,2,M.Sc. Food Technology
MFT203,2,M.Sc. Food Technology
MFT204,2,M.Sc. Food Technology
MFT205,2,M.Sc. Food Technology
MFT206,2,M.Sc. Food Technology
MFT207,2,M.Sc. Food Technology
MFT208,2,M.Sc. Food Technology
MFT209,2,M.Sc. Food Technology
MFT210,2,M.Sc. Food Technology
MFT211,2,M.Sc. Food Technology
MFT212,2,M.Sc. Food Technology
MFT213,2,M.Sc. Food Technology
MFT214,2,M.Sc. Food Technology
MFT215,2,M.Sc. Food Technology
MFT301,3,M.Sc. Food Technology
MFT302,3,M.Sc. Food Technology
MFT303,3,M.Sc. Food Technology
MFT304,3,M.Sc. Food Technology
MFT305,3,M.Sc. Food Technology
MFT306,3,M.Sc. Food Technology
MFT307,3,M.Sc. Food Technology
MFT308,3,M.Sc. Food Technology
MFT309,3,M.Sc. Food Technology
MFT310,3,M.Sc. Food Technology
MFT311,3,M.Sc. Food Technology
MFT312,3,M.Sc. Food Technology
MFT313,3,M.Sc. Food Technology
MFT314,3,M.Sc. Food Technology
MFT315,3,M.Sc. Food Technology
MFT401,4,M.Sc. Food Technology
MFT402,4,M.Sc. Food Technology
MFT403,4,M.Sc. Food Technology
MFT404,4,M.Sc. Food Technology
MFT405,4,M.Sc. Food Technology
MFT406,4,M.Sc. Food Technology
MFT407,4,M.Sc. Food Technology
MFT408,4,M.Sc. Food Technology
MFT409,4,M.Sc. Food Technology
MFT410,4,M.Sc. Food Technology
MFT411,4,M.Sc. Food Technology
MFT412,4,M.Sc. Food Technology
MFT413,4,M.Sc. Food Technology
MFT414,4,M.Sc. Food Technology
MFT415,4,M.Sc. Food Technology
MFN101,1,M.Sc. Foods and Nutrition
MFN102,1,M.Sc. Foods and Nutrition
MFN103,1,M.Sc. Foods and Nutrition
MFN104,1,M.Sc. Foods and Nutrition
MFN105,1,M.Sc. Foods and Nutrition
MFN106,1,M.Sc. Foods and Nutrition
MFN107,1,M.Sc. Foods and Nutrition
MFN108,1,M.Sc. Foods and Nutrition
MFN109,1,M.Sc. Foods and Nutrition
MFN110,1,M.Sc. Foods and Nutrition
MFN111,1,M.Sc. Foods and Nutrition
MFN112,1,M.Sc. Foods and Nutrition
MFN113,1,M.Sc. Foods and Nutrition
MFN114,1,M.Sc. Foods and Nutrition
MFN115,1,M.Sc. Foods and Nutrition
MFN201,2,M.Sc. Foods and Nutrition
MFN202,2,M.Sc. Foods and Nutrition
MFN203,2,M.Sc. Foods and Nutrition
MFN204,2,M.Sc. Foods and Nutrition
MFN205,2,M.Sc. Foods and Nutrition
MFN206,2,M.Sc. Foods and Nutrition
MFN207,2,M.Sc. Foods and Nutrition
MFN208,2,M.Sc. Foods and Nutrition
MFN209,2,M.Sc. Foods and Nutrition
MFN210,2,M.Sc. Foods and Nutrition
MFN211,2,M.Sc. Foods and Nutrition
MFN212,2,M.Sc. Foods and Nutrition
MFN213,2,M.Sc. Foods and Nutrition
MFN214,2,M.Sc. Foods and Nutrition
MFN215,2,M.Sc. Foods and Nutrition
MFN301,3,M.Sc. Foods and Nutrition
MFN302,3,M.Sc. Foods and Nutrition
MFN303,3,M.Sc. Foods and Nutrition
MFN304,3,M.Sc. Foods and Nutrition
MFN305,3,M.Sc. Foods and Nutrition
MFN306,3,M.Sc. Foods and Nutrition
MFN307,3,M.Sc. Foods and Nutrition
MFN308,3,M.Sc. Foods and Nutrition
MFN309,3,M.Sc. Foods and Nutrition
MFN310,3,M.Sc. Foods and Nutrition
MFN311,3,M.Sc. Foods and Nutrition
MFN312,3,M.Sc. Foods and Nutrition
MFN313,3,M.Sc. Foods and Nutrition
MFN314,3,M.Sc. Foods and Nutrition
MFN315,3,M.Sc. Foods and Nutrition
MFN401,4,M.Sc. Foods and Nutrition
MFN402,4,M.Sc. Foods and Nutrition
MFN403,4,M.Sc. Foods and Nutrition
MFN404,4,M.Sc. Foods and Nutrition
MFN405,4,M.Sc. Foods and Nutrition
MFN406,4,M.Sc. Foods and Nutrition
MFN407,4,M.Sc. Foods and Nutrition
MFN408,4,M.Sc. Foods and Nutrition
MFN409,4,M.Sc. Foods and Nutrition
MFN410,4,M.Sc. Foods and Nutrition
MFN411,4,M.Sc. Foods and Nutrition
MFN412,4,M.Sc. Foods and Nutrition
MFN413,4,M.Sc. Foods and Nutrition
MFN414,4,M.Sc. Foods and Nutrition
MFN415,4,M.Sc. Foods and Nutrition
MHM101,1,Master in Hotel Management (MHM)
MHM102,1,Master in Hotel Management (MHM)
MHM103,1,Master in Hotel Management (MHM)
MHM104,1,Master in Hotel Management (MHM)
MHM105,1,Master in Hotel Management (MHM)
MHM106,1,Master in Hotel Management (MHM)
MHM107,1,Master in Hotel Management (MHM)
MHM108,1,Master in Hotel Management (MHM)
MHM109,1,Master in Hotel Management (MHM)
MHM110,1,Master in Hotel Management (MHM)
MHM111,1,Master in Hotel Management (MHM)
MHM112,1,Master in Hotel Management (MHM)
MHM113,1,Master in Hotel Management (MHM)
MHM114,1,Master in Hotel Management (MHM)
MHM115,1,Master in Hotel Management (MHM)
MHM201,2,Master in Hotel Management (MHM)
MHM202,2,Master in Hotel Management (MHM)
MHM203,2,Master in Hotel Management (MHM)
MHM204,2,Master in Hotel Management (MHM)
MHM205,2,Master in Hotel Management (MHM)
MHM206,2,Master in Hotel Management (MHM)
MHM207,2,Master in Hotel Management (MHM)
MHM208,2,Master in Hotel Management (MHM)
MHM209,2,Master in Hotel Management (MHM)
MHM210,2,Master in Hotel Management (MHM)
MHM211,2,Master in Hotel Management (MHM)
MHM212,2,Master in Hotel Management (MHM)
MHM213,2,Master in Hotel Management (MHM)
MHM214,2,Master in Hotel Management (MHM)
MHM215,2,Master in Hotel Management (MHM)
MHM301,3,Master in Hotel Management (MHM)
MHM302,3,Master in Hotel Management (MHM)
MHM303,3,Master in Hotel Management (MHM)
MHM304,3,Master in Hotel Management (MHM)
MHM305,3,Master in Hotel Management (MHM)
MHM306,3,Master in Hotel Management (MHM)
MHM307,3,Master in Hotel Management (MHM)
MHM308,3,Master in Hotel Management (MHM)
MHM309,3,Master in Hotel Management (MHM)
MHM310,3,Master in Hotel Management (MHM)
MHM311,3,Master in Hotel Management (MHM)
MHM312,3,Master in Hotel Management (MHM)
MHM313,3,Master in Hotel Management (MHM)
MHM314,3,Master in Hotel Management (MHM)
MHM315,3,Master in Hotel Management (MHM)
MHM401,4,Master in Hotel Management (MHM)
MHM402,4,Master in Hotel Management (MHM)
MHM403,4,Master in Hotel Management (MHM)
MHM404,4,Master in Hotel Management (MHM)
MHM405,4,Master in Hotel Management (MHM)
MHM406,4,Master in Hotel Management (MHM)
MHM407,4,Master in Hotel Management (MHM)
MHM408,4,Master in Hotel Management (MHM)
MHM409,4,Master in Hotel Management (MHM)
MHM410,4,Master in Hotel Management (MHM)
MHM411,4,Master in Hotel Management (MHM)
MHM412,4,Master in Hotel Management (MHM)
MHM413,4,Master in Hotel Management (MHM)
MHM414,4,Master in Hotel Management (MHM)
MHM415,4,Master in Hotel Management (MHM)
MAP101,1,M.A. Applied Psychology
MAP102,1,M.A. Applied Psychology
MAP103,1,M.A. Applied Psychology
MAP104,1,M.A. Applied Psychology
MAP105,1,M.A. Applied Psychology
MAP106,1,M.A. Applied Psychology
MAP107,1,M.A. Applied Psychology
MAP108,1,M.A. Applied Psychology
MAP109,1,M.A. Applied Psychology
MAP110,1,M.A. Applied Psychology
MAP111,1,M.A. Applied Psychology
MAP112,1,M.A. Applied Psychology
MAP113,1,M.A. Applied Psychology
MAP114,1,M.A. Applied Psychology
MAP115,1,M.A. Applied Psychology
MAP201,2,M.A. Applied Psychology
MAP202,2,M.A. Applied Psychology
MAP203,2,M.A. Applied Psychology
MAP204,2,M.A. Applied Psychology
MAP205,2,M.A. Applied Psychology
MAP206,2,M.A. Applied Psychology
MAP207,2,M.A. Applied Psychology
MAP208,2,M.A. Applied Psychology
MAP209,2,M.A. Applied Psychology
MAP210,2,M.A. Applied Psychology
MAP211,2,M.A. Applied Psychology
MAP212,2,M.A. Applied Psychology
MAP213,2,M.A. Applied Psychology
MAP214,2,M.A. Applied Psychology
MAP215,2,M.A. Applied Psychology
MAP301,3,M.A. Applied Psychology
MAP302,3,M.A. Applied Psychology
MAP303,3,M.A. Applied Psychology
MAP304,3,M.A. Applied Psychology
MAP305,3,M.A. Applied Psychology
MAP306,3,M.A. Applied Psychology
MAP307,3,M.A. Applied Psychology
MAP308,3,M.A. Applied Psychology
MAP309,3,M.A. Applied Psychology
MAP310,3,M.A. Applied Psychology
MAP311,3,M.A. Applied Psychology
MAP312,3,M.A. Applied Psychology
MAP313,3,M.A. Applied Psychology
MAP314,3,M.A. Applied Psychology
MAP315,3,M.A. Applied Psychology
MAP401,4,M.A. Applied Psychology
MAP402,4,M.A. Applied Psychology
MAP403,4,M.A. Applied Psychology
MAP404,4,M.A. Applied Psychology
MAP405,4,M.A. Applied Psychology
MAP406,4,M.A. Applied Psychology
MAP407,4,M.A. Applied Psychology
MAP408,4,M.A. Applied Psychology
MAP409,4,M.A. Applied Psychology
MAP410,4,M.A. Applied Psychology
MAP411,4,M.A. Applied Psychology
MAP412,4,M.A. Applied Psychology
MAP413,4,M.A. Applied Psychology
MAP414,4,M.A. Applied Psychology
MAP415,4,M.A. Applied Psychology
MAE101,1,M.A. Economics
MAE102,1,M.A. Economics
MAE103,1,M.A. Economics
MAE104,1,M.A. Economics
MAE105,1,M.A. Economics
MAE106,1,M.A. Economics
MAE107,1,M.A. Economics
MAE108,1,M.A. Economics
MAE109,1,M.A. Economics
MAE110,1,M.A. Economics
MAE111,1,M.A. Economics
MAE112,1,M.A. Economics
MAE113,1,M.A. Economics
MAE114,1,M.A. Economics
MAE115,1,M.A. Economics
MAE201,2,M.A. Economics
MAE202,2,M.A. Economics
MAE203,2,M.A. Economics
MAE204,2,M.A. Economics
MAE205,2,M.A. Economics
MAE206,2,M.A. Economics
MAE207,2,M.A. Economics
MAE208,2,M.A. Economics
MAE209,2,M.A. Economics
MAE210,2,M.A. Economics
MAE211,2,M.A. Economics
MAE212,2,M.A. Economics
MAE213,2,M.A. Economics
MAE214,2,M.A. Economics
MAE215,2,M.A. Economics
MAE301,3,M.A. Economics
MAE302,3,M.A. Economics
MAE303,3,M.A. Economics
MAE304,3,M.A. Economics
MAE305,3,M.A. Economics
MAE306,3,M.A. Economics
MAE307,3,M.A. Economics
MAE308,3,M.A. Economics
MAE309,3,M.A. Economics
MAE310,3,M.A. Economics
MAE311,3,M.A. Economics
MAE312,3,M.A. Economics
MAE313,3,M.A. Economics
MAE314,3,M.A. Economics
MAE315,3,M.A. Economics
MAE401,4,M.A. Economics
MAE402,4,M.A. Economics
MAE403,4,M.A. Economics
MAE404,4,M.A. Economics
MAE405,4,M.A. Economics
MAE406,4,M.A. Economics
MAE407,4,M.A. Economics
MAE408,4,M.A. Economics
MAE409,4,M.A. Economics
MAE410,4,M.A. Economics
MAE411,4,M.A. Economics
MAE412,4,M.A. Economics
MAE413,4,M.A. Economics
MAE414,4,M.A. Economics
MAE415,4,M.A. Economics
MAN101,1,M.A. English
MAN102,1,M.A. English
MAN103,1,M.A. English
MAN104,1,M.A. English
MAN105,1,M.A. English
MAN106,1,M.A. English
MAN107,1,M.A. English
MAN108,1,M.A. English
MAN109,1,M.A. English
MAN110,1,M.A. English
MAN111,1,M.A. English
MAN112,1,M.A. English
MAN113,1,M.A. English
MAN114,1,M.A. English
MAN115,1,M.A. English
MAN201,2,M.A. English
MAN202,2,M.A. English
MAN203,2,M.A. English
MAN204,2,M.A. English
MAN205,2,M.A. English
MAN206,2,M.A. English
MAN207,2,M.A. English
MAN208,2,M.A. English
MAN209,2,M.A. English
MAN210,2,M.A. English
MAN211,2,M.A. English
MAN212,2,M.A. English
MAN213,2,M.A. English
MAN214,2,M.A. English
MAN215,2,M.A. English
MAN301,3,M.A. English
MAN302,3,M.A. English
MAN303,3,M.A. English
MAN304,3,M.A. English
MAN305,3,M.A. English
MAN306,3,M.A. English
MAN307,3,M.A. English
MAN308,3,M.A. English
MAN309,3,M.A. English
MAN310,3,M.A. English
MAN311,3,M.A. English
MAN312,3,M.A. English
MAN313,3,M.A. English
MAN314,3,M.A. English
MAN315,3,M.A. English
MAN401,4,M.A. English
MAN402,4,M.A. English
MAN403,4,M.A. English
MAN404,4,M.A. English
MAN405,4,M.A. English
MAN406,4,M.A. English
MAN407,4,M.A. English
MAN408,4,M.A. English
MAN409,4,M.A. English
MAN410,4,M.A. English
MAN411,4,M.A. English
MAN412,4,M.A. English
MAN413,4,M.A. English
MAN414,4,M.A. English
MAN415,4,M.A. English
MAS101,1,M.A. Political Science
MAS102,1,M.A. Political Science
MAS103,1,M.A. Political Science
MAS104,1,M.A. Political Science
MAS105,1,M.A. Political Science
MAS106,1,M.A. Political Science
MAS107,1,M.A. Political Science
MAS108,1,M.A. Political Science
MAS109,1,M.A. Political Science
MAS110,1,M.A. Political Science
MAS111,1,M.A. Political Science
MAS112,1,M.A. Political Science
MAS113,1,M.A. Political Science
MAS114,1,M.A. Political Science
MAS115,1,M.A. Political Science
MAS201,2,M.A. Political Science
MAS202,2,M.A. Political Science
MAS203,2,M.A. Political Science
MAS204,2,M.A. Political Science
MAS205,2,M.A. Political Science
MAS206,2,M.A. Political Science
MAS207,2,M.A. Political Science
MAS208,2,M.A. Political Science
MAS209,2,M.A. Political Science
MAS210,2,M.A. Political Science
MAS211,2,M.A. Political Science
MAS212,2,M.A. Political Science
MAS213,2,M.A. Political Science
MAS214,2,M.A. Political Science
MAS215,2,M.A. Political Science
MAS301,3,M.A. Political Science
MAS302,3,M.A. Political Science
MAS303,3,M.A. Political Science
MAS304,3,M.A. Political Science
MAS305,3,M.A. Political Science
MAS306,3,M.A. Political Science
MAS307,3,M.A. Political Science
MAS308,3,M.A. Political Science
MAS309,3,M.A. Political Science
MAS310,3,M.A. Political Science
MAS311,3,M.A. Political Science
MAS312,3,M.A. Political Science
MAS313,3,M.A. Political Science
MAS314,3,M.A. Political Science
MAS315,3,M.A. Political Science
MAS401,4,M.A. Political Science
MAS402,4,M.A. Political Science
MAS403,4,M.A. Political Science
MAS404,4,M.A. Political Science
MAS405,4,M.A. Political Science
MAS406,4,M.A. Political Science
MAS407,4,M.A. Political Science
MAS408,4,M.A. Political Science
MAS409,4,M.A. Political Science
MAS410,4,M.A. Political Science
MAS411,4,M.A. Political Science
MAS412,4,M.A. Political Science
MAS413,4,M.A. Political Science
MAS414,4,M.A. Political Science
MAS415,4,M.A. Political Science
MAO101,1,M.A. Sociology
MAO102,1,M.A. Sociology
MAO103,1,M.A. Sociology
MAO104,1,M.A. Sociology
MAO105,1,M.A. Sociology
MAO106,1,M.A. Sociology
MAO107,1,M.A. Sociology
MAO108,1,M.A. Sociology
MAO109,1,M.A. Sociology
MAO110,1,M.A. Sociology
MAO111,1,M.A. Sociology
MAO112,1,M.A. Sociology
MAO113,1,M.A. Sociology
MAO114,1,M.A. Sociology
MAO115,1,M.A. Sociology
MAO201,2,M.A. Sociology
MAO202,2,M.A. Sociology
MAO203,2,M.A. Sociology
MAO204,2,M.A. Sociology
MAO205,2,M.A. Sociology
MAO206,2,M.A. Sociology
MAO207,2,M.A. Sociology
MAO208,2,M.A. Sociology
MAO209,2,M.A. Sociology
MAO210,2,M.A. Sociology
MAO211,2,M.A. Sociology
MAO212,2,M.A. Sociology
MAO213,2,M.A. Sociology
MAO214,2,M.A. Sociology
MAO215,2,M.A. Sociology
MAO301,3,M.A. Sociology
MAO302,3,M.A. Sociology
MAO303,3,M.A. Sociology
MAO304,3,M.A. Sociology
MAO305,3,M.A. Sociology
MAO306,3,M.A. Sociology
MAO307,3,M.A. Sociology
MAO308,3,M.A. Sociology
MAO309,3,M.A. Sociology
MAO310,3,M.A. Sociology
MAO311,3,M.A. Sociology
MAO312,3,M.A. Sociology
MAO313,3,M.A. Sociology
MAO314,3,M.A. Sociology
MAO315,3,M.A. Sociology
MAO401,4,M.A. Sociology
MAO402,4,M.A. Sociology
MAO403,4,M.A. Sociology
MAO404,4,M.A. Sociology
MAO405,4,M.A. Sociology
MAO406,4,M.A. Sociology
MAO407,4,M.A. Sociology
MAO408,4,M.A. Sociology
MAO409,4,M.A. Sociology
MAO410,4,M.A. Sociology
MAO411,4,M.A. Sociology
MAO412,4,M.A. Sociology
MAO413,4,M.A. Sociology
MAO414,4,M.A. Sociology
MAO415,4,M.A. Sociology
LLM101,1,LLM (Master of Laws)
LLM102,1,LLM (Master of Laws)
LLM103,1,LLM (Master of Laws)
LLM104,1,LLM (Master of Laws)
LLM105,1,LLM (Master of Laws)
LLM106,1,LLM (Master of Laws)
LLM107,1,LLM (Master of Laws)
LLM108,1,LLM (Master of Laws)
LLM109,1,LLM (Master of Laws)
LLM110,1,LLM (Master of Laws)
LLM111,1,LLM (Master of Laws)
LLM112,1,LLM (Master of Laws)
LLM113,1,LLM (Master of Laws)
LLM114,1,LLM (Master of Laws)
LLM115,1,LLM (Master of Laws)
LLM201,2,LLM (Master of Laws)
LLM202,2,LLM (Master of Laws)
LLM203,2,LLM (Master of Laws)
LLM204,2,LLM (Master of Laws)
LLM205,2,LLM (Master of Laws)
LLM206,2,LLM (Master of Laws)
LLM207,2,LLM (Master of Laws)
LLM208,2,LLM (Master of Laws)
LLM209,2,LLM (Master of Laws)
LLM210,2,LLM (Master of Laws)
LLM211,2,LLM (Master of Laws)
LLM212,2,LLM (Master of Laws)
LLM213,2,LLM (Master of Laws)
LLM214,2,LLM (Master of Laws)
LLM215,2,LLM (Master of Laws)
MBA101,1,M.B.A Business Analytics (Grant Thornton)
MBA102,1,M.B.A Business Analytics (Grant Thornton)
MBA103,1,M.B.A Business Analytics (Grant Thornton)
MBA104,1,M.B.A Business Analytics (Grant Thornton)
MBA105,1,M.B.A Business Analytics (Grant Thornton)
MBA106,1,M.B.A Business Analytics (Grant Thornton)
MBA107,1,M.B.A Business Analytics (Grant Thornton)
MBA108,1,M.B.A Business Analytics (Grant Thornton)
MBA109,1,M.B.A Business Analytics (Grant Thornton)
MBA110,1,M.B.A Business Analytics (Grant Thornton)
MBA111,1,M.B.A Business Analytics (Grant Thornton)
MBA112,1,M.B.A Business Analytics (Grant Thornton)
MBA113,1,M.B.A Business Analytics (Grant Thornton)
MBA114,1,M.B.A Business Analytics (Grant Thornton)
MBA115,1,M.B.A Business Analytics (Grant Thornton)
MBA201,2,M.B.A Business Analytics (Grant Thornton)
MBA202,2,M.B.A Business Analytics (Grant Thornton)
MBA203,2,M.B.A Business Analytics (Grant Thornton)
MBA204,2,M.B.A Business Analytics (Grant Thornton)
MBA205,2,M.B.A Business Analytics (Grant Thornton)
MBA206,2,M.B.A Business Analytics (Grant Thornton)
MBA207,2,M.B.A Business Analytics (Grant Thornton)
MBA208,2,M.B.A Business Analytics (Grant Thornton)
MBA209,2,M.B.A Business Analytics (Grant Thornton)
MBA210,2,M.B.A Business Analytics (Grant Thornton)
MBA211,2,M.B.A Business Analytics (Grant Thornton)
MBA212,2,M.B.A Business Analytics (Grant Thornton)
MBA213,2,M.B.A Business Analytics (Grant Thornton)
MBA214,2,M.B.A Business Analytics (Grant Thornton)
MBA215,2,M.B.A Business Analytics (Grant Thornton)
MBA301,3,M.B.A Business Analytics (Grant Thornton)
MBA302,3,M.B.A Business Analytics (Grant Thornton)
MBA303,3,M.B.A Business Analytics (Grant Thornton)
MBA304,3,M.B.A Business Analytics (Grant Thornton)
MBA305,3,M.B.A Business Analytics (Grant Thornton)
MBA306,3,M.B.A Business Analytics (Grant Thornton)
MBA307,3,M.B.A Business Analytics (Grant Thornton)
MBA308,3,M.B.A Business Analytics (Grant Thornton)
MBA309,3,M.B.A Business Analytics (Grant Thornton)
MBA310,3,M.B.A Business Analytics (Grant Thornton)
MBA311,3,M.B.A Business Analytics (Grant Thornton)
MBA312,3,M.B.A Business Analytics (Grant Thornton)
MBA313,3,M.B.A Business Analytics (Grant Thornton)
MBA314,3,M.B.A Business Analytics (Grant Thornton)
MBA315,3,M.B.A Business Analytics (Grant Thornton)
MBA401,4,M.B.A Business Analytics (Grant Thornton)
MBA402,4,M.B.A Business Analytics (Grant Thornton)
MBA403,4,M.B.A Business Analytics (Grant Thornton)
MBA404,4,M.B.A Business Analytics (Grant Thornton)
MBA405,4,M.B.A Business Analytics (Grant Thornton)
MBA406,4,M.B.A Business Analytics (Grant Thornton)
MBA407,4,M.B.A Business Analytics (Grant Thornton)
MBA408,4,M.B.A Business Analytics (Grant Thornton)
MBA409,4,M.B.A Business Analytics (Grant Thornton)
MBA410,4,M.B.A Business Analytics (Grant Thornton)
MBA411,4,M.B.A Business Analytics (Grant Thornton)
MBA412,4,M.B.A Business Analytics (Grant Thornton)
MBA413,4,M.B.A Business Analytics (Grant Thornton)
MBA414,4,M.B.A Business Analytics (Grant Thornton)
MBA415,4,M.B.A Business Analytics (Grant Thornton)
MBA101,1,MBA (IMPACT)
MBA102,1,MBA (IMPACT)
MBA103,1,MBA (IMPACT)
MBA104,1,MBA (IMPACT)
MBA105,1,MBA (IMPACT)
MBA106,1,MBA (IMPACT)
MBA107,1,MBA (IMPACT)
MBA108,1,MBA (IMPACT)
MBA109,1,MBA (IMPACT)
MBA110,1,MBA (IMPACT)
MBA111,1,MBA (IMPACT)
MBA112,1,MBA (IMPACT)
MBA113,1,MBA (IMPACT)
MBA114,1,MBA (IMPACT)
MBA115,1,MBA (IMPACT)
MBA201,2,MBA (IMPACT)
MBA202,2,MBA (IMPACT)
MBA203,2,MBA (IMPACT)
MBA204,2,MBA (IMPACT)
MBA205,2,MBA (IMPACT)
MBA206,2,MBA (IMPACT)
MBA207,2,MBA (IMPACT)
MBA208,2,MBA (IMPACT)
MBA209,2,MBA (IMPACT)
MBA210,2,MBA (IMPACT)
MBA211,2,MBA (IMPACT)
MBA212,2,MBA (IMPACT)
MBA213,2,MBA (IMPACT)
MBA214,2,MBA (IMPACT)
MBA215,2,MBA (IMPACT)
MBA301,3,MBA (IMPACT)
MBA302,3,MBA (IMPACT)
MBA303,3,MBA (IMPACT)
MBA304,3,MBA (IMPACT)
MBA305,3,MBA (IMPACT)
MBA306,3,MBA (IMPACT)
MBA307,3,MBA (IMPACT)
MBA308,3,MBA (IMPACT)
MBA309,3,MBA (IMPACT)
MBA310,3,MBA (IMPACT)
MBA311,3,MBA (IMPACT)
MBA312,3,MBA (IMPACT)
MBA313,3,MBA (IMPACT)
MBA314,3,MBA (IMPACT)
MBA315,3,MBA (IMPACT)
MBA401,4,MBA (IMPACT)
MBA402,4,MBA (IMPACT)
MBA403,4,MBA (IMPACT)
MBA404,4,MBA (IMPACT)
MBA405,4,MBA (IMPACT)
MBA406,4,MBA (IMPACT)
MBA407,4,MBA (IMPACT)
MBA408,4,MBA (IMPACT)
MBA409,4,MBA (IMPACT)
MBA410,4,MBA (IMPACT)
MBA411,4,MBA (IMPACT)
MBA412,4,MBA (IMPACT)
MBA413,4,MBA (IMPACT)
MBA414,4,MBA (IMPACT)
MBA415,4,MBA (IMPACT)
MBA101,1,MBA in Artificial Intelligence (AI) and Data Science (DS)
MBA102,1,MBA in Artificial Intelligence (AI) and Data Science (DS)
MBA103,1,MBA in Artificial Intelligence (AI) and Data Science (DS)
MBA104,1,MBA in Artificial Intelligence (AI) and Data Science (DS)
MBA105,1,MBA in Artificial Intelligence (AI) and Data Science (DS)
MBA106,1,MBA in Artificial Intelligence (AI) and Data Science (DS)
MBA107,1,MBA in Artificial Intelligence (AI) and Data Science (DS)
MBA108,1,MBA in Artificial Intelligence (AI) and Data Science (DS)
MBA109,1,MBA in Artificial Intelligence (AI) and Data Science (DS)
MBA110,1,MBA in Artificial Intelligence (AI) and Data Science (DS)
MBA111,1,MBA in Artificial Intelligence (AI) and Data Science (DS)
MBA112,1,MBA in Artificial Intelligence (AI) and Data Science (DS)
MBA113,1,MBA in Artificial Intelligence (AI) and Data Science (DS)
MBA114,1,MBA in Artificial Intelligence (AI) and Data Science (DS)
MBA115,1,MBA in Artificial Intelligence (AI) and Data Science (DS)
MBA201,2,MBA in Artificial Intelligence (AI) and Data Science (DS)
MBA202,2,MBA in Artificial Intelligence (AI) and Data Science (DS)
MBA203,2,MBA in Artificial Intelligence (AI) and Data Science (DS)
MBA204,2,MBA in Artificial Intelligence (AI) and Data Science (DS)
MBA205,2,MBA in Artificial Intelligence (AI) and Data Science (DS)
MBA206,2,MBA in Artificial Intelligence (AI) and Data Science (DS)
MBA207,2,MBA in Artificial Intelligence (AI) and Data Science (DS)
MBA208,2,MBA in Artificial Intelligence (AI) and Data Science (DS)
MBA209,2,MBA in Artificial Intelligence (AI) and Data Science (DS)
MBA210,2,MBA in Artificial Intelligence (AI) and Data Science (DS)
MBA211,2,MBA in Artificial Intelligence (AI) and Data Science (DS)
MBA212,2,MBA in Artificial Intelligence (AI) and Data Science (DS)
MBA213,2,MBA in Artificial Intelligence (AI) and Data Science (DS)
MBA214,2,MBA in Artificial Intelligence (AI) and Data Science (DS)
MBA215,2,MBA in Artificial Intelligence (AI) and Data Science (DS)
MBA301,3,MBA in Artificial Intelligence (AI) and Data Science (DS)
MBA302,3,MBA in Artificial Intelligence (AI) and Data Science (DS)
MBA303,3,MBA in Artificial Intelligence (AI) and Data Science (DS)
MBA304,3,MBA in Artificial Intelligence (AI) and Data Science (DS)
MBA305,3,MBA in Artificial Intelligence (AI) and Data Science (DS)
MBA306,3,MBA in Artificial Intelligence (AI) and Data Science (DS)
MBA307,3,MBA in Artificial Intelligence (AI) and Data Science (DS)
MBA308,3,MBA in Artificial Intelligence (AI) and Data Science (DS)
MBA309,3,MBA in Artificial Intelligence (AI) and Data Science (DS)
MBA310,3,MBA in Artificial Intelligence (AI) and Data Science (DS)
MBA311,3,MBA in Artificial Intelligence (AI) and Data Science (DS)
MBA312,3,MBA in Artificial Intelligence (AI) and Data Science (DS)
MBA313,3,MBA in Artificial Intelligence (AI) and Data Science (DS)
MBA314,3,MBA in Artificial Intelligence (AI) and Data Science (DS)
MBA315,3,MBA in Artificial Intelligence (AI) and Data Science (DS)
MBA401,4,MBA in Artificial Intelligence (AI) and Data Science (DS)
MBA402,4,MBA in Artificial Intelligence (AI) and Data Science (DS)
MBA403,4,MBA in Artificial Intelligence (AI) and Data Science (DS)
MBA404,4,MBA in Artificial Intelligence (AI) and Data Science (DS)
MBA405,4,MBA in Artificial Intelligence (AI) and Data Science (DS)
MBA406,4,MBA in Artificial Intelligence (AI) and Data Science (DS)
MBA407,4,MBA in Artificial Intelligence (AI) and Data Science (DS)
MBA408,4,MBA in Artificial Intelligence (AI) and Data Science (DS)
MBA409,4,MBA in Artificial Intelligence (AI) and Data Science (DS)
MBA410,4,MBA in Artificial Intelligence (AI) and Data Science (DS)
MBA411,4,MBA in Artificial Intelligence (AI) and Data Science (DS)
MBA412,4,MBA in Artificial Intelligence (AI) and Data Science (DS)
MBA413,4,MBA in Artificial Intelligence (AI) and Data Science (DS)
MBA414,4,MBA in Artificial Intelligence (AI) and Data Science (DS)
MBA415,4,MBA in Artificial Intelligence (AI) and Data Science (DS)
MBA101,1,Master of Business Administration (MBA)
MBA102,1,Master of Business Administration (MBA)
MBA103,1,Master of Business Administration (MBA)
MBA104,1,Master of Business Administration (MBA)
MBA105,1,Master of Business Administration (MBA)
MBA106,1,Master of Business Administration (MBA)
MBA107,1,Master of Business Administration (MBA)
MBA108,1,Master of Business Administration (MBA)
MBA109,1,Master of Business Administration (MBA)
MBA110,1,Master of Business Administration (MBA)
MBA111,1,Master of Business Administration (MBA)
MBA112,1,Master of Business Administration (MBA)
MBA113,1,Master of Business Administration (MBA)
MBA114,1,Master of Business Administration (MBA)
MBA115,1,Master of Business Administration (MBA)
MBA201,2,Master of Business Administration (MBA)
MBA202,2,Master of Business Administration (MBA)
MBA203,2,Master of Business Administration (MBA)
MBA204,2,Master of Business Administration (MBA)
MBA205,2,Master of Business Administration (MBA)
MBA206,2,Master of Business Administration (MBA)
MBA207,2,Master of Business Administration (MBA)
MBA208,2,Master of Business Administration (MBA)
MBA209,2,Master of Business Administration (MBA)
MBA210,2,Master of Business Administration (MBA)
MBA211,2,Master of Business Administration (MBA)
MBA212,2,Master of Business Administration (MBA)
MBA213,2,Master of Business Administration (MBA)
MBA214,2,Master of Business Administration (MBA)
MBA215,2,Master of Business Administration (MBA)
MBA301,3,Master of Business Administration (MBA)
MBA302,3,Master of Business Administration (MBA)
MBA303,3,Master of Business Administration (MBA)
MBA304,3,Master of Business Administration (MBA)
MBA305,3,Master of Business Administration (MBA)
MBA306,3,Master of Business Administration (MBA)
MBA307,3,Master of Business Administration (MBA)
MBA308,3,Master of Business Administration (MBA)
MBA309,3,Master of Business Administration (MBA)
MBA310,3,Master of Business Administration (MBA)
MBA311,3,Master of Business Administration (MBA)
MBA312,3,Master of Business Administration (MBA)
MBA313,3,Master of Business Administration (MBA)
MBA314,3,Master of Business Administration (MBA)
MBA315,3,Master of Business Administration (MBA)
MBA401,4,Master of Business Administration (MBA)
MBA402,4,Master of Business Administration (MBA)
MBA403,4,Master of Business Administration (MBA)
MBA404,4,Master of Business Administration (MBA)
MBA405,4,Master of Business Administration (MBA)
MBA406,4,Master of Business Administration (MBA)
MBA407,4,Master of Business Administration (MBA)
MBA408,4,Master of Business Administration (MBA)
MBA409,4,Master of Business Administration (MBA)
MBA410,4,Master of Business Administration (MBA)
MBA411,4,Master of Business Administration (MBA)
MBA412,4,Master of Business Administration (MBA)
MBA413,4,Master of Business Administration (MBA)
MBA414,4,Master of Business Administration (MBA)
MBA415,4,Master of Business Administration (MBA)
MMB101,1,M.Sc. Microbiology
MMB102,1,M.Sc. Microbiology
MMB103,1,M.Sc. Microbiology
MMB104,1,M.Sc. Microbiology
MMB105,1,M.Sc. Microbiology
MMB106,1,M.Sc. Microbiology
MMB107,1,M.Sc. Microbiology
MMB108,1,M.Sc. Microbiology
MMB109,1,M.Sc. Microbiology
MMB110,1,M.Sc. Microbiology
MMB111,1,M.Sc. Microbiology
MMB112,1,M.Sc. Microbiology
MMB113,1,M.Sc. Microbiology
MMB114,1,M.Sc. Microbiology
MMB115,1,M.Sc. Microbiology
MMB201,2,M.Sc. Microbiology
MMB202,2,M.Sc. Microbiology
MMB203,2,M.Sc. Microbiology
MMB204,2,M.Sc. Microbiology
MMB205,2,M.Sc. Microbiology
MMB206,2,M.Sc. Microbiology
MMB207,2,M.Sc. Microbiology
MMB208,2,M.Sc. Microbiology
MMB209,2,M.Sc. Microbiology
MMB210,2,M.Sc. Microbiology
MMB211,2,M.Sc. Microbiology
MMB212,2,M.Sc. Microbiology
MMB213,2,M.Sc. Microbiology
MMB214,2,M.Sc. Microbiology
MMB215,2,M.Sc. Microbiology
MMB301,3,M.Sc. Microbiology
MMB302,3,M.Sc. Microbiology
MMB303,3,M.Sc. Microbiology
MMB304,3,M.Sc. Microbiology
MMB305,3,M.Sc. Microbiology
MMB306,3,M.Sc. Microbiology
MMB307,3,M.Sc. Microbiology
MMB308,3,M.Sc. Microbiology
MMB309,3,M.Sc. Microbiology
MMB310,3,M.Sc. Microbiology
MMB311,3,M.Sc. Microbiology
MMB312,3,M.Sc. Microbiology
MMB313,3,M.Sc. Microbiology
MMB314,3,M.Sc. Microbiology
MMB315,3,M.Sc. Microbiology
MMB401,4,M.Sc. Microbiology
MMB402,4,M.Sc. Microbiology
MMB403,4,M.Sc. Microbiology
MMB404,4,M.Sc. Microbiology
MMB405,4,M.Sc. Microbiology
MMB406,4,M.Sc. Microbiology
MMB407,4,M.Sc. Microbiology
MMB408,4,M.Sc. Microbiology
MMB409,4,M.Sc. Microbiology
MMB410,4,M.Sc. Microbiology
MMB411,4,M.Sc. Microbiology
MMB412,4,M.Sc. Microbiology
MMB413,4,M.Sc. Microbiology
MMB414,4,M.Sc. Microbiology
MMB415,4,M.Sc. Microbiology
MGL101,1,M.Sc. in Applied Geology
MGL102,1,M.Sc. in Applied Geology
MGL103,1,M.Sc. in Applied Geology
MGL104,1,M.Sc. in Applied Geology
MGL105,1,M.Sc. in Applied Geology
MGL106,1,M.Sc. in Applied Geology
MGL107,1,M.Sc. in Applied Geology
MGL108,1,M.Sc. in Applied Geology
MGL109,1,M.Sc. in Applied Geology
MGL110,1,M.Sc. in Applied Geology
MGL111,1,M.Sc. in Applied Geology
MGL112,1,M.Sc. in Applied Geology
MGL113,1,M.Sc. in Applied Geology
MGL114,1,M.Sc. in Applied Geology
MGL115,1,M.Sc. in Applied Geology
MGL201,2,M.Sc. in Applied Geology
MGL202,2,M.Sc. in Applied Geology
MGL203,2,M.Sc. in Applied Geology
MGL204,2,M.Sc. in Applied Geology
MGL205,2,M.Sc. in Applied Geology
MGL206,2,M.Sc. in Applied Geology
MGL207,2,M.Sc. in Applied Geology
MGL208,2,M.Sc. in Applied Geology
MGL209,2,M.Sc. in Applied Geology
MGL210,2,M.Sc. in Applied Geology
MGL211,2,M.Sc. in Applied Geology
MGL212,2,M.Sc. in Applied Geology
MGL213,2,M.Sc. in Applied Geology
MGL214,2,M.Sc. in Applied Geology
MGL215,2,M.Sc. in Applied Geology
MGL301,3,M.Sc. in Applied Geology
MGL302,3,M.Sc. in Applied Geology
MGL303,3,M.Sc. in Applied Geology
MGL304,3,M.Sc. in Applied Geology
MGL305,3,M.Sc. in Applied Geology
MGL306,3,M.Sc. in Applied Geology
MGL307,3,M.Sc. in Applied Geology
MGL308,3,M.Sc. in Applied Geology
MGL309,3,M.Sc. in Applied Geology
MGL310,3,M.Sc. in Applied Geology
MGL311,3,M.Sc. in Applied Geology
MGL312,3,M.Sc. in Applied Geology
MGL313,3,M.Sc. in Applied Geology
MGL314,3,M.Sc. in Applied Geology
MGL315,3,M.Sc. in Applied Geology
MGL401,4,M.Sc. in Applied Geology
MGL402,4,M.Sc. in Applied Geology
MGL403,4,M.Sc. in Applied Geology
MGL404,4,M.Sc. in Applied Geology
MGL405,4,M.Sc. in Applied Geology
MGL406,4,M.Sc. in Applied Geology
MGL407,4,M.Sc. in Applied Geology
MGL408,4,M.Sc. in Applied Geology
MGL409,4,M.Sc. in Applied Geology
MGL410,4,M.Sc. in Applied Geology
MGL411,4,M.Sc. in Applied Geology
MGL412,4,M.Sc. in Applied Geology
MGL413,4,M.Sc. in Applied Geology
MGL414,4,M.Sc. in Applied Geology
MGL415,4,M.Sc. in Applied Geology
MDS101,1,M.Des. (Design Futures)
MDS102,1,M.Des. (Design Futures)
MDS103,1,M.Des. (Design Futures)
MDS104,1,M.Des. (Design Futures)
MDS105,1,M.Des. (Design Futures)
MDS106,1,M.Des. (Design Futures)
MDS107,1,M.Des. (Design Futures)
MDS108,1,M.Des. (Design Futures)
MDS109,1,M.Des. (Design Futures)
MDS110,1,M.Des. (Design Futures)
MDS111,1,M.Des. (Design Futures)
MDS112,1,M.Des. (Design Futures)
MDS113,1,M.Des. (Design Futures)
MDS114,1,M.Des. (Design Futures)
MDS115,1,M.Des. (Design Futures)
MDS201,2,M.Des. (Design Futures)
MDS202,2,M.Des. (Design Futures)
MDS203,2,M.Des. (Design Futures)
MDS204,2,M.Des. (Design Futures)
MDS205,2,M.Des. (Design Futures)
MDS206,2,M.Des. (Design Futures)
MDS207,2,M.Des. (Design Futures)
MDS208,2,M.Des. (Design Futures)
MDS209,2,M.Des. (Design Futures)
MDS210,2,M.Des. (Design Futures)
MDS211,2,M.Des. (Design Futures)
MDS212,2,M.Des. (Design Futures)
MDS213,2,M.Des. (Design Futures)
MDS214,2,M.Des. (Design Futures)
MDS215,2,M.Des. (Design Futures)
MDS301,3,M.Des. (Design Futures)
MDS302,3,M.Des. (Design Futures)
MDS303,3,M.Des. (Design Futures)
MDS304,3,M.Des. (Design Futures)
MDS305,3,M.Des. (Design Futures)
MDS306,3,M.Des. (Design Futures)
MDS307,3,M.Des. (Design Futures)
MDS308,3,M.Des. (Design Futures)
MDS309,3,M.Des. (Design Futures)
MDS310,3,M.Des. (Design Futures)
MDS311,3,M.Des. (Design Futures)
MDS312,3,M.Des. (Design Futures)
MDS313,3,M.Des. (Design Futures)
MDS314,3,M.Des. (Design Futures)
MDS315,3,M.Des. (Design Futures)
MDS401,4,M.Des. (Design Futures)
MDS402,4,M.Des. (Design Futures)
MDS403,4,M.Des. (Design Futures)
MDS404,4,M.Des. (Design Futures)
MDS405,4,M.Des. (Design Futures)
MDS406,4,M.Des. (Design Futures)
MDS407,4,M.Des. (Design Futures)
MDS408,4,M.Des. (Design Futures)
MDS409,4,M.Des. (Design Futures)
MDS410,4,M.Des. (Design Futures)
MDS411,4,M.Des. (Design Futures)
MDS412,4,M.Des. (Design Futures)
MDS413,4,M.Des. (Design Futures)
MDS414,4,M.Des. (Design Futures)
MDS415,4,M.Des. (Design Futures)
MDS101,1,M.Des. (Graphic and Visual Communication Design)
MDS102,1,M.Des. (Graphic and Visual Communication Design)
MDS103,1,M.Des. (Graphic and Visual Communication Design)
MDS104,1,M.Des. (Graphic and Visual Communication Design)
MDS105,1,M.Des. (Graphic and Visual Communication Design)
MDS106,1,M.Des. (Graphic and Visual Communication Design)
MDS107,1,M.Des. (Graphic and Visual Communication Design)
MDS108,1,M.Des. (Graphic and Visual Communication Design)
MDS109,1,M.Des. (Graphic and Visual Communication Design)
MDS110,1,M.Des. (Graphic and Visual Communication Design)
MDS111,1,M.Des. (Graphic and Visual Communication Design)
MDS112,1,M.Des. (Graphic and Visual Communication Design)
MDS113,1,M.Des. (Graphic and Visual Communication Design)
MDS114,1,M.Des. (Graphic and Visual Communication Design)
MDS115,1,M.Des. (Graphic and Visual Communication Design)
MDS201,2,M.Des. (Graphic and Visual Communication Design)
MDS202,2,M.Des. (Graphic and Visual Communication Design)
MDS203,2,M.Des. (Graphic and Visual Communication Design)
MDS204,2,M.Des. (Graphic and Visual Communication Design)
MDS205,2,M.Des. (Graphic and Visual Communication Design)
MDS206,2,M.Des. (Graphic and Visual Communication Design)
MDS207,2,M.Des. (Graphic and Visual Communication Design)
MDS208,2,M.Des. (Graphic and Visual Communication Design)
MDS209,2,M.Des. (Graphic and Visual Communication Design)
MDS210,2,M.Des. (Graphic and Visual Communication Design)
MDS211,2,M.Des. (Graphic and Visual Communication Design)
MDS212,2,M.Des. (Graphic and Visual Communication Design)
MDS213,2,M.Des. (Graphic and Visual Communication Design)
MDS214,2,M.Des. (Graphic and Visual Communication Design)
MDS215,2,M.Des. (Graphic and Visual Communication Design)
MDS301,3,M.Des. (Graphic and Visual Communication Design)
MDS302,3,M.Des. (Graphic and Visual Communication Design)
MDS303,3,M.Des. (Graphic and Visual Communication Design)
MDS304,3,M.Des. (Graphic and Visual Communication Design)
MDS305,3,M.Des. (Graphic and Visual Communication Design)
MDS306,3,M.Des. (Graphic and Visual Communication Design)
MDS307,3,M.Des. (Graphic and Visual Communication Design)
MDS308,3,M.Des. (Graphic and Visual Communication Design)
MDS309,3,M.Des. (Graphic and Visual Communication Design)
MDS310,3,M.Des. (Graphic and Visual Communication Design)
MDS311,3,M.Des. (Graphic and Visual Communication Design)
MDS312,3,M.Des. (Graphic and Visual Communication Design)
MDS313,3,M.Des. (Graphic and Visual Communication Design)
MDS314,3,M.Des. (Graphic and Visual Communication Design)
MDS315,3,M.Des. (Graphic and Visual Communication Design)
MDS401,4,M.Des. (Graphic and Visual Communication Design)
MDS402,4,M.Des. (Graphic and Visual Communication Design)
MDS403,4,M.Des. (Graphic and Visual Communication Design)
MDS404,4,M.Des. (Graphic and Visual Communication Design)
MDS405,4,M.Des. (Graphic and Visual Communication Design)
MDS406,4,M.Des. (Graphic and Visual Communication Design)
MDS407,4,M.Des. (Graphic and Visual Communication Design)
MDS408,4,M.Des. (Graphic and Visual Communication Design)
MDS409,4,M.Des. (Graphic and Visual Communication Design)
MDS410,4,M.Des. (Graphic and Visual Communication Design)
MDS411,4,M.Des. (Graphic and Visual Communication Design)
MDS412,4,M.Des. (Graphic and Visual Communication Design)
MDS413,4,M.Des. (Graphic and Visual Communication Design)
MDS414,4,M.Des. (Graphic and Visual Communication Design)
MDS415,4,M.Des. (Graphic and Visual Communication Design)
MDS101,1,M.Des. (Industrial Product Design)
MDS102,1,M.Des. (Industrial Product Design)
MDS103,1,M.Des. (Industrial Product Design)
MDS104,1,M.Des. (Industrial Product Design)
MDS105,1,M.Des. (Industrial Product Design)
MDS106,1,M.Des. (Industrial Product Design)
MDS107,1,M.Des. (Industrial Product Design)
MDS108,1,M.Des. (Industrial Product Design)
MDS109,1,M.Des. (Industrial Product Design)
MDS110,1,M.Des. (Industrial Product Design)
MDS111,1,M.Des. (Industrial Product Design)
MDS112,1,M.Des. (Industrial Product Design)
MDS113,1,M.Des. (Industrial Product Design)
MDS114,1,M.Des. (Industrial Product Design)
MDS115,1,M.Des. (Industrial Product Design)
MDS201,2,M.Des. (Industrial Product Design)
MDS202,2,M.Des. (Industrial Product Design)
MDS203,2,M.Des. (Industrial Product Design)
MDS204,2,M.Des. (Industrial Product Design)
MDS205,2,M.Des. (Industrial Product Design)
MDS206,2,M.Des. (Industrial Product Design)
MDS207,2,M.Des. (Industrial Product Design)
MDS208,2,M.Des. (Industrial Product Design)
MDS209,2,M.Des. (Industrial Product Design)
MDS210,2,M.Des. (Industrial Product Design)
MDS211,2,M.Des. (Industrial Product Design)
MDS212,2,M.Des. (Industrial Product Design)
MDS213,2,M.Des. (Industrial Product Design)
MDS214,2,M.Des. (Industrial Product Design)
MDS215,2,M.Des. (Industrial Product Design)
MDS301,3,M.Des. (Industrial Product Design)
MDS302,3,M.Des. (Industrial Product Design)
MDS303,3,M.Des. (Industrial Product Design)
MDS304,3,M.Des. (Industrial Product Design)
MDS305,3,M.Des. (Industrial Product Design)
MDS306,3,M.Des. (Industrial Product Design)
MDS307,3,M.Des. (Industrial Product Design)
MDS308,3,M.Des. (Industrial Product Design)
MDS309,3,M.Des. (Industrial Product Design)
MDS310,3,M.Des. (Industrial Product Design)
MDS311,3,M.Des. (Industrial Product Design)
MDS312,3,M.Des. (Industrial Product Design)
MDS313,3,M.Des. (Industrial Product Design)
MDS314,3,M.Des. (Industrial Product Design)
MDS315,3,M.Des. (Industrial Product Design)
MDS401,4,M.Des. (Industrial Product Design)
MDS402,4,M.Des. (Industrial Product Design)
MDS403,4,M.Des. (Industrial Product Design)
MDS404,4,M.Des. (Industrial Product Design)
MDS405,4,M.Des. (Industrial Product Design)
MDS406,4,M.Des. (Industrial Product Design)
MDS407,4,M.Des. (Industrial Product Design)
MDS408,4,M.Des. (Industrial Product Design)
MDS409,4,M.Des. (Industrial Product Design)
MDS410,4,M.Des. (Industrial Product Design)
MDS411,4,M.Des. (Industrial Product Design)
MDS412,4,M.Des. (Industrial Product Design)
MDS413,4,M.Des. (Industrial Product Design)
MDS414,4,M.Des. (Industrial Product Design)
MDS415,4,M.Des. (Industrial Product Design)
MDS101,1,M.Des. (Interior and Spatial Experience Design)
MDS102,1,M.Des. (Interior and Spatial Experience Design)
MDS103,1,M.Des. (Interior and Spatial Experience Design)
MDS104,1,M.Des. (Interior and Spatial Experience Design)
MDS105,1,M.Des. (Interior and Spatial Experience Design)
MDS106,1,M.Des. (Interior and Spatial Experience Design)
MDS107,1,M.Des. (Interior and Spatial Experience Design)
MDS108,1,M.Des. (Interior and Spatial Experience Design)
MDS109,1,M.Des. (Interior and Spatial Experience Design)
MDS110,1,M.Des. (Interior and Spatial Experience Design)
MDS111,1,M.Des. (Interior and Spatial Experience Design)
MDS112,1,M.Des. (Interior and Spatial Experience Design)
MDS113,1,M.Des. (Interior and Spatial Experience Design)
MDS114,1,M.Des. (Interior and Spatial Experience Design)
MDS115,1,M.Des. (Interior and Spatial Experience Design)
MDS201,2,M.Des. (Interior and Spatial Experience Design)
MDS202,2,M.Des. (Interior and Spatial Experience Design)
MDS203,2,M.Des. (Interior and Spatial Experience Design)
MDS204,2,M.Des. (Interior and Spatial Experience Design)
MDS205,2,M.Des. (Interior and Spatial Experience Design)
MDS206,2,M.Des. (Interior and Spatial Experience Design)
MDS207,2,M.Des. (Interior and Spatial Experience Design)
MDS208,2,M.Des. (Interior and Spatial Experience Design)
MDS209,2,M.Des. (Interior and Spatial Experience Design)
MDS210,2,M.Des. (Interior and Spatial Experience Design)
MDS211,2,M.Des. (Interior and Spatial Experience Design)
MDS212,2,M.Des. (Interior and Spatial Experience Design)
MDS213,2,M.Des. (Interior and Spatial Experience Design)
MDS214,2,M.Des. (Interior and Spatial Experience Design)
MDS215,2,M.Des. (Interior and Spatial Experience Design)
MDS301,3,M.Des. (Interior and Spatial Experience Design)
MDS302,3,M.Des. (Interior and Spatial Experience Design)
MDS303,3,M.Des. (Interior and Spatial Experience Design)
MDS304,3,M.Des. (Interior and Spatial Experience Design)
MDS305,3,M.Des. (Interior and Spatial Experience Design)
MDS306,3,M.Des. (Interior and Spatial Experience Design)
MDS307,3,M.Des. (Interior and Spatial Experience Design)
MDS308,3,M.Des. (Interior and Spatial Experience Design)
MDS309,3,M.Des. (Interior and Spatial Experience Design)
MDS310,3,M.Des. (Interior and Spatial Experience Design)
MDS311,3,M.Des. (Interior and Spatial Experience Design)
MDS312,3,M.Des. (Interior and Spatial Experience Design)
MDS313,3,M.Des. (Interior and Spatial Experience Design)
MDS314,3,M.Des. (Interior and Spatial Experience Design)
MDS315,3,M.Des. (Interior and Spatial Experience Design)
MDS401,4,M.Des. (Interior and Spatial Experience Design)
MDS402,4,M.Des. (Interior and Spatial Experience Design)
MDS403,4,M.Des. (Interior and Spatial Experience Design)
MDS404,4,M.Des. (Interior and Spatial Experience Design)
MDS405,4,M.Des. (Interior and Spatial Experience Design)
MDS406,4,M.Des. (Interior and Spatial Experience Design)
MDS407,4,M.Des. (Interior and Spatial Experience Design)
MDS408,4,M.Des. (Interior and Spatial Experience Design)
MDS409,4,M.Des. (Interior and Spatial Experience Design)
MDS410,4,M.Des. (Interior and Spatial Experience Design)
MDS411,4,M.Des. (Interior and Spatial Experience Design)
MDS412,4,M.Des. (Interior and Spatial Experience Design)
MDS413,4,M.Des. (Interior and Spatial Experience Design)
MDS414,4,M.Des. (Interior and Spatial Experience Design)
MDS415,4,M.Des. (Interior and Spatial Experience Design)
MDS101,1,M.Des. (User Experience and Interaction Design)
MDS102,1,M.Des. (User Experience and Interaction Design)
MDS103,1,M.Des. (User Experience and Interaction Design)
MDS104,1,M.Des. (User Experience and Interaction Design)
MDS105,1,M.Des. (User Experience and Interaction Design)
MDS106,1,M.Des. (User Experience and Interaction Design)
MDS107,1,M.Des. (User Experience and Interaction Design)
MDS108,1,M.Des. (User Experience and Interaction Design)
MDS109,1,M.Des. (User Experience and Interaction Design)
MDS110,1,M.Des. (User Experience and Interaction Design)
MDS111,1,M.Des. (User Experience and Interaction Design)
MDS112,1,M.Des. (User Experience and Interaction Design)
MDS113,1,M.Des. (User Experience and Interaction Design)
MDS114,1,M.Des. (User Experience and Interaction Design)
MDS115,1,M.Des. (User Experience and Interaction Design)
MDS201,2,M.Des. (User Experience and Interaction Design)
MDS202,2,M.Des. (User Experience and Interaction Design)
MDS203,2,M.Des. (User Experience and Interaction Design)
MDS204,2,M.Des. (User Experience and Interaction Design)
MDS205,2,M.Des. (User Experience and Interaction Design)
MDS206,2,M.Des. (User Experience and Interaction Design)
MDS207,2,M.Des. (User Experience and Interaction Design)
MDS208,2,M.Des. (User Experience and Interaction Design)
MDS209,2,M.Des. (User Experience and Interaction Design)
MDS210,2,M.Des. (User Experience and Interaction Design)
MDS211,2,M.Des. (User Experience and Interaction Design)
MDS212,2,M.Des. (User Experience and Interaction Design)
MDS213,2,M.Des. (User Experience and Interaction Design)
MDS214,2,M.Des. (User Experience and Interaction Design)
MDS215,2,M.Des. (User Experience and Interaction Design)
MDS301,3,M.Des. (User Experience and Interaction Design)
MDS302,3,M.Des. (User Experience and Interaction Design)
MDS303,3,M.Des. (User Experience and Interaction Design)
MDS304,3,M.Des. (User Experience and Interaction Design)
MDS305,3,M.Des. (User Experience and Interaction Design)
MDS306,3,M.Des. (User Experience and Interaction Design)
MDS307,3,M.Des. (User Experience and Interaction Design)
MDS308,3,M.Des. (User Experience and Interaction Design)
MDS309,3,M.Des. (User Experience and Interaction Design)
MDS310,3,M.Des. (User Experience and Interaction Design)
MDS311,3,M.Des. (User Experience and Interaction Design)
MDS312,3,M.Des. (User Experience and Interaction Design)
MDS313,3,M.Des. (User Experience and Interaction Design)
MDS314,3,M.Des. (User Experience and Interaction Design)
MDS315,3,M.Des. (User Experience and Interaction Design)
MDS401,4,M.Des. (User Experience and Interaction Design)
MDS402,4,M.Des. (User Experience and Interaction Design)
MDS403,4,M.Des. (User Experience and Interaction Design)
MDS404,4,M.Des. (User Experience and Interaction Design)
MDS405,4,M.Des. (User Experience and Interaction Design)
MDS406,4,M.Des. (User Experience and Interaction Design)
MDS407,4,M.Des. (User Experience and Interaction Design)
MDS408,4,M.Des. (User Experience and Interaction Design)
MDS409,4,M.Des. (User Experience and Interaction Design)
MDS410,4,M.Des. (User Experience and Interaction Design)
MDS411,4,M.Des. (User Experience and Interaction Design)
MDS412,4,M.Des. (User Experience and Interaction Design)
MDS413,4,M.Des. (User Experience and Interaction Design)
MDS414,4,M.Des. (User Experience and Interaction Design)
MDS415,4,M.Des. (User Experience and Interaction Design)
MSD101,1,M.Sc. Graphic and Interaction Design
MSD102,1,M.Sc. Graphic and Interaction Design
MSD103,1,M.Sc. Graphic and Interaction Design
MSD104,1,M.Sc. Graphic and Interaction Design
MSD105,1,M.Sc. Graphic and Interaction Design
MSD106,1,M.Sc. Graphic and Interaction Design
MSD107,1,M.Sc. Graphic and Interaction Design
MSD108,1,M.Sc. Graphic and Interaction Design
MSD109,1,M.Sc. Graphic and Interaction Design
MSD110,1,M.Sc. Graphic and Interaction Design
MSD111,1,M.Sc. Graphic and Interaction Design
MSD112,1,M.Sc. Graphic and Interaction Design
MSD113,1,M.Sc. Graphic and Interaction Design
MSD114,1,M.Sc. Graphic and Interaction Design
MSD115,1,M.Sc. Graphic and Interaction Design
MSD201,2,M.Sc. Graphic and Interaction Design
MSD202,2,M.Sc. Graphic and Interaction Design
MSD203,2,M.Sc. Graphic and Interaction Design
MSD204,2,M.Sc. Graphic and Interaction Design
MSD205,2,M.Sc. Graphic and Interaction Design
MSD206,2,M.Sc. Graphic and Interaction Design
MSD207,2,M.Sc. Graphic and Interaction Design
MSD208,2,M.Sc. Graphic and Interaction Design
MSD209,2,M.Sc. Graphic and Interaction Design
MSD210,2,M.Sc. Graphic and Interaction Design
MSD211,2,M.Sc. Graphic and Interaction Design
MSD212,2,M.Sc. Graphic and Interaction Design
MSD213,2,M.Sc. Graphic and Interaction Design
MSD214,2,M.Sc. Graphic and Interaction Design
MSD215,2,M.Sc. Graphic and Interaction Design
MSD301,3,M.Sc. Graphic and Interaction Design
MSD302,3,M.Sc. Graphic and Interaction Design
MSD303,3,M.Sc. Graphic and Interaction Design
MSD304,3,M.Sc. Graphic and Interaction Design
MSD305,3,M.Sc. Graphic and Interaction Design
MSD306,3,M.Sc. Graphic and Interaction Design
MSD307,3,M.Sc. Graphic and Interaction Design
MSD308,3,M.Sc. Graphic and Interaction Design
MSD309,3,M.Sc. Graphic and Interaction Design
MSD310,3,M.Sc. Graphic and Interaction Design
MSD311,3,M.Sc. Graphic and Interaction Design
MSD312,3,M.Sc. Graphic and Interaction Design
MSD313,3,M.Sc. Graphic and Interaction Design
MSD314,3,M.Sc. Graphic and Interaction Design
MSD315,3,M.Sc. Graphic and Interaction Design
MSD401,4,M.Sc. Graphic and Interaction Design
MSD402,4,M.Sc. Graphic and Interaction Design
MSD403,4,M.Sc. Graphic and Interaction Design
MSD404,4,M.Sc. Graphic and Interaction Design
MSD405,4,M.Sc. Graphic and Interaction Design
MSD406,4,M.Sc. Graphic and Interaction Design
MSD407,4,M.Sc. Graphic and Interaction Design
MSD408,4,M.Sc. Graphic and Interaction Design
MSD409,4,M.Sc. Graphic and Interaction Design
MSD410,4,M.Sc. Graphic and Interaction Design
MSD411,4,M.Sc. Graphic and Interaction Design
MSD412,4,M.Sc. Graphic and Interaction Design
MSD413,4,M.Sc. Graphic and Interaction Design
MSD414,4,M.Sc. Graphic and Interaction Design
MSD415,4,M.Sc. Graphic and Interaction Design
MSD101,1,M.Sc. Product and Interior Design
MSD102,1,M.Sc. Product and Interior Design
MSD103,1,M.Sc. Product and Interior Design
MSD104,1,M.Sc. Product and Interior Design
MSD105,1,M.Sc. Product and Interior Design
MSD106,1,M.Sc. Product and Interior Design
MSD107,1,M.Sc. Product and Interior Design
MSD108,1,M.Sc. Product and Interior Design
MSD109,1,M.Sc. Product and Interior Design
MSD110,1,M.Sc. Product and Interior Design
MSD111,1,M.Sc. Product and Interior Design
MSD112,1,M.Sc. Product and Interior Design
MSD113,1,M.Sc. Product and Interior Design
MSD114,1,M.Sc. Product and Interior Design
MSD115,1,M.Sc. Product and Interior Design
MSD201,2,M.Sc. Product and Interior Design
MSD202,2,M.Sc. Product and Interior Design
MSD203,2,M.Sc. Product and Interior Design
MSD204,2,M.Sc. Product and Interior Design
MSD205,2,M.Sc. Product and Interior Design
MSD206,2,M.Sc. Product and Interior Design
MSD207,2,M.Sc. Product and Interior Design
MSD208,2,M.Sc. Product and Interior Design
MSD209,2,M.Sc. Product and Interior Design
MSD210,2,M.Sc. Product and Interior Design
MSD211,2,M.Sc. Product and Interior Design
MSD212,2,M.Sc. Product and Interior Design
MSD213,2,M.Sc. Product and Interior Design
MSD214,2,M.Sc. Product and Interior Design
MSD215,2,M.Sc. Product and Interior Design
MSD301,3,M.Sc. Product and Interior Design
MSD302,3,M.Sc. Product and Interior Design
MSD303,3,M.Sc. Product and Interior Design
MSD304,3,M.Sc. Product and Interior Design
MSD305,3,M.Sc. Product and Interior Design
MSD306,3,M.Sc. Product and Interior Design
MSD307,3,M.Sc. Product and Interior Design
MSD308,3,M.Sc. Product and Interior Design
MSD309,3,M.Sc. Product and Interior Design
MSD310,3,M.Sc. Product and Interior Design
MSD311,3,M.Sc. Product and Interior Design
MSD312,3,M.Sc. Product and Interior Design
MSD313,3,M.Sc. Product and Interior Design
MSD314,3,M.Sc. Product and Interior Design
MSD315,3,M.Sc. Product and Interior Design
MSD401,4,M.Sc. Product and Interior Design
MSD402,4,M.Sc. Product and Interior Design
MSD403,4,M.Sc. Product and Interior Design
MSD404,4,M.Sc. Product and Interior Design
MSD405,4,M.Sc. Product and Interior Design
MSD406,4,M.Sc. Product and Interior Design
MSD407,4,M.Sc. Product and Interior Design
MSD408,4,M.Sc. Product and Interior Design
MSD409,4,M.Sc. Product and Interior Design
MSD410,4,M.Sc. Product and Interior Design
MSD411,4,M.Sc. Product and Interior Design
MSD412,4,M.Sc. Product and Interior Design
MSD413,4,M.Sc. Product and Interior Design
MSD414,4,M.Sc. Product and Interior Design
MSD415,4,M.Sc. Product and Interior Design
CHO101,1,Certificate Course in Hotel Operations (CCHO)
CHO102,1,Certificate Course in Hotel Operations (CCHO)
CHO103,1,Certificate Course in Hotel Operations (CCHO)
CHO104,1,Certificate Course in Hotel Operations (CCHO)
CHO105,1,Certificate Course in Hotel Operations (CCHO)
CHO106,1,Certificate Course in Hotel Operations (CCHO)
CHO107,1,Certificate Course in Hotel Operations (CCHO)
CHO108,1,Certificate Course in Hotel Operations (CCHO)
CHO109,1,Certificate Course in Hotel Operations (CCHO)
CHO110,1,Certificate Course in Hotel Operations (CCHO)
CHO111,1,Certificate Course in Hotel Operations (CCHO)
CHO112,1,Certificate Course in Hotel Operations (CCHO)
CHO113,1,Certificate Course in Hotel Operations (CCHO)
CHO114,1,Certificate Course in Hotel Operations (CCHO)
CHO115,1,Certificate Course in Hotel Operations (CCHO)
CHO201,2,Certificate Course in Hotel Operations (CCHO)
CHO202,2,Certificate Course in Hotel Operations (CCHO)
CHO203,2,Certificate Course in Hotel Operations (CCHO)
CHO204,2,Certificate Course in Hotel Operations (CCHO)
CHO205,2,Certificate Course in Hotel Operations (CCHO)
CHO206,2,Certificate Course in Hotel Operations (CCHO)
CHO207,2,Certificate Course in Hotel Operations (CCHO)
CHO208,2,Certificate Course in Hotel Operations (CCHO)
CHO209,2,Certificate Course in Hotel Operations (CCHO)
CHO210,2,Certificate Course in Hotel Operations (CCHO)
CHO211,2,Certificate Course in Hotel Operations (CCHO)
CHO212,2,Certificate Course in Hotel Operations (CCHO)
CHO213,2,Certificate Course in Hotel Operations (CCHO)
CHO214,2,Certificate Course in Hotel Operations (CCHO)
CHO215,2,Certificate Course in Hotel Operations (CCHO)
PHAE101,1,Ph.D. in Aerospace Engineering
PHAE102,1,Ph.D. in Aerospace Engineering
PHAE103,1,Ph.D. in Aerospace Engineering
PHAE104,1,Ph.D. in Aerospace Engineering
PHAE105,1,Ph.D. in Aerospace Engineering
PHAE106,1,Ph.D. in Aerospace Engineering
PHAE107,1,Ph.D. in Aerospace Engineering
PHAE108,1,Ph.D. in Aerospace Engineering
PHAE109,1,Ph.D. in Aerospace Engineering
PHAE110,1,Ph.D. in Aerospace Engineering
PHAE111,1,Ph.D. in Aerospace Engineering
PHAE112,1,Ph.D. in Aerospace Engineering
PHAE113,1,Ph.D. in Aerospace Engineering
PHAE114,1,Ph.D. in Aerospace Engineering
PHAE115,1,Ph.D. in Aerospace Engineering
PHAE201,2,Ph.D. in Aerospace Engineering
PHAE202,2,Ph.D. in Aerospace Engineering
PHAE203,2,Ph.D. in Aerospace Engineering
PHAE204,2,Ph.D. in Aerospace Engineering
PHAE205,2,Ph.D. in Aerospace Engineering
PHAE206,2,Ph.D. in Aerospace Engineering
PHAE207,2,Ph.D. in Aerospace Engineering
PHAE208,2,Ph.D. in Aerospace Engineering
PHAE209,2,Ph.D. in Aerospace Engineering
PHAE210,2,Ph.D. in Aerospace Engineering
PHAE211,2,Ph.D. in Aerospace Engineering
PHAE212,2,Ph.D. in Aerospace Engineering
PHAE213,2,Ph.D. in Aerospace Engineering
PHAE214,2,Ph.D. in Aerospace Engineering
PHAE215,2,Ph.D. in Aerospace Engineering
PHB101,1,Ph.D. in Bioinformatics
PHB102,1,Ph.D. in Bioinformatics
PHB103,1,Ph.D. in Bioinformatics
PHB104,1,Ph.D. in Bioinformatics
PHB105,1,Ph.D. in Bioinformatics
PHB106,1,Ph.D. in Bioinformatics
PHB107,1,Ph.D. in Bioinformatics
PHB108,1,Ph.D. in Bioinformatics
PHB109,1,Ph.D. in Bioinformatics
PHB110,1,Ph.D. in Bioinformatics
PHB111,1,Ph.D. in Bioinformatics
PHB112,1,Ph.D. in Bioinformatics
PHB113,1,Ph.D. in Bioinformatics
PHB114,1,Ph.D. in Bioinformatics
PHB115,1,Ph.D. in Bioinformatics
PHB201,2,Ph.D. in Bioinformatics
PHB202,2,Ph.D. in Bioinformatics
PHB203,2,Ph.D. in Bioinformatics
PHB204,2,Ph.D. in Bioinformatics
PHB205,2,Ph.D. in Bioinformatics
PHB206,2,Ph.D. in Bioinformatics
PHB207,2,Ph.D. in Bioinformatics
PHB208,2,Ph.D. in Bioinformatics
PHB209,2,Ph.D. in Bioinformatics
PHB210,2,Ph.D. in Bioinformatics
PHB211,2,Ph.D. in Bioinformatics
PHB212,2,Ph.D. in Bioinformatics
PHB213,2,Ph.D. in Bioinformatics
PHB214,2,Ph.D. in Bioinformatics
PHB215,2,Ph.D. in Bioinformatics
PHB1101,1,Ph.D. in Biosciences
PHB1102,1,Ph.D. in Biosciences
PHB1103,1,Ph.D. in Biosciences
PHB1104,1,Ph.D. in Biosciences
PHB1105,1,Ph.D. in Biosciences
PHB1106,1,Ph.D. in Biosciences
PHB1107,1,Ph.D. in Biosciences
PHB1108,1,Ph.D. in Biosciences
PHB1109,1,Ph.D. in Biosciences
PHB1110,1,Ph.D. in Biosciences
PHB1111,1,Ph.D. in Biosciences
PHB1112,1,Ph.D. in Biosciences
PHB1113,1,Ph.D. in Biosciences
PHB1114,1,Ph.D. in Biosciences
PHB1115,1,Ph.D. in Biosciences
PHB1201,2,Ph.D. in Biosciences
PHB1202,2,Ph.D. in Biosciences
PHB1203,2,Ph.D. in Biosciences
PHB1204,2,Ph.D. in Biosciences
PHB1205,2,Ph.D. in Biosciences
PHB1206,2,Ph.D. in Biosciences
PHB1207,2,Ph.D. in Biosciences
PHB1208,2,Ph.D. in Biosciences
PHB1209,2,Ph.D. in Biosciences
PHB1210,2,Ph.D. in Biosciences
PHB1211,2,Ph.D. in Biosciences
PHB1212,2,Ph.D. in Biosciences
PHB1213,2,Ph.D. in Biosciences
PHB1214,2,Ph.D. in Biosciences
PHB1215,2,Ph.D. in Biosciences
PHFS101,1,Ph.D. in Forensics Sciences
PHFS102,1,Ph.D. in Forensics Sciences
PHFS103,1,Ph.D. in Forensics Sciences
PHFS104,1,Ph.D. in Forensics Sciences
PHFS105,1,Ph.D. in Forensics Sciences
PHFS106,1,Ph.D. in Forensics Sciences
PHFS107,1,Ph.D. in Forensics Sciences
PHFS108,1,Ph.D. in Forensics Sciences
PHFS109,1,Ph.D. in Forensics Sciences
PHFS110,1,Ph.D. in Forensics Sciences
PHFS111,1,Ph.D. in Forensics Sciences
PHFS112,1,Ph.D. in Forensics Sciences
PHFS113,1,Ph.D. in Forensics Sciences
PHFS114,1,Ph.D. in Forensics Sciences
PHFS115,1,Ph.D. in Forensics Sciences
PHFS201,2,Ph.D. in Forensics Sciences
PHFS202,2,Ph.D. in Forensics Sciences
PHFS203,2,Ph.D. in Forensics Sciences
PHFS204,2,Ph.D. in Forensics Sciences
PHFS205,2,Ph.D. in Forensics Sciences
PHFS206,2,Ph.D. in Forensics Sciences
PHFS207,2,Ph.D. in Forensics Sciences
PHFS208,2,Ph.D. in Forensics Sciences
PHFS209,2,Ph.D. in Forensics Sciences
PHFS210,2,Ph.D. in Forensics Sciences
PHFS211,2,Ph.D. in Forensics Sciences
PHFS212,2,Ph.D. in Forensics Sciences
PHFS213,2,Ph.D. in Forensics Sciences
PHFS214,2,Ph.D. in Forensics Sciences
PHFS215,2,Ph.D. in Forensics Sciences
PHB2101,1,Ph.D. in Biotechnology
PHB2102,1,Ph.D. in Biotechnology
PHB2103,1,Ph.D. in Biotechnology
PHB2104,1,Ph.D. in Biotechnology
PHB2105,1,Ph.D. in Biotechnology
PHB2106,1,Ph.D. in Biotechnology
PHB2107,1,Ph.D. in Biotechnology
PHB2108,1,Ph.D. in Biotechnology
PHB2109,1,Ph.D. in Biotechnology
PHB2110,1,Ph.D. in Biotechnology
PHB2111,1,Ph.D. in Biotechnology
PHB2112,1,Ph.D. in Biotechnology
PHB2113,1,Ph.D. in Biotechnology
PHB2114,1,Ph.D. in Biotechnology
PHB2115,1,Ph.D. in Biotechnology
PHB2201,2,Ph.D. in Biotechnology
PHB2202,2,Ph.D. in Biotechnology
PHB2203,2,Ph.D. in Biotechnology
PHB2204,2,Ph.D. in Biotechnology
PHB2205,2,Ph.D. in Biotechnology
PHB2206,2,Ph.D. in Biotechnology
PHB2207,2,Ph.D. in Biotechnology
PHB2208,2,Ph.D. in Biotechnology
PHB2209,2,Ph.D. in Biotechnology
PHB2210,2,Ph.D. in Biotechnology
PHB2211,2,Ph.D. in Biotechnology
PHB2212,2,Ph.D. in Biotechnology
PHB2213,2,Ph.D. in Biotechnology
PHB2214,2,Ph.D. in Biotechnology
PHB2215,2,Ph.D. in Biotechnology
PHC101,1,Ph.D. in Chemistry
PHC102,1,Ph.D. in Chemistry
PHC103,1,Ph.D. in Chemistry
PHC104,1,Ph.D. in Chemistry
PHC105,1,Ph.D. in Chemistry
PHC106,1,Ph.D. in Chemistry
PHC107,1,Ph.D. in Chemistry
PHC108,1,Ph.D. in Chemistry
PHC109,1,Ph.D. in Chemistry
PHC110,1,Ph.D. in Chemistry
PHC111,1,Ph.D. in Chemistry
PHC112,1,Ph.D. in Chemistry
PHC113,1,Ph.D. in Chemistry
PHC114,1,Ph.D. in Chemistry
PHC115,1,Ph.D. in Chemistry
PHC201,2,Ph.D. in Chemistry
PHC202,2,Ph.D. in Chemistry
PHC203,2,Ph.D. in Chemistry
PHC204,2,Ph.D. in Chemistry
PHC205,2,Ph.D. in Chemistry
PHC206,2,Ph.D. in Chemistry
PHC207,2,Ph.D. in Chemistry
PHC208,2,Ph.D. in Chemistry
PHC209,2,Ph.D. in Chemistry
PHC210,2,Ph.D. in Chemistry
PHC211,2,Ph.D. in Chemistry
PHC212,2,Ph.D. in Chemistry
PHC213,2,Ph.D. in Chemistry
PHC214,2,Ph.D. in Chemistry
PHC215,2,Ph.D. in Chemistry
PHCE101,1,Ph.D. in Civil Engineering
PHCE102,1,Ph.D. in Civil Engineering
PHCE103,1,Ph.D. in Civil Engineering
PHCE104,1,Ph.D. in Civil Engineering
PHCE105,1,Ph.D. in Civil Engineering
PHCE106,1,Ph.D. in Civil Engineering
PHCE107,1,Ph.D. in Civil Engineering
PHCE108,1,Ph.D. in Civil Engineering
PHCE109,1,Ph.D. in Civil Engineering
PHCE110,1,Ph.D. in Civil Engineering
PHCE111,1,Ph.D. in Civil Engineering
PHCE112,1,Ph.D. in Civil Engineering
PHCE113,1,Ph.D. in Civil Engineering
PHCE114,1,Ph.D. in Civil Engineering
PHCE115,1,Ph.D. in Civil Engineering
PHCE201,2,Ph.D. in Civil Engineering
PHCE202,2,Ph.D. in Civil Engineering
PHCE203,2,Ph.D. in Civil Engineering
PHCE204,2,Ph.D. in Civil Engineering
PHCE205,2,Ph.D. in Civil Engineering
PHCE206,2,Ph.D. in Civil Engineering
PHCE207,2,Ph.D. in Civil Engineering
PHCE208,2,Ph.D. in Civil Engineering
PHCE209,2,Ph.D. in Civil Engineering
PHCE210,2,Ph.D. in Civil Engineering
PHCE211,2,Ph.D. in Civil Engineering
PHCE212,2,Ph.D. in Civil Engineering
PHCE213,2,Ph.D. in Civil Engineering
PHCE214,2,Ph.D. in Civil Engineering
PHCE215,2,Ph.D. in Civil Engineering
PHC1101,1,Ph.D. in Commerce
PHC1102,1,Ph.D. in Commerce
PHC1103,1,Ph.D. in Commerce
PHC1104,1,Ph.D. in Commerce
PHC1105,1,Ph.D. in Commerce
PHC1106,1,Ph.D. in Commerce
PHC1107,1,Ph.D. in Commerce
PHC1108,1,Ph.D. in Commerce
PHC1109,1,Ph.D. in Commerce
PHC1110,1,Ph.D. in Commerce
PHC1111,1,Ph.D. in Commerce
PHC1112,1,Ph.D. in Commerce
PHC1113,1,Ph.D. in Commerce
PHC1114,1,Ph.D. in Commerce
PHC1115,1,Ph.D. in Commerce
PHC1201,2,Ph.D. in Commerce
PHC1202,2,Ph.D. in Commerce
PHC1203,2,Ph.D. in Commerce
PHC1204,2,Ph.D. in Commerce
PHC1205,2,Ph.D. in Commerce
PHC1206,2,Ph.D. in Commerce
PHC1207,2,Ph.D. in Commerce
PHC1208,2,Ph.D. in Commerce
PHC1209,2,Ph.D. in Commerce
PHC1210,2,Ph.D. in Commerce
PHC1211,2,Ph.D. in Commerce
PHC1212,2,Ph.D. in Commerce
PHC1213,2,Ph.D. in Commerce
PHC1214,2,Ph.D. in Commerce
PHC1215,2,Ph.D. in Commerce
PHCA101,1,Ph.D. in Computer Application
PHCA102,1,Ph.D. in Computer Application
PHCA103,1,Ph.D. in Computer Application
PHCA104,1,Ph.D. in Computer Application
PHCA105,1,Ph.D. in Computer Application
PHCA106,1,Ph.D. in Computer Application
PHCA107,1,Ph.D. in Computer Application
PHCA108,1,Ph.D. in Computer Application
PHCA109,1,Ph.D. in Computer Application
PHCA110,1,Ph.D. in Computer Application
PHCA111,1,Ph.D. in Computer Application
PHCA112,1,Ph.D. in Computer Application
PHCA113,1,Ph.D. in Computer Application
PHCA114,1,Ph.D. in Computer Application
PHCA115,1,Ph.D. in Computer Application
PHCA201,2,Ph.D. in Computer Application
PHCA202,2,Ph.D. in Computer Application
PHCA203,2,Ph.D. in Computer Application
PHCA204,2,Ph.D. in Computer Application
PHCA205,2,Ph.D. in Computer Application
PHCA206,2,Ph.D. in Computer Application
PHCA207,2,Ph.D. in Computer Application
PHCA208,2,Ph.D. in Computer Application
PHCA209,2,Ph.D. in Computer Application
PHCA210,2,Ph.D. in Computer Application
PHCA211,2,Ph.D. in Computer Application
PHCA212,2,Ph.D. in Computer Application
PHCA213,2,Ph.D. in Computer Application
PHCA214,2,Ph.D. in Computer Application
PHCA215,2,Ph.D. in Computer Application
PHCSE101,1,Ph.D. in Computer Science and Engineering
PHCSE102,1,Ph.D. in Computer Science and Engineering
PHCSE103,1,Ph.D. in Computer Science and Engineering
PHCSE104,1,Ph.D. in Computer Science and Engineering
PHCSE105,1,Ph.D. in Computer Science and Engineering
PHCSE106,1,Ph.D. in Computer Science and Engineering
PHCSE107,1,Ph.D. in Computer Science and Engineering
PHCSE108,1,Ph.D. in Computer Science and Engineering
PHCSE109,1,Ph.D. in Computer Science and Engineering
PHCSE110,1,Ph.D. in Computer Science and Engineering
PHCSE111,1,Ph.D. in Computer Science and Engineering
PHCSE112,1,Ph.D. in Computer Science and Engineering
PHCSE113,1,Ph.D. in Computer Science and Engineering
PHCSE114,1,Ph.D. in Computer Science and Engineering
PHCSE115,1,Ph.D. in Computer Science and Engineering
PHCSE201,2,Ph.D. in Computer Science and Engineering
PHCSE202,2,Ph.D. in Computer Science and Engineering
PHCSE203,2,Ph.D. in Computer Science and Engineering
PHCSE204,2,Ph.D. in Computer Science and Engineering
PHCSE205,2,Ph.D. in Computer Science and Engineering
PHCSE206,2,Ph.D. in Computer Science and Engineering
PHCSE207,2,Ph.D. in Computer Science and Engineering
PHCSE208,2,Ph.D. in Computer Science and Engineering
PHCSE209,2,Ph.D. in Computer Science and Engineering
PHCSE210,2,Ph.D. in Computer Science and Engineering
PHCSE211,2,Ph.D. in Computer Science and Engineering
PHCSE212,2,Ph.D. in Computer Science and Engineering
PHCSE213,2,Ph.D. in Computer Science and Engineering
PHCSE214,2,Ph.D. in Computer Science and Engineering
PHCSE215,2,Ph.D. in Computer Science and Engineering
PHEE101,1,Ph.D. in Electrical Engineering
PHEE102,1,Ph.D. in Electrical Engineering
PHEE103,1,Ph.D. in Electrical Engineering
PHEE104,1,Ph.D. in Electrical Engineering
PHEE105,1,Ph.D. in Electrical Engineering
PHEE106,1,Ph.D. in Electrical Engineering
PHEE107,1,Ph.D. in Electrical Engineering
PHEE108,1,Ph.D. in Electrical Engineering
PHEE109,1,Ph.D. in Electrical Engineering
PHEE110,1,Ph.D. in Electrical Engineering
PHEE111,1,Ph.D. in Electrical Engineering
PHEE112,1,Ph.D. in Electrical Engineering
PHEE113,1,Ph.D. in Electrical Engineering
PHEE114,1,Ph.D. in Electrical Engineering
PHEE115,1,Ph.D. in Electrical Engineering
PHEE201,2,Ph.D. in Electrical Engineering
PHEE202,2,Ph.D. in Electrical Engineering
PHEE203,2,Ph.D. in Electrical Engineering
PHEE204,2,Ph.D. in Electrical Engineering
PHEE205,2,Ph.D. in Electrical Engineering
PHEE206,2,Ph.D. in Electrical Engineering
PHEE207,2,Ph.D. in Electrical Engineering
PHEE208,2,Ph.D. in Electrical Engineering
PHEE209,2,Ph.D. in Electrical Engineering
PHEE210,2,Ph.D. in Electrical Engineering
PHEE211,2,Ph.D. in Electrical Engineering
PHEE212,2,Ph.D. in Electrical Engineering
PHEE213,2,Ph.D. in Electrical Engineering
PHEE214,2,Ph.D. in Electrical Engineering
PHEE215,2,Ph.D. in Electrical Engineering
PHECE101,1,Ph.D. in Electronics and Communication Engineering
PHECE102,1,Ph.D. in Electronics and Communication Engineering
PHECE103,1,Ph.D. in Electronics and Communication Engineering
PHECE104,1,Ph.D. in Electronics and Communication Engineering
PHECE105,1,Ph.D. in Electronics and Communication Engineering
PHECE106,1,Ph.D. in Electronics and Communication Engineering
PHECE107,1,Ph.D. in Electronics and Communication Engineering
PHECE108,1,Ph.D. in Electronics and Communication Engineering
PHECE109,1,Ph.D. in Electronics and Communication Engineering
PHECE110,1,Ph.D. in Electronics and Communication Engineering
PHECE111,1,Ph.D. in Electronics and Communication Engineering
PHECE112,1,Ph.D. in Electronics and Communication Engineering
PHECE113,1,Ph.D. in Electronics and Communication Engineering
PHECE114,1,Ph.D. in Electronics and Communication Engineering
PHECE115,1,Ph.D. in Electronics and Communication Engineering
PHECE201,2,Ph.D. in Electronics and Communication Engineering
PHECE202,2,Ph.D. in Electronics and Communication Engineering
PHECE203,2,Ph.D. in Electronics and Communication Engineering
PHECE204,2,Ph.D. in Electronics and Communication Engineering
PHECE205,2,Ph.D. in Electronics and Communication Engineering
PHECE206,2,Ph.D. in Electronics and Communication Engineering
PHECE207,2,Ph.D. in Electronics and Communication Engineering
PHECE208,2,Ph.D. in Electronics and Communication Engineering
PHECE209,2,Ph.D. in Electronics and Communication Engineering
PHECE210,2,Ph.D. in Electronics and Communication Engineering
PHECE211,2,Ph.D. in Electronics and Communication Engineering
PHECE212,2,Ph.D. in Electronics and Communication Engineering
PHECE213,2,Ph.D. in Electronics and Communication Engineering
PHECE214,2,Ph.D. in Electronics and Communication Engineering
PHECE215,2,Ph.D. in Electronics and Communication Engineering
PHES101,1,Ph.D. in Environmental Science
PHES102,1,Ph.D. in Environmental Science
PHES103,1,Ph.D. in Environmental Science
PHES104,1,Ph.D. in Environmental Science
PHES105,1,Ph.D. in Environmental Science
PHES106,1,Ph.D. in Environmental Science
PHES107,1,Ph.D. in Environmental Science
PHES108,1,Ph.D. in Environmental Science
PHES109,1,Ph.D. in Environmental Science
PHES110,1,Ph.D. in Environmental Science
PHES111,1,Ph.D. in Environmental Science
PHES112,1,Ph.D. in Environmental Science
PHES113,1,Ph.D. in Environmental Science
PHES114,1,Ph.D. in Environmental Science
PHES115,1,Ph.D. in Environmental Science
PHES201,2,Ph.D. in Environmental Science
PHES202,2,Ph.D. in Environmental Science
PHES203,2,Ph.D. in Environmental Science
PHES204,2,Ph.D. in Environmental Science
PHES205,2,Ph.D. in Environmental Science
PHES206,2,Ph.D. in Environmental Science
PHES207,2,Ph.D. in Environmental Science
PHES208,2,Ph.D. in Environmental Science
PHES209,2,Ph.D. in Environmental Science
PHES210,2,Ph.D. in Environmental Science
PHES211,2,Ph.D. in Environmental Science
PHES212,2,Ph.D. in Environmental Science
PHES213,2,Ph.D. in Environmental Science
PHES214,2,Ph.D. in Environmental Science
PHES215,2,Ph.D. in Environmental Science
PHFT101,1,Ph.D. in Food Technology
PHFT102,1,Ph.D. in Food Technology
PHFT103,1,Ph.D. in Food Technology
PHFT104,1,Ph.D. in Food Technology
PHFT105,1,Ph.D. in Food Technology
PHFT106,1,Ph.D. in Food Technology
PHFT107,1,Ph.D. in Food Technology
PHFT108,1,Ph.D. in Food Technology
PHFT109,1,Ph.D. in Food Technology
PHFT110,1,Ph.D. in Food Technology
PHFT111,1,Ph.D. in Food Technology
PHFT112,1,Ph.D. in Food Technology
PHFT113,1,Ph.D. in Food Technology
PHFT114,1,Ph.D. in Food Technology
PHFT115,1,Ph.D. in Food Technology
PHFT201,2,Ph.D. in Food Technology
PHFT202,2,Ph.D. in Food Technology
PHFT203,2,Ph.D. in Food Technology
PHFT204,2,Ph.D. in Food Technology
PHFT205,2,Ph.D. in Food Technology
PHFT206,2,Ph.D. in Food Technology
PHFT207,2,Ph.D. in Food Technology
PHFT208,2,Ph.D. in Food Technology
PHFT209,2,Ph.D. in Food Technology
PHFT210,2,Ph.D. in Food Technology
PHFT211,2,Ph.D. in Food Technology
PHFT212,2,Ph.D. in Food Technology
PHFT213,2,Ph.D. in Food Technology
PHFT214,2,Ph.D. in Food Technology
PHFT215,2,Ph.D. in Food Technology
PHHM101,1,Ph.D. in Hotel Management (Hospitality and Tourism)
PHHM102,1,Ph.D. in Hotel Management (Hospitality and Tourism)
PHHM103,1,Ph.D. in Hotel Management (Hospitality and Tourism)
PHHM104,1,Ph.D. in Hotel Management (Hospitality and Tourism)
PHHM105,1,Ph.D. in Hotel Management (Hospitality and Tourism)
PHHM106,1,Ph.D. in Hotel Management (Hospitality and Tourism)
PHHM107,1,Ph.D. in Hotel Management (Hospitality and Tourism)
PHHM108,1,Ph.D. in Hotel Management (Hospitality and Tourism)
PHHM109,1,Ph.D. in Hotel Management (Hospitality and Tourism)
PHHM110,1,Ph.D. in Hotel Management (Hospitality and Tourism)
PHHM111,1,Ph.D. in Hotel Management (Hospitality and Tourism)
PHHM112,1,Ph.D. in Hotel Management (Hospitality and Tourism)
PHHM113,1,Ph.D. in Hotel Management (Hospitality and Tourism)
PHHM114,1,Ph.D. in Hotel Management (Hospitality and Tourism)
PHHM115,1,Ph.D. in Hotel Management (Hospitality and Tourism)
PHHM201,2,Ph.D. in Hotel Management (Hospitality and Tourism)
PHHM202,2,Ph.D. in Hotel Management (Hospitality and Tourism)
PHHM203,2,Ph.D. in Hotel Management (Hospitality and Tourism)
PHHM204,2,Ph.D. in Hotel Management (Hospitality and Tourism)
PHHM205,2,Ph.D. in Hotel Management (Hospitality and Tourism)
PHHM206,2,Ph.D. in Hotel Management (Hospitality and Tourism)
PHHM207,2,Ph.D. in Hotel Management (Hospitality and Tourism)
PHHM208,2,Ph.D. in Hotel Management (Hospitality and Tourism)
PHHM209,2,Ph.D. in Hotel Management (Hospitality and Tourism)
PHHM210,2,Ph.D. in Hotel Management (Hospitality and Tourism)
PHHM211,2,Ph.D. in Hotel Management (Hospitality and Tourism)
PHHM212,2,Ph.D. in Hotel Management (Hospitality and Tourism)
PHHM213,2,Ph.D. in Hotel Management (Hospitality and Tourism)
PHHM214,2,Ph.D. in Hotel Management (Hospitality and Tourism)
PHHM215,2,Ph.D. in Hotel Management (Hospitality and Tourism)
PHE101,1,Ph.D. in Economics
PHE102,1,Ph.D. in Economics
PHE103,1,Ph.D. in Economics
PHE104,1,Ph.D. in Economics
PHE105,1,Ph.D. in Economics
PHE106,1,Ph.D. in Economics
PHE107,1,Ph.D. in Economics
PHE108,1,Ph.D. in Economics
PHE109,1,Ph.D. in Economics
PHE110,1,Ph.D. in Economics
PHE111,1,Ph.D. in Economics
PHE112,1,Ph.D. in Economics
PHE113,1,Ph.D. in Economics
PHE114,1,Ph.D. in Economics
PHE115,1,Ph.D. in Economics
PHE201,2,Ph.D. in Economics
PHE202,2,Ph.D. in Economics
PHE203,2,Ph.D. in Economics
PHE204,2,Ph.D. in Economics
PHE205,2,Ph.D. in Economics
PHE206,2,Ph.D. in Economics
PHE207,2,Ph.D. in Economics
PHE208,2,Ph.D. in Economics
PHE209,2,Ph.D. in Economics
PHE210,2,Ph.D. in Economics
PHE211,2,Ph.D. in Economics
PHE212,2,Ph.D. in Economics
PHE213,2,Ph.D. in Economics
PHE214,2,Ph.D. in Economics
PHE215,2,Ph.D. in Economics
PHE1101,1,Ph.D. in English
PHE1102,1,Ph.D. in English
PHE1103,1,Ph.D. in English
PHE1104,1,Ph.D. in English
PHE1105,1,Ph.D. in English
PHE1106,1,Ph.D. in English
PHE1107,1,Ph.D. in English
PHE1108,1,Ph.D. in English
PHE1109,1,Ph.D. in English
PHE1110,1,Ph.D. in English
PHE1111,1,Ph.D. in English
PHE1112,1,Ph.D. in English
PHE1113,1,Ph.D. in English
PHE1114,1,Ph.D. in English
PHE1115,1,Ph.D. in English
PHE1201,2,Ph.D. in English
PHE1202,2,Ph.D. in English
PHE1203,2,Ph.D. in English
PHE1204,2,Ph.D. in English
PHE1205,2,Ph.D. in English
PHE1206,2,Ph.D. in English
PHE1207,2,Ph.D. in English
PHE1208,2,Ph.D. in English
PHE1209,2,Ph.D. in English
PHE1210,2,Ph.D. in English
PHE1211,2,Ph.D. in English
PHE1212,2,Ph.D. in English
PHE1213,2,Ph.D. in English
PHE1214,2,Ph.D. in English
PHE1215,2,Ph.D. in English
PHPS101,1,Ph.D. in Political Science
PHPS102,1,Ph.D. in Political Science
PHPS103,1,Ph.D. in Political Science
PHPS104,1,Ph.D. in Political Science
PHPS105,1,Ph.D. in Political Science
PHPS106,1,Ph.D. in Political Science
PHPS107,1,Ph.D. in Political Science
PHPS108,1,Ph.D. in Political Science
PHPS109,1,Ph.D. in Political Science
PHPS110,1,Ph.D. in Political Science
PHPS111,1,Ph.D. in Political Science
PHPS112,1,Ph.D. in Political Science
PHPS113,1,Ph.D. in Political Science
PHPS114,1,Ph.D. in Political Science
PHPS115,1,Ph.D. in Political Science
PHPS201,2,Ph.D. in Political Science
PHPS202,2,Ph.D. in Political Science
PHPS203,2,Ph.D. in Political Science
PHPS204,2,Ph.D. in Political Science
PHPS205,2,Ph.D. in Political Science
PHPS206,2,Ph.D. in Political Science
PHPS207,2,Ph.D. in Political Science
PHPS208,2,Ph.D. in Political Science
PHPS209,2,Ph.D. in Political Science
PHPS210,2,Ph.D. in Political Science
PHPS211,2,Ph.D. in Political Science
PHPS212,2,Ph.D. in Political Science
PHPS213,2,Ph.D. in Political Science
PHPS214,2,Ph.D. in Political Science
PHPS215,2,Ph.D. in Political Science
PHP101,1,Ph.D. in Psychology
PHP102,1,Ph.D. in Psychology
PHP103,1,Ph.D. in Psychology
PHP104,1,Ph.D. in Psychology
PHP105,1,Ph.D. in Psychology
PHP106,1,Ph.D. in Psychology
PHP107,1,Ph.D. in Psychology
PHP108,1,Ph.D. in Psychology
PHP109,1,Ph.D. in Psychology
PHP110,1,Ph.D. in Psychology
PHP111,1,Ph.D. in Psychology
PHP112,1,Ph.D. in Psychology
PHP113,1,Ph.D. in Psychology
PHP114,1,Ph.D. in Psychology
PHP115,1,Ph.D. in Psychology
PHP201,2,Ph.D. in Psychology
PHP202,2,Ph.D. in Psychology
PHP203,2,Ph.D. in Psychology
PHP204,2,Ph.D. in Psychology
PHP205,2,Ph.D. in Psychology
PHP206,2,Ph.D. in Psychology
PHP207,2,Ph.D. in Psychology
PHP208,2,Ph.D. in Psychology
PHP209,2,Ph.D. in Psychology
PHP210,2,Ph.D. in Psychology
PHP211,2,Ph.D. in Psychology
PHP212,2,Ph.D. in Psychology
PHP213,2,Ph.D. in Psychology
PHP214,2,Ph.D. in Psychology
PHP215,2,Ph.D. in Psychology
PHS101,1,Ph.D. in Sociology
PHS102,1,Ph.D. in Sociology
PHS103,1,Ph.D. in Sociology
PHS104,1,Ph.D. in Sociology
PHS105,1,Ph.D. in Sociology
PHS106,1,Ph.D. in Sociology
PHS107,1,Ph.D. in Sociology
PHS108,1,Ph.D. in Sociology
PHS109,1,Ph.D. in Sociology
PHS110,1,Ph.D. in Sociology
PHS111,1,Ph.D. in Sociology
PHS112,1,Ph.D. in Sociology
PHS113,1,Ph.D. in Sociology
PHS114,1,Ph.D. in Sociology
PHS115,1,Ph.D. in Sociology
PHS201,2,Ph.D. in Sociology
PHS202,2,Ph.D. in Sociology
PHS203,2,Ph.D. in Sociology
PHS204,2,Ph.D. in Sociology
PHS205,2,Ph.D. in Sociology
PHS206,2,Ph.D. in Sociology
PHS207,2,Ph.D. in Sociology
PHS208,2,Ph.D. in Sociology
PHS209,2,Ph.D. in Sociology
PHS210,2,Ph.D. in Sociology
PHS211,2,Ph.D. in Sociology
PHS212,2,Ph.D. in Sociology
PHS213,2,Ph.D. in Sociology
PHS214,2,Ph.D. in Sociology
PHS215,2,Ph.D. in Sociology
PHMS101,1,Ph.D. in Management Studies
PHMS102,1,Ph.D. in Management Studies
PHMS103,1,Ph.D. in Management Studies
PHMS104,1,Ph.D. in Management Studies
PHMS105,1,Ph.D. in Management Studies
PHMS106,1,Ph.D. in Management Studies
PHMS107,1,Ph.D. in Management Studies
PHMS108,1,Ph.D. in Management Studies
PHMS109,1,Ph.D. in Management Studies
PHMS110,1,Ph.D. in Management Studies
PHMS111,1,Ph.D. in Management Studies
PHMS112,1,Ph.D. in Management Studies
PHMS113,1,Ph.D. in Management Studies
PHMS114,1,Ph.D. in Management Studies
PHMS115,1,Ph.D. in Management Studies
PHMS201,2,Ph.D. in Management Studies
PHMS202,2,Ph.D. in Management Studies
PHMS203,2,Ph.D. in Management Studies
PHMS204,2,Ph.D. in Management Studies
PHMS205,2,Ph.D. in Management Studies
PHMS206,2,Ph.D. in Management Studies
PHMS207,2,Ph.D. in Management Studies
PHMS208,2,Ph.D. in Management Studies
PHMS209,2,Ph.D. in Management Studies
PHMS210,2,Ph.D. in Management Studies
PHMS211,2,Ph.D. in Management Studies
PHMS212,2,Ph.D. in Management Studies
PHMS213,2,Ph.D. in Management Studies
PHMS214,2,Ph.D. in Management Studies
PHMS215,2,Ph.D. in Management Studies
PHM101,1,Ph.D. in Mathematics
PHM102,1,Ph.D. in Mathematics
PHM103,1,Ph.D. in Mathematics
PHM104,1,Ph.D. in Mathematics
PHM105,1,Ph.D. in Mathematics
PHM106,1,Ph.D. in Mathematics
PHM107,1,Ph.D. in Mathematics
PHM108,1,Ph.D. in Mathematics
PHM109,1,Ph.D. in Mathematics
PHM110,1,Ph.D. in Mathematics
PHM111,1,Ph.D. in Mathematics
PHM112,1,Ph.D. in Mathematics
PHM113,1,Ph.D. in Mathematics
PHM114,1,Ph.D. in Mathematics
PHM115,1,Ph.D. in Mathematics
PHM201,2,Ph.D. in Mathematics
PHM202,2,Ph.D. in Mathematics
PHM203,2,Ph.D. in Mathematics
PHM204,2,Ph.D. in Mathematics
PHM205,2,Ph.D. in Mathematics
PHM206,2,Ph.D. in Mathematics
PHM207,2,Ph.D. in Mathematics
PHM208,2,Ph.D. in Mathematics
PHM209,2,Ph.D. in Mathematics
PHM210,2,Ph.D. in Mathematics
PHM211,2,Ph.D. in Mathematics
PHM212,2,Ph.D. in Mathematics
PHM213,2,Ph.D. in Mathematics
PHM214,2,Ph.D. in Mathematics
PHM215,2,Ph.D. in Mathematics
PHME101,1,Ph.D. in Mechanical Engineering
PHME102,1,Ph.D. in Mechanical Engineering
PHME103,1,Ph.D. in Mechanical Engineering
PHME104,1,Ph.D. in Mechanical Engineering
PHME105,1,Ph.D. in Mechanical Engineering
PHME106,1,Ph.D. in Mechanical Engineering
PHME107,1,Ph.D. in Mechanical Engineering
PHME108,1,Ph.D. in Mechanical Engineering
PHME109,1,Ph.D. in Mechanical Engineering
PHME110,1,Ph.D. in Mechanical Engineering
PHME111,1,Ph.D. in Mechanical Engineering
PHME112,1,Ph.D. in Mechanical Engineering
PHME113,1,Ph.D. in Mechanical Engineering
PHME114,1,Ph.D. in Mechanical Engineering
PHME115,1,Ph.D. in Mechanical Engineering
PHME201,2,Ph.D. in Mechanical Engineering
PHME202,2,Ph.D. in Mechanical Engineering
PHME203,2,Ph.D. in Mechanical Engineering
PHME204,2,Ph.D. in Mechanical Engineering
PHME205,2,Ph.D. in Mechanical Engineering
PHME206,2,Ph.D. in Mechanical Engineering
PHME207,2,Ph.D. in Mechanical Engineering
PHME208,2,Ph.D. in Mechanical Engineering
PHME209,2,Ph.D. in Mechanical Engineering
PHME210,2,Ph.D. in Mechanical Engineering
PHME211,2,Ph.D. in Mechanical Engineering
PHME212,2,Ph.D. in Mechanical Engineering
PHME213,2,Ph.D. in Mechanical Engineering
PHME214,2,Ph.D. in Mechanical Engineering
PHME215,2,Ph.D. in Mechanical Engineering
PHM1101,1,Ph.D. in Microbiology
PHM1102,1,Ph.D. in Microbiology
PHM1103,1,Ph.D. in Microbiology
PHM1104,1,Ph.D. in Microbiology
PHM1105,1,Ph.D. in Microbiology
PHM1106,1,Ph.D. in Microbiology
PHM1107,1,Ph.D. in Microbiology
PHM1108,1,Ph.D. in Microbiology
PHM1109,1,Ph.D. in Microbiology
PHM1110,1,Ph.D. in Microbiology
PHM1111,1,Ph.D. in Microbiology
PHM1112,1,Ph.D. in Microbiology
PHM1113,1,Ph.D. in Microbiology
PHM1114,1,Ph.D. in Microbiology
PHM1115,1,Ph.D. in Microbiology
PHM1201,2,Ph.D. in Microbiology
PHM1202,2,Ph.D. in Microbiology
PHM1203,2,Ph.D. in Microbiology
PHM1204,2,Ph.D. in Microbiology
PHM1205,2,Ph.D. in Microbiology
PHM1206,2,Ph.D. in Microbiology
PHM1207,2,Ph.D. in Microbiology
PHM1208,2,Ph.D. in Microbiology
PHM1209,2,Ph.D. in Microbiology
PHM1210,2,Ph.D. in Microbiology
PHM1211,2,Ph.D. in Microbiology
PHM1212,2,Ph.D. in Microbiology
PHM1213,2,Ph.D. in Microbiology
PHM1214,2,Ph.D. in Microbiology
PHM1215,2,Ph.D. in Microbiology
PHG101,1,Ph.D. in Geology
PHG102,1,Ph.D. in Geology
PHG103,1,Ph.D. in Geology
PHG104,1,Ph.D. in Geology
PHG105,1,Ph.D. in Geology
PHG106,1,Ph.D. in Geology
PHG107,1,Ph.D. in Geology
PHG108,1,Ph.D. in Geology
PHG109,1,Ph.D. in Geology
PHG110,1,Ph.D. in Geology
PHG111,1,Ph.D. in Geology
PHG112,1,Ph.D. in Geology
PHG113,1,Ph.D. in Geology
PHG114,1,Ph.D. in Geology
PHG115,1,Ph.D. in Geology
PHG201,2,Ph.D. in Geology
PHG202,2,Ph.D. in Geology
PHG203,2,Ph.D. in Geology
PHG204,2,Ph.D. in Geology
PHG205,2,Ph.D. in Geology
PHG206,2,Ph.D. in Geology
PHG207,2,Ph.D. in Geology
PHG208,2,Ph.D. in Geology
PHG209,2,Ph.D. in Geology
PHG210,2,Ph.D. in Geology
PHG211,2,Ph.D. in Geology
PHG212,2,Ph.D. in Geology
PHG213,2,Ph.D. in Geology
PHG214,2,Ph.D. in Geology
PHG215,2,Ph.D. in Geology
PHPE101,1,Ph.D. in Petroleum Engineering
PHPE102,1,Ph.D. in Petroleum Engineering
PHPE103,1,Ph.D. in Petroleum Engineering
PHPE104,1,Ph.D. in Petroleum Engineering
PHPE105,1,Ph.D. in Petroleum Engineering
PHPE106,1,Ph.D. in Petroleum Engineering
PHPE107,1,Ph.D. in Petroleum Engineering
PHPE108,1,Ph.D. in Petroleum Engineering
PHPE109,1,Ph.D. in Petroleum Engineering
PHPE110,1,Ph.D. in Petroleum Engineering
PHPE111,1,Ph.D. in Petroleum Engineering
PHPE112,1,Ph.D. in Petroleum Engineering
PHPE113,1,Ph.D. in Petroleum Engineering
PHPE114,1,Ph.D. in Petroleum Engineering
PHPE115,1,Ph.D. in Petroleum Engineering
PHPE201,2,Ph.D. in Petroleum Engineering
PHPE202,2,Ph.D. in Petroleum Engineering
PHPE203,2,Ph.D. in Petroleum Engineering
PHPE204,2,Ph.D. in Petroleum Engineering
PHPE205,2,Ph.D. in Petroleum Engineering
PHPE206,2,Ph.D. in Petroleum Engineering
PHPE207,2,Ph.D. in Petroleum Engineering
PHPE208,2,Ph.D. in Petroleum Engineering
PHPE209,2,Ph.D. in Petroleum Engineering
PHPE210,2,Ph.D. in Petroleum Engineering
PHPE211,2,Ph.D. in Petroleum Engineering
PHPE212,2,Ph.D. in Petroleum Engineering
PHPE213,2,Ph.D. in Petroleum Engineering
PHPE214,2,Ph.D. in Petroleum Engineering
PHPE215,2,Ph.D. in Petroleum Engineering
PHP1101,1,Ph.D. in Physics
PHP1102,1,Ph.D. in Physics
PHP1103,1,Ph.D. in Physics
PHP1104,1,Ph.D. in Physics
PHP1105,1,Ph.D. in Physics
PHP1106,1,Ph.D. in Physics
PHP1107,1,Ph.D. in Physics
PHP1108,1,Ph.D. in Physics
PHP1109,1,Ph.D. in Physics
PHP1110,1,Ph.D. in Physics
PHP1111,1,Ph.D. in Physics
PHP1112,1,Ph.D. in Physics
PHP1113,1,Ph.D. in Physics
PHP1114,1,Ph.D. in Physics
PHP1115,1,Ph.D. in Physics
PHP1201,2,Ph.D. in Physics
PHP1202,2,Ph.D. in Physics
PHP1203,2,Ph.D. in Physics
PHP1204,2,Ph.D. in Physics
PHP1205,2,Ph.D. in Physics
PHP1206,2,Ph.D. in Physics
PHP1207,2,Ph.D. in Physics
PHP1208,2,Ph.D. in Physics
PHP1209,2,Ph.D. in Physics
PHP1210,2,Ph.D. in Physics
PHP1211,2,Ph.D. in Physics
PHP1212,2,Ph.D. in Physics
PHP1213,2,Ph.D. in Physics
PHP1214,2,Ph.D. in Physics
PHP1215,2,Ph.D. in Physics
